version 1
nodes
0 "blender_implicit" -1
1 "world_root" -1
2 "tubasa02" 1
3 "tubasa01" 1
4 "shibuki02" 1
5 "shibuki01" 1
6 "polySurface31" 1
7 "polySurface30" 1
8 "polySurface21" 1
9 "polySurface20" 1
10 "polySurface19" 1
11 "polySurface18" 1
12 "polySurface17" 1
13 "pTorus2" 1
14 "pTorus1" 1
15 "pPlane3" 1
16 "pCylinder9" 1
17 "pCylinder8" 1
18 "pCylinder7" 1
19 "pCylinder6" 1
20 "pCylinder5" 1
21 "pCylinder3" 1
22 "pCylinder10" 1
23 "pCylinder1" 1
24 "body" 1
end
skeleton
time 0
0  0.000000 0.000000 0.000000  0.000000 -0.000000 0.000000
1  0.000000 0.000000 0.000000  1.570796 -0.000000 0.000000
2  33.028564 -17.615721 8.622559  0.000000 -0.000000 0.785398
3  31.478760 -17.615721 8.622559  0.000000 -0.000001 -0.785399
4  -83.457031 73.960693 -8.195618  0.000032 -0.000000 0.000000
5  -88.783691 76.399170 -9.175049  0.000000 -0.000000 0.000000
6  12.345703 -5.452394 18.908203  0.000000 -0.000000 0.000000
7  14.653809 -5.452394 33.748047  0.000000 -0.000000 0.000000
8  32.255371 -11.403809 55.493896  0.000000 -0.349084 0.000000
9  32.255371 -11.403809 55.493896  0.000000 -0.349084 0.000000
10  32.399902 -14.434082 32.399902  -0.174460 -0.000000 0.000000
11  32.399902 -14.434084 21.038330  -0.174460 -0.000000 0.000000
12  32.399902 -14.434082 12.576416  -0.174460 -0.000000 0.000000
13  -561.378174 248.512924 154.743652  0.000000 -0.000000 0.000000
14  -559.229004 247.397202 169.737549  0.000000 -0.000000 0.000000
15  -8.331787 -4.826903 -14.471924  0.000000 -0.000000 0.000000
16  33.183594 -13.130129 57.238770  0.000000 -0.000000 2.906030
17  32.385010 -13.130129 54.928711  0.000000 -0.000000 0.000000
18  32.385010 -13.130129 54.928711  0.000000 -0.000000 0.000000
19  24.614502 -6.129642 74.466309  0.000000 -0.349084 0.000000
20  19.422119 -105.990974 16.376953  0.000000 -0.000000 0.000000
21  12.065674 40.501709 11.473328  0.000032 -0.000000 0.000000
22  33.011963 -13.130129 57.699951  0.000000 -0.000000 0.000000
23  12.065674 2.778563 11.473328  0.000032 -0.000000 0.000000
24  29.999998 -101.531006 15.672119  -0.156157 -0.000000 0.000000
end
triangles
out70_hane01_1
0  40.970863 -16.293341 -9.915206  0.707083 0.000000 -0.707083  11.027344 2.570312 1 2 1.000000
0  39.816612 -25.983122 -11.069457  0.707083 0.000000 -0.707083  15.128906 2.386719 1 2 1.000000
0  37.574356 -13.396009 -13.311714  0.707083 0.000000 -0.707083  11.015625 -1.519531 1 2 1.000000
out70_hane01_1
0  35.875271 -11.946172 -15.010797  -0.204474 0.000000 -0.978851  11.007812 -3.562500 1 2 1.000000
0  37.574356 -13.396009 -13.311714  0.707083 0.000000 -0.707083  11.015625 -1.519531 1 2 1.000000
0  39.816612 -25.983122 -11.069457  0.707083 0.000000 -0.707083  15.128906 2.386719 1 2 1.000000
out70_hane01_1
0  36.292587 -37.096973 -14.593482  0.000000 0.000000 -1.000000  31.121094 -2.175781 1 2 1.000000
0  35.875271 -37.096973 -15.010800  0.000000 0.000000 -1.000000  31.289064 -2.687500 1 2 1.000000
0  38.493450 -37.096973 -12.392624  0.707083 0.000000 -0.707083  30.250000 0.511719 1 2 1.000000
out70_hane01_1
0  39.225414 -30.934584 -11.660659  0.707083 0.000000 -0.707083  27.078123 0.523438 1 2 1.000000
0  38.493450 -37.096973 -12.392624  0.707083 0.000000 -0.707083  30.250000 0.511719 1 2 1.000000
0  35.875271 -37.096973 -15.010800  0.000000 0.000000 -1.000000  31.289064 -2.687500 1 2 1.000000
out70_hane01_1
0  35.633488 -37.096973 -14.769020  -1.000000 0.000000 0.000000  -1.316406 -2.039062 1 2 1.000000
0  35.633488 -28.130941 -14.769019  -0.979614 0.000000 -0.200751  2.898438 -1.828125 1 2 1.000000
0  35.875271 -28.130941 -15.010799  -0.200751 0.000000 -0.979614  2.898438 -1.425781 1 2 1.000000
out70_hane01_1
0  35.875271 -28.130941 -15.010799  -0.200751 0.000000 -0.979614  2.898438 -1.425781 1 2 1.000000
0  35.875271 -37.096973 -15.010800  0.000000 0.000000 -1.000000  -1.324219 -1.625000 1 2 1.000000
0  35.633488 -37.096973 -14.769020  -1.000000 0.000000 0.000000  -1.316406 -2.039062 1 2 1.000000
out70_hane01_1
0  35.633488 -22.694637 -14.769018  -0.989624 0.000000 0.143529  10.835938 -0.050781 1 2 1.000000
0  35.633488 -11.946172 -14.769016  -0.978851 0.000000 -0.204443  14.996094 -0.046875 1 2 1.000000
0  35.875271 -11.946172 -15.010797  -0.204474 0.000000 -0.978851  14.984375 0.035156 1 2 1.000000
out70_hane01_1
0  35.875271 -11.946172 -15.010797  -0.204474 0.000000 -0.978851  14.984375 0.035156 1 2 1.000000
0  35.875271 -22.694637 -15.010798  0.143529 0.000000 -0.989624  10.851562 0.082031 1 2 1.000000
0  35.633488 -22.694637 -14.769018  -0.989624 0.000000 0.143529  10.835938 -0.050781 1 2 1.000000
out70_hane01_1
0  35.875271 2.798129 -15.010795  -0.320200 0.000000 -0.947325  18.675779 2.417969 1 2 1.000000
0  35.875271 -6.205381 -15.010796  0.143986 0.000000 -0.989563  20.839844 2.417969 1 2 1.000000
0  35.633488 -6.205381 -14.769015  -0.989563 0.000000 0.143956  20.839844 2.546875 1 2 1.000000
out70_hane01_1
0  35.633488 -6.205381 -14.769015  -0.989563 0.000000 0.143956  20.839844 2.546875 1 2 1.000000
0  35.633488 2.798129 -14.769014  -0.947325 0.000000 -0.320231  18.675779 2.566406 1 2 1.000000
0  35.875271 2.798129 -15.010795  -0.320200 0.000000 -0.947325  18.675779 2.417969 1 2 1.000000
out70_hane01_1
0  35.875271 2.798129 -15.010795  -0.320200 0.000000 -0.947325  18.699221 -4.667969 1 2 1.000000
0  42.166515 -6.247542 -8.719554  0.707083 0.000000 -0.707083  18.769531 2.566406 1 2 1.000000
0  41.629963 -11.028021 -9.256107  0.707083 0.000000 -0.707083  20.015623 2.546875 1 2 1.000000
out70_hane01_1
0  41.629963 -11.028021 -9.256107  0.707083 0.000000 -0.707083  20.015623 2.546875 1 2 1.000000
0  35.875271 -6.205381 -15.010796  0.143986 0.000000 -0.989563  20.734375 -3.699219 1 2 1.000000
0  35.875271 2.798129 -15.010795  -0.320200 0.000000 -0.947325  18.699221 -4.667969 1 2 1.000000
out70_hane01_1
0  35.633488 2.798129 -14.769014  -0.947325 0.000000 -0.320231  18.699221 -4.667969 1 2 1.000000
0  35.633488 -6.205381 -14.769015  -0.989563 0.000000 0.143956  20.734375 -3.699219 1 2 1.000000
0  41.388184 -11.028021 -9.014327  -0.707083 0.000000 0.707083  20.015623 2.546875 1 2 1.000000
out70_hane01_1
0  41.388184 -11.028021 -9.014327  -0.707083 0.000000 0.707083  20.015623 2.546875 1 2 1.000000
0  41.924736 -6.247542 -8.477774  -0.707083 0.000000 0.707083  18.769531 2.566406 1 2 1.000000
0  35.633488 2.798129 -14.769014  -0.947325 0.000000 -0.320231  18.699221 -4.667969 1 2 1.000000
out70_hane01_1
0  35.633488 -22.694637 -14.769018  -0.989624 0.000000 0.143529  15.144531 -2.351562 1 2 1.000000
0  39.574833 -25.983122 -10.827678  -0.707083 0.000000 0.707083  15.128906 2.386719 1 2 1.000000
0  40.729084 -16.293341 -9.673427  -0.707083 0.000000 0.707083  11.027344 2.570312 1 2 1.000000
out70_hane01_1
0  40.729084 -16.293341 -9.673427  -0.707083 0.000000 0.707083  11.027344 2.570312 1 2 1.000000
0  35.633488 -11.946172 -14.769016  -0.978851 0.000000 -0.204443  11.007812 -3.562500 1 2 1.000000
0  35.633488 -22.694637 -14.769018  -0.989624 0.000000 0.143529  15.144531 -2.351562 1 2 1.000000
out70_hane01_1
0  35.633488 -28.130941 -14.769019  -0.979614 0.000000 -0.200751  27.093750 -3.976562 1 2 1.000000
0  35.633488 -37.096973 -14.769020  -1.000000 0.000000 0.000000  31.289064 -2.687500 1 2 1.000000
0  38.251671 -37.096973 -12.150844  -0.707083 0.000000 0.707083  30.250000 0.511719 1 2 1.000000
out70_hane01_1
0  38.251671 -37.096973 -12.150844  -0.707083 0.000000 0.707083  30.250000 0.511719 1 2 1.000000
0  38.983627 -30.934584 -11.418880  -0.707083 0.000000 0.707083  27.078123 0.523438 1 2 1.000000
0  35.633488 -28.130941 -14.769019  -0.979614 0.000000 -0.200751  27.093750 -3.976562 1 2 1.000000
out70_hane01_1
0  35.875271 -22.694637 -15.010798  0.143529 0.000000 -0.989624  15.144531 -2.351562 1 2 1.000000
0  35.875271 -11.946172 -15.010797  -0.204474 0.000000 -0.978851  11.007812 -3.562500 1 2 1.000000
0  39.816612 -25.983122 -11.069457  0.707083 0.000000 -0.707083  15.128906 2.386719 1 2 1.000000
out70_hane01_1
0  35.875271 -28.130941 -15.010799  -0.200751 0.000000 -0.979614  27.093750 -3.976562 1 2 1.000000
0  39.225414 -30.934584 -11.660659  0.707083 0.000000 -0.707083  27.078123 0.523438 1 2 1.000000
0  35.875271 -37.096973 -15.010800  0.000000 0.000000 -1.000000  31.289064 -2.687500 1 2 1.000000
out70_kabe09_1
0  34.197720 -9.198743 -16.420074  -0.360363 -0.860653 -0.359691  3.968750 -1.546875 1 2 1.000000
0  35.178085 -8.674085 -16.946690  0.429243 -0.433760 -0.792169  5.468750 -1.546875 1 2 1.000000
0  41.734287 -14.159575 -10.390485  0.434980 -0.427442 -0.792474  5.468750 1.042969 1 2 1.000000
out70_kabe09_1
0  41.734287 -14.159575 -10.390485  0.434980 -0.427442 -0.792474  5.468750 1.042969 1 2 1.000000
0  40.753925 -14.681890 -9.863870  -0.360271 -0.860744 -0.359569  3.968750 1.042969 1 2 1.000000
0  34.197720 -9.198743 -16.420074  -0.360363 -0.860653 -0.359691  3.968750 -1.546875 1 2 1.000000
out70_kabe09_1
0  35.633488 -7.627111 -16.491283  0.792474 0.427442 -0.434980  5.468750 -1.546875 1 2 1.000000
0  35.106876 -7.104795 -15.510915  0.359569 0.860744 0.360271  3.968750 -1.546875 1 2 1.000000
0  41.663078 -12.587942 -8.954710  0.359691 0.860653 0.360363  3.968750 1.042969 1 2 1.000000
out70_kabe09_1
0  41.663078 -12.587942 -8.954710  0.359691 0.860653 0.360363  3.968750 1.042969 1 2 1.000000
0  42.189697 -13.112600 -9.935078  0.792169 0.433760 -0.429243  5.468750 1.042969 1 2 1.000000
0  35.633488 -7.627111 -16.491283  0.792474 0.427442 -0.434980  5.468750 -1.546875 1 2 1.000000
out70_kabe09_1
0  35.178085 -8.674085 -16.946690  0.429243 -0.433760 -0.792169  2.429688 -1.546875 1 2 1.000000
0  35.633488 -7.627111 -16.491283  0.792474 0.427442 -0.434980  3.585938 -1.546875 1 2 1.000000
0  42.189697 -13.112600 -9.935078  0.792169 0.433760 -0.429243  3.585938 1.042969 1 2 1.000000
out70_kabe09_1
0  42.189697 -13.112600 -9.935078  0.792169 0.433760 -0.429243  3.585938 1.042969 1 2 1.000000
0  41.734287 -14.159575 -10.390485  0.434980 -0.427442 -0.792474  2.429688 1.042969 1 2 1.000000
0  35.178085 -8.674085 -16.946690  0.429243 -0.433760 -0.792169  2.429688 -1.546875 1 2 1.000000
out70_kabe09_1
0  34.197720 -9.198743 -16.420074  -0.360363 -0.860653 -0.359691  3.968750 -1.546875 1 2 1.000000
0  40.753925 -14.681890 -9.863870  -0.360271 -0.860744 -0.359569  3.968750 1.042969 1 2 1.000000
0  40.228970 -14.159575 -8.885158  -0.792505 -0.427076 0.435316  5.468750 1.042969 1 2 1.000000
out70_kabe09_1
0  40.228970 -14.159575 -8.885158  -0.792505 -0.427076 0.435316  5.468750 1.042969 1 2 1.000000
0  33.672760 -8.674085 -15.441362  -0.792199 -0.433393 0.429579  5.468750 -1.546875 1 2 1.000000
0  34.197720 -9.198743 -16.420074  -0.360363 -0.860653 -0.359691  3.968750 -1.546875 1 2 1.000000
out70_kabe09_1
0  34.128166 -7.627111 -14.985955  -0.435316 0.427076 0.792505  5.468750 -1.546875 1 2 1.000000
0  40.684372 -13.112601 -8.429750  -0.429579 0.433393 0.792199  5.468750 1.042969 1 2 1.000000
0  41.663078 -12.587942 -8.954710  0.359691 0.860653 0.360363  3.968750 1.042969 1 2 1.000000
out70_kabe09_1
0  41.663078 -12.587942 -8.954710  0.359691 0.860653 0.360363  3.968750 1.042969 1 2 1.000000
0  35.106876 -7.104795 -15.510915  0.359569 0.860744 0.360271  3.968750 -1.546875 1 2 1.000000
0  34.128166 -7.627111 -14.985955  -0.435316 0.427076 0.792505  5.468750 -1.546875 1 2 1.000000
out70_kabe09_1
0  33.672760 -8.674085 -15.441362  -0.792199 -0.433393 0.429579  2.429688 -1.546875 1 2 1.000000
0  40.228970 -14.159575 -8.885158  -0.792505 -0.427076 0.435316  2.429688 1.042969 1 2 1.000000
0  40.684372 -13.112601 -8.429750  -0.429579 0.433393 0.792199  3.585938 1.042969 1 2 1.000000
out70_kabe09_1
0  40.684372 -13.112601 -8.429750  -0.429579 0.433393 0.792199  3.585938 1.042969 1 2 1.000000
0  34.128166 -7.627111 -14.985955  -0.435316 0.427076 0.792505  3.585938 -1.546875 1 2 1.000000
0  33.672760 -8.674085 -15.441362  -0.792199 -0.433393 0.429579  2.429688 -1.546875 1 2 1.000000
out70_kabe09_1
0  34.417969 -25.638815 -16.199825  -0.360057 -0.859279 -0.363231  4.015625 -2.007812 1 2 1.000000
0  39.129364 -29.604200 -11.488433  -0.361950 -0.859310 -0.361309  3.968750 1.042969 1 2 1.000000
0  38.594467 -29.072514 -10.519657  -0.793023 -0.432447 0.429029  5.468750 1.042969 1 2 1.000000
out70_kabe09_1
0  38.594467 -29.072514 -10.519657  -0.793023 -0.432447 0.429029  5.468750 1.042969 1 2 1.000000
0  33.889694 -25.111814 -15.224424  -0.793298 -0.427686 0.433241  5.515625 -2.003906 1 2 1.000000
0  34.417969 -25.638815 -16.199825  -0.360057 -0.859279 -0.363231  4.015625 -2.007812 1 2 1.000000
out70_kabe09_1
0  34.323574 -24.046103 -14.790546  -0.427747 0.433912 0.792901  5.421875 -2.003906 1 2 1.000000
0  39.028347 -28.009146 -10.085779  -0.434614 0.426008 0.793451  5.468750 1.042969 1 2 1.000000
0  39.998775 -27.475117 -10.619020  0.361431 0.859279 0.361888  3.968750 1.042969 1 2 1.000000
out70_kabe09_1
0  39.998775 -27.475117 -10.619020  0.361431 0.859279 0.361888  3.968750 1.042969 1 2 1.000000
0  35.285728 -23.509733 -15.332067  0.363933 0.859310 0.359294  3.921875 -2.007812 1 2 1.000000
0  34.323574 -24.046103 -14.790546  -0.427747 0.433912 0.792901  5.421875 -2.003906 1 2 1.000000
out70_kabe09_1
0  33.889694 -25.111814 -15.224424  -0.793298 -0.427686 0.433241  2.500000 -2.011719 1 2 1.000000
0  38.594467 -29.072514 -10.519657  -0.793023 -0.432447 0.429029  2.429688 1.042969 1 2 1.000000
0  39.028347 -28.009146 -10.085779  -0.434614 0.426008 0.793451  3.585938 1.042969 1 2 1.000000
out70_kabe09_1
0  39.028347 -28.009146 -10.085779  -0.434614 0.426008 0.793451  3.585938 1.042969 1 2 1.000000
0  34.323574 -24.046103 -14.790546  -0.427747 0.433912 0.792901  3.656250 -2.011719 1 2 1.000000
0  33.889694 -25.111814 -15.224424  -0.793298 -0.427686 0.433241  2.500000 -2.011719 1 2 1.000000
out70_kabe09_1
0  35.383430 -25.102446 -16.741343  0.434950 -0.425855 -0.793359  5.515625 -2.011719 1 2 1.000000
0  40.099792 -29.072514 -12.024985  0.428694 -0.432783 -0.793023  5.468750 1.042969 1 2 1.000000
0  39.129364 -29.604200 -11.488433  -0.361950 -0.859310 -0.361309  3.968750 1.042969 1 2 1.000000
out70_kabe09_1
0  39.129364 -29.604200 -11.488433  -0.361950 -0.859310 -0.361309  3.968750 1.042969 1 2 1.000000
0  34.417969 -25.638815 -16.199825  -0.360057 -0.859279 -0.363231  4.015625 -2.007812 1 2 1.000000
0  35.383430 -25.102446 -16.741343  0.434950 -0.425855 -0.793359  5.515625 -2.011719 1 2 1.000000
out70_kabe09_1
0  35.285728 -23.509733 -15.332067  0.363933 0.859310 0.359294  3.921875 -2.007812 1 2 1.000000
0  39.998775 -27.475117 -10.619020  0.361431 0.859279 0.361888  3.968750 1.042969 1 2 1.000000
0  40.533672 -28.009146 -11.591106  0.793298 0.426588 -0.434339  5.468750 1.042969 1 2 1.000000
out70_kabe09_1
0  40.533672 -28.009146 -11.591106  0.793298 0.426588 -0.434339  5.468750 1.042969 1 2 1.000000
0  35.815655 -24.036734 -16.309122  0.793115 0.431776 -0.429548  5.421875 -2.011719 1 2 1.000000
0  35.285728 -23.509733 -15.332067  0.363933 0.859310 0.359294  3.921875 -2.007812 1 2 1.000000
out70_kabe09_1
0  35.815655 -24.036734 -16.309122  0.793115 0.431776 -0.429548  3.656250 -2.019531 1 2 1.000000
0  40.533672 -28.009146 -11.591106  0.793298 0.426588 -0.434339  3.585938 1.042969 1 2 1.000000
0  40.099792 -29.072514 -12.024985  0.428694 -0.432783 -0.793023  2.429688 1.042969 1 2 1.000000
out70_kabe09_1
0  40.099792 -29.072514 -12.024985  0.428694 -0.432783 -0.793023  2.429688 1.042969 1 2 1.000000
0  35.383430 -25.102446 -16.741343  0.434950 -0.425855 -0.793359  2.500000 -2.019531 1 2 1.000000
0  35.815655 -24.036734 -16.309122  0.793115 0.431776 -0.429548  3.656250 -2.019531 1 2 1.000000
out70_mast03_3
0  42.582176 -16.269918 -8.035617  -0.194525 -0.961516 -0.193915  0.585938 0.710938 1 2 1.000000
0  43.562546 -15.747603 -8.562233  0.573351 -0.552049 -0.605335  0.625000 0.710938 1 2 1.000000
0  45.683910 -17.523010 -4.933881  0.602344 -0.523392 0.602649  0.507812 1.046875 1 2 1.000000
out70_mast03_3
0  44.017952 -14.700628 -8.106826  0.930326 0.269234 -0.248970  0.414062 0.710938 1 2 1.000000
0  43.491333 -14.175971 -7.126459  0.518418 0.679586 0.518998  0.460938 0.710938 1 2 1.000000
0  45.683910 -17.523010 -4.933881  0.602344 -0.523392 0.602649  0.507812 1.046875 1 2 1.000000
out70_mast03_3
0  43.562546 -15.747603 -8.562233  0.573351 -0.552049 -0.605335  0.375000 0.710938 1 2 1.000000
0  44.017952 -14.700628 -8.106826  0.930326 0.269234 -0.248970  0.414062 0.710938 1 2 1.000000
0  45.683910 -17.523010 -4.933881  0.602344 -0.523392 0.602649  0.507812 1.046875 1 2 1.000000
out70_mast03_3
0  42.582176 -16.269918 -8.035617  -0.194525 -0.961516 -0.193915  0.585938 0.710938 1 2 1.000000
0  45.683910 -17.523010 -4.933881  0.602344 -0.523392 0.602649  0.507812 1.046875 1 2 1.000000
0  42.057217 -15.747603 -7.056905  -0.605701 -0.551622 0.573382  0.625000 0.710938 1 2 1.000000
out70_mast03_3
0  42.512623 -14.700628 -6.601499  -0.249489 0.269234 0.930174  0.414062 0.710938 1 2 1.000000
0  45.683910 -17.523010 -4.933881  0.602344 -0.523392 0.602649  0.507812 1.046875 1 2 1.000000
0  43.491333 -14.175971 -7.126459  0.518418 0.679586 0.518998  0.460938 0.710938 1 2 1.000000
out70_mast03_3
0  42.057217 -15.747603 -7.056905  -0.605701 -0.551622 0.573382  0.375000 0.710938 1 2 1.000000
0  45.683910 -17.523010 -4.933881  0.602344 -0.523392 0.602649  0.507812 1.046875 1 2 1.000000
0  42.512623 -14.700628 -6.601499  -0.249489 0.269234 0.930174  0.414062 0.710938 1 2 1.000000
out70_mast03_3
0  40.987423 -31.121962 -9.630372  -0.175634 -0.968749 -0.175054  0.585938 0.710938 1 2 1.000000
0  44.112343 -32.253258 -6.505452  0.612232 -0.499893 0.612568  0.507812 1.046875 1 2 1.000000
0  40.452526 -30.590279 -8.661596  -0.594989 -0.551836 0.584307  0.625000 0.710938 1 2 1.000000
out70_mast03_3
0  40.888058 -29.524567 -8.226062  -0.254616 0.282327 0.924894  0.414062 0.710938 1 2 1.000000
0  44.112343 -32.253258 -6.505452  0.612232 -0.499893 0.612568  0.507812 1.046875 1 2 1.000000
0  41.856838 -28.992880 -8.760959  0.505112 0.699301 0.505722  0.460938 0.710938 1 2 1.000000
out70_mast03_3
0  40.452526 -30.590279 -8.661596  -0.594989 -0.551836 0.584307  0.375000 0.710938 1 2 1.000000
0  44.112343 -32.253258 -6.505452  0.612232 -0.499893 0.612568  0.507812 1.046875 1 2 1.000000
0  40.888058 -29.524567 -8.226062  -0.254616 0.282327 0.924894  0.414062 0.710938 1 2 1.000000
out70_mast03_3
0  40.987423 -31.121962 -9.630372  -0.175634 -0.968749 -0.175054  0.585938 0.710938 1 2 1.000000
0  41.957855 -30.590279 -10.166924  0.584277 -0.552263 -0.594623  0.625000 0.710938 1 2 1.000000
0  44.112343 -32.253258 -6.505452  0.612232 -0.499893 0.612568  0.507812 1.046875 1 2 1.000000
out70_mast03_3
0  42.393391 -29.524567 -9.731389  0.925047 0.282327 -0.254067  0.414062 0.710938 1 2 1.000000
0  41.856838 -28.992880 -8.760959  0.505112 0.699301 0.505722  0.460938 0.710938 1 2 1.000000
0  44.112343 -32.253258 -6.505452  0.612232 -0.499893 0.612568  0.507812 1.046875 1 2 1.000000
out70_mast03_3
0  41.957855 -30.590279 -10.166924  0.584277 -0.552263 -0.594623  0.375000 0.710938 1 2 1.000000
0  42.393391 -29.524567 -9.731389  0.925047 0.282327 -0.254067  0.414062 0.710938 1 2 1.000000
0  44.112343 -32.253258 -6.505452  0.612232 -0.499893 0.612568  0.507812 1.046875 1 2 1.000000
out70_obj05_1
0  44.600872 -16.595488 -6.030170  0.604389 -0.519028 0.604389  3.187500 1.000000 1 2 1.000000
0  41.868427 -15.192496 -7.924663  -0.629597 -0.648427 0.427900  3.437500 -0.054688 1 2 1.000000
0  42.706379 -15.192496 -8.762612  0.427900 -0.648427 -0.629597  3.265625 -0.054688 1 2 1.000000
out70_obj05_1
0  42.966373 -14.204078 -8.502615  0.847591 0.528336 -0.049287  3.187500 -0.054688 1 2 1.000000
0  44.600872 -16.595488 -6.030170  0.604389 -0.519028 0.604389  3.187500 1.000000 1 2 1.000000
0  42.706379 -15.192496 -8.762612  0.427900 -0.648427 -0.629597  3.265625 -0.054688 1 2 1.000000
out70_obj05_1
0  44.600872 -16.595488 -6.030170  0.604389 -0.519028 0.604389  3.187500 1.000000 1 2 1.000000
0  42.966373 -14.204078 -8.502615  0.847591 0.528336 -0.049287  3.187500 -0.054688 1 2 1.000000
0  42.128426 -14.204078 -7.664667  -0.049287 0.528336 0.847591  3.015625 -0.054688 1 2 1.000000
out70_obj05_1
0  41.868427 -15.192496 -7.924663  -0.629597 -0.648427 0.427900  2.937500 -0.054688 1 2 1.000000
0  44.600872 -16.595488 -6.030170  0.604389 -0.519028 0.604389  3.187500 1.000000 1 2 1.000000
0  42.128426 -14.204078 -7.664667  -0.049287 0.528336 0.847591  3.015625 -0.054688 1 2 1.000000
out70_obj05_1
0  43.012745 -31.367893 -7.618301  0.615986 -0.490982 0.615986  3.187500 1.000000 1 2 1.000000
0  40.252148 -30.180387 -9.540946  -0.602802 -0.648274 0.465102  3.437500 -0.054688 1 2 1.000000
0  41.090096 -30.180387 -10.378896  0.465102 -0.648274 -0.602802  3.265625 -0.054688 1 2 1.000000
out70_obj05_1
0  41.331879 -28.931982 -10.137115  0.832759 0.553209 -0.020692  3.187500 -0.054688 1 2 1.000000
0  43.012745 -31.367893 -7.618301  0.615986 -0.490982 0.615986  3.187500 1.000000 1 2 1.000000
0  41.090096 -30.180387 -10.378896  0.465102 -0.648274 -0.602802  3.265625 -0.054688 1 2 1.000000
out70_obj05_1
0  43.012745 -31.367893 -7.618301  0.615986 -0.490982 0.615986  3.187500 1.000000 1 2 1.000000
0  41.331879 -28.931982 -10.137115  0.832759 0.553209 -0.020692  3.187500 -0.054688 1 2 1.000000
0  40.493927 -28.931982 -9.299167  -0.020692 0.553209 0.832759  3.015625 -0.054688 1 2 1.000000
out70_obj05_1
0  40.252148 -30.180387 -9.540946  -0.602802 -0.648274 0.465102  2.937500 -0.054688 1 2 1.000000
0  43.012745 -31.367893 -7.618301  0.615986 -0.490982 0.615986  3.187500 1.000000 1 2 1.000000
0  40.493927 -28.931982 -9.299167  -0.020692 0.553209 0.832759  3.015625 -0.054688 1 2 1.000000
out70_hane02_1
0  36.037563 -22.694637 -15.173089  0.100131 0.722709 -0.683828  -4.070312 -5.031250 1 2 1.000000
0  39.978905 -25.983122 -11.231748  0.568651 0.299875 -0.765954  2.046875 -5.031250 1 2 1.000000
0  37.337543 -24.460676 -13.873109  0.261513 -0.256691 -0.930418  -2.011719 -4.023438 1 2 1.000000
out70_hane02_1
0  37.337543 -24.460676 -13.873109  0.261513 -0.256691 -0.930418  -2.011719 -4.023438 1 2 1.000000
0  39.978905 -25.983122 -11.231748  0.568651 0.299875 -0.765954  2.046875 -5.031250 1 2 1.000000
0  39.904385 -26.601467 -11.306270  0.764336 -0.298074 -0.571734  2.046875 -4.023438 1 2 1.000000
out70_hane02_1
0  37.337543 -24.460676 -13.873109  0.261513 -0.256691 -0.930418  -2.011719 -4.023438 1 2 1.000000
0  39.904385 -26.601467 -11.306270  0.764336 -0.298074 -0.571734  2.046875 -4.023438 1 2 1.000000
0  37.317673 -25.123526 -13.892981  -0.063814 -0.378948 -0.923185  -2.003906 -3.007812 1 2 1.000000
out70_hane02_1
0  37.317673 -25.123526 -13.892981  -0.063814 -0.378948 -0.923185  -2.003906 -3.007812 1 2 1.000000
0  39.904385 -26.601467 -11.306270  0.764336 -0.298074 -0.571734  2.046875 -4.023438 1 2 1.000000
0  39.829861 -27.222157 -11.380791  0.642872 -0.751152 -0.149815  2.046875 -3.007812 1 2 1.000000
out70_hane02_1
0  36.037563 -6.205381 -15.173086  0.100589 0.723136 -0.683309  -4.070312 -5.031250 1 2 1.000000
0  41.792248 -11.028021 -9.418398  0.569567 0.296457 -0.766594  2.046875 -5.031250 1 2 1.000000
0  37.986706 -8.559317 -13.223944  0.266091 -0.243324 -0.932707  -2.035156 -4.023438 1 2 1.000000
out70_hane02_1
0  37.986706 -8.559317 -13.223944  0.266091 -0.243324 -0.932707  -2.035156 -4.023438 1 2 1.000000
0  41.792248 -11.028021 -9.418398  0.569567 0.296457 -0.766594  2.046875 -5.031250 1 2 1.000000
0  41.709450 -11.686186 -9.501199  0.768120 -0.305612 -0.562639  2.046875 -4.023438 1 2 1.000000
out70_hane02_1
0  37.986706 -8.559317 -13.223944  0.266091 -0.243324 -0.932707  -2.035156 -4.023438 1 2 1.000000
0  41.709450 -11.686186 -9.501199  0.768120 -0.305612 -0.562639  2.046875 -4.023438 1 2 1.000000
0  37.946960 -9.245588 -13.263689  -0.072420 -0.364849 -0.928220  -2.035156 -3.007812 1 2 1.000000
out70_hane02_1
0  37.946960 -9.245588 -13.263689  -0.072420 -0.364849 -0.928220  -2.035156 -3.007812 1 2 1.000000
0  41.709450 -11.686186 -9.501199  0.768120 -0.305612 -0.562639  2.046875 -4.023438 1 2 1.000000
0  41.628307 -12.344351 -9.582344  0.640828 -0.752464 -0.151921  2.046875 -3.007812 1 2 1.000000
out70_hane02_1
0  36.037563 2.798129 -15.173085  -0.061525 -0.293924 -0.953825  -1.152344 3.007812 1 2 1.000000
0  36.037563 5.739962 -15.173084  0.168615 0.779199 -0.603656  -1.171875 5.062500 1 2 1.000000
0  42.328804 -6.247542 -8.881845  0.200751 -0.172826 -0.964263  -1.023438 3.007812 1 2 1.000000
out70_hane02_1
0  42.328804 -6.247542 -8.881845  0.200751 -0.172826 -0.964263  -1.023438 3.007812 1 2 1.000000
0  36.037563 5.739962 -15.173084  0.168615 0.779199 -0.603656  -1.171875 5.062500 1 2 1.000000
0  43.979862 -6.268622 -7.230787  0.969054 0.228950 0.092013  -1.023438 5.062500 1 2 1.000000
out70_hane02_1
0  42.328804 -6.247542 -8.881845  0.200751 -0.172826 -0.964263  -1.023438 3.007812 1 2 1.000000
0  43.979862 -6.268622 -7.230787  0.969054 0.228950 0.092013  -1.023438 5.062500 1 2 1.000000
0  41.792248 -11.028021 -9.418398  0.569567 0.296457 -0.766594  -1.265625 3.007812 1 2 1.000000
out70_hane02_1
0  41.792248 -11.028021 -9.418398  0.569567 0.296457 -0.766594  -1.265625 3.007812 1 2 1.000000
0  43.979862 -6.268622 -7.230787  0.969054 0.228950 0.092013  -1.023438 5.062500 1 2 1.000000
0  43.226368 -12.887748 -7.984280  0.651479 -0.745201 -0.142003  -1.250000 5.062500 1 2 1.000000
out70_hane02_1
0  37.239841 -27.777266 -13.970815  0.112705 0.730705 -0.673299  -1.964844 1.054688 1 2 1.000000
0  39.535088 -29.697889 -11.675564  0.936918 0.337840 0.089419  2.046875 1.054688 1 2 1.000000
0  37.219967 -28.440113 -13.990687  0.575396 0.260384 -0.775292  -1.957031 2.070312 1 2 1.000000
out70_hane02_1
0  37.219967 -28.440113 -13.990687  0.575396 0.260384 -0.775292  -1.957031 2.070312 1 2 1.000000
0  39.535088 -29.697889 -11.675564  0.936918 0.337840 0.089419  2.046875 1.054688 1 2 1.000000
0  39.462223 -30.316236 -11.748428  0.937376 0.214240 -0.274514  2.046875 2.070312 1 2 1.000000
out70_hane02_1
0  37.219967 -28.440113 -13.990687  0.575396 0.260384 -0.775292  -1.957031 2.070312 1 2 1.000000
0  39.462223 -30.316236 -11.748428  0.937376 0.214240 -0.274514  2.046875 2.070312 1 2 1.000000
0  36.037563 -28.130941 -15.173090  -0.054476 -0.392193 -0.918241  -4.070312 3.078125 1 2 1.000000
out70_hane02_1
0  36.037563 -28.130941 -15.173090  -0.054476 -0.392193 -0.918241  -4.070312 3.078125 1 2 1.000000
0  39.462223 -30.316236 -11.748428  0.937376 0.214240 -0.274514  2.046875 2.070312 1 2 1.000000
0  39.387703 -30.934584 -11.822949  0.278939 -0.215796 -0.935728  2.046875 3.078125 1 2 1.000000
out70_hane02_1
0  38.968727 -29.697889 -11.109202  0.089419 0.337840 0.936918  2.046875 1.054688 1 2 1.000000
0  36.673477 -27.777266 -13.404453  -0.673299 0.730705 0.112674  -1.964844 1.054688 1 2 1.000000
0  38.895863 -30.316236 -11.182068  -0.274514 0.214240 0.937376  2.046875 2.070312 1 2 1.000000
out70_hane02_1
0  38.895863 -30.316236 -11.182068  -0.274514 0.214240 0.937376  2.046875 2.070312 1 2 1.000000
0  36.673477 -27.777266 -13.404453  -0.673299 0.730705 0.112674  -1.964844 1.054688 1 2 1.000000
0  36.653606 -28.440113 -13.424327  -0.775292 0.260384 0.575396  -1.957031 2.070312 1 2 1.000000
out70_hane02_1
0  38.895863 -30.316236 -11.182068  -0.274514 0.214240 0.937376  2.046875 2.070312 1 2 1.000000
0  36.653606 -28.440113 -13.424327  -0.775292 0.260384 0.575396  -1.957031 2.070312 1 2 1.000000
0  38.821342 -30.934584 -11.256589  -0.935728 -0.215735 0.278939  2.046875 3.078125 1 2 1.000000
out70_hane02_1
0  38.821342 -30.934584 -11.256589  -0.935728 -0.215735 0.278939  2.046875 3.078125 1 2 1.000000
0  36.653606 -28.440113 -13.424327  -0.775292 0.260384 0.575396  -1.957031 2.070312 1 2 1.000000
0  35.471203 -28.130941 -14.606729  -0.918241 -0.392193 -0.054476  -4.054688 3.078125 1 2 1.000000
out70_hane02_1
0  39.412544 -25.983122 -10.665387  -0.765923 0.299875 0.568712  2.046875 -5.031250 1 2 1.000000
0  35.471203 -22.694637 -14.606728  -0.683828 0.722709 0.100162  -4.082031 -5.031250 1 2 1.000000
0  39.338020 -26.601467 -10.739909  -0.571734 -0.298074 0.764336  2.046875 -4.023438 1 2 1.000000
out70_hane02_1
0  39.338020 -26.601467 -10.739909  -0.571734 -0.298074 0.764336  2.046875 -4.023438 1 2 1.000000
0  35.471203 -22.694637 -14.606728  -0.683828 0.722709 0.100162  -4.082031 -5.031250 1 2 1.000000
0  36.771183 -24.460676 -13.306747  -0.930418 -0.256722 0.261513  -2.011719 -4.023438 1 2 1.000000
out70_hane02_1
0  39.338020 -26.601467 -10.739909  -0.571734 -0.298074 0.764336  2.046875 -4.023438 1 2 1.000000
0  36.771183 -24.460676 -13.306747  -0.930418 -0.256722 0.261513  -2.011719 -4.023438 1 2 1.000000
0  39.263500 -27.222157 -10.814429  -0.149815 -0.751152 0.642872  2.046875 -3.007812 1 2 1.000000
out70_hane02_1
0  39.263500 -27.222157 -10.814429  -0.149815 -0.751152 0.642872  2.046875 -3.007812 1 2 1.000000
0  36.771183 -24.460676 -13.306747  -0.930418 -0.256722 0.261513  -2.011719 -4.023438 1 2 1.000000
0  36.751308 -25.123526 -13.326620  -0.923185 -0.378948 -0.063814  -2.003906 -3.007812 1 2 1.000000
out70_hane02_1
0  41.225887 -11.028021 -8.852036  -0.766564 0.296548 0.569536  -0.976562 3.007812 1 2 1.000000
0  42.660007 -12.887748 -7.417919  -0.142003 -0.745201 0.651479  -1.250000 5.062500 1 2 1.000000
0  41.762444 -6.247542 -8.315484  -0.964263 -0.172826 0.200751  -1.023438 3.007812 1 2 1.000000
out70_hane02_1
0  41.762444 -6.247542 -8.315484  -0.964263 -0.172826 0.200751  -1.023438 3.007812 1 2 1.000000
0  42.660007 -12.887748 -7.417919  -0.142003 -0.745201 0.651479  -1.250000 5.062500 1 2 1.000000
0  43.413498 -6.268622 -6.664426  0.092013 0.228950 0.969054  -1.023438 5.062500 1 2 1.000000
out70_hane02_1
0  41.762444 -6.247542 -8.315484  -0.964263 -0.172826 0.200751  -1.023438 3.007812 1 2 1.000000
0  43.413498 -6.268622 -6.664426  0.092013 0.228950 0.969054  -1.023438 5.062500 1 2 1.000000
0  35.471203 2.798129 -14.606724  -0.953825 -0.293924 -0.061434  -1.152344 3.007812 1 2 1.000000
out70_hane02_1
0  35.471203 2.798129 -14.606724  -0.953825 -0.293924 -0.061434  -1.152344 3.007812 1 2 1.000000
0  43.413498 -6.268622 -6.664426  0.092013 0.228950 0.969054  -1.023438 5.062500 1 2 1.000000
0  35.471203 5.739962 -14.606723  -0.603656 0.779199 0.168615  -1.171875 5.062500 1 2 1.000000
out70_hane02_1
0  41.133156 -16.293341 -10.077497  0.276437 -0.214454 -0.936796  2.046875 1.054688 1 2 1.000000
0  36.037563 -11.946172 -15.173087  -0.054933 -0.389050 -0.919553  -4.070312 1.054688 1 2 1.000000
0  41.214298 -15.635176 -9.996351  0.936674 0.211890 -0.278756  2.046875 2.070312 1 2 1.000000
out70_hane02_1
0  41.214298 -15.635176 -9.996351  0.936674 0.211890 -0.278756  2.046875 2.070312 1 2 1.000000
0  36.037563 -11.946172 -15.173087  -0.054933 -0.389050 -0.919553  -4.070312 1.054688 1 2 1.000000
0  37.768108 -12.702711 -13.442540  0.575884 0.266884 -0.772729  -2.023438 2.070312 1 2 1.000000
out70_hane02_1
0  41.214298 -15.635176 -9.996351  0.936674 0.211890 -0.278756  2.046875 2.070312 1 2 1.000000
0  37.768108 -12.702711 -13.442540  0.575884 0.266884 -0.772729  -2.023438 2.070312 1 2 1.000000
0  41.297100 -14.977011 -9.913550  0.938902 0.331645 0.091800  2.046875 1.054688 1 2 1.000000
out70_hane02_1
0  41.297100 -14.977011 -9.913550  0.938902 0.331645 0.091800  2.046875 1.054688 1 2 1.000000
0  37.768108 -12.702711 -13.442540  0.575884 0.266884 -0.772729  -2.023438 2.070312 1 2 1.000000
0  37.801228 -12.009413 -13.409419  0.121464 0.736442 -0.665487  -2.019531 1.054688 1 2 1.000000
out70_hane02_1
0  41.225887 -11.028021 -8.852036  -0.766564 0.296548 0.569536  2.046875 -5.031250 1 2 1.000000
0  35.471203 -6.205381 -14.606725  -0.683309 0.723136 0.100589  -4.101562 -5.031250 1 2 1.000000
0  41.143089 -11.686186 -8.934838  -0.562639 -0.305612 0.768120  2.046875 -4.023438 1 2 1.000000
out70_hane02_1
0  41.143089 -11.686186 -8.934838  -0.562639 -0.305612 0.768120  2.046875 -4.023438 1 2 1.000000
0  35.471203 -6.205381 -14.606725  -0.683309 0.723136 0.100589  -4.101562 -5.031250 1 2 1.000000
0  37.420345 -8.559317 -12.657583  -0.932707 -0.243324 0.266091  -2.035156 -4.023438 1 2 1.000000
out70_hane02_1
0  41.143089 -11.686186 -8.934838  -0.562639 -0.305612 0.768120  2.046875 -4.023438 1 2 1.000000
0  37.420345 -8.559317 -12.657583  -0.932707 -0.243324 0.266091  -2.035156 -4.023438 1 2 1.000000
0  41.061943 -12.344351 -9.015984  -0.151921 -0.752495 0.640828  2.046875 -3.007812 1 2 1.000000
out70_hane02_1
0  41.061943 -12.344351 -9.015984  -0.151921 -0.752495 0.640828  2.046875 -3.007812 1 2 1.000000
0  37.420345 -8.559317 -12.657583  -0.932707 -0.243324 0.266091  -2.035156 -4.023438 1 2 1.000000
0  37.380600 -9.245588 -12.697329  -0.928220 -0.364849 -0.072420  -2.035156 -3.007812 1 2 1.000000
out70_hane02_1
0  40.730740 -14.977011 -9.347190  0.091800 0.331645 0.938902  2.046875 1.054688 1 2 1.000000
0  37.234871 -12.009413 -12.843059  -0.665487 0.736442 0.121464  -2.019531 1.054688 1 2 1.000000
0  40.647938 -15.635176 -9.429991  -0.278756 0.211921 0.936674  2.046875 2.070312 1 2 1.000000
out70_hane02_1
0  40.647938 -15.635176 -9.429991  -0.278756 0.211921 0.936674  2.046875 2.070312 1 2 1.000000
0  37.234871 -12.009413 -12.843059  -0.665487 0.736442 0.121464  -2.019531 1.054688 1 2 1.000000
0  37.201748 -12.702711 -12.876179  -0.772729 0.266884 0.575854  -2.023438 2.070312 1 2 1.000000
out70_hane02_1
0  40.647938 -15.635176 -9.429991  -0.278756 0.211921 0.936674  2.046875 2.070312 1 2 1.000000
0  37.201748 -12.702711 -12.876179  -0.772729 0.266884 0.575854  -2.023438 2.070312 1 2 1.000000
0  40.566788 -16.293341 -9.511136  -0.936796 -0.214454 0.276406  2.046875 3.078125 1 2 1.000000
out70_hane02_1
0  40.566788 -16.293341 -9.511136  -0.936796 -0.214454 0.276406  2.046875 3.078125 1 2 1.000000
0  37.201748 -12.702711 -12.876179  -0.772729 0.266884 0.575854  -2.023438 2.070312 1 2 1.000000
0  35.471203 -11.946173 -14.606726  -0.919553 -0.389050 -0.054933  -4.054688 3.078125 1 2 1.000000
out70_hane02_1
0  41.966133 -6.247542 -8.519175  0.000000 0.000000 1.000000  -1.250000 5.062500 1 2 1.000000
0  41.762444 -6.247542 -8.315484  -0.964263 -0.172826 0.200751  -1.265625 5.062500 1 2 1.000000
0  42.328804 -6.247542 -8.881845  0.200751 -0.172826 -0.964263  -1.250000 5.062500 1 2 1.000000
out70_hane02_1
0  35.471203 2.798129 -14.606724  -0.953825 -0.293924 -0.061434  -1.265625 5.062500 1 2 1.000000
0  42.328804 -6.247542 -8.881845  0.200751 -0.172826 -0.964263  -1.250000 5.062500 1 2 1.000000
0  41.762444 -6.247542 -8.315484  -0.964263 -0.172826 0.200751  -1.265625 5.062500 1 2 1.000000
out70_hane02_1
0  36.037563 2.798129 -15.173085  -0.061525 -0.293924 -0.953825  -1.253906 5.062500 1 2 1.000000
0  42.328804 -6.247542 -8.881845  0.200751 -0.172826 -0.964263  -1.250000 5.062500 1 2 1.000000
0  35.471203 2.798129 -14.606724  -0.953825 -0.293924 -0.061434  -1.265625 5.062500 1 2 1.000000
out70_hane02_1
0  35.674892 2.798129 -14.810415  -0.923856 0.000000 0.382672  -1.203125 5.062500 1 2 1.000000
0  36.037563 2.798129 -15.173085  -0.061525 -0.293924 -0.953825  -1.253906 5.062500 1 2 1.000000
0  35.471203 2.798129 -14.606724  -0.953825 -0.293924 -0.061434  -1.265625 5.062500 1 2 1.000000
out70_hane02_1
0  41.966133 -6.247542 -8.519175  0.000000 0.000000 1.000000  -1.203125 5.062500 1 2 1.000000
0  42.328804 -6.247542 -8.881845  0.968627 -0.142949 -0.203223  -1.253906 5.062500 1 2 1.000000
0  41.762444 -6.247542 -8.315484  0.970336 -0.145146 -0.193182  -1.265625 5.062500 1 2 1.000000
out70_hane02_1
0  41.792248 -11.028021 -9.418398  0.569567 0.296457 -0.766594  -1.250000 5.062500 1 2 1.000000
0  41.762444 -6.247542 -8.315484  -0.964263 -0.172826 0.200751  -1.265625 5.062500 1 2 1.000000
0  42.328804 -6.247542 -8.881845  0.200751 -0.172826 -0.964263  -1.253906 5.062500 1 2 1.000000
out70_hane02_1
0  41.225887 -11.028021 -8.852036  -0.766564 0.296548 0.569536  -1.265625 5.062500 1 2 1.000000
0  41.762444 -6.247542 -8.315484  -0.964263 -0.172826 0.200751  -1.265625 5.062500 1 2 1.000000
0  41.792248 -11.028021 -9.418398  0.569567 0.296457 -0.766594  -1.250000 5.062500 1 2 1.000000
out70_hane02_1
0  41.429581 -11.028021 -9.055728  0.681936 -0.264290 0.681936  -1.250000 5.062500 1 2 1.000000
0  41.225887 -11.028021 -8.852036  -0.766564 0.296548 0.569536  -1.265625 5.062500 1 2 1.000000
0  41.792248 -11.028021 -9.418398  0.569567 0.296457 -0.766594  -1.250000 5.062500 1 2 1.000000
out70_hane02_1
0  39.025032 -30.934584 -11.460280  0.000000 1.000000 0.000000  -1.253906 5.062500 1 2 1.000000
0  38.821342 -30.934584 -11.256589  -0.935728 -0.215735 0.278939  -1.203125 5.062500 1 2 1.000000
0  39.387703 -30.934584 -11.822949  0.278939 -0.215796 -0.935728  -1.250000 5.062500 1 2 1.000000
out70_hane02_1
0  36.037563 -28.130941 -15.173090  -0.054476 -0.392193 -0.918241  -1.253906 5.062500 1 2 1.000000
0  39.387703 -30.934584 -11.822949  0.278939 -0.215796 -0.935728  -1.250000 5.062500 1 2 1.000000
0  38.821342 -30.934584 -11.256589  -0.935728 -0.215735 0.278939  -1.203125 5.062500 1 2 1.000000
out70_hane02_1
0  38.089378 -37.096973 -11.988553  -0.838496 0.356212 0.412275  -1.218750 3.007812 1 2 1.000000
0  40.417747 -31.630224 -9.660180  0.090243 0.332011 0.938932  -1.269531 5.062500 1 2 1.000000
0  38.821342 -30.934584 -11.256589  -0.935728 -0.215735 0.278939  -1.277344 3.007812 1 2 1.000000
out70_hane02_1
0  38.895863 -30.316236 -11.182068  -0.274514 0.214240 0.937376  -1.281250 3.007812 1 2 1.000000
0  38.821342 -30.934584 -11.256589  -0.935728 -0.215735 0.278939  -1.277344 3.007812 1 2 1.000000
0  40.417747 -31.630224 -9.660180  0.090243 0.332011 0.938932  -1.269531 5.062500 1 2 1.000000
out70_hane02_1
0  41.792248 -11.028021 -9.418398  0.569567 0.296457 -0.766594  -1.253906 5.062500 1 2 1.000000
0  36.037563 -6.205381 -15.173086  0.100589 0.723136 -0.683309  -1.250000 5.062500 1 2 1.000000
0  41.429581 -11.028021 -9.055728  0.681936 -0.264290 0.681936  -1.203125 5.062500 1 2 1.000000
out70_hane02_1
0  41.225887 -11.028021 -8.852036  -0.766564 0.296548 0.569536  -1.265625 5.062500 1 2 1.000000
0  41.429581 -11.028021 -9.055728  0.681936 -0.264290 0.681936  -1.203125 5.062500 1 2 1.000000
0  36.037563 -6.205381 -15.173086  0.100589 0.723136 -0.683309  -1.250000 5.062500 1 2 1.000000
out70_hane02_1
0  41.133156 -16.293341 -10.077497  0.276437 -0.214454 -0.936796  -1.257812 5.062500 1 2 1.000000
0  39.978905 -25.983122 -11.231748  0.568651 0.299875 -0.765954  -1.253906 5.062500 1 2 1.000000
0  40.566788 -16.293341 -9.511136  -0.936796 -0.214454 0.276406  -1.203125 5.062500 1 2 1.000000
out70_hane02_1
0  39.412544 -25.983122 -10.665387  -0.765923 0.299875 0.568712  -1.203125 5.062500 1 2 1.000000
0  40.566788 -16.293341 -9.511136  -0.936796 -0.214454 0.276406  -1.203125 5.062500 1 2 1.000000
0  39.978905 -25.983122 -11.231748  0.568651 0.299875 -0.765954  -1.253906 5.062500 1 2 1.000000
out70_hane02_1
0  39.025032 -30.934584 -11.460280  0.000000 -1.000000 0.000000  -1.203125 5.062500 1 2 1.000000
0  39.387703 -30.934584 -11.822949  0.765404 -0.601123 -0.229743  -1.253906 5.062500 1 2 1.000000
0  38.821342 -30.934584 -11.256589  0.000000 -0.999969 0.000000  -1.265625 5.062500 1 2 1.000000
out70_hane02_1
0  38.089378 -37.096973 -11.988553  -0.838496 0.356212 0.412275  -1.265625 5.062500 1 2 1.000000
0  38.821342 -30.934584 -11.256589  -0.935728 -0.215735 0.278939  -1.265625 5.062500 1 2 1.000000
0  39.387703 -30.934584 -11.822949  0.278939 -0.215796 -0.935728  -1.253906 5.062500 1 2 1.000000
out70_hane02_1
0  39.978905 -25.983122 -11.231748  0.568651 0.299875 -0.765954  -1.253906 5.062500 1 2 1.000000
0  36.037563 -22.694637 -15.173089  0.100131 0.722709 -0.683828  -1.250000 5.062500 1 2 1.000000
0  39.616230 -25.983122 -10.869078  0.217933 0.522385 0.824366  -1.203125 5.062500 1 2 1.000000
out70_hane02_1
0  39.412544 -25.983122 -10.665387  -0.765923 0.299875 0.568712  -1.265625 5.062500 1 2 1.000000
0  39.616230 -25.983122 -10.869078  0.217933 0.522385 0.824366  -1.203125 5.062500 1 2 1.000000
0  36.037563 -22.694637 -15.173089  0.100131 0.722709 -0.683828  -1.250000 5.062500 1 2 1.000000
out70_hane02_1
0  38.655739 -37.096973 -12.554914  0.412275 0.356212 -0.838496  -1.218750 3.007812 1 2 1.000000
0  39.387703 -30.934584 -11.822949  0.278939 -0.215796 -0.935728  -1.277344 3.007812 1 2 1.000000
0  40.984108 -31.630224 -10.226541  0.938932 0.332011 0.090243  -1.269531 5.062500 1 2 1.000000
out70_hane02_1
0  39.462223 -30.316236 -11.748428  0.937376 0.214240 -0.274514  -1.281250 3.007812 1 2 1.000000
0  40.984108 -31.630224 -10.226541  0.938932 0.332011 0.090243  -1.269531 5.062500 1 2 1.000000
0  39.387703 -30.934584 -11.822949  0.278939 -0.215796 -0.935728  -1.277344 3.007812 1 2 1.000000
out70_hane02_1
0  35.471203 2.798129 -14.606724  -0.953825 -0.293924 -0.061434  -1.265625 5.062500 1 2 1.000000
0  35.471203 5.739962 -14.606723  -0.603656 0.779199 0.168615  -1.265625 5.062500 1 2 1.000000
0  35.674892 2.798129 -14.810415  -0.923856 0.000000 0.382672  -1.234375 5.062500 1 2 1.000000
out70_hane02_1
0  36.037563 2.798129 -15.173085  -0.061525 -0.293924 -0.953825  -1.203125 5.062500 1 2 1.000000
0  35.674892 2.798129 -14.810415  -0.923856 0.000000 0.382672  -1.234375 5.062500 1 2 1.000000
0  35.471203 5.739962 -14.606723  -0.603656 0.779199 0.168615  -1.265625 5.062500 1 2 1.000000
out70_hane02_1
0  39.904385 -26.601467 -11.306270  0.764336 -0.298074 -0.571734  -1.265625 3.007812 1 2 1.000000
0  41.424618 -27.906088 -9.786038  0.640004 -0.753166 -0.151891  -1.277344 5.062500 1 2 1.000000
0  40.858253 -27.906088 -9.219677  -0.151891 -0.753166 0.640004  -1.218750 5.062500 1 2 1.000000
out70_hane02_1
0  40.858253 -27.906088 -9.219677  -0.151891 -0.753166 0.640004  -1.218750 5.062500 1 2 1.000000
0  39.338020 -26.601467 -10.739909  -0.571734 -0.298074 0.764336  -1.234375 3.007812 1 2 1.000000
0  39.904385 -26.601467 -11.306270  0.764336 -0.298074 -0.571734  -1.265625 3.007812 1 2 1.000000
out70_hane02_1
0  39.829861 -27.222157 -11.380791  0.642872 -0.751152 -0.149815  -1.253906 5.062500 1 2 1.000000
0  39.904385 -26.601467 -11.306270  0.764336 -0.298074 -0.571734  -1.250000 5.062500 1 2 1.000000
0  39.338020 -26.601467 -10.739909  -0.571734 -0.298074 0.764336  -1.250000 5.062500 1 2 1.000000
out70_hane02_1
0  39.338020 -26.601467 -10.739909  -0.571734 -0.298074 0.764336  -1.250000 5.062500 1 2 1.000000
0  39.263500 -27.222157 -10.814429  -0.149815 -0.751152 0.642872  -1.253906 5.062500 1 2 1.000000
0  39.829861 -27.222157 -11.380791  0.642872 -0.751152 -0.149815  -1.253906 5.062500 1 2 1.000000
out70_hane02_1
0  37.317673 -25.123526 -13.892981  -0.063814 -0.378948 -0.923185  -1.253906 5.062500 1 2 1.000000
0  39.829861 -27.222157 -11.380791  0.642872 -0.751152 -0.149815  -1.250000 5.062500 1 2 1.000000
0  39.263500 -27.222157 -10.814429  -0.149815 -0.751152 0.642872  -1.250000 5.062500 1 2 1.000000
out70_hane02_1
0  39.263500 -27.222157 -10.814429  -0.149815 -0.751152 0.642872  -1.250000 5.062500 1 2 1.000000
0  36.751308 -25.123526 -13.326620  -0.923185 -0.378948 -0.063814  -1.253906 5.062500 1 2 1.000000
0  37.317673 -25.123526 -13.892981  -0.063814 -0.378948 -0.923185  -1.253906 5.062500 1 2 1.000000
out70_hane02_1
0  37.337543 -24.460676 -13.873109  0.261513 -0.256691 -0.930418  -1.253906 5.062500 1 2 1.000000
0  37.317673 -25.123526 -13.892981  -0.063814 -0.378948 -0.923185  -1.250000 5.062500 1 2 1.000000
0  36.751308 -25.123526 -13.326620  -0.923185 -0.378948 -0.063814  -1.250000 5.062500 1 2 1.000000
out70_hane02_1
0  36.751308 -25.123526 -13.326620  -0.923185 -0.378948 -0.063814  -1.250000 5.062500 1 2 1.000000
0  36.771183 -24.460676 -13.306747  -0.930418 -0.256722 0.261513  -1.253906 5.062500 1 2 1.000000
0  37.337543 -24.460676 -13.873109  0.261513 -0.256691 -0.930418  -1.253906 5.062500 1 2 1.000000
out70_hane02_1
0  35.471203 -23.373884 -14.606728  -0.918180 -0.392376 -0.054445  -1.253906 5.062500 1 2 1.000000
0  36.037563 -23.373884 -15.173089  -0.054445 -0.392376 -0.918180  -1.250000 5.062500 1 2 1.000000
0  37.337543 -24.460676 -13.873109  0.261513 -0.256691 -0.930418  -1.250000 5.062500 1 2 1.000000
out70_hane02_1
0  37.337543 -24.460676 -13.873109  0.261513 -0.256691 -0.930418  -1.250000 5.062500 1 2 1.000000
0  36.771183 -24.460676 -13.306747  -0.930418 -0.256722 0.261513  -1.253906 5.062500 1 2 1.000000
0  35.471203 -23.373884 -14.606728  -0.918180 -0.392376 -0.054445  -1.253906 5.062500 1 2 1.000000
out70_hane02_1
0  36.037563 -23.373884 -15.173089  -0.054445 -0.392376 -0.918180  -1.265625 5.062500 1 2 1.000000
0  35.471203 -23.373884 -14.606728  -0.918180 -0.392376 -0.054445  -1.265625 5.062500 1 2 1.000000
0  35.471203 -22.694637 -14.606728  -0.683828 0.722709 0.100162  -1.203125 5.062500 1 2 1.000000
out70_hane02_1
0  35.471203 -22.694637 -14.606728  -0.683828 0.722709 0.100162  -1.203125 5.062500 1 2 1.000000
0  36.037563 -22.694637 -15.173089  0.100131 0.722709 -0.683828  -1.265625 5.062500 1 2 1.000000
0  36.037563 -23.373884 -15.173089  -0.054445 -0.392376 -0.918180  -1.265625 5.062500 1 2 1.000000
out70_hane02_1
0  35.471203 -11.229452 -14.606726  -0.681417 0.724693 0.102115  -1.203125 5.062500 1 2 1.000000
0  36.037563 -11.229451 -15.173087  0.102115 0.724693 -0.681417  -1.203125 5.062500 1 2 1.000000
0  36.037563 -11.946172 -15.173087  -0.054933 -0.389050 -0.919553  -1.265625 5.062500 1 2 1.000000
out70_hane02_1
0  36.037563 -11.946172 -15.173087  -0.054933 -0.389050 -0.919553  -1.265625 5.062500 1 2 1.000000
0  35.471203 -11.946173 -14.606726  -0.919553 -0.389050 -0.054933  -1.203125 5.062500 1 2 1.000000
0  35.471203 -11.229452 -14.606726  -0.681417 0.724693 0.102115  -1.203125 5.062500 1 2 1.000000
out70_hane02_1
0  35.471203 -11.229452 -14.606726  -0.681417 0.724693 0.102115  -1.253906 5.062500 1 2 1.000000
0  37.201748 -12.702711 -12.876179  -0.772729 0.266884 0.575854  -1.250000 5.062500 1 2 1.000000
0  37.768108 -12.702711 -13.442540  0.575884 0.266884 -0.772729  -1.250000 5.062500 1 2 1.000000
out70_hane02_1
0  37.768108 -12.702711 -13.442540  0.575884 0.266884 -0.772729  -1.250000 5.062500 1 2 1.000000
0  36.037563 -11.229451 -15.173087  0.102115 0.724693 -0.681417  -1.253906 5.062500 1 2 1.000000
0  35.471203 -11.229452 -14.606726  -0.681417 0.724693 0.102115  -1.253906 5.062500 1 2 1.000000
out70_hane02_1
0  37.201748 -12.702711 -12.876179  -0.772729 0.266884 0.575854  -1.253906 5.062500 1 2 1.000000
0  37.234871 -12.009413 -12.843059  -0.665487 0.736442 0.121464  -1.250000 5.062500 1 2 1.000000
0  37.801228 -12.009413 -13.409419  0.121464 0.736442 -0.665487  -1.250000 5.062500 1 2 1.000000
out70_hane02_1
0  37.801228 -12.009413 -13.409419  0.121464 0.736442 -0.665487  -1.250000 5.062500 1 2 1.000000
0  37.768108 -12.702711 -13.442540  0.575884 0.266884 -0.772729  -1.253906 5.062500 1 2 1.000000
0  37.201748 -12.702711 -12.876179  -0.772729 0.266884 0.575854  -1.253906 5.062500 1 2 1.000000
out70_hane02_1
0  37.234871 -12.009413 -12.843059  -0.665487 0.736442 0.121464  -1.253906 5.062500 1 2 1.000000
0  40.730740 -14.977011 -9.347190  0.091800 0.331645 0.938902  -1.250000 5.062500 1 2 1.000000
0  41.297100 -14.977011 -9.913550  0.938902 0.331645 0.091800  -1.250000 5.062500 1 2 1.000000
out70_hane02_1
0  41.297100 -14.977011 -9.913550  0.938902 0.331645 0.091800  -1.250000 5.062500 1 2 1.000000
0  37.801228 -12.009413 -13.409419  0.121464 0.736442 -0.665487  -1.253906 5.062500 1 2 1.000000
0  37.234871 -12.009413 -12.843059  -0.665487 0.736442 0.121464  -1.253906 5.062500 1 2 1.000000
out70_hane02_1
0  40.730740 -14.977011 -9.347190  0.091800 0.331645 0.938902  -1.253906 5.062500 1 2 1.000000
0  40.647938 -15.635176 -9.429991  -0.278756 0.211921 0.936674  -1.250000 5.062500 1 2 1.000000
0  41.214298 -15.635176 -9.996351  0.936674 0.211890 -0.278756  -1.250000 5.062500 1 2 1.000000
out70_hane02_1
0  41.214298 -15.635176 -9.996351  0.936674 0.211890 -0.278756  -1.250000 5.062500 1 2 1.000000
0  41.297100 -14.977011 -9.913550  0.938902 0.331645 0.091800  -1.253906 5.062500 1 2 1.000000
0  40.730740 -14.977011 -9.347190  0.091800 0.331645 0.938902  -1.253906 5.062500 1 2 1.000000
out70_hane02_1
0  41.628307 -12.344351 -9.582344  0.640828 -0.752464 -0.151921  -1.253906 5.062500 1 2 1.000000
0  41.709450 -11.686186 -9.501199  0.768120 -0.305612 -0.562639  -1.250000 5.062500 1 2 1.000000
0  41.143089 -11.686186 -8.934838  -0.562639 -0.305612 0.768120  -1.250000 5.062500 1 2 1.000000
out70_hane02_1
0  41.143089 -11.686186 -8.934838  -0.562639 -0.305612 0.768120  -1.250000 5.062500 1 2 1.000000
0  41.061943 -12.344351 -9.015984  -0.151921 -0.752495 0.640828  -1.253906 5.062500 1 2 1.000000
0  41.628307 -12.344351 -9.582344  0.640828 -0.752464 -0.151921  -1.253906 5.062500 1 2 1.000000
out70_hane02_1
0  41.709450 -11.686186 -9.501199  0.768120 -0.305612 -0.562639  -1.265625 3.007812 1 2 1.000000
0  43.226368 -12.887748 -7.984280  0.651479 -0.745201 -0.142003  -1.277344 5.062500 1 2 1.000000
0  42.660007 -12.887748 -7.417919  -0.142003 -0.745201 0.651479  -1.218750 5.062500 1 2 1.000000
out70_hane02_1
0  42.660007 -12.887748 -7.417919  -0.142003 -0.745201 0.651479  -1.218750 5.062500 1 2 1.000000
0  41.143089 -11.686186 -8.934838  -0.562639 -0.305612 0.768120  -1.203125 3.007812 1 2 1.000000
0  41.709450 -11.686186 -9.501199  0.768120 -0.305612 -0.562639  -1.265625 3.007812 1 2 1.000000
out70_hane02_1
0  37.946960 -9.245588 -13.263689  -0.072420 -0.364849 -0.928220  -1.253906 5.062500 1 2 1.000000
0  41.628307 -12.344351 -9.582344  0.640828 -0.752464 -0.151921  -1.250000 5.062500 1 2 1.000000
0  41.061943 -12.344351 -9.015984  -0.151921 -0.752495 0.640828  -1.250000 5.062500 1 2 1.000000
out70_hane02_1
0  41.061943 -12.344351 -9.015984  -0.151921 -0.752495 0.640828  -1.250000 5.062500 1 2 1.000000
0  37.380600 -9.245588 -12.697329  -0.928220 -0.364849 -0.072420  -1.253906 5.062500 1 2 1.000000
0  37.946960 -9.245588 -13.263689  -0.072420 -0.364849 -0.928220  -1.253906 5.062500 1 2 1.000000
out70_hane02_1
0  37.986706 -8.559317 -13.223944  0.266091 -0.243324 -0.932707  -1.253906 5.062500 1 2 1.000000
0  37.946960 -9.245588 -13.263689  -0.072420 -0.364849 -0.928220  -1.250000 5.062500 1 2 1.000000
0  37.380600 -9.245588 -12.697329  -0.928220 -0.364849 -0.072420  -1.250000 5.062500 1 2 1.000000
out70_hane02_1
0  37.380600 -9.245588 -12.697329  -0.928220 -0.364849 -0.072420  -1.250000 5.062500 1 2 1.000000
0  37.420345 -8.559317 -12.657583  -0.932707 -0.243324 0.266091  -1.253906 5.062500 1 2 1.000000
0  37.986706 -8.559317 -13.223944  0.266091 -0.243324 -0.932707  -1.253906 5.062500 1 2 1.000000
out70_hane02_1
0  36.037563 -6.922101 -15.173086  -0.054567 -0.391614 -0.918485  -1.253906 5.062500 1 2 1.000000
0  37.986706 -8.559317 -13.223944  0.266091 -0.243324 -0.932707  -1.250000 5.062500 1 2 1.000000
0  37.420345 -8.559317 -12.657583  -0.932707 -0.243324 0.266091  -1.250000 5.062500 1 2 1.000000
out70_hane02_1
0  37.420345 -8.559317 -12.657583  -0.932707 -0.243324 0.266091  -1.250000 5.062500 1 2 1.000000
0  35.471203 -6.922101 -14.606725  -0.918485 -0.391583 -0.054567  -1.253906 5.062500 1 2 1.000000
0  36.037563 -6.922101 -15.173086  -0.054567 -0.391614 -0.918485  -1.253906 5.062500 1 2 1.000000
out70_hane02_1
0  36.037563 -6.922101 -15.173086  -0.054567 -0.391614 -0.918485  -1.250000 5.062500 1 2 1.000000
0  35.471203 -6.922101 -14.606725  -0.918485 -0.391583 -0.054567  -1.250000 5.062500 1 2 1.000000
0  35.471203 -6.205381 -14.606725  -0.683309 0.723136 0.100589  -1.253906 5.062500 1 2 1.000000
out70_hane02_1
0  35.471203 -6.205381 -14.606725  -0.683309 0.723136 0.100589  -1.253906 5.062500 1 2 1.000000
0  36.037563 -6.205381 -15.173086  0.100589 0.723136 -0.683309  -1.250000 5.062500 1 2 1.000000
0  36.037563 -6.922101 -15.173086  -0.054567 -0.391614 -0.918485  -1.250000 5.062500 1 2 1.000000
out70_hane02_1
0  38.895863 -30.316236 -11.182068  -0.274514 0.214240 0.937376  -1.214844 3.007812 1 2 1.000000
0  40.417747 -31.630224 -9.660180  0.090243 0.332011 0.938932  -1.203125 5.062500 1 2 1.000000
0  40.984108 -31.630224 -10.226541  0.938932 0.332011 0.090243  -1.257812 5.062500 1 2 1.000000
out70_hane02_1
0  40.984108 -31.630224 -10.226541  0.938932 0.332011 0.090243  -1.257812 5.062500 1 2 1.000000
0  39.462223 -30.316236 -11.748428  0.937376 0.214240 -0.274514  -1.277344 3.007812 1 2 1.000000
0  38.895863 -30.316236 -11.182068  -0.274514 0.214240 0.937376  -1.214844 3.007812 1 2 1.000000
out70_hane02_1
0  40.647938 -15.635176 -9.429991  -0.278756 0.211921 0.936674  -1.265625 3.007812 1 2 1.000000
0  42.159889 -16.916372 -7.918040  0.089785 0.335429 0.937742  -1.277344 5.062500 1 2 1.000000
0  42.726250 -16.916372 -8.484400  0.937742 0.335429 0.089785  -1.218750 5.062500 1 2 1.000000
out70_hane02_1
0  42.726250 -16.916372 -8.484400  0.937742 0.335429 0.089785  -1.218750 5.062500 1 2 1.000000
0  41.214298 -15.635176 -9.996351  0.936674 0.211890 -0.278756  -1.203125 3.007812 1 2 1.000000
0  40.647938 -15.635176 -9.429991  -0.278756 0.211921 0.936674  -1.265625 3.007812 1 2 1.000000
out70_hane02_1
0  36.037563 -37.096973 -15.173091  0.000000 0.577349 -0.816492  -2.035156 -1.054688 1 2 1.000000
0  38.655739 -37.096973 -12.554914  0.412275 0.356212 -0.838496  2.015625 -1.054688 1 2 1.000000
0  38.430519 -38.970753 -12.780134  0.443312 -0.255623 -0.859127  2.015625 1.000000 1 2 1.000000
out70_hane02_1
0  38.430519 -38.970753 -12.780134  0.443312 -0.255623 -0.859127  2.015625 1.000000 1 2 1.000000
0  36.037563 -38.980122 -15.173092  0.000397 -0.578204 -0.815851  -2.035156 1.000000 1 2 1.000000
0  36.037563 -37.096973 -15.173091  0.000000 0.577349 -0.816492  -2.035156 -1.054688 1 2 1.000000
out70_hane02_1
0  43.979862 -6.268622 -7.230787  0.969054 0.228950 0.092013  -1.308594 5.062500 1 2 1.000000
0  43.413498 -6.268622 -6.664426  0.092013 0.228950 0.969054  -1.308594 5.062500 1 2 1.000000
0  42.660007 -12.887748 -7.417919  -0.142003 -0.745201 0.651479  -1.250000 5.062500 1 2 1.000000
out70_hane02_1
0  42.660007 -12.887748 -7.417919  -0.142003 -0.745201 0.651479  -1.250000 5.062500 1 2 1.000000
0  43.226368 -12.887748 -7.984280  0.651479 -0.745201 -0.142003  -1.250000 5.062500 1 2 1.000000
0  43.979862 -6.268622 -7.230787  0.969054 0.228950 0.092013  -1.308594 5.062500 1 2 1.000000
out70_hane02_1
0  38.857773 -44.744339 -11.220160  0.011750 -0.459304 0.888180  -1.152344 5.062500 1 2 1.000000
0  39.424137 -44.744335 -11.786520  0.888180 -0.459304 0.011750  -1.152344 5.062500 1 2 1.000000
0  40.984108 -31.630224 -10.226541  0.938932 0.332011 0.090243  -1.269531 5.062500 1 2 1.000000
out70_hane02_1
0  40.984108 -31.630224 -10.226541  0.938932 0.332011 0.090243  -1.269531 5.062500 1 2 1.000000
0  40.417747 -31.630224 -9.660180  0.090243 0.332011 0.938932  -1.269531 5.062500 1 2 1.000000
0  38.857773 -44.744339 -11.220160  0.011750 -0.459304 0.888180  -1.152344 5.062500 1 2 1.000000
out70_hane02_1
0  37.150417 -46.023190 -12.927522  -0.729179 -0.682424 0.050417  -0.589844 3.007812 1 2 1.000000
0  37.864159 -38.970753 -12.213774  -0.859127 -0.255623 0.443312  -0.761719 3.007812 1 2 1.000000
0  38.430519 -38.970753 -12.780134  0.443312 -0.255623 -0.859127  -0.761719 3.007812 1 2 1.000000
out70_hane02_1
0  38.430519 -38.970753 -12.780134  0.443312 -0.255623 -0.859127  -0.761719 3.007812 1 2 1.000000
0  37.716778 -46.023190 -13.493882  0.050417 -0.682424 -0.729179  -0.589844 3.007812 1 2 1.000000
0  37.150417 -46.023190 -12.927522  -0.729179 -0.682424 0.050417  -0.589844 3.007812 1 2 1.000000
out70_hane02_1
0  37.864159 -38.970753 -12.213774  -0.859127 -0.255623 0.443312  -1.050781 3.007812 1 2 1.000000
0  35.471203 -38.980122 -14.606730  -0.815851 -0.578204 0.000397  -1.109375 3.007812 1 2 1.000000
0  36.037563 -38.980122 -15.173092  0.000397 -0.578204 -0.815851  -1.109375 3.007812 1 2 1.000000
out70_hane02_1
0  36.037563 -38.980122 -15.173092  0.000397 -0.578204 -0.815851  -1.109375 3.007812 1 2 1.000000
0  38.430519 -38.970753 -12.780134  0.443312 -0.255623 -0.859127  -1.050781 3.007812 1 2 1.000000
0  37.864159 -38.970753 -12.213774  -0.859127 -0.255623 0.443312  -1.050781 3.007812 1 2 1.000000
out70_hane02_1
0  38.857773 -44.744339 -11.220160  0.011750 -0.459304 0.888180  -1.152344 5.062500 1 2 1.000000
0  37.150417 -46.023190 -12.927522  -0.729179 -0.682424 0.050417  -1.140625 3.007812 1 2 1.000000
0  37.716778 -46.023190 -13.493882  0.050417 -0.682424 -0.729179  -1.140625 3.007812 1 2 1.000000
out70_hane02_1
0  37.716778 -46.023190 -13.493882  0.050417 -0.682424 -0.729179  -1.140625 3.007812 1 2 1.000000
0  39.424137 -44.744335 -11.786520  0.888180 -0.459304 0.011750  -1.152344 5.062500 1 2 1.000000
0  38.857773 -44.744339 -11.220160  0.011750 -0.459304 0.888180  -1.152344 5.062500 1 2 1.000000
out70_hane02_1
0  39.978905 -25.983122 -11.231748  0.568651 0.299875 -0.765954  -1.320312 3.007812 1 2 1.000000
0  41.133156 -16.293341 -10.077497  0.276437 -0.214454 -0.936796  -1.218750 3.007812 1 2 1.000000
0  42.726250 -16.916372 -8.484400  0.937742 0.335429 0.089785  -1.398438 5.062500 1 2 1.000000
out70_hane02_1
0  42.726250 -16.916372 -8.484400  0.937742 0.335429 0.089785  -1.398438 5.062500 1 2 1.000000
0  41.424618 -27.906088 -9.786038  0.640004 -0.753166 -0.151891  -1.304688 5.062500 1 2 1.000000
0  39.978905 -25.983122 -11.231748  0.568651 0.299875 -0.765954  -1.320312 3.007812 1 2 1.000000
out70_hane02_1
0  42.726250 -16.916372 -8.484400  0.937742 0.335429 0.089785  -1.398438 5.062500 1 2 1.000000
0  42.159889 -16.916372 -7.918040  0.089785 0.335429 0.937742  -1.398438 5.062500 1 2 1.000000
0  40.858253 -27.906088 -9.219677  -0.151891 -0.753166 0.640004  -1.304688 5.062500 1 2 1.000000
out70_hane02_1
0  40.858253 -27.906088 -9.219677  -0.151891 -0.753166 0.640004  -1.304688 5.062500 1 2 1.000000
0  41.424618 -27.906088 -9.786038  0.640004 -0.753166 -0.151891  -1.304688 5.062500 1 2 1.000000
0  42.726250 -16.916372 -8.484400  0.937742 0.335429 0.089785  -1.398438 5.062500 1 2 1.000000
out70_hane02_1
0  36.037563 5.739962 -15.173084  0.168615 0.779199 -0.603656  -1.460938 5.062500 1 2 1.000000
0  35.471203 5.739962 -14.606723  -0.603656 0.779199 0.168615  -1.460938 5.062500 1 2 1.000000
0  43.413498 -6.268622 -6.664426  0.092013 0.228950 0.969054  -1.308594 5.062500 1 2 1.000000
out70_hane02_1
0  43.413498 -6.268622 -6.664426  0.092013 0.228950 0.969054  -1.308594 5.062500 1 2 1.000000
0  43.979862 -6.268622 -7.230787  0.969054 0.228950 0.092013  -1.308594 5.062500 1 2 1.000000
0  36.037563 5.739962 -15.173084  0.168615 0.779199 -0.603656  -1.460938 5.062500 1 2 1.000000
out70_hane02_1
0  38.089378 -37.096973 -11.988553  -0.838496 0.356212 0.412275  -1.265625 5.062500 1 2 1.000000
0  38.655739 -37.096973 -12.554914  0.412275 0.356212 -0.838496  -1.203125 5.062500 1 2 1.000000
0  36.037563 -37.096973 -15.173091  0.000000 0.577349 -0.816492  -1.234375 5.062500 1 2 1.000000
out70_hane02_1
0  36.037563 -37.096973 -15.173091  0.000000 0.577349 -0.816492  -1.234375 5.062500 1 2 1.000000
0  35.471203 -37.096973 -14.606730  -0.816492 0.577349 0.000000  -1.265625 5.062500 1 2 1.000000
0  38.089378 -37.096973 -11.988553  -0.838496 0.356212 0.412275  -1.265625 5.062500 1 2 1.000000
out70_hane02_1
0  35.471203 -37.096973 -14.606730  -0.816492 0.577349 0.000000  -2.035156 -1.054688 1 2 1.000000
0  35.471203 -38.980122 -14.606730  -0.815851 -0.578204 0.000397  -2.035156 1.000000 1 2 1.000000
0  37.864159 -38.970753 -12.213774  -0.859127 -0.255623 0.443312  2.015625 1.000000 1 2 1.000000
out70_hane02_1
0  37.864159 -38.970753 -12.213774  -0.859127 -0.255623 0.443312  2.015625 1.000000 1 2 1.000000
0  38.089378 -37.096973 -11.988553  -0.838496 0.356212 0.412275  2.015625 -1.054688 1 2 1.000000
0  35.471203 -37.096973 -14.606730  -0.816492 0.577349 0.000000  -2.035156 -1.054688 1 2 1.000000
out70_hane02_1
0  41.133156 -16.293341 -10.077497  0.276437 -0.214454 -0.936796  -1.203125 5.062500 1 2 1.000000
0  40.566788 -16.293341 -9.511136  -0.936796 -0.214454 0.276406  -1.203125 5.062500 1 2 1.000000
0  35.471203 -11.946173 -14.606726  -0.919553 -0.389050 -0.054933  -1.253906 5.062500 1 2 1.000000
out70_hane02_1
0  35.471203 -11.946173 -14.606726  -0.919553 -0.389050 -0.054933  -1.253906 5.062500 1 2 1.000000
0  36.037563 -11.946172 -15.173087  -0.054933 -0.389050 -0.919553  -1.203125 5.062500 1 2 1.000000
0  41.133156 -16.293341 -10.077497  0.276437 -0.214454 -0.936796  -1.203125 5.062500 1 2 1.000000
out70_hane02_1
0  38.655739 -37.096973 -12.554914  0.412275 0.356212 -0.838496  -1.218750 3.007812 1 2 1.000000
0  40.984108 -31.630224 -10.226541  0.938932 0.332011 0.090243  -1.269531 5.062500 1 2 1.000000
0  39.424137 -44.744335 -11.786520  0.888180 -0.459304 0.011750  -1.152344 5.062500 1 2 1.000000
out70_hane02_1
0  39.424137 -44.744335 -11.786520  0.888180 -0.459304 0.011750  -1.152344 5.062500 1 2 1.000000
0  38.430519 -38.970753 -12.780134  0.443312 -0.255623 -0.859127  -1.203125 3.007812 1 2 1.000000
0  38.655739 -37.096973 -12.554914  0.412275 0.356212 -0.838496  -1.218750 3.007812 1 2 1.000000
out70_hane02_1
0  38.089378 -37.096973 -11.988553  -0.838496 0.356212 0.412275  -1.218750 3.007812 1 2 1.000000
0  37.864159 -38.970753 -12.213774  -0.859127 -0.255623 0.443312  -1.203125 3.007812 1 2 1.000000
0  38.857773 -44.744339 -11.220160  0.011750 -0.459304 0.888180  -1.152344 5.062500 1 2 1.000000
out70_hane02_1
0  38.857773 -44.744339 -11.220160  0.011750 -0.459304 0.888180  -1.152344 5.062500 1 2 1.000000
0  40.417747 -31.630224 -9.660180  0.090243 0.332011 0.938932  -1.269531 5.062500 1 2 1.000000
0  38.089378 -37.096973 -11.988553  -0.838496 0.356212 0.412275  -1.218750 3.007812 1 2 1.000000
out70_hane02_1
0  39.412544 -25.983122 -10.665387  -0.765923 0.299875 0.568712  -1.320312 3.007812 1 2 1.000000
0  40.858253 -27.906088 -9.219677  -0.151891 -0.753166 0.640004  -1.304688 5.062500 1 2 1.000000
0  42.159889 -16.916372 -7.918040  0.089785 0.335429 0.937742  -1.398438 5.062500 1 2 1.000000
out70_hane02_1
0  42.159889 -16.916372 -7.918040  0.089785 0.335429 0.937742  -1.398438 5.062500 1 2 1.000000
0  40.566788 -16.293341 -9.511136  -0.936796 -0.214454 0.276406  -1.218750 3.007812 1 2 1.000000
0  39.412544 -25.983122 -10.665387  -0.765923 0.299875 0.568712  -1.320312 3.007812 1 2 1.000000
out70_hane02_1
0  36.037563 -38.980122 -15.173092  0.000397 -0.578204 -0.815851  -1.253906 5.062500 1 2 1.000000
0  35.471203 -38.980122 -14.606730  -0.815851 -0.578204 0.000397  -1.253906 5.062500 1 2 1.000000
0  35.471203 -37.096973 -14.606730  -0.816492 0.577349 0.000000  -1.250000 5.062500 1 2 1.000000
out70_hane02_1
0  35.471203 -37.096973 -14.606730  -0.816492 0.577349 0.000000  -1.250000 5.062500 1 2 1.000000
0  36.037563 -37.096973 -15.173091  0.000000 0.577349 -0.816492  -1.253906 5.062500 1 2 1.000000
0  36.037563 -38.980122 -15.173092  0.000397 -0.578204 -0.815851  -1.253906 5.062500 1 2 1.000000
out70_hane02_1
0  36.037563 -27.451696 -15.173090  0.100314 0.722892 -0.683615  -1.203125 5.062500 1 2 1.000000
0  36.037563 -28.130941 -15.173090  -0.054476 -0.392193 -0.918241  -1.265625 5.062500 1 2 1.000000
0  35.471203 -28.130941 -14.606729  -0.918241 -0.392193 -0.054476  -1.203125 5.062500 1 2 1.000000
out70_hane02_1
0  35.471203 -28.130941 -14.606729  -0.918241 -0.392193 -0.054476  -1.203125 5.062500 1 2 1.000000
0  35.471203 -27.451696 -14.606729  -0.683615 0.722892 0.100345  -1.203125 5.062500 1 2 1.000000
0  36.037563 -27.451696 -15.173090  0.100314 0.722892 -0.683615  -1.203125 5.062500 1 2 1.000000
out70_hane02_1
0  35.471203 -27.451696 -14.606729  -0.683615 0.722892 0.100345  -1.253906 5.062500 1 2 1.000000
0  36.653606 -28.440113 -13.424327  -0.775292 0.260384 0.575396  -1.250000 5.062500 1 2 1.000000
0  37.219967 -28.440113 -13.990687  0.575396 0.260384 -0.775292  -1.250000 5.062500 1 2 1.000000
out70_hane02_1
0  37.219967 -28.440113 -13.990687  0.575396 0.260384 -0.775292  -1.250000 5.062500 1 2 1.000000
0  36.037563 -27.451696 -15.173090  0.100314 0.722892 -0.683615  -1.253906 5.062500 1 2 1.000000
0  35.471203 -27.451696 -14.606729  -0.683615 0.722892 0.100345  -1.253906 5.062500 1 2 1.000000
out70_hane02_1
0  36.653606 -28.440113 -13.424327  -0.775292 0.260384 0.575396  -1.253906 5.062500 1 2 1.000000
0  36.673477 -27.777266 -13.404453  -0.673299 0.730705 0.112674  -1.250000 5.062500 1 2 1.000000
0  37.239841 -27.777266 -13.970815  0.112705 0.730705 -0.673299  -1.250000 5.062500 1 2 1.000000
out70_hane02_1
0  37.239841 -27.777266 -13.970815  0.112705 0.730705 -0.673299  -1.250000 5.062500 1 2 1.000000
0  37.219967 -28.440113 -13.990687  0.575396 0.260384 -0.775292  -1.253906 5.062500 1 2 1.000000
0  36.653606 -28.440113 -13.424327  -0.775292 0.260384 0.575396  -1.253906 5.062500 1 2 1.000000
out70_hane02_1
0  36.673477 -27.777266 -13.404453  -0.673299 0.730705 0.112674  -1.253906 5.062500 1 2 1.000000
0  38.968727 -29.697889 -11.109202  0.089419 0.337840 0.936918  -1.250000 5.062500 1 2 1.000000
0  39.535088 -29.697889 -11.675564  0.936918 0.337840 0.089419  -1.250000 5.062500 1 2 1.000000
out70_hane02_1
0  39.535088 -29.697889 -11.675564  0.936918 0.337840 0.089419  -1.250000 5.062500 1 2 1.000000
0  37.239841 -27.777266 -13.970815  0.112705 0.730705 -0.673299  -1.253906 5.062500 1 2 1.000000
0  36.673477 -27.777266 -13.404453  -0.673299 0.730705 0.112674  -1.253906 5.062500 1 2 1.000000
out70_hane02_1
0  38.968727 -29.697889 -11.109202  0.089419 0.337840 0.936918  -1.253906 5.062500 1 2 1.000000
0  38.895863 -30.316236 -11.182068  -0.274514 0.214240 0.937376  -1.250000 5.062500 1 2 1.000000
0  39.462223 -30.316236 -11.748428  0.937376 0.214240 -0.274514  -1.250000 5.062500 1 2 1.000000
out70_hane02_1
0  39.462223 -30.316236 -11.748428  0.937376 0.214240 -0.274514  -1.250000 5.062500 1 2 1.000000
0  39.535088 -29.697889 -11.675564  0.936918 0.337840 0.089419  -1.253906 5.062500 1 2 1.000000
0  38.968727 -29.697889 -11.109202  0.089419 0.337840 0.936918  -1.253906 5.062500 1 2 1.000000
out70_hane02_1
0  36.037563 -22.694637 -15.173089  0.100131 0.722709 -0.683828  -4.070312 -5.031250 1 2 1.000000
0  37.337543 -24.460676 -13.873109  0.261513 -0.256691 -0.930418  -2.011719 -4.023438 1 2 1.000000
0  36.037563 -23.373884 -15.173089  -0.054445 -0.392376 -0.918180  -4.070312 -4.023438 1 2 1.000000
out70_hane02_1
0  40.647938 -15.635176 -9.429991  -0.278756 0.211921 0.936674  -1.226562 3.007812 1 2 1.000000
0  40.566788 -16.293341 -9.511136  -0.936796 -0.214454 0.276406  -1.218750 3.007812 1 2 1.000000
0  42.159889 -16.916372 -7.918040  0.089785 0.335429 0.937742  -1.210938 5.062500 1 2 1.000000
out70_hane02_1
0  39.978905 -25.983122 -11.231748  0.568651 0.299875 -0.765954  -1.320312 3.007812 1 2 1.000000
0  41.424618 -27.906088 -9.786038  0.640004 -0.753166 -0.151891  -1.304688 5.062500 1 2 1.000000
0  39.904385 -26.601467 -11.306270  0.764336 -0.298074 -0.571734  -1.316406 3.007812 1 2 1.000000
out70_hane02_1
0  37.768108 -12.702711 -13.442540  0.575884 0.266884 -0.772729  -2.023438 2.070312 1 2 1.000000
0  36.037563 -11.946172 -15.173087  -0.054933 -0.389050 -0.919553  -4.070312 1.054688 1 2 1.000000
0  36.037563 -11.229451 -15.173087  0.102115 0.724693 -0.681417  -4.070312 2.070312 1 2 1.000000
out70_hane02_1
0  41.792248 -11.028021 -9.418398  0.569567 0.296457 -0.766594  -1.265625 3.007812 1 2 1.000000
0  43.226368 -12.887748 -7.984280  0.651479 -0.745201 -0.142003  -1.250000 5.062500 1 2 1.000000
0  41.709450 -11.686186 -9.501199  0.768120 -0.305612 -0.562639  -1.261719 3.007812 1 2 1.000000
out70_hane02_1
0  35.471203 -22.694637 -14.606728  -0.683828 0.722709 0.100162  -4.082031 -5.031250 1 2 1.000000
0  35.471203 -23.373884 -14.606728  -0.918180 -0.392376 -0.054445  -4.070312 -4.023438 1 2 1.000000
0  36.771183 -24.460676 -13.306747  -0.930418 -0.256722 0.261513  -2.011719 -4.023438 1 2 1.000000
out70_hane02_1
0  37.986706 -8.559317 -13.223944  0.266091 -0.243324 -0.932707  -2.035156 -4.023438 1 2 1.000000
0  36.037563 -6.922101 -15.173086  -0.054567 -0.391614 -0.918485  -4.070312 -4.023438 1 2 1.000000
0  36.037563 -6.205381 -15.173086  0.100589 0.723136 -0.683309  -4.070312 -5.031250 1 2 1.000000
out70_hane02_1
0  35.471203 -6.205381 -14.606725  -0.683309 0.723136 0.100589  -4.101562 -5.031250 1 2 1.000000
0  35.471203 -6.922101 -14.606725  -0.918485 -0.391583 -0.054567  -4.070312 -4.023438 1 2 1.000000
0  37.420345 -8.559317 -12.657583  -0.932707 -0.243324 0.266091  -2.035156 -4.023438 1 2 1.000000
out70_hane02_1
0  35.471203 -6.205381 -14.606725  -0.683309 0.723136 0.100589  -1.242188 5.062500 1 2 1.000000
0  41.225887 -11.028021 -8.852036  -0.766564 0.296548 0.569536  -1.265625 5.062500 1 2 1.000000
0  36.037563 -6.205381 -15.173086  0.100589 0.723136 -0.683309  -1.250000 5.062500 1 2 1.000000
out70_hane02_1
0  35.471203 -11.229452 -14.606726  -0.681417 0.724693 0.102115  -4.070312 2.070312 1 2 1.000000
0  35.471203 -11.946173 -14.606726  -0.919553 -0.389050 -0.054933  -4.054688 3.078125 1 2 1.000000
0  37.201748 -12.702711 -12.876179  -0.772729 0.266884 0.575854  -2.023438 2.070312 1 2 1.000000
out70_hane02_1
0  35.471203 -28.130941 -14.606729  -0.918241 -0.392193 -0.054476  -1.250000 5.062500 1 2 1.000000
0  36.037563 -28.130941 -15.173090  -0.054476 -0.392193 -0.918241  -1.253906 5.062500 1 2 1.000000
0  38.821342 -30.934584 -11.256589  -0.935728 -0.215735 0.278939  -1.203125 5.062500 1 2 1.000000
out70_hane02_1
0  39.616230 -25.983122 -10.869078  0.217933 0.522385 0.824366  -1.253906 5.062500 1 2 1.000000
0  39.412544 -25.983122 -10.665387  -0.765923 0.299875 0.568712  -1.203125 5.062500 1 2 1.000000
0  39.978905 -25.983122 -11.231748  0.568651 0.299875 -0.765954  -1.253906 5.062500 1 2 1.000000
out70_hane02_1
0  41.133156 -16.293341 -10.077497  -0.365246 -0.856258 -0.365246  -1.250000 5.062500 1 2 1.000000
0  35.471203 -11.946173 -14.606726  -0.365246 -0.856258 -0.365246  -1.257812 5.062500 1 2 1.000000
0  36.037563 -11.946172 -15.173087  -0.365246 -0.856258 -0.365246  -1.253906 5.062500 1 2 1.000000
out70_hane02_1
0  41.214298 -15.635176 -9.996351  0.936674 0.211890 -0.278756  -1.226562 3.007812 1 2 1.000000
0  42.726250 -16.916372 -8.484400  0.937742 0.335429 0.089785  -1.210938 5.062500 1 2 1.000000
0  41.133156 -16.293341 -10.077497  0.276437 -0.214454 -0.936796  -1.218750 3.007812 1 2 1.000000
out70_hane02_1
0  35.471203 -27.451696 -14.606729  -0.683615 0.722892 0.100345  -4.070312 2.070312 1 2 1.000000
0  35.471203 -28.130941 -14.606729  -0.918241 -0.392193 -0.054476  -4.054688 3.078125 1 2 1.000000
0  36.653606 -28.440113 -13.424327  -0.775292 0.260384 0.575396  -1.957031 2.070312 1 2 1.000000
out70_hane02_1
0  38.655739 -37.096973 -12.554914  0.412275 0.356212 -0.838496  -1.250000 5.062500 1 2 1.000000
0  38.089378 -37.096973 -11.988553  -0.838496 0.356212 0.412275  -1.265625 5.062500 1 2 1.000000
0  39.387703 -30.934584 -11.822949  0.278939 -0.215796 -0.935728  -1.253906 5.062500 1 2 1.000000
out70_hane02_1
0  39.424137 -44.744335 -11.786520  0.888180 -0.459304 0.011750  -1.152344 5.062500 1 2 1.000000
0  37.716778 -46.023190 -13.493882  0.050417 -0.682424 -0.729179  -1.140625 3.007812 1 2 1.000000
0  38.430519 -38.970753 -12.780134  0.443312 -0.255623 -0.859127  -1.203125 3.007812 1 2 1.000000
out70_hane02_1
0  35.471203 -22.694637 -14.606728  -0.683828 0.722709 0.100162  -1.218750 5.062500 1 2 1.000000
0  39.412544 -25.983122 -10.665387  -0.765923 0.299875 0.568712  -1.265625 5.062500 1 2 1.000000
0  36.037563 -22.694637 -15.173089  0.100131 0.722709 -0.683828  -1.250000 5.062500 1 2 1.000000
out70_hane02_1
0  37.864159 -38.970753 -12.213774  -0.859127 -0.255623 0.443312  -1.203125 3.007812 1 2 1.000000
0  37.150417 -46.023190 -12.927522  -0.729179 -0.682424 0.050417  -1.140625 3.007812 1 2 1.000000
0  38.857773 -44.744339 -11.220160  0.011750 -0.459304 0.888180  -1.152344 5.062500 1 2 1.000000
out70_hane02_1
0  36.037563 -27.451696 -15.173090  0.100314 0.722892 -0.683615  -4.070312 2.070312 1 2 1.000000
0  37.219967 -28.440113 -13.990687  0.575396 0.260384 -0.775292  -1.957031 2.070312 1 2 1.000000
0  36.037563 -28.130941 -15.173090  -0.054476 -0.392193 -0.918241  -4.070312 3.078125 1 2 1.000000
out70_hane02_1
0  36.037563 5.739962 -15.173084  0.168615 0.779199 -0.603656  -1.203125 5.062500 1 2 1.000000
0  36.037563 2.798129 -15.173085  -0.061525 -0.293924 -0.953825  -1.203125 5.062500 1 2 1.000000
0  35.471203 5.739962 -14.606723  -0.603656 0.779199 0.168615  -1.265625 5.062500 1 2 1.000000
out70_hane02_1
0  41.225887 -11.028021 -8.852036  -0.766564 0.296548 0.569536  -0.976562 3.007812 1 2 1.000000
0  41.143089 -11.686186 -8.934838  -0.562639 -0.305612 0.768120  -1.261719 3.007812 1 2 1.000000
0  42.660007 -12.887748 -7.417919  -0.142003 -0.745201 0.651479  -1.250000 5.062500 1 2 1.000000
out70_hane02_1
0  39.412544 -25.983122 -10.665387  -0.765923 0.299875 0.568712  -1.320312 3.007812 1 2 1.000000
0  39.338020 -26.601467 -10.739909  -0.571734 -0.298074 0.764336  -1.316406 3.007812 1 2 1.000000
0  40.858253 -27.906088 -9.219677  -0.151891 -0.753166 0.640004  -1.304688 5.062500 1 2 1.000000
out70_hane03_1
0  32.935825 -6.547346 -15.721231  -0.706076 0.656850 0.264473  0.546875 0.601562 1 2 1.000000
0  34.229183 -5.856389 -16.415106  -0.074465 0.994415 -0.074496  0.546875 0.601562 1 2 1.000000
0  32.334690 -7.931600 -16.322369  -0.999390 -0.018586 -0.029023  0.898438 0.601562 1 2 1.000000
out70_hane03_1
0  32.334690 -7.931600 -16.322369  -0.999390 -0.018586 -0.029023  0.898438 0.601562 1 2 1.000000
0  34.229183 -5.856389 -16.415106  -0.074465 0.994415 -0.074496  0.546875 0.601562 1 2 1.000000
0  34.923058 -6.547345 -17.708462  0.264351 0.656850 -0.706107  0.898438 0.601562 1 2 1.000000
out70_hane03_1
0  32.334690 -7.931600 -16.322369  -0.999390 -0.018586 -0.029023  0.898438 0.601562 1 2 1.000000
0  34.923058 -6.547345 -17.708462  0.264351 0.656850 -0.706107  0.898438 0.601562 1 2 1.000000
0  33.028564 -8.622556 -17.615726  -0.660726 -0.356120 -0.660756  0.546875 0.601562 1 2 1.000000
out70_hane03_1
0  33.028564 -8.622556 -17.615726  -0.660726 -0.356120 -0.660756  0.546875 0.601562 1 2 1.000000
0  34.923058 -6.547345 -17.708462  0.264351 0.656850 -0.706107  0.898438 0.601562 1 2 1.000000
0  34.321918 -7.931600 -18.309597  -0.029084 -0.018494 -0.999390  0.546875 0.601562 1 2 1.000000
out70_hane03_1
0  33.073277 -23.050657 -15.583783  -0.718833 0.648000 0.251625  0.546875 0.601562 1 2 1.000000
0  34.353382 -22.347990 -16.290905  -0.093661 0.991180 -0.093661  0.546875 0.601562 1 2 1.000000
0  32.500294 -24.455992 -16.156769  -0.998871 -0.037690 -0.027924  0.898438 0.601562 1 2 1.000000
out70_hane03_1
0  32.500294 -24.455992 -16.156769  -0.998871 -0.037690 -0.027924  0.898438 0.601562 1 2 1.000000
0  34.353382 -22.347990 -16.290905  -0.093661 0.991180 -0.093661  0.546875 0.601562 1 2 1.000000
0  35.060509 -23.050655 -17.571012  0.251656 0.648030 -0.718802  0.898438 0.601562 1 2 1.000000
out70_hane03_1
0  32.500294 -24.455992 -16.156769  -0.998871 -0.037690 -0.027924  0.898438 0.601562 1 2 1.000000
0  35.060509 -23.050655 -17.571012  0.251656 0.648030 -0.718802  0.898438 0.601562 1 2 1.000000
0  33.205761 -25.161001 -17.438532  -0.653645 -0.381481 -0.653584  0.546875 0.601562 1 2 1.000000
out70_hane03_1
0  33.205761 -25.161001 -17.438532  -0.653645 -0.381481 -0.653584  0.546875 0.601562 1 2 1.000000
0  35.060509 -23.050655 -17.571012  0.251656 0.648030 -0.718802  0.898438 0.601562 1 2 1.000000
0  34.487518 -24.455990 -18.143999  -0.027772 -0.037812 -0.998871  0.546875 0.601562 1 2 1.000000
out70_hane03_1
0  34.891590 -8.247801 -13.765464  0.028932 0.017884 0.999420  1.203125 -0.105469 1 2 1.000000
0  35.585468 -8.938756 -15.058821  0.602496 -0.523392 0.602496  1.187500 0.593750 1 2 1.000000
0  36.184948 -7.554502 -14.459339  0.660573 0.356700 0.660573  1.164062 -0.105469 1 2 1.000000
out70_hane03_1
0  36.878822 -8.247800 -15.752695  0.999420 0.017884 0.028932  1.203125 -0.105469 1 2 1.000000
0  36.184948 -7.554502 -14.459339  0.660573 0.356700 0.660573  1.164062 -0.105469 1 2 1.000000
0  35.585468 -8.938756 -15.058821  0.602496 -0.523392 0.602496  1.187500 0.593750 1 2 1.000000
out70_hane03_1
0  37.047737 -24.673817 -15.583783  0.998871 0.038026 0.027955  1.203125 -0.105469 1 2 1.000000
0  36.342270 -23.971149 -14.302019  0.653798 0.380810 0.653829  1.164062 -0.105469 1 2 1.000000
0  35.767628 -25.376486 -14.876660  0.612507 -0.499649 0.612507  1.187500 0.593750 1 2 1.000000
out70_hane03_1
0  35.060509 -24.673817 -13.596552  0.027955 0.038026 0.998871  1.203125 -0.105469 1 2 1.000000
0  35.767628 -25.376486 -14.876660  0.612507 -0.499649 0.612507  1.187500 0.593750 1 2 1.000000
0  36.342270 -23.971149 -14.302019  0.653798 0.380810 0.653829  1.164062 -0.105469 1 2 1.000000
out70_hane03_1
0  34.290455 -9.629713 -14.366602  -0.264779 -0.656911 0.705893  1.164062 -0.105469 1 2 1.000000
0  34.984329 -10.320668 -15.659958  0.074252 -0.994446 0.074252  1.203125 -0.105469 1 2 1.000000
0  35.585468 -8.938756 -15.058821  0.602496 -0.523392 0.602496  1.187500 0.593750 1 2 1.000000
out70_hane03_1
0  36.277687 -9.629712 -16.353832  0.705893 -0.656911 -0.264779  1.164062 -0.105469 1 2 1.000000
0  35.585468 -8.938756 -15.058821  0.602496 -0.523392 0.602496  1.187500 0.593750 1 2 1.000000
0  34.984329 -10.320668 -15.659958  0.074252 -0.994446 0.074252  1.203125 -0.105469 1 2 1.000000
out70_hane03_1
0  34.487518 -26.079155 -14.169538  -0.251656 -0.647542 0.719230  1.164062 -0.105469 1 2 1.000000
0  35.194645 -26.784163 -15.449646  0.093875 -0.991119 0.093875  1.203125 -0.105469 1 2 1.000000
0  35.767628 -25.376486 -14.876660  0.612507 -0.499649 0.612507  1.187500 0.593750 1 2 1.000000
out70_hane03_1
0  36.474751 -26.079155 -16.156769  0.719230 -0.647572 -0.251656  1.164062 -0.105469 1 2 1.000000
0  35.767628 -25.376486 -14.876660  0.612507 -0.499649 0.612507  1.187500 0.593750 1 2 1.000000
0  35.194645 -26.784163 -15.449646  0.093875 -0.991119 0.093875  1.203125 -0.105469 1 2 1.000000
out70_hane03_1
0  42.053905 -14.454695 -10.465006  0.183721 -0.211066 -0.960021  -2.601562 -0.250000 1 2 1.000000
0  42.628544 -13.131338 -9.890365  0.528398 0.585772 -0.614490  -0.406250 -0.250000 1 2 1.000000
0  44.092472 -14.403167 -8.426438  0.959960 0.211463 -0.183660  -0.406250 0.980469 1 2 1.000000
out70_hane03_1
0  44.092472 -14.403167 -8.426438  0.959960 0.211463 -0.183660  -0.406250 0.980469 1 2 1.000000
0  43.519485 -15.726522 -8.999424  0.615101 -0.584765 -0.528825  -2.601562 0.980469 1 2 1.000000
0  42.053905 -14.454695 -10.465006  0.183721 -0.211066 -0.960021  -2.601562 -0.250000 1 2 1.000000
out70_hane03_1
0  42.057217 -15.747603 -7.056905  -0.101047 -0.674490 0.731284  1.078125 0.968750 1 2 1.000000
0  41.618370 -15.726523 -7.098306  -0.527757 -0.585040 0.615772  1.078125 0.902344 1 2 1.000000
0  42.280781 -16.389372 -8.337014  -0.128910 -0.983245 -0.128758  1.039062 0.902344 1 2 1.000000
out70_hane03_1
0  42.280781 -16.389372 -8.337014  -0.128910 -0.983245 -0.128758  1.039062 0.902344 1 2 1.000000
0  42.582176 -16.269918 -8.035617  0.190497 -0.962889 0.191107  1.039062 0.968750 1 2 1.000000
0  42.057217 -15.747603 -7.056905  -0.101047 -0.674490 0.731284  1.078125 0.968750 1 2 1.000000
out70_hane03_1
0  40.753925 -14.681890 -9.863870  -0.693289 -0.196875 -0.693228  1.078125 0.968750 1 2 1.000000
0  40.815197 -15.115202 -9.802596  -0.561968 -0.606891 -0.561968  1.078125 0.902344 1 2 1.000000
0  40.152782 -14.454696 -8.563889  -0.960356 -0.210089 0.183081  1.039062 0.902344 1 2 1.000000
out70_hane03_1
0  40.152782 -14.454696 -8.563889  -0.960356 -0.210089 0.183081  1.039062 0.902344 1 2 1.000000
0  40.228970 -14.159575 -8.885158  -0.984466 0.091067 -0.149968  1.039062 0.968750 1 2 1.000000
0  40.753925 -14.681890 -9.863870  -0.693289 -0.196875 -0.693228  1.078125 0.968750 1 2 1.000000
out70_hane03_1
0  43.491333 -14.175971 -7.126459  0.693228 0.196692 0.693319  1.078125 0.968750 1 2 1.000000
0  43.430058 -13.742660 -7.187732  0.561968 0.606891 0.561968  1.078125 0.902344 1 2 1.000000
0  42.191353 -14.403167 -6.525321  -0.183020 0.210486 0.960295  1.039062 0.902344 1 2 1.000000
out70_hane03_1
0  42.191353 -14.403167 -6.525321  -0.183020 0.210486 0.960295  1.039062 0.902344 1 2 1.000000
0  42.512623 -14.700628 -6.601499  0.148991 -0.091769 0.984558  1.039062 0.968750 1 2 1.000000
0  43.491333 -14.175971 -7.126459  0.693228 0.196692 0.693319  1.078125 0.968750 1 2 1.000000
out70_hane03_1
0  40.684372 -13.112601 -8.429750  -0.732383 0.673391 0.100650  1.078125 0.968750 1 2 1.000000
0  40.727428 -13.131339 -7.989248  -0.615162 0.586047 0.527329  1.078125 0.902344 1 2 1.000000
0  41.964481 -12.470832 -8.653314  0.129276 0.983123 0.129398  1.039062 0.902344 1 2 1.000000
out70_hane03_1
0  41.964481 -12.470832 -8.653314  0.129276 0.983123 0.129398  1.039062 0.902344 1 2 1.000000
0  41.663078 -12.587942 -8.954710  -0.187628 0.964263 -0.187017  1.039062 0.968750 1 2 1.000000
0  40.684372 -13.112601 -8.429750  -0.732383 0.673391 0.100650  1.078125 0.968750 1 2 1.000000
out70_hane03_1
0  42.512623 -14.700628 -6.601499  0.148991 -0.091769 0.984558  1.078125 0.968750 1 2 1.000000
0  42.191353 -14.403167 -6.525321  -0.183020 0.210486 0.960295  1.078125 0.902344 1 2 1.000000
0  41.618370 -15.726523 -7.098306  -0.527757 -0.585040 0.615772  1.039062 0.902344 1 2 1.000000
out70_hane03_1
0  41.618370 -15.726523 -7.098306  -0.527757 -0.585040 0.615772  1.039062 0.902344 1 2 1.000000
0  42.057217 -15.747603 -7.056905  -0.101047 -0.674490 0.731284  1.039062 0.968750 1 2 1.000000
0  42.512623 -14.700628 -6.601499  0.148991 -0.091769 0.984558  1.078125 0.968750 1 2 1.000000
out70_hane03_1
0  40.228970 -14.159575 -8.885158  -0.984466 0.091067 -0.149968  1.078125 0.968750 1 2 1.000000
0  40.152782 -14.454696 -8.563889  -0.960356 -0.210089 0.183081  1.078125 0.902344 1 2 1.000000
0  40.727428 -13.131339 -7.989248  -0.615162 0.586047 0.527329  1.039062 0.902344 1 2 1.000000
out70_hane03_1
0  40.727428 -13.131339 -7.989248  -0.615162 0.586047 0.527329  1.039062 0.902344 1 2 1.000000
0  40.684372 -13.112601 -8.429750  -0.732383 0.673391 0.100650  1.039062 0.968750 1 2 1.000000
0  40.228970 -14.159575 -8.885158  -0.984466 0.091067 -0.149968  1.078125 0.968750 1 2 1.000000
out70_hane03_1
0  40.815197 -15.115202 -9.802596  -0.561968 -0.606891 -0.561968  -2.601562 -0.250000 1 2 1.000000
0  42.280781 -16.389372 -8.337014  -0.128910 -0.983245 -0.128758  -2.601562 0.980469 1 2 1.000000
0  41.618370 -15.726523 -7.098306  -0.527757 -0.585040 0.615772  -0.406250 0.980469 1 2 1.000000
out70_hane03_1
0  41.618370 -15.726523 -7.098306  -0.527757 -0.585040 0.615772  -0.406250 0.980469 1 2 1.000000
0  40.152782 -14.454696 -8.563889  -0.960356 -0.210089 0.183081  -0.406250 -0.250000 1 2 1.000000
0  40.815197 -15.115202 -9.802596  -0.561968 -0.606891 -0.561968  -2.601562 -0.250000 1 2 1.000000
out70_hane03_1
0  40.727428 -13.131339 -7.989248  -0.615162 0.586047 0.527329  -2.601562 -0.250000 1 2 1.000000
0  42.191353 -14.403167 -6.525321  -0.183020 0.210486 0.960295  -2.601562 0.980469 1 2 1.000000
0  43.430058 -13.742660 -7.187732  0.561968 0.606891 0.561968  -0.406250 0.980469 1 2 1.000000
out70_hane03_1
0  43.430058 -13.742660 -7.187732  0.561968 0.606891 0.561968  -0.406250 0.980469 1 2 1.000000
0  41.964481 -12.470832 -8.653314  0.129276 0.983123 0.129398  -0.406250 -0.250000 1 2 1.000000
0  40.727428 -13.131339 -7.989248  -0.615162 0.586047 0.527329  -2.601562 -0.250000 1 2 1.000000
out70_hane03_1
0  40.152782 -14.454696 -8.563889  -0.960356 -0.210089 0.183081  -2.601562 -0.250000 1 2 1.000000
0  41.618370 -15.726523 -7.098306  -0.527757 -0.585040 0.615772  -2.601562 0.980469 1 2 1.000000
0  42.191353 -14.403167 -6.525321  -0.183020 0.210486 0.960295  -0.406250 0.980469 1 2 1.000000
out70_hane03_1
0  42.191353 -14.403167 -6.525321  -0.183020 0.210486 0.960295  -0.406250 0.980469 1 2 1.000000
0  40.727428 -13.131339 -7.989248  -0.615162 0.586047 0.527329  -0.406250 -0.250000 1 2 1.000000
0  40.152782 -14.454696 -8.563889  -0.960356 -0.210089 0.183081  -2.601562 -0.250000 1 2 1.000000
out70_hane03_1
0  33.028564 -8.622556 -17.615726  -0.660726 -0.356120 -0.660756  -4.625000 0.753906 1 2 1.000000
0  34.321918 -7.931600 -18.309597  -0.029084 -0.018494 -0.999390  -2.398438 0.753906 1 2 1.000000
0  36.277687 -9.629712 -16.353832  0.705893 -0.656911 -0.264779  -2.398438 1.996094 1 2 1.000000
out70_hane03_1
0  36.277687 -9.629712 -16.353832  0.705893 -0.656911 -0.264779  -2.398438 1.996094 1 2 1.000000
0  34.984329 -10.320668 -15.659958  0.074252 -0.994446 0.074252  -4.625000 1.996094 1 2 1.000000
0  33.028564 -8.622556 -17.615726  -0.660726 -0.356120 -0.660756  -4.625000 0.753906 1 2 1.000000
out70_hane03_1
0  34.321918 -7.931600 -18.309597  -0.029084 -0.018494 -0.999390  -4.625000 0.753906 1 2 1.000000
0  34.923058 -6.547345 -17.708462  0.264351 0.656850 -0.706107  -2.398438 0.753906 1 2 1.000000
0  36.878822 -8.247800 -15.752695  0.999420 0.017884 0.028932  -2.398438 1.996094 1 2 1.000000
out70_hane03_1
0  36.878822 -8.247800 -15.752695  0.999420 0.017884 0.028932  -2.398438 1.996094 1 2 1.000000
0  36.277687 -9.629712 -16.353832  0.705893 -0.656911 -0.264779  -4.625000 1.996094 1 2 1.000000
0  34.321918 -7.931600 -18.309597  -0.029084 -0.018494 -0.999390  -4.625000 0.753906 1 2 1.000000
out70_hane03_1
0  33.028564 -8.622556 -17.615726  -0.660726 -0.356120 -0.660756  -4.625000 0.753906 1 2 1.000000
0  34.984329 -10.320668 -15.659958  0.074252 -0.994446 0.074252  -4.625000 1.996094 1 2 1.000000
0  34.290455 -9.629713 -14.366602  -0.264779 -0.656911 0.705893  -2.398438 1.996094 1 2 1.000000
out70_hane03_1
0  34.290455 -9.629713 -14.366602  -0.264779 -0.656911 0.705893  -2.398438 1.996094 1 2 1.000000
0  32.334690 -7.931600 -16.322369  -0.999390 -0.018586 -0.029023  -2.398438 0.753906 1 2 1.000000
0  33.028564 -8.622556 -17.615726  -0.660726 -0.356120 -0.660756  -4.625000 0.753906 1 2 1.000000
out70_hane03_1
0  32.935825 -6.547346 -15.721231  -0.706076 0.656850 0.264473  -4.625000 0.753906 1 2 1.000000
0  34.891590 -8.247801 -13.765464  0.028932 0.017884 0.999420  -4.625000 1.996094 1 2 1.000000
0  36.184948 -7.554502 -14.459339  0.660573 0.356700 0.660573  -2.398438 1.996094 1 2 1.000000
out70_hane03_1
0  36.184948 -7.554502 -14.459339  0.660573 0.356700 0.660573  -2.398438 1.996094 1 2 1.000000
0  34.229183 -5.856389 -16.415106  -0.074465 0.994415 -0.074496  -2.398438 0.753906 1 2 1.000000
0  32.935825 -6.547346 -15.721231  -0.706076 0.656850 0.264473  -4.625000 0.753906 1 2 1.000000
out70_hane03_1
0  32.334690 -7.931600 -16.322369  -0.999390 -0.018586 -0.029023  -4.625000 0.753906 1 2 1.000000
0  34.290455 -9.629713 -14.366602  -0.264779 -0.656911 0.705893  -4.625000 1.996094 1 2 1.000000
0  34.891590 -8.247801 -13.765464  0.028932 0.017884 0.999420  -2.398438 1.996094 1 2 1.000000
out70_hane03_1
0  34.891590 -8.247801 -13.765464  0.028932 0.017884 0.999420  -2.398438 1.996094 1 2 1.000000
0  32.935825 -6.547346 -15.721231  -0.706076 0.656850 0.264473  -2.398438 0.753906 1 2 1.000000
0  32.334690 -7.931600 -16.322369  -0.999390 -0.018586 -0.029023  -4.625000 0.753906 1 2 1.000000
out70_hane03_1
0  34.923058 -6.547345 -17.708462  0.264351 0.656850 -0.706107  -4.625000 0.753906 1 2 1.000000
0  34.229183 -5.856389 -16.415106  -0.074465 0.994415 -0.074496  -2.398438 0.753906 1 2 1.000000
0  36.184948 -7.554502 -14.459339  0.660573 0.356700 0.660573  -2.398438 1.996094 1 2 1.000000
out70_hane03_1
0  36.184948 -7.554502 -14.459339  0.660573 0.356700 0.660573  -2.398438 1.996094 1 2 1.000000
0  36.878822 -8.247800 -15.752695  0.999420 0.017884 0.028932  -4.625000 1.996094 1 2 1.000000
0  34.923058 -6.547345 -17.708462  0.264351 0.656850 -0.706107  -4.625000 0.753906 1 2 1.000000
out70_hane03_1
0  43.562546 -15.747603 -8.562233  0.731559 -0.673757 -0.104007  1.078125 0.968750 1 2 1.000000
0  42.582176 -16.269918 -8.035617  0.190497 -0.962889 0.191107  1.039062 0.968750 1 2 1.000000
0  42.280781 -16.389372 -8.337014  -0.128910 -0.983245 -0.128758  1.039062 0.902344 1 2 1.000000
out70_hane03_1
0  42.280781 -16.389372 -8.337014  -0.128910 -0.983245 -0.128758  1.039062 0.902344 1 2 1.000000
0  43.519485 -15.726522 -8.999424  0.615101 -0.584765 -0.528825  1.078125 0.902344 1 2 1.000000
0  43.562546 -15.747603 -8.562233  0.731559 -0.673757 -0.104007  1.078125 0.968750 1 2 1.000000
out70_hane03_1
0  40.753925 -14.681890 -9.863870  -0.693289 -0.196875 -0.693228  1.078125 0.968750 1 2 1.000000
0  41.734287 -14.159575 -10.390485  -0.147404 0.089297 -0.985015  1.039062 0.968750 1 2 1.000000
0  42.053905 -14.454695 -10.465006  0.183721 -0.211066 -0.960021  1.039062 0.902344 1 2 1.000000
out70_hane03_1
0  42.053905 -14.454695 -10.465006  0.183721 -0.211066 -0.960021  1.039062 0.902344 1 2 1.000000
0  40.815197 -15.115202 -9.802596  -0.561968 -0.606891 -0.561968  1.078125 0.902344 1 2 1.000000
0  40.753925 -14.681890 -9.863870  -0.693289 -0.196875 -0.693228  1.078125 0.968750 1 2 1.000000
out70_hane03_1
0  33.205761 -25.161001 -17.438532  -0.653645 -0.381481 -0.653584  -4.625000 0.753906 1 2 1.000000
0  35.194645 -26.784163 -15.449646  0.093875 -0.991119 0.093875  -4.625000 1.996094 1 2 1.000000
0  34.487518 -26.079155 -14.169538  -0.251656 -0.647542 0.719230  -2.398438 1.996094 1 2 1.000000
out70_hane03_1
0  34.487518 -26.079155 -14.169538  -0.251656 -0.647542 0.719230  -2.398438 1.996094 1 2 1.000000
0  32.500294 -24.455992 -16.156769  -0.998871 -0.037690 -0.027924  -2.398438 0.753906 1 2 1.000000
0  33.205761 -25.161001 -17.438532  -0.653645 -0.381481 -0.653584  -4.625000 0.753906 1 2 1.000000
out70_hane03_1
0  33.073277 -23.050657 -15.583783  -0.718833 0.648000 0.251625  -4.625000 0.753906 1 2 1.000000
0  35.060509 -24.673817 -13.596552  0.027955 0.038026 0.998871  -4.625000 1.996094 1 2 1.000000
0  36.342270 -23.971149 -14.302019  0.653798 0.380810 0.653829  -2.398438 1.996094 1 2 1.000000
out70_hane03_1
0  36.342270 -23.971149 -14.302019  0.653798 0.380810 0.653829  -2.398438 1.996094 1 2 1.000000
0  34.353382 -22.347990 -16.290905  -0.093661 0.991180 -0.093661  -2.398438 0.753906 1 2 1.000000
0  33.073277 -23.050657 -15.583783  -0.718833 0.648000 0.251625  -4.625000 0.753906 1 2 1.000000
out70_hane03_1
0  32.500294 -24.455992 -16.156769  -0.998871 -0.037690 -0.027924  -4.625000 0.753906 1 2 1.000000
0  34.487518 -26.079155 -14.169538  -0.251656 -0.647542 0.719230  -4.625000 1.996094 1 2 1.000000
0  35.060509 -24.673817 -13.596552  0.027955 0.038026 0.998871  -2.398438 1.996094 1 2 1.000000
out70_hane03_1
0  35.060509 -24.673817 -13.596552  0.027955 0.038026 0.998871  -2.398438 1.996094 1 2 1.000000
0  33.073277 -23.050657 -15.583783  -0.718833 0.648000 0.251625  -2.398438 0.753906 1 2 1.000000
0  32.500294 -24.455992 -16.156769  -0.998871 -0.037690 -0.027924  -4.625000 0.753906 1 2 1.000000
out70_hane03_1
0  43.491333 -14.175971 -7.126459  0.693228 0.196692 0.693319  1.078125 0.968750 1 2 1.000000
0  44.017952 -14.700628 -8.106826  0.985107 -0.089999 0.146428  1.039062 0.968750 1 2 1.000000
0  44.092472 -14.403167 -8.426438  0.959960 0.211463 -0.183660  1.039062 0.902344 1 2 1.000000
out70_hane03_1
0  44.092472 -14.403167 -8.426438  0.959960 0.211463 -0.183660  1.039062 0.902344 1 2 1.000000
0  43.430058 -13.742660 -7.187732  0.561968 0.606891 0.561968  1.078125 0.902344 1 2 1.000000
0  43.491333 -14.175971 -7.126459  0.693228 0.196692 0.693319  1.078125 0.968750 1 2 1.000000
out70_hane03_1
0  42.189697 -13.112600 -9.935078  0.103580 0.672658 -0.732658  1.078125 0.968750 1 2 1.000000
0  41.663078 -12.587942 -8.954710  -0.187628 0.964263 -0.187017  1.039062 0.968750 1 2 1.000000
0  41.964481 -12.470832 -8.653314  0.129276 0.983123 0.129398  1.039062 0.902344 1 2 1.000000
out70_hane03_1
0  41.964481 -12.470832 -8.653314  0.129276 0.983123 0.129398  1.039062 0.902344 1 2 1.000000
0  42.628544 -13.131338 -9.890365  0.528398 0.585772 -0.614490  1.078125 0.902344 1 2 1.000000
0  42.189697 -13.112600 -9.935078  0.103580 0.672658 -0.732658  1.078125 0.968750 1 2 1.000000
out70_hane03_1
0  33.205761 -25.161001 -17.438532  -0.653645 -0.381481 -0.653584  -4.625000 0.753906 1 2 1.000000
0  34.487518 -24.455990 -18.143999  -0.027772 -0.037812 -0.998871  -2.398438 0.753906 1 2 1.000000
0  36.474751 -26.079155 -16.156769  0.719230 -0.647572 -0.251656  -2.398438 1.996094 1 2 1.000000
out70_hane03_1
0  36.474751 -26.079155 -16.156769  0.719230 -0.647572 -0.251656  -2.398438 1.996094 1 2 1.000000
0  35.194645 -26.784163 -15.449646  0.093875 -0.991119 0.093875  -4.625000 1.996094 1 2 1.000000
0  33.205761 -25.161001 -17.438532  -0.653645 -0.381481 -0.653584  -4.625000 0.753906 1 2 1.000000
out70_hane03_1
0  35.060509 -23.050655 -17.571012  0.251656 0.648030 -0.718802  -4.625000 0.753906 1 2 1.000000
0  34.353382 -22.347990 -16.290905  -0.093661 0.991180 -0.093661  -2.398438 0.753906 1 2 1.000000
0  36.342270 -23.971149 -14.302019  0.653798 0.380810 0.653829  -2.398438 1.996094 1 2 1.000000
out70_hane03_1
0  36.342270 -23.971149 -14.302019  0.653798 0.380810 0.653829  -2.398438 1.996094 1 2 1.000000
0  37.047737 -24.673817 -15.583783  0.998871 0.038026 0.027955  -4.625000 1.996094 1 2 1.000000
0  35.060509 -23.050655 -17.571012  0.251656 0.648030 -0.718802  -4.625000 0.753906 1 2 1.000000
out70_hane03_1
0  34.487518 -24.455990 -18.143999  -0.027772 -0.037812 -0.998871  -4.625000 0.753906 1 2 1.000000
0  35.060509 -23.050655 -17.571012  0.251656 0.648030 -0.718802  -2.398438 0.753906 1 2 1.000000
0  37.047737 -24.673817 -15.583783  0.998871 0.038026 0.027955  -2.398438 1.996094 1 2 1.000000
out70_hane03_1
0  37.047737 -24.673817 -15.583783  0.998871 0.038026 0.027955  -2.398438 1.996094 1 2 1.000000
0  36.474751 -26.079155 -16.156769  0.719230 -0.647572 -0.251656  -4.625000 1.996094 1 2 1.000000
0  34.487518 -24.455990 -18.143999  -0.027772 -0.037812 -0.998871  -4.625000 0.753906 1 2 1.000000
out70_hane03_1
0  40.452526 -30.590279 -8.661596  -0.090365 -0.661824 0.744163  1.078125 0.968750 1 2 1.000000
0  40.012024 -30.578566 -8.704654  -0.517106 -0.583331 0.626331  1.078125 0.902344 1 2 1.000000
0  40.687683 -31.250784 -9.930113  -0.111087 -0.987579 -0.110965  1.039062 0.902344 1 2 1.000000
out70_hane03_1
0  40.687683 -31.250784 -9.930113  -0.111087 -0.987579 -0.110965  1.039062 0.902344 1 2 1.000000
0  40.987423 -31.121962 -9.630372  0.205267 -0.956786 0.205908  1.039062 0.968750 1 2 1.000000
0  40.452526 -30.590279 -8.661596  -0.090365 -0.661824 0.744163  1.078125 0.968750 1 2 1.000000
out70_hane03_1
0  39.129364 -29.604200 -11.488433  -0.689322 -0.222968 -0.689261  1.078125 0.968750 1 2 1.000000
0  39.198917 -30.035170 -11.418880  -0.550096 -0.628285 -0.550096  1.078125 0.902344 1 2 1.000000
0  38.523258 -29.362949 -10.193420  -0.956389 -0.224464 0.186743  1.039062 0.902344 1 2 1.000000
out70_hane03_1
0  38.523258 -29.362949 -10.193420  -0.956389 -0.224464 0.186743  1.039062 0.902344 1 2 1.000000
0  38.594467 -29.072514 -10.519657  -0.985778 0.070650 -0.152318  1.039062 0.968750 1 2 1.000000
0  39.129364 -29.604200 -11.488433  -0.689322 -0.222968 -0.689261  1.078125 0.968750 1 2 1.000000
out70_hane03_1
0  41.856838 -28.992880 -8.760959  0.688559 0.227241 0.688620  1.078125 0.968750 1 2 1.000000
0  41.785629 -28.561911 -8.832168  0.548997 0.630207 0.548997  1.078125 0.902344 1 2 1.000000
0  40.561825 -29.234127 -8.154853  -0.186682 0.224647 0.956359  1.039062 0.902344 1 2 1.000000
out70_hane03_1
0  40.561825 -29.234127 -8.154853  -0.186682 0.224647 0.956359  1.039062 0.902344 1 2 1.000000
0  40.888058 -29.524567 -8.226062  0.151952 -0.070894 0.985809  1.039062 0.968750 1 2 1.000000
0  41.856838 -28.992880 -8.760959  0.688559 0.227241 0.688620  1.078125 0.968750 1 2 1.000000
out70_hane03_1
0  39.028347 -28.009146 -10.085779  -0.745598 0.660604 0.087283  1.078125 0.968750 1 2 1.000000
0  39.071404 -28.018515 -9.645276  -0.626820 0.583941 0.515763  1.078125 0.902344 1 2 1.000000
0  40.296860 -27.346296 -10.320934  0.110294 0.987732 0.110446  1.039062 0.902344 1 2 1.000000
out70_hane03_1
0  40.296860 -27.346296 -10.320934  0.110294 0.987732 0.110446  1.039062 0.902344 1 2 1.000000
0  39.998775 -27.475117 -10.619020  -0.206946 0.956328 -0.206305  1.039062 0.968750 1 2 1.000000
0  39.028347 -28.009146 -10.085779  -0.745598 0.660604 0.087283  1.078125 0.968750 1 2 1.000000
out70_hane03_1
0  40.888058 -29.524567 -8.226062  0.151952 -0.070894 0.985809  1.078125 0.968750 1 2 1.000000
0  40.561825 -29.234127 -8.154853  -0.186682 0.224647 0.956359  1.078125 0.902344 1 2 1.000000
0  40.012024 -30.578566 -8.704654  -0.517106 -0.583331 0.626331  1.039062 0.902344 1 2 1.000000
out70_hane03_1
0  40.012024 -30.578566 -8.704654  -0.517106 -0.583331 0.626331  1.039062 0.902344 1 2 1.000000
0  40.452526 -30.590279 -8.661596  -0.090365 -0.661824 0.744163  1.039062 0.968750 1 2 1.000000
0  40.888058 -29.524567 -8.226062  0.151952 -0.070894 0.985809  1.078125 0.968750 1 2 1.000000
out70_hane03_1
0  38.594467 -29.072514 -10.519657  -0.985778 0.070650 -0.152318  1.078125 0.968750 1 2 1.000000
0  38.523258 -29.362949 -10.193420  -0.956389 -0.224464 0.186743  1.078125 0.902344 1 2 1.000000
0  39.071404 -28.018515 -9.645276  -0.626820 0.583941 0.515763  1.039062 0.902344 1 2 1.000000
out70_hane03_1
0  39.071404 -28.018515 -9.645276  -0.626820 0.583941 0.515763  1.039062 0.902344 1 2 1.000000
0  39.028347 -28.009146 -10.085779  -0.745598 0.660604 0.087283  1.039062 0.968750 1 2 1.000000
0  38.594467 -29.072514 -10.519657  -0.985778 0.070650 -0.152318  1.078125 0.968750 1 2 1.000000
out70_hane03_1
0  39.198917 -30.035170 -11.418880  -0.550096 -0.628285 -0.550096  -2.601562 -0.250000 1 2 1.000000
0  40.687683 -31.250784 -9.930113  -0.111087 -0.987579 -0.110965  -2.601562 0.980469 1 2 1.000000
0  40.012024 -30.578566 -8.704654  -0.517106 -0.583331 0.626331  -0.406250 0.980469 1 2 1.000000
out70_hane03_1
0  40.012024 -30.578566 -8.704654  -0.517106 -0.583331 0.626331  -0.406250 0.980469 1 2 1.000000
0  38.523258 -29.362949 -10.193420  -0.956389 -0.224464 0.186743  -0.406250 -0.250000 1 2 1.000000
0  39.198917 -30.035170 -11.418880  -0.550096 -0.628285 -0.550096  -2.601562 -0.250000 1 2 1.000000
out70_hane03_1
0  39.071404 -28.018515 -9.645276  -0.626820 0.583941 0.515763  -2.601562 -0.250000 1 2 1.000000
0  40.561825 -29.234127 -8.154853  -0.186682 0.224647 0.956359  -2.601562 0.980469 1 2 1.000000
0  41.785629 -28.561911 -8.832168  0.548997 0.630207 0.548997  -0.406250 0.980469 1 2 1.000000
out70_hane03_1
0  41.785629 -28.561911 -8.832168  0.548997 0.630207 0.548997  -0.406250 0.980469 1 2 1.000000
0  40.296860 -27.346296 -10.320934  0.110294 0.987732 0.110446  -0.406250 -0.250000 1 2 1.000000
0  39.071404 -28.018515 -9.645276  -0.626820 0.583941 0.515763  -2.601562 -0.250000 1 2 1.000000
out70_hane03_1
0  38.523258 -29.362949 -10.193420  -0.956389 -0.224464 0.186743  -2.601562 -0.250000 1 2 1.000000
0  40.012024 -30.578566 -8.704654  -0.517106 -0.583331 0.626331  -2.601562 0.980469 1 2 1.000000
0  40.561825 -29.234127 -8.154853  -0.186682 0.224647 0.956359  -0.406250 0.980469 1 2 1.000000
out70_hane03_1
0  40.561825 -29.234127 -8.154853  -0.186682 0.224647 0.956359  -0.406250 0.980469 1 2 1.000000
0  39.071404 -28.018515 -9.645276  -0.626820 0.583941 0.515763  -0.406250 -0.250000 1 2 1.000000
0  38.523258 -29.362949 -10.193420  -0.956389 -0.224464 0.186743  -2.601562 -0.250000 1 2 1.000000
out70_hane03_1
0  41.957855 -30.590279 -10.166924  0.744407 -0.661122 -0.093326  1.078125 0.968750 1 2 1.000000
0  40.987423 -31.121962 -9.630372  0.205267 -0.956786 0.205908  1.039062 0.968750 1 2 1.000000
0  40.687683 -31.250784 -9.930113  -0.111087 -0.987579 -0.110965  1.039062 0.902344 1 2 1.000000
out70_hane03_1
0  40.687683 -31.250784 -9.930113  -0.111087 -0.987579 -0.110965  1.039062 0.902344 1 2 1.000000
0  41.913143 -30.578566 -10.605771  0.625660 -0.583087 -0.518174  1.078125 0.902344 1 2 1.000000
0  41.957855 -30.590279 -10.166924  0.744407 -0.661122 -0.093326  1.078125 0.968750 1 2 1.000000
out70_hane03_1
0  39.129364 -29.604200 -11.488433  -0.689322 -0.222968 -0.689261  1.078125 0.968750 1 2 1.000000
0  40.099792 -29.072514 -12.024985  -0.149724 0.068911 -0.986297  1.039062 0.968750 1 2 1.000000
0  40.424377 -29.362949 -12.094538  0.187414 -0.225440 -0.956053  1.039062 0.902344 1 2 1.000000
out70_hane03_1
0  40.424377 -29.362949 -12.094538  0.187414 -0.225440 -0.956053  1.039062 0.902344 1 2 1.000000
0  39.198917 -30.035170 -11.418880  -0.550096 -0.628285 -0.550096  1.078125 0.902344 1 2 1.000000
0  39.129364 -29.604200 -11.488433  -0.689322 -0.222968 -0.689261  1.078125 0.968750 1 2 1.000000
out70_hane03_1
0  41.856838 -28.992880 -8.760959  0.688559 0.227241 0.688620  1.078125 0.968750 1 2 1.000000
0  42.393391 -29.524567 -9.731389  0.986328 -0.069155 0.149358  1.039062 0.968750 1 2 1.000000
0  42.462944 -29.234127 -10.055970  0.956023 0.225623 -0.187323  1.039062 0.902344 1 2 1.000000
out70_hane03_1
0  42.462944 -29.234127 -10.055970  0.956023 0.225623 -0.187323  1.039062 0.902344 1 2 1.000000
0  41.785629 -28.561911 -8.832168  0.548997 0.630207 0.548997  1.078125 0.902344 1 2 1.000000
0  41.856838 -28.992880 -8.760959  0.688559 0.227241 0.688620  1.078125 0.968750 1 2 1.000000
out70_hane03_1
0  40.533672 -28.009146 -11.591106  0.090243 0.659902 -0.745872  1.078125 0.968750 1 2 1.000000
0  39.998775 -27.475117 -10.619020  -0.206946 0.956328 -0.206305  1.039062 0.968750 1 2 1.000000
0  40.296860 -27.346296 -10.320934  0.110294 0.987732 0.110446  1.039062 0.902344 1 2 1.000000
out70_hane03_1
0  40.296860 -27.346296 -10.320934  0.110294 0.987732 0.110446  1.039062 0.902344 1 2 1.000000
0  40.972519 -28.018515 -11.546393  0.516861 0.583728 -0.626179  1.078125 0.902344 1 2 1.000000
0  40.533672 -28.009146 -11.591106  0.090243 0.659902 -0.745872  1.078125 0.968750 1 2 1.000000
out70_hane03_1
0  42.393391 -29.524567 -9.731389  0.986328 -0.069155 0.149358  1.078125 0.968750 1 2 1.000000
0  41.957855 -30.590279 -10.166924  0.744407 -0.661122 -0.093326  1.039062 0.968750 1 2 1.000000
0  41.913143 -30.578566 -10.605771  0.625660 -0.583087 -0.518174  1.039062 0.902344 1 2 1.000000
out70_hane03_1
0  41.913143 -30.578566 -10.605771  0.625660 -0.583087 -0.518174  1.039062 0.902344 1 2 1.000000
0  42.462944 -29.234127 -10.055970  0.956023 0.225623 -0.187323  1.078125 0.902344 1 2 1.000000
0  42.393391 -29.524567 -9.731389  0.986328 -0.069155 0.149358  1.078125 0.968750 1 2 1.000000
out70_hane03_1
0  40.099792 -29.072514 -12.024985  -0.149724 0.068911 -0.986297  1.078125 0.968750 1 2 1.000000
0  40.533672 -28.009146 -11.591106  0.090243 0.659902 -0.745872  1.039062 0.968750 1 2 1.000000
0  40.972519 -28.018515 -11.546393  0.516861 0.583728 -0.626179  1.039062 0.902344 1 2 1.000000
out70_hane03_1
0  40.972519 -28.018515 -11.546393  0.516861 0.583728 -0.626179  1.039062 0.902344 1 2 1.000000
0  40.424377 -29.362949 -12.094538  0.187414 -0.225440 -0.956053  1.078125 0.902344 1 2 1.000000
0  40.099792 -29.072514 -12.024985  -0.149724 0.068911 -0.986297  1.078125 0.968750 1 2 1.000000
out70_hane03_1
0  39.198917 -30.035170 -11.418880  -0.550096 -0.628285 -0.550096  -2.601562 -0.250000 1 2 1.000000
0  40.424377 -29.362949 -12.094538  0.187414 -0.225440 -0.956053  -0.406250 -0.250000 1 2 1.000000
0  41.913143 -30.578566 -10.605771  0.625660 -0.583087 -0.518174  -0.406250 0.980469 1 2 1.000000
out70_hane03_1
0  41.913143 -30.578566 -10.605771  0.625660 -0.583087 -0.518174  -0.406250 0.980469 1 2 1.000000
0  40.687683 -31.250784 -9.930113  -0.111087 -0.987579 -0.110965  -2.601562 0.980469 1 2 1.000000
0  39.198917 -30.035170 -11.418880  -0.550096 -0.628285 -0.550096  -2.601562 -0.250000 1 2 1.000000
out70_hane03_1
0  40.972519 -28.018515 -11.546393  0.516861 0.583728 -0.626179  -2.601562 -0.250000 1 2 1.000000
0  40.296860 -27.346296 -10.320934  0.110294 0.987732 0.110446  -0.406250 -0.250000 1 2 1.000000
0  41.785629 -28.561911 -8.832168  0.548997 0.630207 0.548997  -0.406250 0.980469 1 2 1.000000
out70_hane03_1
0  41.785629 -28.561911 -8.832168  0.548997 0.630207 0.548997  -0.406250 0.980469 1 2 1.000000
0  42.462944 -29.234127 -10.055970  0.956023 0.225623 -0.187323  -2.601562 0.980469 1 2 1.000000
0  40.972519 -28.018515 -11.546393  0.516861 0.583728 -0.626179  -2.601562 -0.250000 1 2 1.000000
out70_hane03_1
0  40.424377 -29.362949 -12.094538  0.187414 -0.225440 -0.956053  -2.601562 -0.250000 1 2 1.000000
0  40.972519 -28.018515 -11.546393  0.516861 0.583728 -0.626179  -0.406250 -0.250000 1 2 1.000000
0  42.462944 -29.234127 -10.055970  0.956023 0.225623 -0.187323  -0.406250 0.980469 1 2 1.000000
out70_hane03_1
0  42.462944 -29.234127 -10.055970  0.956023 0.225623 -0.187323  -0.406250 0.980469 1 2 1.000000
0  41.913143 -30.578566 -10.605771  0.625660 -0.583087 -0.518174  -2.601562 0.980469 1 2 1.000000
0  40.424377 -29.362949 -12.094538  0.187414 -0.225440 -0.956053  -2.601562 -0.250000 1 2 1.000000
out70_hane03_1
0  44.017952 -14.700628 -8.106826  0.985107 -0.089999 0.146428  1.078125 0.968750 1 2 1.000000
0  43.562546 -15.747603 -8.562233  0.731559 -0.673757 -0.104007  1.039062 0.968750 1 2 1.000000
0  43.519485 -15.726522 -8.999424  0.615101 -0.584765 -0.528825  1.039062 0.902344 1 2 1.000000
out70_hane03_1
0  43.519485 -15.726522 -8.999424  0.615101 -0.584765 -0.528825  1.039062 0.902344 1 2 1.000000
0  44.092472 -14.403167 -8.426438  0.959960 0.211463 -0.183660  1.078125 0.902344 1 2 1.000000
0  44.017952 -14.700628 -8.106826  0.985107 -0.089999 0.146428  1.078125 0.968750 1 2 1.000000
out70_hane03_1
0  41.734287 -14.159575 -10.390485  -0.147404 0.089297 -0.985015  1.078125 0.968750 1 2 1.000000
0  42.189697 -13.112600 -9.935078  0.103580 0.672658 -0.732658  1.039062 0.968750 1 2 1.000000
0  42.628544 -13.131338 -9.890365  0.528398 0.585772 -0.614490  1.039062 0.902344 1 2 1.000000
out70_hane03_1
0  42.628544 -13.131338 -9.890365  0.528398 0.585772 -0.614490  1.039062 0.902344 1 2 1.000000
0  42.053905 -14.454695 -10.465006  0.183721 -0.211066 -0.960021  1.078125 0.902344 1 2 1.000000
0  41.734287 -14.159575 -10.390485  -0.147404 0.089297 -0.985015  1.078125 0.968750 1 2 1.000000
out70_hane03_1
0  40.815197 -15.115202 -9.802596  -0.561968 -0.606891 -0.561968  -2.601562 -0.250000 1 2 1.000000
0  42.053905 -14.454695 -10.465006  0.183721 -0.211066 -0.960021  -0.406250 -0.250000 1 2 1.000000
0  43.519485 -15.726522 -8.999424  0.615101 -0.584765 -0.528825  -0.406250 0.980469 1 2 1.000000
out70_hane03_1
0  43.519485 -15.726522 -8.999424  0.615101 -0.584765 -0.528825  -0.406250 0.980469 1 2 1.000000
0  42.280781 -16.389372 -8.337014  -0.128910 -0.983245 -0.128758  -2.601562 0.980469 1 2 1.000000
0  40.815197 -15.115202 -9.802596  -0.561968 -0.606891 -0.561968  -2.601562 -0.250000 1 2 1.000000
out70_hane03_1
0  42.628544 -13.131338 -9.890365  0.528398 0.585772 -0.614490  -2.601562 -0.250000 1 2 1.000000
0  41.964481 -12.470832 -8.653314  0.129276 0.983123 0.129398  -0.406250 -0.250000 1 2 1.000000
0  43.430058 -13.742660 -7.187732  0.561968 0.606891 0.561968  -0.406250 0.980469 1 2 1.000000
out70_hane03_1
0  43.430058 -13.742660 -7.187732  0.561968 0.606891 0.561968  -0.406250 0.980469 1 2 1.000000
0  44.092472 -14.403167 -8.426438  0.959960 0.211463 -0.183660  -2.601562 0.980469 1 2 1.000000
0  42.628544 -13.131338 -9.890365  0.528398 0.585772 -0.614490  -2.601562 -0.250000 1 2 1.000000
out70_hane03_1
0  36.277687 -9.629712 -16.353832  0.705893 -0.656911 -0.264779  1.203125 -0.105469 1 2 1.000000
0  36.878822 -8.247800 -15.752695  0.999420 0.017884 0.028932  1.164062 -0.105469 1 2 1.000000
0  35.585468 -8.938756 -15.058821  0.602496 -0.523392 0.602496  1.187500 0.593750 1 2 1.000000
out70_hane03_1
0  34.290455 -9.629713 -14.366602  -0.264779 -0.656911 0.705893  1.203125 -0.105469 1 2 1.000000
0  35.585468 -8.938756 -15.058821  0.602496 -0.523392 0.602496  1.187500 0.593750 1 2 1.000000
0  34.891590 -8.247801 -13.765464  0.028932 0.017884 0.999420  1.164062 -0.105469 1 2 1.000000
out70_hane03_1
0  34.487518 -26.079155 -14.169538  -0.251656 -0.647542 0.719230  1.203125 -0.105469 1 2 1.000000
0  35.767628 -25.376486 -14.876660  0.612507 -0.499649 0.612507  1.187500 0.593750 1 2 1.000000
0  35.060509 -24.673817 -13.596552  0.027955 0.038026 0.998871  1.164062 -0.105469 1 2 1.000000
out70_hane03_1
0  36.474751 -26.079155 -16.156769  0.719230 -0.647572 -0.251656  1.203125 -0.105469 1 2 1.000000
0  37.047737 -24.673817 -15.583783  0.998871 0.038026 0.027955  1.164062 -0.105469 1 2 1.000000
0  35.767628 -25.376486 -14.876660  0.612507 -0.499649 0.612507  1.187500 0.593750 1 2 1.000000
out70_hane01_1
0  26.932970 -13.396009 -13.311714  0.705374 0.000000 0.708792  11.015625 -1.519531 1 3 1.000000
0  28.632051 -11.946172 -15.010797  0.204443 0.000000 -0.978851  11.007812 -3.562500 1 3 1.000000
0  23.536459 -16.293341 -9.915206  -0.707083 0.000000 -0.707083  11.027344 2.570312 1 3 1.000000
out70_hane01_1
0  24.690710 -25.983122 -11.069457  -0.707083 0.000000 -0.707083  15.128906 2.386719 1 3 1.000000
0  23.536459 -16.293341 -9.915206  -0.707083 0.000000 -0.707083  11.027344 2.570312 1 3 1.000000
0  28.632051 -11.946172 -15.010797  0.204443 0.000000 -0.978851  11.007812 -3.562500 1 3 1.000000
out70_hane01_1
0  26.013876 -37.096973 -12.392624  -0.707083 0.000000 -0.707083  30.250000 0.511719 1 3 1.000000
0  25.281912 -30.934584 -11.660659  -0.707083 0.000000 -0.707083  27.078123 0.523438 1 3 1.000000
0  28.214731 -37.096973 -14.593482  -0.707083 0.000000 -0.707083  31.121094 -2.175781 1 3 1.000000
out70_hane01_1
0  28.632051 -37.096973 -15.010800  0.000000 0.000000 -1.000000  31.289064 -2.687500 1 3 1.000000
0  28.214731 -37.096973 -14.593482  -0.707083 0.000000 -0.707083  31.121094 -2.175781 1 3 1.000000
0  25.281912 -30.934584 -11.660659  -0.707083 0.000000 -0.707083  27.078123 0.523438 1 3 1.000000
out70_hane01_1
0  28.873829 -37.096973 -14.769020  1.000000 0.000000 0.000000  -1.316406 -2.035156 1 3 1.000000
0  28.632051 -37.096973 -15.010800  0.000000 0.000000 -1.000000  -1.324219 -1.628906 1 3 1.000000
0  28.632051 -28.130941 -15.010799  0.200751 0.000000 -0.979614  2.898438 -1.421875 1 3 1.000000
out70_hane01_1
0  28.632051 -28.130941 -15.010799  0.200751 0.000000 -0.979614  2.898438 -1.421875 1 3 1.000000
0  28.873829 -28.130941 -14.769019  0.979614 0.000000 -0.200751  2.902344 -1.832031 1 3 1.000000
0  28.873829 -37.096973 -14.769020  1.000000 0.000000 0.000000  -1.316406 -2.035156 1 3 1.000000
out70_hane01_1
0  28.873829 -22.694637 -14.769018  0.989624 0.000000 0.143529  10.843750 -0.039062 1 3 1.000000
0  28.632051 -22.694637 -15.010798  -0.143529 0.000000 -0.989624  10.847656 0.070312 1 3 1.000000
0  28.632051 -11.946172 -15.010797  0.204443 0.000000 -0.978851  14.992188 0.050781 1 3 1.000000
out70_hane01_1
0  28.632051 -11.946172 -15.010797  0.204443 0.000000 -0.978851  14.992188 0.050781 1 3 1.000000
0  28.873829 -11.946172 -14.769016  0.978851 0.000000 -0.204443  14.988281 -0.058594 1 3 1.000000
0  28.873829 -22.694637 -14.769018  0.989624 0.000000 0.143529  10.843750 -0.039062 1 3 1.000000
out70_hane01_1
0  28.632051 2.798129 -15.010795  0.320231 0.000000 -0.947325  18.675779 2.417969 1 3 1.000000
0  28.873829 2.798129 -14.769014  0.947325 0.000000 -0.320200  18.675779 2.566406 1 3 1.000000
0  28.873829 -6.205381 -14.769015  0.989563 0.000000 0.143986  20.839844 2.554688 1 3 1.000000
out70_hane01_1
0  28.873829 -6.205381 -14.769015  0.989563 0.000000 0.143986  20.839844 2.554688 1 3 1.000000
0  28.632051 -6.205381 -15.010796  -0.143956 0.000000 -0.989563  20.839844 2.410156 1 3 1.000000
0  28.632051 2.798129 -15.010795  0.320231 0.000000 -0.947325  18.675779 2.417969 1 3 1.000000
out70_hane01_1
0  28.632051 2.798129 -15.010795  0.320231 0.000000 -0.947325  18.699221 -4.667969 1 3 1.000000
0  28.632051 -6.205381 -15.010796  -0.143956 0.000000 -0.989563  20.734375 -3.699219 1 3 1.000000
0  22.877363 -11.028021 -9.256107  -0.707083 0.000000 -0.707083  20.015623 2.546875 1 3 1.000000
out70_hane01_1
0  22.877363 -11.028021 -9.256107  -0.707083 0.000000 -0.707083  20.015623 2.546875 1 3 1.000000
0  22.340809 -6.247542 -8.719554  -0.707083 0.000000 -0.707083  18.769531 2.566406 1 3 1.000000
0  28.632051 2.798129 -15.010795  0.320231 0.000000 -0.947325  18.699221 -4.667969 1 3 1.000000
out70_hane01_1
0  28.873829 2.798129 -14.769014  0.947325 0.000000 -0.320200  18.699221 -4.667969 1 3 1.000000
0  22.582590 -6.247542 -8.477774  0.707083 0.000000 0.707083  18.769531 2.566406 1 3 1.000000
0  23.119144 -11.028021 -9.014327  0.707083 0.000000 0.707083  20.015623 2.546875 1 3 1.000000
out70_hane01_1
0  23.119144 -11.028021 -9.014327  0.707083 0.000000 0.707083  20.015623 2.546875 1 3 1.000000
0  28.873829 -6.205381 -14.769015  0.989563 0.000000 0.143986  20.734375 -3.699219 1 3 1.000000
0  28.873829 2.798129 -14.769014  0.947325 0.000000 -0.320200  18.699221 -4.667969 1 3 1.000000
out70_hane01_1
0  28.873829 -22.694637 -14.769018  0.989624 0.000000 0.143529  15.144531 -2.351562 1 3 1.000000
0  28.873829 -11.946172 -14.769016  0.978851 0.000000 -0.204443  11.007812 -3.562500 1 3 1.000000
0  23.778240 -16.293341 -9.673427  0.707083 0.000000 0.707083  11.027344 2.570312 1 3 1.000000
out70_hane01_1
0  23.778240 -16.293341 -9.673427  0.707083 0.000000 0.707083  11.027344 2.570312 1 3 1.000000
0  24.932491 -25.983122 -10.827678  0.707083 0.000000 0.707083  15.128906 2.386719 1 3 1.000000
0  28.873829 -22.694637 -14.769018  0.989624 0.000000 0.143529  15.144531 -2.351562 1 3 1.000000
out70_hane01_1
0  28.873829 -28.130941 -14.769019  0.979614 0.000000 -0.200751  27.093750 -3.976562 1 3 1.000000
0  25.523691 -30.934584 -11.418880  0.707083 0.000000 0.707083  27.078123 0.523438 1 3 1.000000
0  26.255655 -37.096973 -12.150844  0.707083 0.000000 0.707083  30.250000 0.511719 1 3 1.000000
out70_hane01_1
0  26.255655 -37.096973 -12.150844  0.707083 0.000000 0.707083  30.250000 0.511719 1 3 1.000000
0  28.873829 -37.096973 -14.769020  1.000000 0.000000 0.000000  31.289064 -2.687500 1 3 1.000000
0  28.873829 -28.130941 -14.769019  0.979614 0.000000 -0.200751  27.093750 -3.976562 1 3 1.000000
out70_hane01_1
0  28.632051 -22.694637 -15.010798  -0.143529 0.000000 -0.989624  15.144531 -2.351562 1 3 1.000000
0  24.690710 -25.983122 -11.069457  -0.707083 0.000000 -0.707083  15.128906 2.386719 1 3 1.000000
0  28.632051 -11.946172 -15.010797  0.204443 0.000000 -0.978851  11.007812 -3.562500 1 3 1.000000
out70_hane01_1
0  28.632051 -28.130941 -15.010799  0.200751 0.000000 -0.979614  27.093750 -3.976562 1 3 1.000000
0  28.632051 -37.096973 -15.010800  0.000000 0.000000 -1.000000  31.289064 -2.687500 1 3 1.000000
0  25.281912 -30.934584 -11.660659  -0.707083 0.000000 -0.707083  27.078123 0.523438 1 3 1.000000
out70_kabe09_1
0  30.309608 -9.198743 -16.420074  0.360363 -0.860653 -0.359691  3.968750 -1.546875 1 3 1.000000
0  23.753399 -14.681890 -9.863870  0.360271 -0.860744 -0.359569  3.968750 1.042969 1 3 1.000000
0  22.773031 -14.159575 -10.390485  -0.434980 -0.427442 -0.792474  5.468750 1.042969 1 3 1.000000
out70_kabe09_1
0  22.773031 -14.159575 -10.390485  -0.434980 -0.427442 -0.792474  5.468750 1.042969 1 3 1.000000
0  29.329241 -8.674085 -16.946690  -0.429243 -0.433760 -0.792169  5.468750 -1.546875 1 3 1.000000
0  30.309608 -9.198743 -16.420074  0.360363 -0.860653 -0.359691  3.968750 -1.546875 1 3 1.000000
out70_kabe09_1
0  28.873829 -7.627111 -16.491283  -0.792474 0.427442 -0.434980  5.468750 -1.546875 1 3 1.000000
0  22.317623 -13.112600 -9.935078  -0.792169 0.433760 -0.429243  5.468750 1.042969 1 3 1.000000
0  22.844242 -12.587942 -8.954710  -0.359691 0.860653 0.360363  3.968750 1.042969 1 3 1.000000
out70_kabe09_1
0  22.844242 -12.587942 -8.954710  -0.359691 0.860653 0.360363  3.968750 1.042969 1 3 1.000000
0  29.400448 -7.104795 -15.510915  -0.359569 0.860744 0.360271  3.968750 -1.546875 1 3 1.000000
0  28.873829 -7.627111 -16.491283  -0.792474 0.427442 -0.434980  5.468750 -1.546875 1 3 1.000000
out70_kabe09_1
0  29.329241 -8.674085 -16.946690  -0.429243 -0.433760 -0.792169  2.429688 -1.546875 1 3 1.000000
0  22.773031 -14.159575 -10.390485  -0.434980 -0.427442 -0.792474  2.429688 1.042969 1 3 1.000000
0  22.317623 -13.112600 -9.935078  -0.792169 0.433760 -0.429243  3.585938 1.042969 1 3 1.000000
out70_kabe09_1
0  22.317623 -13.112600 -9.935078  -0.792169 0.433760 -0.429243  3.585938 1.042969 1 3 1.000000
0  28.873829 -7.627111 -16.491283  -0.792474 0.427442 -0.434980  3.585938 -1.546875 1 3 1.000000
0  29.329241 -8.674085 -16.946690  -0.429243 -0.433760 -0.792169  2.429688 -1.546875 1 3 1.000000
out70_kabe09_1
0  30.309608 -9.198743 -16.420074  0.360363 -0.860653 -0.359691  3.968750 -1.546875 1 3 1.000000
0  30.834566 -8.674085 -15.441362  0.792199 -0.433393 0.429579  5.468750 -1.546875 1 3 1.000000
0  24.278358 -14.159575 -8.885158  0.792505 -0.427076 0.435316  5.468750 1.042969 1 3 1.000000
out70_kabe09_1
0  24.278358 -14.159575 -8.885158  0.792505 -0.427076 0.435316  5.468750 1.042969 1 3 1.000000
0  23.753399 -14.681890 -9.863870  0.360271 -0.860744 -0.359569  3.968750 1.042969 1 3 1.000000
0  30.309608 -9.198743 -16.420074  0.360363 -0.860653 -0.359691  3.968750 -1.546875 1 3 1.000000
out70_kabe09_1
0  30.379158 -7.627111 -14.985955  0.435316 0.427076 0.792505  5.468750 -1.546875 1 3 1.000000
0  29.400448 -7.104795 -15.510915  -0.359569 0.860744 0.360271  3.968750 -1.546875 1 3 1.000000
0  22.844242 -12.587942 -8.954710  -0.359691 0.860653 0.360363  3.968750 1.042969 1 3 1.000000
out70_kabe09_1
0  22.844242 -12.587942 -8.954710  -0.359691 0.860653 0.360363  3.968750 1.042969 1 3 1.000000
0  23.822952 -13.112601 -8.429750  0.429579 0.433393 0.792199  5.468750 1.042969 1 3 1.000000
0  30.379158 -7.627111 -14.985955  0.435316 0.427076 0.792505  5.468750 -1.546875 1 3 1.000000
out70_kabe09_1
0  30.834566 -8.674085 -15.441362  0.792199 -0.433393 0.429579  2.429688 -1.546875 1 3 1.000000
0  30.379158 -7.627111 -14.985955  0.435316 0.427076 0.792505  3.585938 -1.546875 1 3 1.000000
0  23.822952 -13.112601 -8.429750  0.429579 0.433393 0.792199  3.585938 1.042969 1 3 1.000000
out70_kabe09_1
0  23.822952 -13.112601 -8.429750  0.429579 0.433393 0.792199  3.585938 1.042969 1 3 1.000000
0  24.278358 -14.159575 -8.885158  0.792505 -0.427076 0.435316  2.429688 1.042969 1 3 1.000000
0  30.834566 -8.674085 -15.441362  0.792199 -0.433393 0.429579  2.429688 -1.546875 1 3 1.000000
out70_kabe09_1
0  30.089354 -25.638815 -16.199825  0.360057 -0.859279 -0.363231  4.015625 -2.007812 1 3 1.000000
0  30.617626 -25.111814 -15.224424  0.793298 -0.427686 0.433241  5.515625 -2.003906 1 3 1.000000
0  25.912855 -29.072514 -10.519657  0.793023 -0.432447 0.429029  5.468750 1.042969 1 3 1.000000
out70_kabe09_1
0  25.912855 -29.072514 -10.519657  0.793023 -0.432447 0.429029  5.468750 1.042969 1 3 1.000000
0  25.377962 -29.604200 -11.488433  0.361950 -0.859310 -0.361309  3.968750 1.042969 1 3 1.000000
0  30.089354 -25.638815 -16.199825  0.360057 -0.859279 -0.363231  4.015625 -2.007812 1 3 1.000000
out70_kabe09_1
0  30.183748 -24.046103 -14.790546  0.427747 0.433912 0.792901  5.421875 -2.003906 1 3 1.000000
0  29.221598 -23.509733 -15.332067  -0.363933 0.859310 0.359294  3.921875 -2.007812 1 3 1.000000
0  24.508549 -27.475117 -10.619020  -0.361431 0.859279 0.361888  3.968750 1.042969 1 3 1.000000
out70_kabe09_1
0  24.508549 -27.475117 -10.619020  -0.361431 0.859279 0.361888  3.968750 1.042969 1 3 1.000000
0  25.478979 -28.009146 -10.085779  0.434614 0.426008 0.793451  5.468750 1.042969 1 3 1.000000
0  30.183748 -24.046103 -14.790546  0.427747 0.433912 0.792901  5.421875 -2.003906 1 3 1.000000
out70_kabe09_1
0  30.617626 -25.111814 -15.224424  0.793298 -0.427686 0.433241  2.500000 -2.011719 1 3 1.000000
0  30.183748 -24.046103 -14.790546  0.427747 0.433912 0.792901  3.656250 -2.011719 1 3 1.000000
0  25.478979 -28.009146 -10.085779  0.434614 0.426008 0.793451  3.585938 1.042969 1 3 1.000000
out70_kabe09_1
0  25.478979 -28.009146 -10.085779  0.434614 0.426008 0.793451  3.585938 1.042969 1 3 1.000000
0  25.912855 -29.072514 -10.519657  0.793023 -0.432447 0.429029  2.429688 1.042969 1 3 1.000000
0  30.617626 -25.111814 -15.224424  0.793298 -0.427686 0.433241  2.500000 -2.011719 1 3 1.000000
out70_kabe09_1
0  29.123892 -25.102446 -16.741343  -0.434950 -0.425855 -0.793359  5.515625 -2.011719 1 3 1.000000
0  30.089354 -25.638815 -16.199825  0.360057 -0.859279 -0.363231  4.015625 -2.007812 1 3 1.000000
0  25.377962 -29.604200 -11.488433  0.361950 -0.859310 -0.361309  3.968750 1.042969 1 3 1.000000
out70_kabe09_1
0  25.377962 -29.604200 -11.488433  0.361950 -0.859310 -0.361309  3.968750 1.042969 1 3 1.000000
0  24.407530 -29.072514 -12.024985  -0.428694 -0.432783 -0.793023  5.468750 1.042969 1 3 1.000000
0  29.123892 -25.102446 -16.741343  -0.434950 -0.425855 -0.793359  5.515625 -2.011719 1 3 1.000000
out70_kabe09_1
0  29.221598 -23.509733 -15.332067  -0.363933 0.859310 0.359294  3.921875 -2.007812 1 3 1.000000
0  28.691669 -24.036734 -16.309122  -0.793115 0.431776 -0.429548  5.421875 -2.011719 1 3 1.000000
0  23.973652 -28.009146 -11.591106  -0.793298 0.426588 -0.434339  5.468750 1.042969 1 3 1.000000
out70_kabe09_1
0  23.973652 -28.009146 -11.591106  -0.793298 0.426588 -0.434339  5.468750 1.042969 1 3 1.000000
0  24.508549 -27.475117 -10.619020  -0.361431 0.859279 0.361888  3.968750 1.042969 1 3 1.000000
0  29.221598 -23.509733 -15.332067  -0.363933 0.859310 0.359294  3.921875 -2.007812 1 3 1.000000
out70_kabe09_1
0  28.691669 -24.036734 -16.309122  -0.793115 0.431776 -0.429548  3.656250 -2.019531 1 3 1.000000
0  29.123892 -25.102446 -16.741343  -0.434950 -0.425855 -0.793359  2.500000 -2.019531 1 3 1.000000
0  24.407530 -29.072514 -12.024985  -0.428694 -0.432783 -0.793023  2.429688 1.042969 1 3 1.000000
out70_kabe09_1
0  24.407530 -29.072514 -12.024985  -0.428694 -0.432783 -0.793023  2.429688 1.042969 1 3 1.000000
0  23.973652 -28.009146 -11.591106  -0.793298 0.426588 -0.434339  3.585938 1.042969 1 3 1.000000
0  28.691669 -24.036734 -16.309122  -0.793115 0.431776 -0.429548  3.656250 -2.019531 1 3 1.000000
out70_mast03_3
0  21.925148 -16.269918 -8.035617  0.194525 -0.961516 -0.193915  0.585938 0.710938 1 3 1.000000
0  18.823412 -17.523010 -4.933881  -0.602344 -0.523392 0.602649  0.507812 1.046875 1 3 1.000000
0  20.944780 -15.747603 -8.562233  -0.573351 -0.552049 -0.605335  0.625000 0.710938 1 3 1.000000
out70_mast03_3
0  20.489374 -14.700628 -8.106826  -0.930326 0.269234 -0.248970  0.414062 0.710938 1 3 1.000000
0  18.823412 -17.523010 -4.933881  -0.602344 -0.523392 0.602649  0.507812 1.046875 1 3 1.000000
0  21.015989 -14.175971 -7.126459  -0.518418 0.679586 0.518998  0.460938 0.710938 1 3 1.000000
out70_mast03_3
0  20.944780 -15.747603 -8.562233  -0.573351 -0.552049 -0.605335  0.375000 0.710938 1 3 1.000000
0  18.823412 -17.523010 -4.933881  -0.602344 -0.523392 0.602649  0.507812 1.046875 1 3 1.000000
0  20.489374 -14.700628 -8.106826  -0.930326 0.269234 -0.248970  0.414062 0.710938 1 3 1.000000
out70_mast03_3
0  21.925148 -16.269918 -8.035617  0.194525 -0.961516 -0.193915  0.585938 0.710938 1 3 1.000000
0  22.450108 -15.747603 -7.056905  0.605701 -0.551622 0.573382  0.625000 0.710938 1 3 1.000000
0  18.823412 -17.523010 -4.933881  -0.602344 -0.523392 0.602649  0.507812 1.046875 1 3 1.000000
out70_mast03_3
0  21.994699 -14.700628 -6.601499  0.249489 0.269234 0.930174  0.414062 0.710938 1 3 1.000000
0  21.015989 -14.175971 -7.126459  -0.518418 0.679586 0.518998  0.460938 0.710938 1 3 1.000000
0  18.823412 -17.523010 -4.933881  -0.602344 -0.523392 0.602649  0.507812 1.046875 1 3 1.000000
out70_mast03_3
0  22.450108 -15.747603 -7.056905  0.605701 -0.551622 0.573382  0.375000 0.710938 1 3 1.000000
0  21.994699 -14.700628 -6.601499  0.249489 0.269234 0.930174  0.414062 0.710938 1 3 1.000000
0  18.823412 -17.523010 -4.933881  -0.602344 -0.523392 0.602649  0.507812 1.046875 1 3 1.000000
out70_mast03_3
0  23.519899 -31.121962 -9.630372  0.175634 -0.968749 -0.175054  0.585938 0.710938 1 3 1.000000
0  24.054796 -30.590279 -8.661596  0.594989 -0.551836 0.584307  0.625000 0.710938 1 3 1.000000
0  20.394979 -32.253258 -6.505452  -0.612232 -0.499893 0.612568  0.507812 1.046875 1 3 1.000000
out70_mast03_3
0  23.619265 -29.524567 -8.226062  0.254616 0.282327 0.924894  0.414062 0.710938 1 3 1.000000
0  22.650488 -28.992880 -8.760959  -0.505142 0.699301 0.505722  0.460938 0.710938 1 3 1.000000
0  20.394979 -32.253258 -6.505452  -0.612232 -0.499893 0.612568  0.507812 1.046875 1 3 1.000000
out70_mast03_3
0  24.054796 -30.590279 -8.661596  0.594989 -0.551836 0.584307  0.375000 0.710938 1 3 1.000000
0  23.619265 -29.524567 -8.226062  0.254616 0.282327 0.924894  0.414062 0.710938 1 3 1.000000
0  20.394979 -32.253258 -6.505452  -0.612232 -0.499893 0.612568  0.507812 1.046875 1 3 1.000000
out70_mast03_3
0  23.519899 -31.121962 -9.630372  0.175634 -0.968749 -0.175054  0.585938 0.710938 1 3 1.000000
0  20.394979 -32.253258 -6.505452  -0.612232 -0.499893 0.612568  0.507812 1.046875 1 3 1.000000
0  22.549467 -30.590279 -10.166924  -0.584277 -0.552263 -0.594623  0.625000 0.710938 1 3 1.000000
out70_mast03_3
0  22.113935 -29.524567 -9.731389  -0.925047 0.282327 -0.254067  0.414062 0.710938 1 3 1.000000
0  20.394979 -32.253258 -6.505452  -0.612232 -0.499893 0.612568  0.507812 1.046875 1 3 1.000000
0  22.650488 -28.992880 -8.760959  -0.505142 0.699301 0.505722  0.460938 0.710938 1 3 1.000000
out70_mast03_3
0  22.549467 -30.590279 -10.166924  -0.584277 -0.552263 -0.594623  0.375000 0.710938 1 3 1.000000
0  20.394979 -32.253258 -6.505452  -0.612232 -0.499893 0.612568  0.507812 1.046875 1 3 1.000000
0  22.113935 -29.524567 -9.731389  -0.925047 0.282327 -0.254067  0.414062 0.710938 1 3 1.000000
out70_obj05_1
0  19.906452 -16.595488 -6.030170  -0.604389 -0.519028 0.604389  3.187500 1.000000 1 3 1.000000
0  21.800943 -15.192496 -8.762612  -0.427900 -0.648427 -0.629597  3.265625 -0.054688 1 3 1.000000
0  22.638895 -15.192496 -7.924663  0.629597 -0.648427 0.427900  3.437500 -0.054688 1 3 1.000000
out70_obj05_1
0  21.540949 -14.204078 -8.502615  -0.847591 0.528336 -0.049287  3.187500 -0.054688 1 3 1.000000
0  21.800943 -15.192496 -8.762612  -0.427900 -0.648427 -0.629597  3.265625 -0.054688 1 3 1.000000
0  19.906452 -16.595488 -6.030170  -0.604389 -0.519028 0.604389  3.187500 1.000000 1 3 1.000000
out70_obj05_1
0  19.906452 -16.595488 -6.030170  -0.604389 -0.519028 0.604389  3.187500 1.000000 1 3 1.000000
0  22.378901 -14.204078 -7.664667  0.049287 0.528336 0.847591  3.015625 -0.054688 1 3 1.000000
0  21.540949 -14.204078 -8.502615  -0.847591 0.528336 -0.049287  3.187500 -0.054688 1 3 1.000000
out70_obj05_1
0  22.638895 -15.192496 -7.924663  0.629597 -0.648427 0.427900  2.937500 -0.054688 1 3 1.000000
0  22.378901 -14.204078 -7.664667  0.049287 0.528336 0.847591  3.015625 -0.054688 1 3 1.000000
0  19.906452 -16.595488 -6.030170  -0.604389 -0.519028 0.604389  3.187500 1.000000 1 3 1.000000
out70_obj05_1
0  21.494579 -31.367893 -7.618301  -0.615986 -0.490982 0.615986  3.187500 1.000000 1 3 1.000000
0  23.417229 -30.180387 -10.378896  -0.465102 -0.648274 -0.602802  3.265625 -0.054688 1 3 1.000000
0  24.255177 -30.180387 -9.540946  0.602802 -0.648274 0.465102  3.437500 -0.054688 1 3 1.000000
out70_obj05_1
0  23.175447 -28.931982 -10.137115  -0.832759 0.553209 -0.020692  3.187500 -0.054688 1 3 1.000000
0  23.417229 -30.180387 -10.378896  -0.465102 -0.648274 -0.602802  3.265625 -0.054688 1 3 1.000000
0  21.494579 -31.367893 -7.618301  -0.615986 -0.490982 0.615986  3.187500 1.000000 1 3 1.000000
out70_obj05_1
0  21.494579 -31.367893 -7.618301  -0.615986 -0.490982 0.615986  3.187500 1.000000 1 3 1.000000
0  24.013395 -28.931982 -9.299167  0.020692 0.553209 0.832759  3.015625 -0.054688 1 3 1.000000
0  23.175447 -28.931982 -10.137115  -0.832759 0.553209 -0.020692  3.187500 -0.054688 1 3 1.000000
out70_obj05_1
0  24.255177 -30.180387 -9.540946  0.602802 -0.648274 0.465102  2.937500 -0.054688 1 3 1.000000
0  24.013395 -28.931982 -9.299167  0.020692 0.553209 0.832759  3.015625 -0.054688 1 3 1.000000
0  21.494579 -31.367893 -7.618301  -0.615986 -0.490982 0.615986  3.187500 1.000000 1 3 1.000000
out70_hane02_1
0  24.528419 -25.983122 -11.231748  -0.568621 0.299814 -0.765984  2.003906 -5.031250 1 3 1.000000
0  28.469759 -22.694637 -15.173089  -0.100131 0.722709 -0.683828  -4.046875 -5.039062 1 3 1.000000
0  24.602942 -26.601467 -11.306270  -0.764336 -0.298074 -0.571734  1.929688 -4.015625 1 3 1.000000
out70_hane02_1
0  24.602942 -26.601467 -11.306270  -0.764336 -0.298074 -0.571734  1.929688 -4.015625 1 3 1.000000
0  28.469759 -22.694637 -15.173089  -0.100131 0.722709 -0.683828  -4.046875 -5.039062 1 3 1.000000
0  27.169779 -24.460676 -13.873109  -0.261513 -0.256691 -0.930418  -2.113281 -4.015625 1 3 1.000000
out70_hane02_1
0  24.602942 -26.601467 -11.306270  -0.764336 -0.298074 -0.571734  1.929688 -4.015625 1 3 1.000000
0  27.169779 -24.460676 -13.873109  -0.261513 -0.256691 -0.930418  -2.113281 -4.015625 1 3 1.000000
0  24.677462 -27.222157 -11.380791  -0.642842 -0.751152 -0.149815  1.875000 -3.007812 1 3 1.000000
out70_hane02_1
0  24.677462 -27.222157 -11.380791  -0.642842 -0.751152 -0.149815  1.875000 -3.007812 1 3 1.000000
0  27.169779 -24.460676 -13.873109  -0.261513 -0.256691 -0.930418  -2.113281 -4.015625 1 3 1.000000
0  27.189651 -25.123526 -13.892981  0.063814 -0.378948 -0.923185  -2.125000 -3.007812 1 3 1.000000
out70_hane02_1
0  22.715073 -11.028021 -9.418398  -0.569506 0.296518 -0.766594  1.812500 -5.031250 1 3 1.000000
0  28.469759 -6.205381 -15.173086  -0.100589 0.723136 -0.683309  -4.339844 -5.039062 1 3 1.000000
0  22.797873 -11.686186 -9.501199  -0.768120 -0.305612 -0.562639  1.738281 -4.007812 1 3 1.000000
out70_hane02_1
0  22.797873 -11.686186 -9.501199  -0.768120 -0.305612 -0.562639  1.738281 -4.007812 1 3 1.000000
0  28.469759 -6.205381 -15.173086  -0.100589 0.723136 -0.683309  -4.339844 -5.039062 1 3 1.000000
0  26.520618 -8.559317 -13.223944  -0.266091 -0.243324 -0.932707  -2.281250 -4.007812 1 3 1.000000
out70_hane02_1
0  22.797873 -11.686186 -9.501199  -0.768120 -0.305612 -0.562639  1.738281 -4.007812 1 3 1.000000
0  26.520618 -8.559317 -13.223944  -0.266091 -0.243324 -0.932707  -2.281250 -4.007812 1 3 1.000000
0  22.879021 -12.344351 -9.582344  -0.640828 -0.752495 -0.151921  1.695312 -2.984375 1 3 1.000000
out70_hane02_1
0  22.879021 -12.344351 -9.582344  -0.640828 -0.752495 -0.151921  1.695312 -2.984375 1 3 1.000000
0  26.520618 -8.559317 -13.223944  -0.266091 -0.243324 -0.932707  -2.281250 -4.007812 1 3 1.000000
0  26.560364 -9.245588 -13.263689  0.072420 -0.364849 -0.928220  -2.339844 -2.992188 1 3 1.000000
out70_hane02_1
0  27.833847 -27.777266 -13.404453  0.673299 0.730705 0.112674  -1.890625 1.054688 1 3 1.000000
0  25.538595 -29.697889 -11.109202  -0.089419 0.337840 0.936918  2.210938 1.046875 1 3 1.000000
0  27.853720 -28.440113 -13.424327  0.775292 0.260384 0.575396  -1.988281 2.070312 1 3 1.000000
out70_hane02_1
0  27.853720 -28.440113 -13.424327  0.775292 0.260384 0.575396  -1.988281 2.070312 1 3 1.000000
0  25.538595 -29.697889 -11.109202  -0.089419 0.337840 0.936918  2.210938 1.046875 1 3 1.000000
0  25.611462 -30.316236 -11.182068  0.274514 0.214240 0.937376  2.125000 2.062500 1 3 1.000000
out70_hane02_1
0  27.853720 -28.440113 -13.424327  0.775292 0.260384 0.575396  -1.988281 2.070312 1 3 1.000000
0  25.611462 -30.316236 -11.182068  0.274514 0.214240 0.937376  2.125000 2.062500 1 3 1.000000
0  29.036119 -28.130941 -14.606729  0.918241 -0.392193 -0.054476  -4.222656 3.085938 1 3 1.000000
out70_hane02_1
0  29.036119 -28.130941 -14.606729  0.918241 -0.392193 -0.054476  -4.222656 3.085938 1 3 1.000000
0  25.611462 -30.316236 -11.182068  0.274514 0.214240 0.937376  2.125000 2.062500 1 3 1.000000
0  25.685982 -30.934584 -11.256589  0.935728 -0.215796 0.278939  2.015625 3.078125 1 3 1.000000
out70_hane02_1
0  29.036119 -22.694637 -14.606728  0.683828 0.722709 0.100131  -4.039062 -5.039062 1 3 1.000000
0  25.094780 -25.983122 -10.665387  0.765954 0.299875 0.568651  2.035156 -5.031250 1 3 1.000000
0  27.736139 -24.460676 -13.306747  0.930418 -0.256722 0.261513  -2.082031 -4.023438 1 3 1.000000
out70_hane02_1
0  27.736139 -24.460676 -13.306747  0.930418 -0.256722 0.261513  -2.082031 -4.023438 1 3 1.000000
0  25.094780 -25.983122 -10.665387  0.765954 0.299875 0.568651  2.035156 -5.031250 1 3 1.000000
0  25.169302 -26.601467 -10.739909  0.571734 -0.298074 0.764336  1.964844 -4.023438 1 3 1.000000
out70_hane02_1
0  27.736139 -24.460676 -13.306747  0.930418 -0.256722 0.261513  -2.082031 -4.023438 1 3 1.000000
0  25.169302 -26.601467 -10.739909  0.571734 -0.298074 0.764336  1.964844 -4.023438 1 3 1.000000
0  27.756014 -25.123526 -13.326620  0.923185 -0.378948 -0.063814  -2.089844 -3.007812 1 3 1.000000
out70_hane02_1
0  27.756014 -25.123526 -13.326620  0.923185 -0.378948 -0.063814  -2.089844 -3.007812 1 3 1.000000
0  25.169302 -26.601467 -10.739909  0.571734 -0.298074 0.764336  1.964844 -4.023438 1 3 1.000000
0  25.243824 -27.222157 -10.814429  0.149815 -0.751152 0.642872  1.910156 -3.007812 1 3 1.000000
out70_hane02_1
0  28.469759 5.739962 -15.173084  -0.168615 0.779199 -0.603656  -1.171875 5.062500 1 3 1.000000
0  28.469759 2.798129 -15.173085  0.061525 -0.293924 -0.953825  -1.152344 3.007812 1 3 1.000000
0  20.527462 -6.268622 -7.230787  -0.969054 0.228950 0.092013  -1.023438 5.062500 1 3 1.000000
out70_hane02_1
0  20.527462 -6.268622 -7.230787  -0.969054 0.228950 0.092013  -1.023438 5.062500 1 3 1.000000
0  28.469759 2.798129 -15.173085  0.061525 -0.293924 -0.953825  -1.152344 3.007812 1 3 1.000000
0  22.178520 -6.247542 -8.881845  -0.200751 -0.172826 -0.964263  -1.023438 3.007812 1 3 1.000000
out70_hane02_1
0  20.527462 -6.268622 -7.230787  -0.969054 0.228950 0.092013  -1.023438 5.062500 1 3 1.000000
0  22.178520 -6.247542 -8.881845  -0.200751 -0.172826 -0.964263  -1.023438 3.007812 1 3 1.000000
0  21.280954 -12.887748 -7.984280  -0.651479 -0.745201 -0.142003  -1.261719 5.062500 1 3 1.000000
out70_hane02_1
0  21.280954 -12.887748 -7.984280  -0.651479 -0.745201 -0.142003  -1.261719 5.062500 1 3 1.000000
0  22.178520 -6.247542 -8.881845  -0.200751 -0.172826 -0.964263  -1.023438 3.007812 1 3 1.000000
0  22.715073 -11.028021 -9.418398  -0.569506 0.296518 -0.766594  -1.203125 3.015625 1 3 1.000000
out70_hane02_1
0  29.036119 -6.205381 -14.606725  0.683309 0.723136 0.100589  -4.324219 -5.039062 1 3 1.000000
0  23.281431 -11.028021 -8.852036  0.766594 0.296548 0.569506  1.890625 -5.031250 1 3 1.000000
0  27.086981 -8.559317 -12.657583  0.932707 -0.243324 0.266091  -2.199219 -4.015625 1 3 1.000000
out70_hane02_1
0  27.086981 -8.559317 -12.657583  0.932707 -0.243324 0.266091  -2.199219 -4.015625 1 3 1.000000
0  23.281431 -11.028021 -8.852036  0.766594 0.296548 0.569506  1.890625 -5.031250 1 3 1.000000
0  23.364237 -11.686186 -8.934838  0.562639 -0.305612 0.768120  1.824219 -4.015625 1 3 1.000000
out70_hane02_1
0  27.086981 -8.559317 -12.657583  0.932707 -0.243324 0.266091  -2.199219 -4.015625 1 3 1.000000
0  23.364237 -11.686186 -8.934838  0.562639 -0.305612 0.768120  1.824219 -4.015625 1 3 1.000000
0  27.126724 -9.245588 -12.697329  0.928220 -0.364849 -0.072420  -2.253906 -3.000000 1 3 1.000000
out70_hane02_1
0  27.126724 -9.245588 -12.697329  0.928220 -0.364849 -0.072420  -2.253906 -3.000000 1 3 1.000000
0  23.364237 -11.686186 -8.934838  0.562639 -0.305612 0.768120  1.824219 -4.015625 1 3 1.000000
0  23.445379 -12.344351 -9.015984  0.151921 -0.752495 0.640828  1.781250 -2.992188 1 3 1.000000
out70_hane02_1
0  21.847317 -12.887748 -7.417919  0.142003 -0.745201 0.651509  -1.269531 5.062500 1 3 1.000000
0  23.281431 -11.028021 -8.852036  0.766594 0.296548 0.569506  -1.375000 3.015625 1 3 1.000000
0  21.093822 -6.268622 -6.664426  -0.092013 0.228950 0.969054  -1.023438 5.062500 1 3 1.000000
out70_hane02_1
0  21.093822 -6.268622 -6.664426  -0.092013 0.228950 0.969054  -1.023438 5.062500 1 3 1.000000
0  23.281431 -11.028021 -8.852036  0.766594 0.296548 0.569506  -1.375000 3.015625 1 3 1.000000
0  22.744879 -6.247542 -8.315484  0.964263 -0.172826 0.200751  -1.023438 3.007812 1 3 1.000000
out70_hane02_1
0  21.093822 -6.268622 -6.664426  -0.092013 0.228950 0.969054  -1.023438 5.062500 1 3 1.000000
0  22.744879 -6.247542 -8.315484  0.964263 -0.172826 0.200751  -1.023438 3.007812 1 3 1.000000
0  29.036119 5.739962 -14.606723  0.603656 0.779199 0.168615  -1.171875 5.062500 1 3 1.000000
out70_hane02_1
0  29.036119 5.739962 -14.606723  0.603656 0.779199 0.168615  -1.171875 5.062500 1 3 1.000000
0  22.744879 -6.247542 -8.315484  0.964263 -0.172826 0.200751  -1.023438 3.007812 1 3 1.000000
0  29.036119 2.798129 -14.606724  0.953795 -0.293985 -0.061525  -1.152344 3.007812 1 3 1.000000
out70_hane02_1
0  27.272455 -12.009413 -12.843059  0.665487 0.736442 0.121464  -1.980469 1.046875 1 3 1.000000
0  23.776585 -14.977011 -9.347190  -0.091800 0.331645 0.938902  2.148438 1.039062 1 3 1.000000
0  27.305574 -12.702711 -12.876179  0.772729 0.266884 0.575884  -2.046875 2.070312 1 3 1.000000
out70_hane02_1
0  27.305574 -12.702711 -12.876179  0.772729 0.266884 0.575884  -2.046875 2.070312 1 3 1.000000
0  23.776585 -14.977011 -9.347190  -0.091800 0.331645 0.938902  2.148438 1.039062 1 3 1.000000
0  23.859386 -15.635176 -9.429991  0.278756 0.211921 0.936674  2.093750 2.062500 1 3 1.000000
out70_hane02_1
0  27.305574 -12.702711 -12.876179  0.772729 0.266884 0.575884  -2.046875 2.070312 1 3 1.000000
0  23.859386 -15.635176 -9.429991  0.278756 0.211921 0.936674  2.093750 2.062500 1 3 1.000000
0  29.036119 -11.946173 -14.606726  0.919553 -0.389050 -0.054933  -4.160156 3.093750 1 3 1.000000
out70_hane02_1
0  29.036119 -11.946173 -14.606726  0.919553 -0.389050 -0.054933  -4.160156 3.093750 1 3 1.000000
0  23.859386 -15.635176 -9.429991  0.278756 0.211921 0.936674  2.093750 2.062500 1 3 1.000000
0  23.940529 -16.293341 -9.511136  0.936796 -0.214454 0.276406  2.023438 3.085938 1 3 1.000000
out70_hane02_1
0  24.972237 -29.697889 -11.675564  -0.936918 0.337840 0.089419  2.261719 1.046875 1 3 1.000000
0  27.267488 -27.777266 -13.970815  -0.112674 0.730705 -0.673299  -1.847656 1.054688 1 3 1.000000
0  25.045099 -30.316236 -11.748428  -0.937376 0.214240 -0.274514  2.167969 2.062500 1 3 1.000000
out70_hane02_1
0  25.045099 -30.316236 -11.748428  -0.937376 0.214240 -0.274514  2.167969 2.062500 1 3 1.000000
0  27.267488 -27.777266 -13.970815  -0.112674 0.730705 -0.673299  -1.847656 1.054688 1 3 1.000000
0  27.287359 -28.440113 -13.990687  -0.575396 0.260384 -0.775292  -1.964844 2.070312 1 3 1.000000
out70_hane02_1
0  25.045099 -30.316236 -11.748428  -0.937376 0.214240 -0.274514  2.167969 2.062500 1 3 1.000000
0  27.287359 -28.440113 -13.990687  -0.575396 0.260384 -0.775292  -1.964844 2.070312 1 3 1.000000
0  25.119619 -30.934584 -11.822949  -0.278939 -0.215796 -0.935728  2.042969 3.078125 1 3 1.000000
out70_hane02_1
0  25.119619 -30.934584 -11.822949  -0.278939 -0.215796 -0.935728  2.042969 3.078125 1 3 1.000000
0  27.287359 -28.440113 -13.990687  -0.575396 0.260384 -0.775292  -1.964844 2.070312 1 3 1.000000
0  28.469759 -28.130941 -15.173090  0.054476 -0.392193 -0.918241  -4.234375 3.085938 1 3 1.000000
out70_hane02_1
0  22.541189 -6.247542 -8.519175  0.000000 1.000000 0.000000  -1.250000 5.062500 1 3 1.000000
0  22.178520 -6.247542 -8.881845  -0.200751 -0.172826 -0.964263  -1.250000 5.062500 1 3 1.000000
0  22.744879 -6.247542 -8.315484  0.964263 -0.172826 0.200751  -1.265625 5.062500 1 3 1.000000
out70_hane02_1
0  28.469759 2.798129 -15.173085  0.061525 -0.293924 -0.953825  -1.253906 5.062500 1 3 1.000000
0  22.744879 -6.247542 -8.315484  0.964263 -0.172826 0.200751  -1.265625 5.062500 1 3 1.000000
0  22.178520 -6.247542 -8.881845  -0.200751 -0.172826 -0.964263  -1.250000 5.062500 1 3 1.000000
out70_hane02_1
0  29.036119 2.798129 -14.606724  0.953795 -0.293985 -0.061525  -1.265625 5.062500 1 3 1.000000
0  22.744879 -6.247542 -8.315484  0.964263 -0.172826 0.200751  -1.265625 5.062500 1 3 1.000000
0  28.469759 2.798129 -15.173085  0.061525 -0.293924 -0.953825  -1.253906 5.062500 1 3 1.000000
out70_hane02_1
0  28.832430 2.798129 -14.810415  0.000000 -1.000000 0.000000  -1.203125 5.062500 1 3 1.000000
0  29.036119 2.798129 -14.606724  0.953795 -0.293985 -0.061525  -1.265625 5.062500 1 3 1.000000
0  28.469759 2.798129 -15.173085  0.061525 -0.293924 -0.953825  -1.253906 5.062500 1 3 1.000000
out70_hane02_1
0  22.541189 -6.247542 -8.519175  0.000000 -1.000000 0.000000  -1.203125 5.062500 1 3 1.000000
0  22.744879 -6.247542 -8.315484  0.909421 -0.249794 -0.332469  -1.265625 5.062500 1 3 1.000000
0  22.178520 -6.247542 -8.881845  0.898099 -0.252968 -0.359661  -1.253906 5.062500 1 3 1.000000
out70_hane02_1
0  23.281431 -11.028021 -8.852036  0.766594 0.296548 0.569506  -1.253906 5.062500 1 3 1.000000
0  22.178520 -6.247542 -8.881845  -0.200751 -0.172826 -0.964263  -1.253906 5.062500 1 3 1.000000
0  22.744879 -6.247542 -8.315484  0.964263 -0.172826 0.200751  -1.265625 5.062500 1 3 1.000000
out70_hane02_1
0  22.715073 -11.028021 -9.418398  -0.569506 0.296518 -0.766594  -1.253906 5.062500 1 3 1.000000
0  22.178520 -6.247542 -8.881845  -0.200751 -0.172826 -0.964263  -1.253906 5.062500 1 3 1.000000
0  23.281431 -11.028021 -8.852036  0.766594 0.296548 0.569506  -1.253906 5.062500 1 3 1.000000
out70_hane02_1
0  23.077742 -11.028021 -9.055728  0.000000 0.000000 -0.999969  -1.253906 5.062500 1 3 1.000000
0  22.715073 -11.028021 -9.418398  -0.569506 0.296518 -0.766594  -1.253906 5.062500 1 3 1.000000
0  23.281431 -11.028021 -8.852036  0.766594 0.296548 0.569506  -1.253906 5.062500 1 3 1.000000
out70_hane02_1
0  25.119619 -30.934584 -11.822949  -0.278939 -0.215796 -0.935728  -1.214844 5.062500 1 3 1.000000
0  28.469759 -28.130941 -15.173090  0.054476 -0.392193 -0.918241  -1.230469 5.062500 1 3 1.000000
0  25.482290 -30.934584 -11.460280  0.641224 -0.421400 -0.641224  -1.199219 5.062500 1 3 1.000000
out70_hane02_1
0  25.685982 -30.934584 -11.256589  0.935728 -0.215796 0.278939  -1.191406 5.062500 1 3 1.000000
0  25.482290 -30.934584 -11.460280  0.641224 -0.421400 -0.641224  -1.199219 5.062500 1 3 1.000000
0  28.469759 -28.130941 -15.173090  0.054476 -0.392193 -0.918241  -1.230469 5.062500 1 3 1.000000
out70_hane02_1
0  26.417946 -37.096973 -11.988553  0.838496 0.356212 0.412275  -1.218750 3.000000 1 3 1.000000
0  25.685982 -30.934584 -11.256589  0.935728 -0.215796 0.278939  -1.277344 3.007812 1 3 1.000000
0  24.089571 -31.630224 -9.660180  -0.090243 0.332011 0.938932  -1.269531 5.070312 1 3 1.000000
out70_hane02_1
0  25.611462 -30.316236 -11.182068  0.274514 0.214240 0.937376  -1.281250 3.007812 1 3 1.000000
0  24.089571 -31.630224 -9.660180  -0.090243 0.332011 0.938932  -1.269531 5.070312 1 3 1.000000
0  25.685982 -30.934584 -11.256589  0.935728 -0.215796 0.278939  -1.277344 3.007812 1 3 1.000000
out70_hane02_1
0  23.077742 -11.028021 -9.055728  0.000000 0.000000 0.999969  -1.242188 5.062500 1 3 1.000000
0  23.281431 -11.028021 -8.852036  0.000000 0.000000 0.999969  -1.238281 5.062500 1 3 1.000000
0  22.715073 -11.028021 -9.418398  0.000000 0.000000 0.999969  -1.242188 5.062500 1 3 1.000000
out70_hane02_1
0  28.469759 -6.205381 -15.173086  -0.100589 0.723136 -0.683309  -1.246094 5.062500 1 3 1.000000
0  22.715073 -11.028021 -9.418398  -0.569506 0.296518 -0.766594  -1.242188 5.062500 1 3 1.000000
0  23.281431 -11.028021 -8.852036  0.766594 0.296548 0.569506  -1.238281 5.062500 1 3 1.000000
out70_hane02_1
0  23.940529 -16.293341 -9.511136  0.936796 -0.214454 0.276406  -1.207031 5.062500 1 3 1.000000
0  25.094780 -25.983122 -10.665387  0.765954 0.299875 0.568651  -1.214844 5.062500 1 3 1.000000
0  23.374170 -16.293341 -10.077497  -0.276406 -0.214454 -0.936796  -1.253906 5.062500 1 3 1.000000
out70_hane02_1
0  24.528419 -25.983122 -11.231748  -0.568621 0.299814 -0.765984  -1.265625 5.062500 1 3 1.000000
0  23.374170 -16.293341 -10.077497  -0.276406 -0.214454 -0.936796  -1.253906 5.062500 1 3 1.000000
0  25.094780 -25.983122 -10.665387  0.765954 0.299875 0.568651  -1.214844 5.062500 1 3 1.000000
out70_hane02_1
0  25.685982 -30.934584 -11.256589  0.935728 -0.215796 0.278939  -1.238281 5.062500 1 3 1.000000
0  26.417946 -37.096973 -11.988553  0.838496 0.356212 0.412275  -1.253906 5.062500 1 3 1.000000
0  25.482290 -30.934584 -11.460280  0.641224 -0.421400 -0.641224  -1.238281 5.062500 1 3 1.000000
out70_hane02_1
0  25.119619 -30.934584 -11.822949  -0.278939 -0.215796 -0.935728  -1.230469 5.062500 1 3 1.000000
0  25.482290 -30.934584 -11.460280  0.641224 -0.421400 -0.641224  -1.238281 5.062500 1 3 1.000000
0  26.417946 -37.096973 -11.988553  0.838496 0.356212 0.412275  -1.253906 5.062500 1 3 1.000000
out70_hane02_1
0  24.891088 -25.983122 -10.869078  0.000000 -0.707083 -0.707083  -1.257812 5.062500 1 3 1.000000
0  25.094780 -25.983122 -10.665387  0.765954 0.299875 0.568651  -1.250000 5.062500 1 3 1.000000
0  24.528419 -25.983122 -11.231748  -0.568621 0.299814 -0.765984  -1.265625 5.062500 1 3 1.000000
out70_hane02_1
0  28.469759 -22.694637 -15.173089  -0.100131 0.722709 -0.683828  -1.257812 5.062500 1 3 1.000000
0  24.528419 -25.983122 -11.231748  -0.568621 0.299814 -0.765984  -1.265625 5.062500 1 3 1.000000
0  25.094780 -25.983122 -10.665387  0.765954 0.299875 0.568651  -1.250000 5.062500 1 3 1.000000
out70_hane02_1
0  25.851583 -37.096973 -12.554914  -0.412275 0.356212 -0.838496  -1.218750 3.000000 1 3 1.000000
0  23.523212 -31.630224 -10.226541  -0.938932 0.332011 0.090243  -1.269531 5.070312 1 3 1.000000
0  25.119619 -30.934584 -11.822949  -0.278939 -0.215796 -0.935728  -1.277344 3.007812 1 3 1.000000
out70_hane02_1
0  25.045099 -30.316236 -11.748428  -0.937376 0.214240 -0.274514  -1.281250 3.007812 1 3 1.000000
0  25.119619 -30.934584 -11.822949  -0.278939 -0.215796 -0.935728  -1.277344 3.007812 1 3 1.000000
0  23.523212 -31.630224 -10.226541  -0.938932 0.332011 0.090243  -1.269531 5.070312 1 3 1.000000
out70_hane02_1
0  28.832430 2.798129 -14.810415  0.000000 1.000000 0.000000  -1.234375 5.062500 1 3 1.000000
0  28.469759 2.798129 -15.173085  0.879177 0.086398 -0.468551  -1.203125 5.062500 1 3 1.000000
0  29.036119 2.798129 -14.606724  0.000000 0.999969 0.000000  -1.265625 5.062500 1 3 1.000000
out70_hane02_1
0  29.036119 5.739962 -14.606723  0.603656 0.779199 0.168615  -1.265625 5.062500 1 3 1.000000
0  29.036119 2.798129 -14.606724  0.953795 -0.293985 -0.061525  -1.265625 5.062500 1 3 1.000000
0  28.469759 2.798129 -15.173085  0.061525 -0.293924 -0.953825  -1.203125 5.062500 1 3 1.000000
out70_hane02_1
0  24.602942 -26.601467 -11.306270  -0.764336 -0.298074 -0.571734  -1.273438 3.007812 1 3 1.000000
0  25.169302 -26.601467 -10.739909  0.571734 -0.298074 0.764336  -1.230469 3.007812 1 3 1.000000
0  23.649069 -27.906088 -9.219677  0.151891 -0.753166 0.640004  -1.230469 5.062500 1 3 1.000000
out70_hane02_1
0  23.649069 -27.906088 -9.219677  0.151891 -0.753166 0.640004  -1.230469 5.062500 1 3 1.000000
0  23.082710 -27.906088 -9.786038  -0.640004 -0.753166 -0.151891  -1.273438 5.062500 1 3 1.000000
0  24.602942 -26.601467 -11.306270  -0.764336 -0.298074 -0.571734  -1.273438 3.007812 1 3 1.000000
out70_hane02_1
0  24.677462 -27.222157 -11.380791  -0.642842 -0.751152 -0.149815  -1.253906 5.062500 1 3 1.000000
0  25.243824 -27.222157 -10.814429  0.149815 -0.751152 0.642872  -1.253906 5.062500 1 3 1.000000
0  25.169302 -26.601467 -10.739909  0.571734 -0.298074 0.764336  -1.250000 5.062500 1 3 1.000000
out70_hane02_1
0  25.169302 -26.601467 -10.739909  0.571734 -0.298074 0.764336  -1.250000 5.062500 1 3 1.000000
0  24.602942 -26.601467 -11.306270  -0.764336 -0.298074 -0.571734  -1.250000 5.062500 1 3 1.000000
0  24.677462 -27.222157 -11.380791  -0.642842 -0.751152 -0.149815  -1.253906 5.062500 1 3 1.000000
out70_hane02_1
0  27.189651 -25.123526 -13.892981  0.063814 -0.378948 -0.923185  -1.253906 5.062500 1 3 1.000000
0  27.756014 -25.123526 -13.326620  0.923185 -0.378948 -0.063814  -1.253906 5.062500 1 3 1.000000
0  25.243824 -27.222157 -10.814429  0.149815 -0.751152 0.642872  -1.250000 5.062500 1 3 1.000000
out70_hane02_1
0  25.243824 -27.222157 -10.814429  0.149815 -0.751152 0.642872  -1.250000 5.062500 1 3 1.000000
0  24.677462 -27.222157 -11.380791  -0.642842 -0.751152 -0.149815  -1.250000 5.062500 1 3 1.000000
0  27.189651 -25.123526 -13.892981  0.063814 -0.378948 -0.923185  -1.253906 5.062500 1 3 1.000000
out70_hane02_1
0  27.169779 -24.460676 -13.873109  -0.261513 -0.256691 -0.930418  -1.253906 5.062500 1 3 1.000000
0  27.736139 -24.460676 -13.306747  0.930418 -0.256722 0.261513  -1.253906 5.062500 1 3 1.000000
0  27.756014 -25.123526 -13.326620  0.923185 -0.378948 -0.063814  -1.250000 5.062500 1 3 1.000000
out70_hane02_1
0  27.756014 -25.123526 -13.326620  0.923185 -0.378948 -0.063814  -1.250000 5.062500 1 3 1.000000
0  27.189651 -25.123526 -13.892981  0.063814 -0.378948 -0.923185  -1.250000 5.062500 1 3 1.000000
0  27.169779 -24.460676 -13.873109  -0.261513 -0.256691 -0.930418  -1.253906 5.062500 1 3 1.000000
out70_hane02_1
0  29.036119 -23.373884 -14.606728  0.918180 -0.392376 -0.054445  -1.253906 5.062500 1 3 1.000000
0  27.736139 -24.460676 -13.306747  0.930418 -0.256722 0.261513  -1.253906 5.062500 1 3 1.000000
0  27.169779 -24.460676 -13.873109  -0.261513 -0.256691 -0.930418  -1.250000 5.062500 1 3 1.000000
out70_hane02_1
0  27.169779 -24.460676 -13.873109  -0.261513 -0.256691 -0.930418  -1.250000 5.062500 1 3 1.000000
0  28.469759 -23.373884 -15.173089  0.054445 -0.392376 -0.918180  -1.250000 5.062500 1 3 1.000000
0  29.036119 -23.373884 -14.606728  0.918180 -0.392376 -0.054445  -1.253906 5.062500 1 3 1.000000
out70_hane02_1
0  28.469759 -23.373884 -15.173089  0.054445 -0.392376 -0.918180  -1.281250 5.062500 1 3 1.000000
0  28.469759 -22.694637 -15.173089  -0.100131 0.722709 -0.683828  -1.250000 5.062500 1 3 1.000000
0  29.036119 -22.694637 -14.606728  0.683828 0.722709 0.100131  -1.218750 5.062500 1 3 1.000000
out70_hane02_1
0  29.036119 -22.694637 -14.606728  0.683828 0.722709 0.100131  -1.218750 5.062500 1 3 1.000000
0  29.036119 -23.373884 -14.606728  0.918180 -0.392376 -0.054445  -1.250000 5.062500 1 3 1.000000
0  28.469759 -23.373884 -15.173089  0.054445 -0.392376 -0.918180  -1.281250 5.062500 1 3 1.000000
out70_hane02_1
0  29.036119 -11.229452 -14.606726  0.681417 0.724693 0.102115  -1.187500 5.062500 1 3 1.000000
0  29.036119 -11.946173 -14.606726  0.919553 -0.389050 -0.054933  -1.218750 5.062500 1 3 1.000000
0  28.469759 -11.946172 -15.173087  0.054933 -0.389050 -0.919553  -1.250000 5.062500 1 3 1.000000
out70_hane02_1
0  28.469759 -11.946172 -15.173087  0.054933 -0.389050 -0.919553  -1.250000 5.062500 1 3 1.000000
0  28.469759 -11.229451 -15.173087  -0.102115 0.724693 -0.681417  -1.218750 5.062500 1 3 1.000000
0  29.036119 -11.229452 -14.606726  0.681417 0.724693 0.102115  -1.187500 5.062500 1 3 1.000000
out70_hane02_1
0  29.036119 -11.229452 -14.606726  0.681417 0.724693 0.102115  -1.253906 5.062500 1 3 1.000000
0  28.469759 -11.229451 -15.173087  -0.102115 0.724693 -0.681417  -1.253906 5.062500 1 3 1.000000
0  26.739214 -12.702711 -13.442540  -0.575884 0.266884 -0.772729  -1.250000 5.062500 1 3 1.000000
out70_hane02_1
0  26.739214 -12.702711 -13.442540  -0.575884 0.266884 -0.772729  -1.250000 5.062500 1 3 1.000000
0  27.305574 -12.702711 -12.876179  0.772729 0.266884 0.575884  -1.250000 5.062500 1 3 1.000000
0  29.036119 -11.229452 -14.606726  0.681417 0.724693 0.102115  -1.253906 5.062500 1 3 1.000000
out70_hane02_1
0  27.305574 -12.702711 -12.876179  0.772729 0.266884 0.575884  -1.253906 5.062500 1 3 1.000000
0  26.739214 -12.702711 -13.442540  -0.575884 0.266884 -0.772729  -1.253906 5.062500 1 3 1.000000
0  26.706097 -12.009413 -13.409419  -0.121464 0.736442 -0.665487  -1.250000 5.062500 1 3 1.000000
out70_hane02_1
0  26.706097 -12.009413 -13.409419  -0.121464 0.736442 -0.665487  -1.250000 5.062500 1 3 1.000000
0  27.272455 -12.009413 -12.843059  0.665487 0.736442 0.121464  -1.250000 5.062500 1 3 1.000000
0  27.305574 -12.702711 -12.876179  0.772729 0.266884 0.575884  -1.253906 5.062500 1 3 1.000000
out70_hane02_1
0  27.272455 -12.009413 -12.843059  0.665487 0.736442 0.121464  -1.253906 5.062500 1 3 1.000000
0  26.706097 -12.009413 -13.409419  -0.121464 0.736442 -0.665487  -1.253906 5.062500 1 3 1.000000
0  23.210224 -14.977011 -9.913550  -0.938902 0.331645 0.091800  -1.250000 5.062500 1 3 1.000000
out70_hane02_1
0  23.210224 -14.977011 -9.913550  -0.938902 0.331645 0.091800  -1.250000 5.062500 1 3 1.000000
0  23.776585 -14.977011 -9.347190  -0.091800 0.331645 0.938902  -1.250000 5.062500 1 3 1.000000
0  27.272455 -12.009413 -12.843059  0.665487 0.736442 0.121464  -1.253906 5.062500 1 3 1.000000
out70_hane02_1
0  23.776585 -14.977011 -9.347190  -0.091800 0.331645 0.938902  -1.253906 5.062500 1 3 1.000000
0  23.210224 -14.977011 -9.913550  -0.938902 0.331645 0.091800  -1.253906 5.062500 1 3 1.000000
0  23.293024 -15.635176 -9.996351  -0.936674 0.211921 -0.278756  -1.250000 5.062500 1 3 1.000000
out70_hane02_1
0  23.293024 -15.635176 -9.996351  -0.936674 0.211921 -0.278756  -1.250000 5.062500 1 3 1.000000
0  23.859386 -15.635176 -9.429991  0.278756 0.211921 0.936674  -1.250000 5.062500 1 3 1.000000
0  23.776585 -14.977011 -9.347190  -0.091800 0.331645 0.938902  -1.253906 5.062500 1 3 1.000000
out70_hane02_1
0  22.879021 -12.344351 -9.582344  -0.640828 -0.752495 -0.151921  -1.253906 5.062500 1 3 1.000000
0  23.445379 -12.344351 -9.015984  0.151921 -0.752495 0.640828  -1.253906 5.062500 1 3 1.000000
0  23.364237 -11.686186 -8.934838  0.562639 -0.305612 0.768120  -1.250000 5.062500 1 3 1.000000
out70_hane02_1
0  23.364237 -11.686186 -8.934838  0.562639 -0.305612 0.768120  -1.250000 5.062500 1 3 1.000000
0  22.797873 -11.686186 -9.501199  -0.768120 -0.305612 -0.562639  -1.250000 5.062500 1 3 1.000000
0  22.879021 -12.344351 -9.582344  -0.640828 -0.752495 -0.151921  -1.253906 5.062500 1 3 1.000000
out70_hane02_1
0  22.797873 -11.686186 -9.501199  -0.768120 -0.305612 -0.562639  -1.261719 3.007812 1 3 1.000000
0  23.364237 -11.686186 -8.934838  0.562639 -0.305612 0.768120  -1.203125 3.007812 1 3 1.000000
0  21.847317 -12.887748 -7.417919  0.142003 -0.745201 0.651509  -1.218750 5.062500 1 3 1.000000
out70_hane02_1
0  21.847317 -12.887748 -7.417919  0.142003 -0.745201 0.651509  -1.218750 5.062500 1 3 1.000000
0  21.280954 -12.887748 -7.984280  -0.651479 -0.745201 -0.142003  -1.277344 5.062500 1 3 1.000000
0  22.797873 -11.686186 -9.501199  -0.768120 -0.305612 -0.562639  -1.261719 3.007812 1 3 1.000000
out70_hane02_1
0  26.560364 -9.245588 -13.263689  0.072420 -0.364849 -0.928220  -1.253906 5.062500 1 3 1.000000
0  27.126724 -9.245588 -12.697329  0.928220 -0.364849 -0.072420  -1.253906 5.062500 1 3 1.000000
0  23.445379 -12.344351 -9.015984  0.151921 -0.752495 0.640828  -1.250000 5.062500 1 3 1.000000
out70_hane02_1
0  23.445379 -12.344351 -9.015984  0.151921 -0.752495 0.640828  -1.250000 5.062500 1 3 1.000000
0  22.879021 -12.344351 -9.582344  -0.640828 -0.752495 -0.151921  -1.250000 5.062500 1 3 1.000000
0  26.560364 -9.245588 -13.263689  0.072420 -0.364849 -0.928220  -1.253906 5.062500 1 3 1.000000
out70_hane02_1
0  26.520618 -8.559317 -13.223944  -0.266091 -0.243324 -0.932707  -1.253906 5.062500 1 3 1.000000
0  27.086981 -8.559317 -12.657583  0.932707 -0.243324 0.266091  -1.253906 5.062500 1 3 1.000000
0  27.126724 -9.245588 -12.697329  0.928220 -0.364849 -0.072420  -1.250000 5.062500 1 3 1.000000
out70_hane02_1
0  27.126724 -9.245588 -12.697329  0.928220 -0.364849 -0.072420  -1.250000 5.062500 1 3 1.000000
0  26.560364 -9.245588 -13.263689  0.072420 -0.364849 -0.928220  -1.250000 5.062500 1 3 1.000000
0  26.520618 -8.559317 -13.223944  -0.266091 -0.243324 -0.932707  -1.253906 5.062500 1 3 1.000000
out70_hane02_1
0  28.469759 -6.922101 -15.173086  0.054567 -0.391583 -0.918485  -1.253906 5.062500 1 3 1.000000
0  29.036119 -6.922101 -14.606725  0.918485 -0.391583 -0.054567  -1.253906 5.062500 1 3 1.000000
0  27.086981 -8.559317 -12.657583  0.932707 -0.243324 0.266091  -1.250000 5.062500 1 3 1.000000
out70_hane02_1
0  27.086981 -8.559317 -12.657583  0.932707 -0.243324 0.266091  -1.250000 5.062500 1 3 1.000000
0  26.520618 -8.559317 -13.223944  -0.266091 -0.243324 -0.932707  -1.250000 5.062500 1 3 1.000000
0  28.469759 -6.922101 -15.173086  0.054567 -0.391583 -0.918485  -1.253906 5.062500 1 3 1.000000
out70_hane02_1
0  28.469759 -6.922101 -15.173086  0.054567 -0.391583 -0.918485  -1.246094 5.062500 1 3 1.000000
0  28.469759 -6.205381 -15.173086  -0.100589 0.723136 -0.683309  -1.250000 5.062500 1 3 1.000000
0  29.036119 -6.205381 -14.606725  0.683309 0.723136 0.100589  -1.253906 5.062500 1 3 1.000000
out70_hane02_1
0  29.036119 -6.205381 -14.606725  0.683309 0.723136 0.100589  -1.253906 5.062500 1 3 1.000000
0  29.036119 -6.922101 -14.606725  0.918485 -0.391583 -0.054567  -1.250000 5.062500 1 3 1.000000
0  28.469759 -6.922101 -15.173086  0.054567 -0.391583 -0.918485  -1.246094 5.062500 1 3 1.000000
out70_hane02_1
0  25.611462 -30.316236 -11.182068  0.274514 0.214240 0.937376  -1.214844 3.007812 1 3 1.000000
0  25.045099 -30.316236 -11.748428  -0.937376 0.214240 -0.274514  -1.273438 3.007812 1 3 1.000000
0  23.523212 -31.630224 -10.226541  -0.938932 0.332011 0.090243  -1.261719 5.062500 1 3 1.000000
out70_hane02_1
0  23.523212 -31.630224 -10.226541  -0.938932 0.332011 0.090243  -1.261719 5.062500 1 3 1.000000
0  24.089571 -31.630224 -9.660180  -0.090243 0.332011 0.938932  -1.203125 5.062500 1 3 1.000000
0  25.611462 -30.316236 -11.182068  0.274514 0.214240 0.937376  -1.214844 3.007812 1 3 1.000000
out70_hane02_1
0  23.859386 -15.635176 -9.429991  0.278756 0.211921 0.936674  -1.265625 3.007812 1 3 1.000000
0  23.293024 -15.635176 -9.996351  -0.936674 0.211921 -0.278756  -1.207031 3.007812 1 3 1.000000
0  21.781076 -16.916372 -8.484400  -0.937742 0.335429 0.089785  -1.218750 5.062500 1 3 1.000000
out70_hane02_1
0  21.781076 -16.916372 -8.484400  -0.937742 0.335429 0.089785  -1.218750 5.062500 1 3 1.000000
0  22.347435 -16.916372 -7.918040  -0.089785 0.335429 0.937742  -1.277344 5.062500 1 3 1.000000
0  23.859386 -15.635176 -9.429991  0.278756 0.211921 0.936674  -1.265625 3.007812 1 3 1.000000
out70_hane02_1
0  28.469759 -37.096973 -15.173091  0.000000 0.577349 -0.816492  -2.121094 -1.054688 1 3 1.000000
0  28.469759 -38.980122 -15.173092  -0.000397 -0.578204 -0.815851  -1.941406 1.007812 1 3 1.000000
0  26.076803 -38.970753 -12.780134  -0.443312 -0.255623 -0.859127  1.921875 1.000000 1 3 1.000000
out70_hane02_1
0  26.076803 -38.970753 -12.780134  -0.443312 -0.255623 -0.859127  1.921875 1.000000 1 3 1.000000
0  25.851583 -37.096973 -12.554914  -0.412275 0.356212 -0.838496  2.101562 -1.054688 1 3 1.000000
0  28.469759 -37.096973 -15.173091  0.000000 0.577349 -0.816492  -2.121094 -1.054688 1 3 1.000000
out70_hane02_1
0  20.527462 -6.268622 -7.230787  -0.969054 0.228950 0.092013  -1.308594 5.062500 1 3 1.000000
0  21.280954 -12.887748 -7.984280  -0.651479 -0.745201 -0.142003  -1.250000 5.062500 1 3 1.000000
0  21.847317 -12.887748 -7.417919  0.142003 -0.745201 0.651509  -1.250000 5.062500 1 3 1.000000
out70_hane02_1
0  21.847317 -12.887748 -7.417919  0.142003 -0.745201 0.651509  -1.250000 5.062500 1 3 1.000000
0  21.093822 -6.268622 -6.664426  -0.092013 0.228950 0.969054  -1.308594 5.062500 1 3 1.000000
0  20.527462 -6.268622 -7.230787  -0.969054 0.228950 0.092013  -1.308594 5.062500 1 3 1.000000
out70_hane02_1
0  25.649549 -44.744339 -11.220160  -0.011750 -0.459304 0.888180  -1.152344 5.062500 1 3 1.000000
0  24.089571 -31.630224 -9.660180  -0.090243 0.332011 0.938932  -1.269531 5.062500 1 3 1.000000
0  23.523212 -31.630224 -10.226541  -0.938932 0.332011 0.090243  -1.269531 5.062500 1 3 1.000000
out70_hane02_1
0  23.523212 -31.630224 -10.226541  -0.938932 0.332011 0.090243  -1.269531 5.062500 1 3 1.000000
0  25.083187 -44.744335 -11.786520  -0.888180 -0.459304 0.011750  -1.152344 5.062500 1 3 1.000000
0  25.649549 -44.744339 -11.220160  -0.011750 -0.459304 0.888180  -1.152344 5.062500 1 3 1.000000
out70_hane02_1
0  27.356913 -46.023190 -12.927522  0.729179 -0.682424 0.050417  -0.589844 3.007812 1 3 1.000000
0  26.790550 -46.023190 -13.493882  -0.050417 -0.682424 -0.729179  -0.589844 3.007812 1 3 1.000000
0  26.076803 -38.970753 -12.780134  -0.443312 -0.255623 -0.859127  -0.761719 3.007812 1 3 1.000000
out70_hane02_1
0  26.076803 -38.970753 -12.780134  -0.443312 -0.255623 -0.859127  -0.761719 3.007812 1 3 1.000000
0  26.643166 -38.970753 -12.213774  0.859127 -0.255623 0.443312  -0.761719 3.007812 1 3 1.000000
0  27.356913 -46.023190 -12.927522  0.729179 -0.682424 0.050417  -0.589844 3.007812 1 3 1.000000
out70_hane02_1
0  26.643166 -38.970753 -12.213774  0.859127 -0.255623 0.443312  -1.050781 3.007812 1 3 1.000000
0  26.076803 -38.970753 -12.780134  -0.443312 -0.255623 -0.859127  -1.050781 3.007812 1 3 1.000000
0  28.469759 -38.980122 -15.173092  -0.000397 -0.578204 -0.815851  -1.109375 3.007812 1 3 1.000000
out70_hane02_1
0  28.469759 -38.980122 -15.173092  -0.000397 -0.578204 -0.815851  -1.109375 3.007812 1 3 1.000000
0  29.036119 -38.980122 -14.606730  0.815851 -0.578204 0.000397  -1.109375 3.007812 1 3 1.000000
0  26.643166 -38.970753 -12.213774  0.859127 -0.255623 0.443312  -1.050781 3.007812 1 3 1.000000
out70_hane02_1
0  25.649549 -44.744339 -11.220160  -0.011750 -0.459304 0.888180  -1.152344 5.062500 1 3 1.000000
0  25.083187 -44.744335 -11.786520  -0.888180 -0.459304 0.011750  -1.152344 5.062500 1 3 1.000000
0  26.790550 -46.023190 -13.493882  -0.050417 -0.682424 -0.729179  -1.140625 3.007812 1 3 1.000000
out70_hane02_1
0  26.790550 -46.023190 -13.493882  -0.050417 -0.682424 -0.729179  -1.140625 3.007812 1 3 1.000000
0  27.356913 -46.023190 -12.927522  0.729179 -0.682424 0.050417  -1.140625 3.007812 1 3 1.000000
0  25.649549 -44.744339 -11.220160  -0.011750 -0.459304 0.888180  -1.152344 5.062500 1 3 1.000000
out70_hane02_1
0  24.528419 -25.983122 -11.231748  -0.568621 0.299814 -0.765984  -1.285156 3.000000 1 3 1.000000
0  23.082710 -27.906088 -9.786038  -0.640004 -0.753166 -0.151891  -1.339844 5.062500 1 3 1.000000
0  21.781076 -16.916372 -8.484400  -0.937742 0.335429 0.089785  -1.343750 5.062500 1 3 1.000000
out70_hane02_1
0  21.781076 -16.916372 -8.484400  -0.937742 0.335429 0.089785  -1.343750 5.062500 1 3 1.000000
0  23.374170 -16.293341 -10.077497  -0.276406 -0.214454 -0.936796  -1.285156 3.007812 1 3 1.000000
0  24.528419 -25.983122 -11.231748  -0.568621 0.299814 -0.765984  -1.285156 3.000000 1 3 1.000000
out70_hane02_1
0  21.781076 -16.916372 -8.484400  -0.937742 0.335429 0.089785  -1.398438 5.062500 1 3 1.000000
0  23.082710 -27.906088 -9.786038  -0.640004 -0.753166 -0.151891  -1.304688 5.062500 1 3 1.000000
0  23.649069 -27.906088 -9.219677  0.151891 -0.753166 0.640004  -1.304688 5.062500 1 3 1.000000
out70_hane02_1
0  23.649069 -27.906088 -9.219677  0.151891 -0.753166 0.640004  -1.304688 5.062500 1 3 1.000000
0  22.347435 -16.916372 -7.918040  -0.089785 0.335429 0.937742  -1.398438 5.062500 1 3 1.000000
0  21.781076 -16.916372 -8.484400  -0.937742 0.335429 0.089785  -1.398438 5.062500 1 3 1.000000
out70_hane02_1
0  26.739214 -12.702711 -13.442540  -0.575884 0.266884 -0.772729  -2.210938 2.039062 1 3 1.000000
0  28.469759 -11.946172 -15.173087  0.054933 -0.389050 -0.919553  -4.226562 1.023438 1 3 1.000000
0  23.374170 -16.293341 -10.077497  -0.276406 -0.214454 -0.936796  2.015625 1.046875 1 3 1.000000
out70_hane02_1
0  23.374170 -16.293341 -10.077497  -0.276406 -0.214454 -0.936796  2.015625 1.046875 1 3 1.000000
0  23.293024 -15.635176 -9.996351  -0.936674 0.211921 -0.278756  2.050781 2.070312 1 3 1.000000
0  26.739214 -12.702711 -13.442540  -0.575884 0.266884 -0.772729  -2.210938 2.039062 1 3 1.000000
out70_hane02_1
0  28.469759 5.739962 -15.173084  -0.168615 0.779199 -0.603656  -1.460938 5.062500 1 3 1.000000
0  20.527462 -6.268622 -7.230787  -0.969054 0.228950 0.092013  -1.308594 5.062500 1 3 1.000000
0  21.093822 -6.268622 -6.664426  -0.092013 0.228950 0.969054  -1.308594 5.062500 1 3 1.000000
out70_hane02_1
0  21.093822 -6.268622 -6.664426  -0.092013 0.228950 0.969054  -1.308594 5.062500 1 3 1.000000
0  29.036119 5.739962 -14.606723  0.603656 0.779199 0.168615  -1.460938 5.062500 1 3 1.000000
0  28.469759 5.739962 -15.173084  -0.168615 0.779199 -0.603656  -1.460938 5.062500 1 3 1.000000
out70_hane02_1
0  26.417946 -37.096973 -11.988553  0.838496 0.356212 0.412275  -1.257812 5.062500 1 3 1.000000
0  29.036119 -37.096973 -14.606730  0.816492 0.577349 0.000000  -1.273438 5.062500 1 3 1.000000
0  28.469759 -37.096973 -15.173091  0.000000 0.577349 -0.816492  -1.226562 5.062500 1 3 1.000000
out70_hane02_1
0  28.469759 -37.096973 -15.173091  0.000000 0.577349 -0.816492  -1.226562 5.062500 1 3 1.000000
0  25.851583 -37.096973 -12.554914  -0.412275 0.356212 -0.838496  -1.210938 5.062500 1 3 1.000000
0  26.417946 -37.096973 -11.988553  0.838496 0.356212 0.412275  -1.257812 5.062500 1 3 1.000000
out70_hane02_1
0  29.036119 -37.096973 -14.606730  0.816492 0.577349 0.000000  -2.121094 -1.054688 1 3 1.000000
0  26.417946 -37.096973 -11.988553  0.838496 0.356212 0.412275  2.101562 -1.054688 1 3 1.000000
0  26.643166 -38.970753 -12.213774  0.859127 -0.255623 0.443312  1.921875 1.000000 1 3 1.000000
out70_hane02_1
0  26.643166 -38.970753 -12.213774  0.859127 -0.255623 0.443312  1.921875 1.000000 1 3 1.000000
0  29.036119 -38.980122 -14.606730  0.815851 -0.578204 0.000397  -1.941406 1.007812 1 3 1.000000
0  29.036119 -37.096973 -14.606730  0.816492 0.577349 0.000000  -2.121094 -1.054688 1 3 1.000000
out70_hane02_1
0  26.706097 -12.009413 -13.409419  -0.121464 0.736442 -0.665487  -2.035156 1.054688 1 3 1.000000
0  26.739214 -12.702711 -13.442540  -0.575884 0.266884 -0.772729  -2.007812 2.062500 1 3 1.000000
0  23.293024 -15.635176 -9.996351  -0.936674 0.211921 -0.278756  2.031250 2.070312 1 3 1.000000
out70_hane02_1
0  23.293024 -15.635176 -9.996351  -0.936674 0.211921 -0.278756  2.031250 2.070312 1 3 1.000000
0  23.210224 -14.977011 -9.913550  -0.938902 0.331645 0.091800  2.062500 1.046875 1 3 1.000000
0  26.706097 -12.009413 -13.409419  -0.121464 0.736442 -0.665487  -2.035156 1.054688 1 3 1.000000
out70_hane02_1
0  23.374170 -16.293341 -10.077497  -0.276406 -0.214454 -0.936796  -1.191406 5.062500 1 3 1.000000
0  28.469759 -11.946172 -15.173087  0.054933 -0.389050 -0.919553  -1.214844 5.062500 1 3 1.000000
0  29.036119 -11.946173 -14.606726  0.919553 -0.389050 -0.054933  -1.242188 5.062500 1 3 1.000000
out70_hane02_1
0  29.036119 -11.946173 -14.606726  0.919553 -0.389050 -0.054933  -1.242188 5.062500 1 3 1.000000
0  23.940529 -16.293341 -9.511136  0.936796 -0.214454 0.276406  -1.214844 5.062500 1 3 1.000000
0  23.374170 -16.293341 -10.077497  -0.276406 -0.214454 -0.936796  -1.191406 5.062500 1 3 1.000000
out70_hane02_1
0  25.851583 -37.096973 -12.554914  -0.412275 0.356212 -0.838496  -1.218750 3.000000 1 3 1.000000
0  26.076803 -38.970753 -12.780134  -0.443312 -0.255623 -0.859127  -1.203125 2.960938 1 3 1.000000
0  25.083187 -44.744335 -11.786520  -0.888180 -0.459304 0.011750  -1.152344 5.015625 1 3 1.000000
out70_hane02_1
0  25.083187 -44.744335 -11.786520  -0.888180 -0.459304 0.011750  -1.152344 5.015625 1 3 1.000000
0  23.523212 -31.630224 -10.226541  -0.938932 0.332011 0.090243  -1.269531 5.070312 1 3 1.000000
0  25.851583 -37.096973 -12.554914  -0.412275 0.356212 -0.838496  -1.218750 3.000000 1 3 1.000000
out70_hane02_1
0  26.417946 -37.096973 -11.988553  0.838496 0.356212 0.412275  -1.218750 3.000000 1 3 1.000000
0  24.089571 -31.630224 -9.660180  -0.090243 0.332011 0.938932  -1.269531 5.070312 1 3 1.000000
0  25.649549 -44.744339 -11.220160  -0.011750 -0.459304 0.888180  -1.152344 5.015625 1 3 1.000000
out70_hane02_1
0  25.649549 -44.744339 -11.220160  -0.011750 -0.459304 0.888180  -1.152344 5.015625 1 3 1.000000
0  26.643166 -38.970753 -12.213774  0.859127 -0.255623 0.443312  -1.203125 2.960938 1 3 1.000000
0  26.417946 -37.096973 -11.988553  0.838496 0.356212 0.412275  -1.218750 3.000000 1 3 1.000000
out70_hane02_1
0  25.094780 -25.983122 -10.665387  0.765954 0.299875 0.568651  -1.285156 3.000000 1 3 1.000000
0  23.940529 -16.293341 -9.511136  0.936796 -0.214454 0.276406  -1.285156 3.007812 1 3 1.000000
0  22.347435 -16.916372 -7.918040  -0.089785 0.335429 0.937742  -1.343750 5.062500 1 3 1.000000
out70_hane02_1
0  22.347435 -16.916372 -7.918040  -0.089785 0.335429 0.937742  -1.343750 5.062500 1 3 1.000000
0  23.649069 -27.906088 -9.219677  0.151891 -0.753166 0.640004  -1.339844 5.062500 1 3 1.000000
0  25.094780 -25.983122 -10.665387  0.765954 0.299875 0.568651  -1.285156 3.000000 1 3 1.000000
out70_hane02_1
0  28.469759 -38.980122 -15.173092  -0.000397 -0.578204 -0.815851  -1.257812 5.062500 1 3 1.000000
0  28.469759 -37.096973 -15.173091  0.000000 0.577349 -0.816492  -1.250000 5.062500 1 3 1.000000
0  29.036119 -37.096973 -14.606730  0.816492 0.577349 0.000000  -1.250000 5.062500 1 3 1.000000
out70_hane02_1
0  29.036119 -37.096973 -14.606730  0.816492 0.577349 0.000000  -1.250000 5.062500 1 3 1.000000
0  29.036119 -38.980122 -14.606730  0.815851 -0.578204 0.000397  -1.253906 5.062500 1 3 1.000000
0  28.469759 -38.980122 -15.173092  -0.000397 -0.578204 -0.815851  -1.257812 5.062500 1 3 1.000000
out70_hane02_1
0  28.469759 -27.451696 -15.173090  -0.100314 0.722892 -0.683615  -1.218750 5.062500 1 3 1.000000
0  29.036119 -27.451696 -14.606729  0.683615 0.722892 0.100345  -1.187500 5.062500 1 3 1.000000
0  29.036119 -28.130941 -14.606729  0.918241 -0.392193 -0.054476  -1.218750 5.062500 1 3 1.000000
out70_hane02_1
0  29.036119 -28.130941 -14.606729  0.918241 -0.392193 -0.054476  -1.218750 5.062500 1 3 1.000000
0  28.469759 -28.130941 -15.173090  0.054476 -0.392193 -0.918241  -1.250000 5.062500 1 3 1.000000
0  28.469759 -27.451696 -15.173090  -0.100314 0.722892 -0.683615  -1.218750 5.062500 1 3 1.000000
out70_hane02_1
0  29.036119 -27.451696 -14.606729  0.683615 0.722892 0.100345  -1.253906 5.062500 1 3 1.000000
0  28.469759 -27.451696 -15.173090  -0.100314 0.722892 -0.683615  -1.253906 5.062500 1 3 1.000000
0  27.287359 -28.440113 -13.990687  -0.575396 0.260384 -0.775292  -1.250000 5.062500 1 3 1.000000
out70_hane02_1
0  27.287359 -28.440113 -13.990687  -0.575396 0.260384 -0.775292  -1.250000 5.062500 1 3 1.000000
0  27.853720 -28.440113 -13.424327  0.775292 0.260384 0.575396  -1.250000 5.062500 1 3 1.000000
0  29.036119 -27.451696 -14.606729  0.683615 0.722892 0.100345  -1.253906 5.062500 1 3 1.000000
out70_hane02_1
0  27.853720 -28.440113 -13.424327  0.775292 0.260384 0.575396  -1.253906 5.062500 1 3 1.000000
0  27.287359 -28.440113 -13.990687  -0.575396 0.260384 -0.775292  -1.253906 5.062500 1 3 1.000000
0  27.267488 -27.777266 -13.970815  -0.112674 0.730705 -0.673299  -1.250000 5.062500 1 3 1.000000
out70_hane02_1
0  27.267488 -27.777266 -13.970815  -0.112674 0.730705 -0.673299  -1.250000 5.062500 1 3 1.000000
0  27.833847 -27.777266 -13.404453  0.673299 0.730705 0.112674  -1.250000 5.062500 1 3 1.000000
0  27.853720 -28.440113 -13.424327  0.775292 0.260384 0.575396  -1.253906 5.062500 1 3 1.000000
out70_hane02_1
0  27.833847 -27.777266 -13.404453  0.673299 0.730705 0.112674  -1.253906 5.062500 1 3 1.000000
0  27.267488 -27.777266 -13.970815  -0.112674 0.730705 -0.673299  -1.253906 5.062500 1 3 1.000000
0  24.972237 -29.697889 -11.675564  -0.936918 0.337840 0.089419  -1.250000 5.062500 1 3 1.000000
out70_hane02_1
0  24.972237 -29.697889 -11.675564  -0.936918 0.337840 0.089419  -1.250000 5.062500 1 3 1.000000
0  25.538595 -29.697889 -11.109202  -0.089419 0.337840 0.936918  -1.250000 5.062500 1 3 1.000000
0  27.833847 -27.777266 -13.404453  0.673299 0.730705 0.112674  -1.253906 5.062500 1 3 1.000000
out70_hane02_1
0  25.538595 -29.697889 -11.109202  -0.089419 0.337840 0.936918  -1.253906 5.062500 1 3 1.000000
0  24.972237 -29.697889 -11.675564  -0.936918 0.337840 0.089419  -1.253906 5.062500 1 3 1.000000
0  25.045099 -30.316236 -11.748428  -0.937376 0.214240 -0.274514  -1.250000 5.062500 1 3 1.000000
out70_hane02_1
0  25.045099 -30.316236 -11.748428  -0.937376 0.214240 -0.274514  -1.250000 5.062500 1 3 1.000000
0  25.611462 -30.316236 -11.182068  0.274514 0.214240 0.937376  -1.250000 5.062500 1 3 1.000000
0  25.538595 -29.697889 -11.109202  -0.089419 0.337840 0.936918  -1.253906 5.062500 1 3 1.000000
out70_hane02_1
0  28.469759 -22.694637 -15.173089  -0.100131 0.722709 -0.683828  -4.046875 -5.039062 1 3 1.000000
0  28.469759 -23.373884 -15.173089  0.054445 -0.392376 -0.918180  -3.582031 -4.023438 1 3 1.000000
0  27.169779 -24.460676 -13.873109  -0.261513 -0.256691 -0.930418  -2.113281 -4.015625 1 3 1.000000
out70_hane02_1
0  23.859386 -15.635176 -9.429991  0.278756 0.211921 0.936674  -1.226562 3.007812 1 3 1.000000
0  22.347435 -16.916372 -7.918040  -0.089785 0.335429 0.937742  -1.210938 5.062500 1 3 1.000000
0  23.940529 -16.293341 -9.511136  0.936796 -0.214454 0.276406  -1.218750 3.007812 1 3 1.000000
out70_hane02_1
0  24.528419 -25.983122 -11.231748  -0.568621 0.299814 -0.765984  -1.285156 3.000000 1 3 1.000000
0  24.602942 -26.601467 -11.306270  -0.764336 -0.298074 -0.571734  -1.316406 3.000000 1 3 1.000000
0  23.082710 -27.906088 -9.786038  -0.640004 -0.753166 -0.151891  -1.339844 5.062500 1 3 1.000000
out70_hane02_1
0  26.739214 -12.702711 -13.442540  -0.575884 0.266884 -0.772729  -2.210938 2.039062 1 3 1.000000
0  28.469759 -11.229451 -15.173087  -0.102115 0.724693 -0.681417  -4.535156 1.992188 1 3 1.000000
0  28.469759 -11.946172 -15.173087  0.054933 -0.389050 -0.919553  -4.226562 1.023438 1 3 1.000000
out70_hane02_1
0  22.715073 -11.028021 -9.418398  -0.569506 0.296518 -0.766594  -1.203125 3.015625 1 3 1.000000
0  22.797873 -11.686186 -9.501199  -0.768120 -0.305612 -0.562639  -1.519531 2.921875 1 3 1.000000
0  21.280954 -12.887748 -7.984280  -0.651479 -0.745201 -0.142003  -1.261719 5.062500 1 3 1.000000
out70_hane02_1
0  29.036119 -22.694637 -14.606728  0.683828 0.722709 0.100131  -4.039062 -5.039062 1 3 1.000000
0  27.736139 -24.460676 -13.306747  0.930418 -0.256722 0.261513  -2.082031 -4.023438 1 3 1.000000
0  29.036119 -23.373884 -14.606728  0.918180 -0.392376 -0.054445  -3.628906 -4.023438 1 3 1.000000
out70_hane02_1
0  26.520618 -8.559317 -13.223944  -0.266091 -0.243324 -0.932707  -2.281250 -4.007812 1 3 1.000000
0  28.469759 -6.205381 -15.173086  -0.100589 0.723136 -0.683309  -4.339844 -5.039062 1 3 1.000000
0  28.469759 -6.922101 -15.173086  0.054567 -0.391583 -0.918485  -4.125000 -4.070312 1 3 1.000000
out70_hane02_1
0  29.036119 -6.205381 -14.606725  0.683309 0.723136 0.100589  -4.324219 -5.039062 1 3 1.000000
0  27.086981 -8.559317 -12.657583  0.932707 -0.243324 0.266091  -2.199219 -4.015625 1 3 1.000000
0  29.036119 -6.922101 -14.606725  0.918485 -0.391583 -0.054567  -4.253906 -4.070312 1 3 1.000000
out70_hane02_1
0  29.036119 -6.205381 -14.606725  0.683309 0.723136 0.100589  -1.242188 5.062500 1 3 1.000000
0  28.469759 -6.205381 -15.173086  -0.100589 0.723136 -0.683309  -1.246094 5.062500 1 3 1.000000
0  23.281431 -11.028021 -8.852036  0.766594 0.296548 0.569506  -1.238281 5.062500 1 3 1.000000
out70_hane02_1
0  29.036119 -11.229452 -14.606726  0.681417 0.724693 0.102115  -4.472656 2.132812 1 3 1.000000
0  27.305574 -12.702711 -12.876179  0.772729 0.266884 0.575884  -2.046875 2.070312 1 3 1.000000
0  29.036119 -11.946173 -14.606726  0.919553 -0.389050 -0.054933  -4.160156 3.093750 1 3 1.000000
out70_hane02_1
0  29.036119 -28.130941 -14.606729  0.918241 -0.392193 -0.054476  -1.210938 5.062500 1 3 1.000000
0  25.685982 -30.934584 -11.256589  0.935728 -0.215796 0.278939  -1.191406 5.062500 1 3 1.000000
0  28.469759 -28.130941 -15.173090  0.054476 -0.392193 -0.918241  -1.230469 5.062500 1 3 1.000000
out70_hane02_1
0  24.891088 -25.983122 -10.869078  0.000000 0.707083 0.707083  -1.234375 5.062500 1 3 1.000000
0  24.528419 -25.983122 -11.231748  0.000000 0.707083 0.707083  -1.265625 5.062500 1 3 1.000000
0  25.094780 -25.983122 -10.665387  0.666250 -0.689840 -0.283151  -1.214844 5.062500 1 3 1.000000
out70_hane02_1
0  23.374170 -16.293341 -10.077497  0.365246 -0.856258 -0.365246  -1.250000 5.062500 1 3 1.000000
0  28.469759 -11.946172 -15.173087  0.365246 -0.856258 -0.365246  -1.253906 5.062500 1 3 1.000000
0  29.036119 -11.946173 -14.606726  0.365246 -0.856258 -0.365246  -1.257812 5.062500 1 3 1.000000
out70_hane02_1
0  23.293024 -15.635176 -9.996351  -0.936674 0.211921 -0.278756  -1.226562 3.007812 1 3 1.000000
0  23.374170 -16.293341 -10.077497  -0.276406 -0.214454 -0.936796  -1.218750 3.007812 1 3 1.000000
0  21.781076 -16.916372 -8.484400  -0.937742 0.335429 0.089785  -1.210938 5.062500 1 3 1.000000
out70_hane02_1
0  29.036119 -27.451696 -14.606729  0.683615 0.722892 0.100345  -4.699219 2.070312 1 3 1.000000
0  27.853720 -28.440113 -13.424327  0.775292 0.260384 0.575396  -1.988281 2.070312 1 3 1.000000
0  29.036119 -28.130941 -14.606729  0.918241 -0.392193 -0.054476  -4.222656 3.085938 1 3 1.000000
out70_hane02_1
0  25.851583 -37.096973 -12.554914  -0.412275 0.356212 -0.838496  -1.250000 5.062500 1 3 1.000000
0  25.119619 -30.934584 -11.822949  -0.278939 -0.215796 -0.935728  -1.230469 5.062500 1 3 1.000000
0  26.417946 -37.096973 -11.988553  0.838496 0.356212 0.412275  -1.253906 5.062500 1 3 1.000000
out70_hane02_1
0  25.083187 -44.744335 -11.786520  -0.888180 -0.459304 0.011750  -1.152344 5.015625 1 3 1.000000
0  26.076803 -38.970753 -12.780134  -0.443312 -0.255623 -0.859127  -1.203125 2.960938 1 3 1.000000
0  26.790550 -46.023190 -13.493882  -0.050417 -0.682424 -0.729179  -1.140625 3.000000 1 3 1.000000
out70_hane02_1
0  29.036119 -22.694637 -14.606728  0.683828 0.722709 0.100131  -1.242188 5.062500 1 3 1.000000
0  28.469759 -22.694637 -15.173089  -0.100131 0.722709 -0.683828  -1.257812 5.062500 1 3 1.000000
0  25.094780 -25.983122 -10.665387  0.765954 0.299875 0.568651  -1.250000 5.062500 1 3 1.000000
out70_hane02_1
0  26.643166 -38.970753 -12.213774  0.859127 -0.255623 0.443312  -1.203125 2.960938 1 3 1.000000
0  25.649549 -44.744339 -11.220160  -0.011750 -0.459304 0.888180  -1.152344 5.015625 1 3 1.000000
0  27.356913 -46.023190 -12.927522  0.729179 -0.682424 0.050417  -1.140625 3.000000 1 3 1.000000
out70_hane02_1
0  28.469759 -27.451696 -15.173090  -0.100314 0.722892 -0.683615  -4.773438 2.078125 1 3 1.000000
0  28.469759 -28.130941 -15.173090  0.054476 -0.392193 -0.918241  -4.234375 3.085938 1 3 1.000000
0  27.287359 -28.440113 -13.990687  -0.575396 0.260384 -0.775292  -1.964844 2.070312 1 3 1.000000
out70_hane02_1
0  28.469759 5.739962 -15.173084  -0.168615 0.779199 -0.603656  -1.203125 5.062500 1 3 1.000000
0  29.036119 5.739962 -14.606723  0.603656 0.779199 0.168615  -1.265625 5.062500 1 3 1.000000
0  28.469759 2.798129 -15.173085  0.061525 -0.293924 -0.953825  -1.203125 5.062500 1 3 1.000000
out70_hane02_1
0  23.281431 -11.028021 -8.852036  0.766594 0.296548 0.569506  -1.375000 3.015625 1 3 1.000000
0  21.847317 -12.887748 -7.417919  0.142003 -0.745201 0.651509  -1.269531 5.062500 1 3 1.000000
0  23.364237 -11.686186 -8.934838  0.562639 -0.305612 0.768120  1.042969 2.921875 1 3 1.000000
out70_hane02_1
0  25.094780 -25.983122 -10.665387  0.765954 0.299875 0.568651  -1.285156 3.000000 1 3 1.000000
0  23.649069 -27.906088 -9.219677  0.151891 -0.753166 0.640004  -1.339844 5.062500 1 3 1.000000
0  25.169302 -26.601467 -10.739909  0.571734 -0.298074 0.764336  -1.316406 3.000000 1 3 1.000000
out70_hane03_1
0  30.278139 -5.856389 -16.415106  0.074557 0.994415 -0.074557  0.546875 0.601562 1 3 1.000000
0  31.571495 -6.547346 -15.721231  0.706076 0.656880 0.264351  0.546875 0.601562 1 3 1.000000
0  29.584269 -6.547345 -17.708462  -0.264351 0.656880 -0.706076  0.898438 0.601562 1 3 1.000000
out70_hane03_1
0  29.584269 -6.547345 -17.708462  -0.264351 0.656880 -0.706076  0.898438 0.601562 1 3 1.000000
0  31.571495 -6.547346 -15.721231  0.706076 0.656880 0.264351  0.546875 0.601562 1 3 1.000000
0  32.172634 -7.931600 -16.322369  0.999390 -0.018555 -0.028993  0.898438 0.601562 1 3 1.000000
out70_hane03_1
0  29.584269 -6.547345 -17.708462  -0.264351 0.656880 -0.706076  0.898438 0.601562 1 3 1.000000
0  32.172634 -7.931600 -16.322369  0.999390 -0.018555 -0.028993  0.898438 0.601562 1 3 1.000000
0  30.185404 -7.931600 -18.309597  0.028993 -0.018555 -0.999390  0.546875 0.601562 1 3 1.000000
out70_hane03_1
0  30.185404 -7.931600 -18.309597  0.028993 -0.018555 -0.999390  0.546875 0.601562 1 3 1.000000
0  32.172634 -7.931600 -16.322369  0.999390 -0.018555 -0.028993  0.898438 0.601562 1 3 1.000000
0  31.478760 -8.622556 -17.615726  0.660695 -0.356212 -0.660695  0.546875 0.601562 1 3 1.000000
out70_hane03_1
0  30.153938 -22.347990 -16.290905  0.093661 0.991180 -0.093661  0.546875 0.601562 1 3 1.000000
0  31.434048 -23.050657 -15.583783  0.718833 0.648000 0.251625  0.546875 0.601562 1 3 1.000000
0  29.446815 -23.050655 -17.571012  -0.251625 0.648000 -0.718833  0.898438 0.601562 1 3 1.000000
out70_hane03_1
0  29.446815 -23.050655 -17.571012  -0.251625 0.648000 -0.718833  0.898438 0.601562 1 3 1.000000
0  31.434048 -23.050657 -15.583783  0.718833 0.648000 0.251625  0.546875 0.601562 1 3 1.000000
0  32.007030 -24.455992 -16.156769  0.998871 -0.037690 -0.027985  0.898438 0.601562 1 3 1.000000
out70_hane03_1
0  29.446815 -23.050655 -17.571012  -0.251625 0.648000 -0.718833  0.898438 0.601562 1 3 1.000000
0  32.007030 -24.455992 -16.156769  0.998871 -0.037690 -0.027985  0.898438 0.601562 1 3 1.000000
0  30.019802 -24.455990 -18.143999  0.027985 -0.037690 -0.998871  0.546875 0.601562 1 3 1.000000
out70_hane03_1
0  30.019802 -24.455990 -18.143999  0.027985 -0.037690 -0.998871  0.546875 0.601562 1 3 1.000000
0  32.007030 -24.455992 -16.156769  0.998871 -0.037690 -0.027985  0.898438 0.601562 1 3 1.000000
0  31.301563 -25.161001 -17.438532  0.653676 -0.381237 -0.653676  0.546875 0.601562 1 3 1.000000
out70_hane03_1
0  29.615728 -8.247801 -13.765464  -0.028932 0.017884 0.999420  1.203125 -0.105469 1 3 1.000000
0  28.322374 -7.554502 -14.459339  -0.660573 0.356700 0.660573  1.164062 -0.105469 1 3 1.000000
0  28.921856 -8.938756 -15.058821  -0.602496 -0.523392 0.602496  1.187500 0.593750 1 3 1.000000
out70_hane03_1
0  27.628500 -8.247800 -15.752695  -0.999420 0.017884 0.028932  1.203125 -0.105469 1 3 1.000000
0  28.921856 -8.938756 -15.058821  -0.602496 -0.523392 0.602496  1.187500 0.593750 1 3 1.000000
0  28.322374 -7.554502 -14.459339  -0.660573 0.356700 0.660573  1.164062 -0.105469 1 3 1.000000
out70_hane03_1
0  27.459583 -24.673817 -15.583783  -0.998871 0.038026 0.027955  1.203125 -0.105469 1 3 1.000000
0  28.739693 -25.376486 -14.876660  -0.612507 -0.499649 0.612507  1.187500 0.593750 1 3 1.000000
0  28.165052 -23.971149 -14.302019  -0.653798 0.380810 0.653798  1.164062 -0.105469 1 3 1.000000
out70_hane03_1
0  29.446815 -24.673817 -13.596552  -0.027955 0.038026 0.998871  1.203125 -0.105469 1 3 1.000000
0  28.165052 -23.971149 -14.302019  -0.653798 0.380810 0.653798  1.164062 -0.105469 1 3 1.000000
0  28.739693 -25.376486 -14.876660  -0.612507 -0.499649 0.612507  1.187500 0.593750 1 3 1.000000
out70_hane03_1
0  30.216867 -9.629713 -14.366602  0.264779 -0.656911 0.705893  1.164062 -0.105469 1 3 1.000000
0  28.921856 -8.938756 -15.058821  -0.602496 -0.523392 0.602496  1.187500 0.593750 1 3 1.000000
0  29.522991 -10.320668 -15.659958  -0.074252 -0.994446 0.074252  1.203125 -0.105469 1 3 1.000000
out70_hane03_1
0  28.229635 -9.629712 -16.353832  -0.705893 -0.656911 -0.264779  1.164062 -0.105469 1 3 1.000000
0  29.522991 -10.320668 -15.659958  -0.074252 -0.994446 0.074252  1.203125 -0.105469 1 3 1.000000
0  28.921856 -8.938756 -15.058821  -0.602496 -0.523392 0.602496  1.187500 0.593750 1 3 1.000000
out70_hane03_1
0  30.019802 -26.079155 -14.169538  0.251656 -0.647572 0.719230  1.164062 -0.105469 1 3 1.000000
0  28.739693 -25.376486 -14.876660  -0.612507 -0.499649 0.612507  1.187500 0.593750 1 3 1.000000
0  29.312675 -26.784163 -15.449646  -0.093875 -0.991119 0.093875  1.203125 -0.105469 1 3 1.000000
out70_hane03_1
0  28.032570 -26.079155 -16.156769  -0.719230 -0.647572 -0.251656  1.164062 -0.105469 1 3 1.000000
0  29.312675 -26.784163 -15.449646  -0.093875 -0.991119 0.093875  1.203125 -0.105469 1 3 1.000000
0  28.739693 -25.376486 -14.876660  -0.612507 -0.499649 0.612507  1.187500 0.593750 1 3 1.000000
out70_hane03_1
0  22.453419 -14.454695 -10.465006  -0.183721 -0.211066 -0.960021  -2.601562 -0.250000 1 3 1.000000
0  20.987837 -15.726522 -8.999424  -0.615101 -0.584765 -0.528825  -2.601562 0.980469 1 3 1.000000
0  20.414852 -14.403167 -8.426438  -0.959960 0.211463 -0.183660  -0.406250 0.980469 1 3 1.000000
out70_hane03_1
0  20.414852 -14.403167 -8.426438  -0.959960 0.211463 -0.183660  -0.406250 0.980469 1 3 1.000000
0  21.878778 -13.131338 -9.890365  -0.528398 0.585772 -0.614490  -0.406250 -0.250000 1 3 1.000000
0  22.453419 -14.454695 -10.465006  -0.183721 -0.211066 -0.960021  -2.601562 -0.250000 1 3 1.000000
out70_hane03_1
0  22.450108 -15.747603 -7.056905  0.101047 -0.674490 0.731284  1.070312 0.968750 1 3 1.000000
0  21.925148 -16.269918 -8.035617  -0.190497 -0.962889 0.191107  1.039062 0.968750 1 3 1.000000
0  22.226543 -16.389372 -8.337014  0.128910 -0.983245 -0.128758  1.031250 0.902344 1 3 1.000000
out70_hane03_1
0  22.226543 -16.389372 -8.337014  0.128910 -0.983245 -0.128758  1.031250 0.902344 1 3 1.000000
0  22.888954 -15.726523 -7.098306  0.527757 -0.585040 0.615772  1.078125 0.902344 1 3 1.000000
0  22.450108 -15.747603 -7.056905  0.101047 -0.674490 0.731284  1.070312 0.968750 1 3 1.000000
out70_hane03_1
0  23.753399 -14.681890 -9.863870  0.693289 -0.196875 -0.693228  1.078125 0.968750 1 3 1.000000
0  24.278358 -14.159575 -8.885158  0.984466 0.091067 -0.149968  1.039062 0.968750 1 3 1.000000
0  24.354538 -14.454696 -8.563889  0.960356 -0.210089 0.183081  1.039062 0.902344 1 3 1.000000
out70_hane03_1
0  24.354538 -14.454696 -8.563889  0.960356 -0.210089 0.183081  1.039062 0.902344 1 3 1.000000
0  23.692127 -15.115202 -9.802596  0.561968 -0.606891 -0.561968  1.078125 0.902344 1 3 1.000000
0  23.753399 -14.681890 -9.863870  0.693289 -0.196875 -0.693228  1.078125 0.968750 1 3 1.000000
out70_hane03_1
0  21.015989 -14.175971 -7.126459  -0.693228 0.196692 0.693319  1.078125 0.968750 1 3 1.000000
0  21.994699 -14.700628 -6.601499  -0.148991 -0.091769 0.984558  1.039062 0.968750 1 3 1.000000
0  22.315969 -14.403167 -6.525321  0.183020 0.210486 0.960295  1.039062 0.902344 1 3 1.000000
out70_hane03_1
0  22.315969 -14.403167 -6.525321  0.183020 0.210486 0.960295  1.039062 0.902344 1 3 1.000000
0  21.077265 -13.742660 -7.187732  -0.561968 0.606891 0.561968  1.078125 0.902344 1 3 1.000000
0  21.015989 -14.175971 -7.126459  -0.693228 0.196692 0.693319  1.078125 0.968750 1 3 1.000000
out70_hane03_1
0  23.822952 -13.112601 -8.429750  0.732383 0.673391 0.100650  1.070312 0.968750 1 3 1.000000
0  22.844242 -12.587942 -8.954710  0.187628 0.964263 -0.187017  1.031250 0.968750 1 3 1.000000
0  22.542845 -12.470832 -8.653314  -0.129276 0.983123 0.129398  1.031250 0.902344 1 3 1.000000
out70_hane03_1
0  22.542845 -12.470832 -8.653314  -0.129276 0.983123 0.129398  1.031250 0.902344 1 3 1.000000
0  23.779896 -13.131339 -7.989248  0.615162 0.586047 0.527329  1.078125 0.902344 1 3 1.000000
0  23.822952 -13.112601 -8.429750  0.732383 0.673391 0.100650  1.070312 0.968750 1 3 1.000000
out70_hane03_1
0  21.994699 -14.700628 -6.601499  -0.148991 -0.091769 0.984558  1.078125 0.968750 1 3 1.000000
0  22.450108 -15.747603 -7.056905  0.101047 -0.674490 0.731284  1.039062 0.968750 1 3 1.000000
0  22.888954 -15.726523 -7.098306  0.527757 -0.585040 0.615772  1.039062 0.902344 1 3 1.000000
out70_hane03_1
0  22.888954 -15.726523 -7.098306  0.527757 -0.585040 0.615772  1.039062 0.902344 1 3 1.000000
0  22.315969 -14.403167 -6.525321  0.183020 0.210486 0.960295  1.085938 0.902344 1 3 1.000000
0  21.994699 -14.700628 -6.601499  -0.148991 -0.091769 0.984558  1.078125 0.968750 1 3 1.000000
out70_hane03_1
0  24.278358 -14.159575 -8.885158  0.984466 0.091067 -0.149968  1.078125 0.968750 1 3 1.000000
0  23.822952 -13.112601 -8.429750  0.732383 0.673391 0.100650  1.039062 0.968750 1 3 1.000000
0  23.779896 -13.131339 -7.989248  0.615162 0.586047 0.527329  1.039062 0.902344 1 3 1.000000
out70_hane03_1
0  23.779896 -13.131339 -7.989248  0.615162 0.586047 0.527329  1.039062 0.902344 1 3 1.000000
0  24.354538 -14.454696 -8.563889  0.960356 -0.210089 0.183081  1.078125 0.902344 1 3 1.000000
0  24.278358 -14.159575 -8.885158  0.984466 0.091067 -0.149968  1.078125 0.968750 1 3 1.000000
out70_hane03_1
0  23.692127 -15.115202 -9.802596  0.561968 -0.606891 -0.561968  -2.601562 -0.250000 1 3 1.000000
0  24.354538 -14.454696 -8.563889  0.960356 -0.210089 0.183081  -0.406250 -0.250000 1 3 1.000000
0  22.888954 -15.726523 -7.098306  0.527757 -0.585040 0.615772  -0.406250 0.980469 1 3 1.000000
out70_hane03_1
0  22.888954 -15.726523 -7.098306  0.527757 -0.585040 0.615772  -0.406250 0.980469 1 3 1.000000
0  22.226543 -16.389372 -8.337014  0.128910 -0.983245 -0.128758  -2.601562 0.980469 1 3 1.000000
0  23.692127 -15.115202 -9.802596  0.561968 -0.606891 -0.561968  -2.601562 -0.250000 1 3 1.000000
out70_hane03_1
0  23.779896 -13.131339 -7.989248  0.615162 0.586047 0.527329  -2.601562 -0.250000 1 3 1.000000
0  22.542845 -12.470832 -8.653314  -0.129276 0.983123 0.129398  -0.406250 -0.250000 1 3 1.000000
0  21.077265 -13.742660 -7.187732  -0.561968 0.606891 0.561968  -0.406250 0.980469 1 3 1.000000
out70_hane03_1
0  21.077265 -13.742660 -7.187732  -0.561968 0.606891 0.561968  -0.406250 0.980469 1 3 1.000000
0  22.315969 -14.403167 -6.525321  0.183020 0.210486 0.960295  -2.601562 0.980469 1 3 1.000000
0  23.779896 -13.131339 -7.989248  0.615162 0.586047 0.527329  -2.601562 -0.250000 1 3 1.000000
out70_hane03_1
0  24.354538 -14.454696 -8.563889  0.960356 -0.210089 0.183081  -2.601562 -0.250000 1 3 1.000000
0  23.779896 -13.131339 -7.989248  0.615162 0.586047 0.527329  -0.406250 -0.250000 1 3 1.000000
0  22.315969 -14.403167 -6.525321  0.183020 0.210486 0.960295  -0.406250 0.980469 1 3 1.000000
out70_hane03_1
0  22.315969 -14.403167 -6.525321  0.183020 0.210486 0.960295  -0.406250 0.980469 1 3 1.000000
0  22.888954 -15.726523 -7.098306  0.527757 -0.585040 0.615772  -2.601562 0.980469 1 3 1.000000
0  24.354538 -14.454696 -8.563889  0.960356 -0.210089 0.183081  -2.601562 -0.250000 1 3 1.000000
out70_hane03_1
0  31.478760 -8.622556 -17.615726  0.660695 -0.356212 -0.660695  -4.625000 0.753906 1 3 1.000000
0  29.522991 -10.320668 -15.659958  -0.074252 -0.994446 0.074252  -4.625000 1.996094 1 3 1.000000
0  28.229635 -9.629712 -16.353832  -0.705893 -0.656911 -0.264779  -2.398438 1.996094 1 3 1.000000
out70_hane03_1
0  28.229635 -9.629712 -16.353832  -0.705893 -0.656911 -0.264779  -2.398438 1.996094 1 3 1.000000
0  30.185404 -7.931600 -18.309597  0.028993 -0.018555 -0.999390  -2.398438 0.753906 1 3 1.000000
0  31.478760 -8.622556 -17.615726  0.660695 -0.356212 -0.660695  -4.625000 0.753906 1 3 1.000000
out70_hane03_1
0  30.185404 -7.931600 -18.309597  0.028993 -0.018555 -0.999390  -4.625000 0.753906 1 3 1.000000
0  28.229635 -9.629712 -16.353832  -0.705893 -0.656911 -0.264779  -4.625000 1.996094 1 3 1.000000
0  27.628500 -8.247800 -15.752695  -0.999420 0.017884 0.028932  -2.398438 1.996094 1 3 1.000000
out70_hane03_1
0  27.628500 -8.247800 -15.752695  -0.999420 0.017884 0.028932  -2.398438 1.996094 1 3 1.000000
0  29.584269 -6.547345 -17.708462  -0.264351 0.656880 -0.706076  -2.398438 0.753906 1 3 1.000000
0  30.185404 -7.931600 -18.309597  0.028993 -0.018555 -0.999390  -4.625000 0.753906 1 3 1.000000
out70_hane03_1
0  31.478760 -8.622556 -17.615726  0.660695 -0.356212 -0.660695  -4.625000 0.753906 1 3 1.000000
0  32.172634 -7.931600 -16.322369  0.999390 -0.018555 -0.028993  -2.398438 0.753906 1 3 1.000000
0  30.216867 -9.629713 -14.366602  0.264779 -0.656911 0.705893  -2.398438 1.996094 1 3 1.000000
out70_hane03_1
0  30.216867 -9.629713 -14.366602  0.264779 -0.656911 0.705893  -2.398438 1.996094 1 3 1.000000
0  29.522991 -10.320668 -15.659958  -0.074252 -0.994446 0.074252  -4.625000 1.996094 1 3 1.000000
0  31.478760 -8.622556 -17.615726  0.660695 -0.356212 -0.660695  -4.625000 0.753906 1 3 1.000000
out70_hane03_1
0  31.571495 -6.547346 -15.721231  0.706076 0.656880 0.264351  -4.625000 0.753906 1 3 1.000000
0  30.278139 -5.856389 -16.415106  0.074557 0.994415 -0.074557  -2.398438 0.753906 1 3 1.000000
0  28.322374 -7.554502 -14.459339  -0.660573 0.356700 0.660573  -2.398438 1.996094 1 3 1.000000
out70_hane03_1
0  28.322374 -7.554502 -14.459339  -0.660573 0.356700 0.660573  -2.398438 1.996094 1 3 1.000000
0  29.615728 -8.247801 -13.765464  -0.028932 0.017884 0.999420  -4.625000 1.996094 1 3 1.000000
0  31.571495 -6.547346 -15.721231  0.706076 0.656880 0.264351  -4.625000 0.753906 1 3 1.000000
out70_hane03_1
0  32.172634 -7.931600 -16.322369  0.999390 -0.018555 -0.028993  -4.625000 0.753906 1 3 1.000000
0  31.571495 -6.547346 -15.721231  0.706076 0.656880 0.264351  -2.398438 0.753906 1 3 1.000000
0  29.615728 -8.247801 -13.765464  -0.028932 0.017884 0.999420  -2.398438 1.996094 1 3 1.000000
out70_hane03_1
0  29.615728 -8.247801 -13.765464  -0.028932 0.017884 0.999420  -2.398438 1.996094 1 3 1.000000
0  30.216867 -9.629713 -14.366602  0.264779 -0.656911 0.705893  -4.625000 1.996094 1 3 1.000000
0  32.172634 -7.931600 -16.322369  0.999390 -0.018555 -0.028993  -4.625000 0.753906 1 3 1.000000
out70_hane03_1
0  29.584269 -6.547345 -17.708462  -0.264351 0.656880 -0.706076  -4.625000 0.753906 1 3 1.000000
0  27.628500 -8.247800 -15.752695  -0.999420 0.017884 0.028932  -4.625000 1.996094 1 3 1.000000
0  28.322374 -7.554502 -14.459339  -0.660573 0.356700 0.660573  -2.398438 1.996094 1 3 1.000000
out70_hane03_1
0  28.322374 -7.554502 -14.459339  -0.660573 0.356700 0.660573  -2.398438 1.996094 1 3 1.000000
0  30.278139 -5.856389 -16.415106  0.074557 0.994415 -0.074557  -2.398438 0.753906 1 3 1.000000
0  29.584269 -6.547345 -17.708462  -0.264351 0.656880 -0.706076  -4.625000 0.753906 1 3 1.000000
out70_hane03_1
0  20.944780 -15.747603 -8.562233  -0.731559 -0.673757 -0.104007  1.078125 0.968750 1 3 1.000000
0  20.987837 -15.726522 -8.999424  -0.615101 -0.584765 -0.528825  1.078125 0.902344 1 3 1.000000
0  22.226543 -16.389372 -8.337014  0.128910 -0.983245 -0.128758  1.031250 0.902344 1 3 1.000000
out70_hane03_1
0  22.226543 -16.389372 -8.337014  0.128910 -0.983245 -0.128758  1.031250 0.902344 1 3 1.000000
0  21.925148 -16.269918 -8.035617  -0.190497 -0.962889 0.191107  1.039062 0.968750 1 3 1.000000
0  20.944780 -15.747603 -8.562233  -0.731559 -0.673757 -0.104007  1.078125 0.968750 1 3 1.000000
out70_hane03_1
0  23.753399 -14.681890 -9.863870  0.693289 -0.196875 -0.693228  1.078125 0.968750 1 3 1.000000
0  23.692127 -15.115202 -9.802596  0.561968 -0.606891 -0.561968  1.078125 0.902344 1 3 1.000000
0  22.453419 -14.454695 -10.465006  -0.183721 -0.211066 -0.960021  1.039062 0.902344 1 3 1.000000
out70_hane03_1
0  22.453419 -14.454695 -10.465006  -0.183721 -0.211066 -0.960021  1.039062 0.902344 1 3 1.000000
0  22.773031 -14.159575 -10.390485  0.147404 0.089297 -0.985015  1.039062 0.968750 1 3 1.000000
0  23.753399 -14.681890 -9.863870  0.693289 -0.196875 -0.693228  1.078125 0.968750 1 3 1.000000
out70_hane03_1
0  31.301563 -25.161001 -17.438532  0.653676 -0.381237 -0.653676  -4.625000 0.753906 1 3 1.000000
0  32.007030 -24.455992 -16.156769  0.998871 -0.037690 -0.027985  -2.398438 0.753906 1 3 1.000000
0  30.019802 -26.079155 -14.169538  0.251656 -0.647572 0.719230  -2.398438 1.996094 1 3 1.000000
out70_hane03_1
0  30.019802 -26.079155 -14.169538  0.251656 -0.647572 0.719230  -2.398438 1.996094 1 3 1.000000
0  29.312675 -26.784163 -15.449646  -0.093875 -0.991119 0.093875  -4.625000 1.996094 1 3 1.000000
0  31.301563 -25.161001 -17.438532  0.653676 -0.381237 -0.653676  -4.625000 0.753906 1 3 1.000000
out70_hane03_1
0  31.434048 -23.050657 -15.583783  0.718833 0.648000 0.251625  -4.625000 0.753906 1 3 1.000000
0  30.153938 -22.347990 -16.290905  0.093661 0.991180 -0.093661  -2.398438 0.753906 1 3 1.000000
0  28.165052 -23.971149 -14.302019  -0.653798 0.380810 0.653798  -2.398438 1.996094 1 3 1.000000
out70_hane03_1
0  28.165052 -23.971149 -14.302019  -0.653798 0.380810 0.653798  -2.398438 1.996094 1 3 1.000000
0  29.446815 -24.673817 -13.596552  -0.027955 0.038026 0.998871  -4.625000 1.996094 1 3 1.000000
0  31.434048 -23.050657 -15.583783  0.718833 0.648000 0.251625  -4.625000 0.753906 1 3 1.000000
out70_hane03_1
0  32.007030 -24.455992 -16.156769  0.998871 -0.037690 -0.027985  -4.625000 0.753906 1 3 1.000000
0  31.434048 -23.050657 -15.583783  0.718833 0.648000 0.251625  -2.398438 0.753906 1 3 1.000000
0  29.446815 -24.673817 -13.596552  -0.027955 0.038026 0.998871  -2.398438 1.996094 1 3 1.000000
out70_hane03_1
0  29.446815 -24.673817 -13.596552  -0.027955 0.038026 0.998871  -2.398438 1.996094 1 3 1.000000
0  30.019802 -26.079155 -14.169538  0.251656 -0.647572 0.719230  -4.625000 1.996094 1 3 1.000000
0  32.007030 -24.455992 -16.156769  0.998871 -0.037690 -0.027985  -4.625000 0.753906 1 3 1.000000
out70_hane03_1
0  21.015989 -14.175971 -7.126459  -0.693228 0.196692 0.693319  1.078125 0.968750 1 3 1.000000
0  21.077265 -13.742660 -7.187732  -0.561968 0.606891 0.561968  1.078125 0.902344 1 3 1.000000
0  20.414852 -14.403167 -8.426438  -0.959960 0.211463 -0.183660  1.031250 0.902344 1 3 1.000000
out70_hane03_1
0  20.414852 -14.403167 -8.426438  -0.959960 0.211463 -0.183660  1.031250 0.902344 1 3 1.000000
0  20.489374 -14.700628 -8.106826  -0.985107 -0.089999 0.146428  1.039062 0.968750 1 3 1.000000
0  21.015989 -14.175971 -7.126459  -0.693228 0.196692 0.693319  1.078125 0.968750 1 3 1.000000
out70_hane03_1
0  22.317623 -13.112600 -9.935078  -0.103580 0.672658 -0.732658  1.070312 0.968750 1 3 1.000000
0  21.878778 -13.131338 -9.890365  -0.528398 0.585772 -0.614490  1.070312 0.902344 1 3 1.000000
0  22.542845 -12.470832 -8.653314  -0.129276 0.983123 0.129398  1.023438 0.902344 1 3 1.000000
out70_hane03_1
0  22.542845 -12.470832 -8.653314  -0.129276 0.983123 0.129398  1.023438 0.902344 1 3 1.000000
0  22.844242 -12.587942 -8.954710  0.187628 0.964263 -0.187017  1.031250 0.968750 1 3 1.000000
0  22.317623 -13.112600 -9.935078  -0.103580 0.672658 -0.732658  1.070312 0.968750 1 3 1.000000
out70_hane03_1
0  31.301563 -25.161001 -17.438532  0.653676 -0.381237 -0.653676  -4.625000 0.753906 1 3 1.000000
0  29.312675 -26.784163 -15.449646  -0.093875 -0.991119 0.093875  -4.625000 1.996094 1 3 1.000000
0  28.032570 -26.079155 -16.156769  -0.719230 -0.647572 -0.251656  -2.398438 1.996094 1 3 1.000000
out70_hane03_1
0  28.032570 -26.079155 -16.156769  -0.719230 -0.647572 -0.251656  -2.398438 1.996094 1 3 1.000000
0  30.019802 -24.455990 -18.143999  0.027985 -0.037690 -0.998871  -2.398438 0.753906 1 3 1.000000
0  31.301563 -25.161001 -17.438532  0.653676 -0.381237 -0.653676  -4.625000 0.753906 1 3 1.000000
out70_hane03_1
0  29.446815 -23.050655 -17.571012  -0.251625 0.648000 -0.718833  -4.625000 0.753906 1 3 1.000000
0  27.459583 -24.673817 -15.583783  -0.998871 0.038026 0.027955  -4.625000 1.996094 1 3 1.000000
0  28.165052 -23.971149 -14.302019  -0.653798 0.380810 0.653798  -2.398438 1.996094 1 3 1.000000
out70_hane03_1
0  28.165052 -23.971149 -14.302019  -0.653798 0.380810 0.653798  -2.398438 1.996094 1 3 1.000000
0  30.153938 -22.347990 -16.290905  0.093661 0.991180 -0.093661  -2.398438 0.753906 1 3 1.000000
0  29.446815 -23.050655 -17.571012  -0.251625 0.648000 -0.718833  -4.625000 0.753906 1 3 1.000000
out70_hane03_1
0  30.019802 -24.455990 -18.143999  0.027985 -0.037690 -0.998871  -4.625000 0.753906 1 3 1.000000
0  28.032570 -26.079155 -16.156769  -0.719230 -0.647572 -0.251656  -4.625000 1.996094 1 3 1.000000
0  27.459583 -24.673817 -15.583783  -0.998871 0.038026 0.027955  -2.398438 1.996094 1 3 1.000000
out70_hane03_1
0  27.459583 -24.673817 -15.583783  -0.998871 0.038026 0.027955  -2.398438 1.996094 1 3 1.000000
0  29.446815 -23.050655 -17.571012  -0.251625 0.648000 -0.718833  -2.398438 0.753906 1 3 1.000000
0  30.019802 -24.455990 -18.143999  0.027985 -0.037690 -0.998871  -4.625000 0.753906 1 3 1.000000
out70_hane03_1
0  24.054796 -30.590279 -8.661596  0.090365 -0.661824 0.744163  1.070312 0.968750 1 3 1.000000
0  23.519899 -31.121962 -9.630372  -0.205267 -0.956786 0.205908  1.031250 0.968750 1 3 1.000000
0  23.819639 -31.250784 -9.930113  0.111087 -0.987579 -0.110965  1.031250 0.902344 1 3 1.000000
out70_hane03_1
0  23.819639 -31.250784 -9.930113  0.111087 -0.987579 -0.110965  1.031250 0.902344 1 3 1.000000
0  24.495300 -30.578566 -8.704654  0.517106 -0.583331 0.626331  1.078125 0.902344 1 3 1.000000
0  24.054796 -30.590279 -8.661596  0.090365 -0.661824 0.744163  1.070312 0.968750 1 3 1.000000
out70_hane03_1
0  25.377962 -29.604200 -11.488433  0.689322 -0.222968 -0.689261  1.078125 0.968750 1 3 1.000000
0  25.912855 -29.072514 -10.519657  0.985778 0.070650 -0.152348  1.039062 0.968750 1 3 1.000000
0  25.984066 -29.362949 -10.193420  0.956389 -0.224464 0.186743  1.031250 0.902344 1 3 1.000000
out70_hane03_1
0  25.984066 -29.362949 -10.193420  0.956389 -0.224464 0.186743  1.031250 0.902344 1 3 1.000000
0  25.308409 -30.035170 -11.418880  0.550096 -0.628285 -0.550096  1.078125 0.902344 1 3 1.000000
0  25.377962 -29.604200 -11.488433  0.689322 -0.222968 -0.689261  1.078125 0.968750 1 3 1.000000
out70_hane03_1
0  22.650488 -28.992880 -8.760959  -0.688559 0.227241 0.688620  1.070312 0.968750 1 3 1.000000
0  23.619265 -29.524567 -8.226062  -0.151952 -0.070894 0.985809  1.031250 0.968750 1 3 1.000000
0  23.945499 -29.234127 -8.154853  0.186682 0.224647 0.956359  1.031250 0.902344 1 3 1.000000
out70_hane03_1
0  23.945499 -29.234127 -8.154853  0.186682 0.224647 0.956359  1.031250 0.902344 1 3 1.000000
0  22.721697 -28.561911 -8.832168  -0.548997 0.630207 0.548997  1.078125 0.902344 1 3 1.000000
0  22.650488 -28.992880 -8.760959  -0.688559 0.227241 0.688620  1.070312 0.968750 1 3 1.000000
out70_hane03_1
0  25.478979 -28.009146 -10.085779  0.745598 0.660604 0.087283  1.078125 0.968750 1 3 1.000000
0  24.508549 -27.475117 -10.619020  0.206946 0.956328 -0.206336  1.039062 0.968750 1 3 1.000000
0  24.210464 -27.346296 -10.320934  -0.110294 0.987732 0.110446  1.039062 0.902344 1 3 1.000000
out70_hane03_1
0  24.210464 -27.346296 -10.320934  -0.110294 0.987732 0.110446  1.039062 0.902344 1 3 1.000000
0  25.435925 -28.018515 -9.645276  0.626820 0.583941 0.515763  1.085938 0.902344 1 3 1.000000
0  25.478979 -28.009146 -10.085779  0.745598 0.660604 0.087283  1.078125 0.968750 1 3 1.000000
out70_hane03_1
0  23.619265 -29.524567 -8.226062  -0.151952 -0.070894 0.985809  1.078125 0.968750 1 3 1.000000
0  24.054796 -30.590279 -8.661596  0.090365 -0.661824 0.744163  1.039062 0.968750 1 3 1.000000
0  24.495300 -30.578566 -8.704654  0.517106 -0.583331 0.626331  1.031250 0.902344 1 3 1.000000
out70_hane03_1
0  24.495300 -30.578566 -8.704654  0.517106 -0.583331 0.626331  1.031250 0.902344 1 3 1.000000
0  23.945499 -29.234127 -8.154853  0.186682 0.224647 0.956359  1.078125 0.902344 1 3 1.000000
0  23.619265 -29.524567 -8.226062  -0.151952 -0.070894 0.985809  1.078125 0.968750 1 3 1.000000
out70_hane03_1
0  25.912855 -29.072514 -10.519657  0.985778 0.070650 -0.152348  1.078125 0.968750 1 3 1.000000
0  25.478979 -28.009146 -10.085779  0.745598 0.660604 0.087283  1.039062 0.968750 1 3 1.000000
0  25.435925 -28.018515 -9.645276  0.626820 0.583941 0.515763  1.031250 0.902344 1 3 1.000000
out70_hane03_1
0  25.435925 -28.018515 -9.645276  0.626820 0.583941 0.515763  1.031250 0.902344 1 3 1.000000
0  25.984066 -29.362949 -10.193420  0.956389 -0.224464 0.186743  1.078125 0.902344 1 3 1.000000
0  25.912855 -29.072514 -10.519657  0.985778 0.070650 -0.152348  1.078125 0.968750 1 3 1.000000
out70_hane03_1
0  25.308409 -30.035170 -11.418880  0.550096 -0.628285 -0.550096  -2.601562 -0.250000 1 3 1.000000
0  25.984066 -29.362949 -10.193420  0.956389 -0.224464 0.186743  -0.406250 -0.250000 1 3 1.000000
0  24.495300 -30.578566 -8.704654  0.517106 -0.583331 0.626331  -0.406250 0.980469 1 3 1.000000
out70_hane03_1
0  24.495300 -30.578566 -8.704654  0.517106 -0.583331 0.626331  -0.406250 0.980469 1 3 1.000000
0  23.819639 -31.250784 -9.930113  0.111087 -0.987579 -0.110965  -2.601562 0.980469 1 3 1.000000
0  25.308409 -30.035170 -11.418880  0.550096 -0.628285 -0.550096  -2.601562 -0.250000 1 3 1.000000
out70_hane03_1
0  25.435925 -28.018515 -9.645276  0.626820 0.583941 0.515763  -2.601562 -0.250000 1 3 1.000000
0  24.210464 -27.346296 -10.320934  -0.110294 0.987732 0.110446  -0.406250 -0.250000 1 3 1.000000
0  22.721697 -28.561911 -8.832168  -0.548997 0.630207 0.548997  -0.406250 0.980469 1 3 1.000000
out70_hane03_1
0  22.721697 -28.561911 -8.832168  -0.548997 0.630207 0.548997  -0.406250 0.980469 1 3 1.000000
0  23.945499 -29.234127 -8.154853  0.186682 0.224647 0.956359  -2.601562 0.980469 1 3 1.000000
0  25.435925 -28.018515 -9.645276  0.626820 0.583941 0.515763  -2.601562 -0.250000 1 3 1.000000
out70_hane03_1
0  25.984066 -29.362949 -10.193420  0.956389 -0.224464 0.186743  -2.601562 -0.250000 1 3 1.000000
0  25.435925 -28.018515 -9.645276  0.626820 0.583941 0.515763  -0.406250 -0.250000 1 3 1.000000
0  23.945499 -29.234127 -8.154853  0.186682 0.224647 0.956359  -0.406250 0.980469 1 3 1.000000
out70_hane03_1
0  23.945499 -29.234127 -8.154853  0.186682 0.224647 0.956359  -0.406250 0.980469 1 3 1.000000
0  24.495300 -30.578566 -8.704654  0.517106 -0.583331 0.626331  -2.601562 0.980469 1 3 1.000000
0  25.984066 -29.362949 -10.193420  0.956389 -0.224464 0.186743  -2.601562 -0.250000 1 3 1.000000
out70_hane03_1
0  22.549467 -30.590279 -10.166924  -0.744438 -0.661122 -0.093326  1.070312 0.968750 1 3 1.000000
0  22.594185 -30.578566 -10.605771  -0.625660 -0.583087 -0.518204  1.078125 0.902344 1 3 1.000000
0  23.819639 -31.250784 -9.930113  0.111087 -0.987579 -0.110965  1.031250 0.902344 1 3 1.000000
out70_hane03_1
0  23.819639 -31.250784 -9.930113  0.111087 -0.987579 -0.110965  1.031250 0.902344 1 3 1.000000
0  23.519899 -31.121962 -9.630372  -0.205267 -0.956786 0.205908  1.039062 0.968750 1 3 1.000000
0  22.549467 -30.590279 -10.166924  -0.744438 -0.661122 -0.093326  1.070312 0.968750 1 3 1.000000
out70_hane03_1
0  25.377962 -29.604200 -11.488433  0.689322 -0.222968 -0.689261  1.078125 0.968750 1 3 1.000000
0  25.308409 -30.035170 -11.418880  0.550096 -0.628285 -0.550096  1.078125 0.902344 1 3 1.000000
0  24.082949 -29.362949 -12.094538  -0.187414 -0.225440 -0.956053  1.031250 0.902344 1 3 1.000000
out70_hane03_1
0  24.082949 -29.362949 -12.094538  -0.187414 -0.225440 -0.956053  1.031250 0.902344 1 3 1.000000
0  24.407530 -29.072514 -12.024985  0.149724 0.068911 -0.986297  1.039062 0.968750 1 3 1.000000
0  25.377962 -29.604200 -11.488433  0.689322 -0.222968 -0.689261  1.078125 0.968750 1 3 1.000000
out70_hane03_1
0  22.650488 -28.992880 -8.760959  -0.688559 0.227241 0.688620  1.070312 0.968750 1 3 1.000000
0  22.721697 -28.561911 -8.832168  -0.548997 0.630207 0.548997  1.078125 0.902344 1 3 1.000000
0  22.044382 -29.234127 -10.055970  -0.956023 0.225593 -0.187323  1.031250 0.902344 1 3 1.000000
out70_hane03_1
0  22.044382 -29.234127 -10.055970  -0.956023 0.225593 -0.187323  1.031250 0.902344 1 3 1.000000
0  22.113935 -29.524567 -9.731389  -0.986328 -0.069185 0.149358  1.031250 0.968750 1 3 1.000000
0  22.650488 -28.992880 -8.760959  -0.688559 0.227241 0.688620  1.070312 0.968750 1 3 1.000000
out70_hane03_1
0  23.973652 -28.009146 -11.591106  -0.090243 0.659932 -0.745872  1.078125 0.968750 1 3 1.000000
0  23.534803 -28.018515 -11.546393  -0.516861 0.583728 -0.626179  1.085938 0.902344 1 3 1.000000
0  24.210464 -27.346296 -10.320934  -0.110294 0.987732 0.110446  1.039062 0.902344 1 3 1.000000
out70_hane03_1
0  24.210464 -27.346296 -10.320934  -0.110294 0.987732 0.110446  1.039062 0.902344 1 3 1.000000
0  24.508549 -27.475117 -10.619020  0.206946 0.956328 -0.206336  1.039062 0.968750 1 3 1.000000
0  23.973652 -28.009146 -11.591106  -0.090243 0.659932 -0.745872  1.078125 0.968750 1 3 1.000000
out70_hane03_1
0  22.113935 -29.524567 -9.731389  -0.986328 -0.069185 0.149358  1.078125 0.968750 1 3 1.000000
0  22.044382 -29.234127 -10.055970  -0.956023 0.225593 -0.187323  1.078125 0.902344 1 3 1.000000
0  22.594185 -30.578566 -10.605771  -0.625660 -0.583087 -0.518204  1.031250 0.902344 1 3 1.000000
out70_hane03_1
0  22.594185 -30.578566 -10.605771  -0.625660 -0.583087 -0.518204  1.031250 0.902344 1 3 1.000000
0  22.549467 -30.590279 -10.166924  -0.744438 -0.661122 -0.093326  1.039062 0.968750 1 3 1.000000
0  22.113935 -29.524567 -9.731389  -0.986328 -0.069185 0.149358  1.078125 0.968750 1 3 1.000000
out70_hane03_1
0  24.407530 -29.072514 -12.024985  0.149724 0.068911 -0.986297  1.078125 0.968750 1 3 1.000000
0  24.082949 -29.362949 -12.094538  -0.187414 -0.225440 -0.956053  1.078125 0.902344 1 3 1.000000
0  23.534803 -28.018515 -11.546393  -0.516861 0.583728 -0.626179  1.031250 0.902344 1 3 1.000000
out70_hane03_1
0  23.534803 -28.018515 -11.546393  -0.516861 0.583728 -0.626179  1.031250 0.902344 1 3 1.000000
0  23.973652 -28.009146 -11.591106  -0.090243 0.659932 -0.745872  1.039062 0.968750 1 3 1.000000
0  24.407530 -29.072514 -12.024985  0.149724 0.068911 -0.986297  1.078125 0.968750 1 3 1.000000
out70_hane03_1
0  25.308409 -30.035170 -11.418880  0.550096 -0.628285 -0.550096  -2.601562 -0.250000 1 3 1.000000
0  23.819639 -31.250784 -9.930113  0.111087 -0.987579 -0.110965  -2.601562 0.980469 1 3 1.000000
0  22.594185 -30.578566 -10.605771  -0.625660 -0.583087 -0.518204  -0.406250 0.980469 1 3 1.000000
out70_hane03_1
0  22.594185 -30.578566 -10.605771  -0.625660 -0.583087 -0.518204  -0.406250 0.980469 1 3 1.000000
0  24.082949 -29.362949 -12.094538  -0.187414 -0.225440 -0.956053  -0.406250 -0.250000 1 3 1.000000
0  25.308409 -30.035170 -11.418880  0.550096 -0.628285 -0.550096  -2.601562 -0.250000 1 3 1.000000
out70_hane03_1
0  23.534803 -28.018515 -11.546393  -0.516861 0.583728 -0.626179  -2.601562 -0.250000 1 3 1.000000
0  22.044382 -29.234127 -10.055970  -0.956023 0.225593 -0.187323  -2.601562 0.980469 1 3 1.000000
0  22.721697 -28.561911 -8.832168  -0.548997 0.630207 0.548997  -0.406250 0.980469 1 3 1.000000
out70_hane03_1
0  22.721697 -28.561911 -8.832168  -0.548997 0.630207 0.548997  -0.406250 0.980469 1 3 1.000000
0  24.210464 -27.346296 -10.320934  -0.110294 0.987732 0.110446  -0.406250 -0.250000 1 3 1.000000
0  23.534803 -28.018515 -11.546393  -0.516861 0.583728 -0.626179  -2.601562 -0.250000 1 3 1.000000
out70_hane03_1
0  24.082949 -29.362949 -12.094538  -0.187414 -0.225440 -0.956053  -2.601562 -0.250000 1 3 1.000000
0  22.594185 -30.578566 -10.605771  -0.625660 -0.583087 -0.518204  -2.601562 0.980469 1 3 1.000000
0  22.044382 -29.234127 -10.055970  -0.956023 0.225593 -0.187323  -0.406250 0.980469 1 3 1.000000
out70_hane03_1
0  22.044382 -29.234127 -10.055970  -0.956023 0.225593 -0.187323  -0.406250 0.980469 1 3 1.000000
0  23.534803 -28.018515 -11.546393  -0.516861 0.583728 -0.626179  -0.406250 -0.250000 1 3 1.000000
0  24.082949 -29.362949 -12.094538  -0.187414 -0.225440 -0.956053  -2.601562 -0.250000 1 3 1.000000
out70_hane03_1
0  20.489374 -14.700628 -8.106826  -0.985107 -0.089999 0.146428  1.078125 0.968750 1 3 1.000000
0  20.414852 -14.403167 -8.426438  -0.959960 0.211463 -0.183660  1.078125 0.902344 1 3 1.000000
0  20.987837 -15.726522 -8.999424  -0.615101 -0.584765 -0.528825  1.031250 0.902344 1 3 1.000000
out70_hane03_1
0  20.987837 -15.726522 -8.999424  -0.615101 -0.584765 -0.528825  1.031250 0.902344 1 3 1.000000
0  20.944780 -15.747603 -8.562233  -0.731559 -0.673757 -0.104007  1.039062 0.968750 1 3 1.000000
0  20.489374 -14.700628 -8.106826  -0.985107 -0.089999 0.146428  1.078125 0.968750 1 3 1.000000
out70_hane03_1
0  22.773031 -14.159575 -10.390485  0.147404 0.089297 -0.985015  1.078125 0.968750 1 3 1.000000
0  22.453419 -14.454695 -10.465006  -0.183721 -0.211066 -0.960021  1.085938 0.902344 1 3 1.000000
0  21.878778 -13.131338 -9.890365  -0.528398 0.585772 -0.614490  1.039062 0.902344 1 3 1.000000
out70_hane03_1
0  21.878778 -13.131338 -9.890365  -0.528398 0.585772 -0.614490  1.039062 0.902344 1 3 1.000000
0  22.317623 -13.112600 -9.935078  -0.103580 0.672658 -0.732658  1.039062 0.968750 1 3 1.000000
0  22.773031 -14.159575 -10.390485  0.147404 0.089297 -0.985015  1.078125 0.968750 1 3 1.000000
out70_hane03_1
0  23.692127 -15.115202 -9.802596  0.561968 -0.606891 -0.561968  -2.601562 -0.250000 1 3 1.000000
0  22.226543 -16.389372 -8.337014  0.128910 -0.983245 -0.128758  -2.601562 0.980469 1 3 1.000000
0  20.987837 -15.726522 -8.999424  -0.615101 -0.584765 -0.528825  -0.406250 0.980469 1 3 1.000000
out70_hane03_1
0  20.987837 -15.726522 -8.999424  -0.615101 -0.584765 -0.528825  -0.406250 0.980469 1 3 1.000000
0  22.453419 -14.454695 -10.465006  -0.183721 -0.211066 -0.960021  -0.406250 -0.250000 1 3 1.000000
0  23.692127 -15.115202 -9.802596  0.561968 -0.606891 -0.561968  -2.601562 -0.250000 1 3 1.000000
out70_hane03_1
0  21.878778 -13.131338 -9.890365  -0.528398 0.585772 -0.614490  -2.601562 -0.250000 1 3 1.000000
0  20.414852 -14.403167 -8.426438  -0.959960 0.211463 -0.183660  -2.601562 0.980469 1 3 1.000000
0  21.077265 -13.742660 -7.187732  -0.561968 0.606891 0.561968  -0.406250 0.980469 1 3 1.000000
out70_hane03_1
0  21.077265 -13.742660 -7.187732  -0.561968 0.606891 0.561968  -0.406250 0.980469 1 3 1.000000
0  22.542845 -12.470832 -8.653314  -0.129276 0.983123 0.129398  -0.406250 -0.250000 1 3 1.000000
0  21.878778 -13.131338 -9.890365  -0.528398 0.585772 -0.614490  -2.601562 -0.250000 1 3 1.000000
out70_hane03_1
0  28.229635 -9.629712 -16.353832  -0.705893 -0.656911 -0.264779  1.203125 -0.105469 1 3 1.000000
0  28.921856 -8.938756 -15.058821  -0.602496 -0.523392 0.602496  1.187500 0.593750 1 3 1.000000
0  27.628500 -8.247800 -15.752695  -0.999420 0.017884 0.028932  1.164062 -0.105469 1 3 1.000000
out70_hane03_1
0  30.216867 -9.629713 -14.366602  0.264779 -0.656911 0.705893  1.203125 -0.105469 1 3 1.000000
0  29.615728 -8.247801 -13.765464  -0.028932 0.017884 0.999420  1.164062 -0.105469 1 3 1.000000
0  28.921856 -8.938756 -15.058821  -0.602496 -0.523392 0.602496  1.187500 0.593750 1 3 1.000000
out70_hane03_1
0  30.019802 -26.079155 -14.169538  0.251656 -0.647572 0.719230  1.203125 -0.105469 1 3 1.000000
0  29.446815 -24.673817 -13.596552  -0.027955 0.038026 0.998871  1.164062 -0.105469 1 3 1.000000
0  28.739693 -25.376486 -14.876660  -0.612507 -0.499649 0.612507  1.187500 0.593750 1 3 1.000000
out70_hane03_1
0  28.032570 -26.079155 -16.156769  -0.719230 -0.647572 -0.251656  1.203125 -0.105469 1 3 1.000000
0  28.739693 -25.376486 -14.876660  -0.612507 -0.499649 0.612507  1.187500 0.593750 1 3 1.000000
0  27.459583 -24.673817 -15.583783  -0.998871 0.038026 0.027955  1.164062 -0.105469 1 3 1.000000
out70_kabe06_1
0  39.281250 -7.912675 -4.174213  0.000000 0.999969 0.001404  2.421875 -2.179688 1 24 1.000000
0  37.476562 -7.912675 -4.174213  -0.706626 0.707572 0.000977  2.539062 -2.179688 1 24 1.000000
0  37.476562 -7.916240 -1.635049  -0.577074 0.576342 0.578570  2.539062 -1.132812 1 24 1.000000
out70_kabe06_1
0  37.476562 -7.916240 -1.635049  -0.577074 0.576342 0.578570  2.539062 -1.132812 1 24 1.000000
0  39.281250 -7.916240 -1.635049  0.000000 0.705252 0.708914  2.421875 -1.132812 1 24 1.000000
0  39.281250 -7.912675 -4.174213  0.000000 0.999969 0.001404  2.421875 -2.179688 1 24 1.000000
out70_kabe06_1
0  37.476562 -15.480218 -4.169047  -0.707572 -0.706626 -0.000977  2.421875 -2.179688 1 24 1.000000
0  39.609375 -15.480218 -4.169047  0.000000 -0.999969 -0.001373  2.597656 -2.179688 1 24 1.000000
0  39.609375 -15.483784 -1.629883  0.000000 -0.699210 0.714896  2.597656 -1.132812 1 24 1.000000
out70_kabe06_1
0  39.609375 -15.483784 -1.629883  0.000000 -0.699210 0.714896  2.597656 -1.132812 1 24 1.000000
0  37.476562 -15.483784 -1.629883  -0.575030 -0.575427 0.581530  2.421875 -1.132812 1 24 1.000000
0  37.476562 -15.480218 -4.169047  -0.707572 -0.706626 -0.000977  2.421875 -2.179688 1 24 1.000000
out70_kabe06_1
0  38.203125 -14.774662 -1.646626  0.010651 0.012146 0.999847  6.578125 3.242188 1 24 1.000000
0  37.476562 -15.483784 -1.629883  -0.575030 -0.575427 0.581530  5.718750 0.750000 1 24 1.000000
0  39.609375 -15.483784 -1.629883  0.000000 -0.699210 0.714896  8.289062 0.750000 1 24 1.000000
out70_kabe06_1
0  39.609375 -15.483784 -1.629883  0.000000 -0.699210 0.714896  8.289062 0.750000 1 24 1.000000
0  39.609375 -14.774662 -1.646626  0.000000 0.023591 0.999695  8.281250 3.242188 1 24 1.000000
0  38.203125 -14.774662 -1.646626  0.010651 0.012146 0.999847  6.578125 3.242188 1 24 1.000000
out70_kabe06_1
0  37.476562 -7.916240 -1.635049  -0.577074 0.576342 0.578570  -4.605469 3.242188 1 24 1.000000
0  38.203125 -8.652159 -1.637813  0.001160 -0.002594 0.999969  -3.699219 0.750000 1 24 1.000000
0  39.281250 -8.652159 -1.637813  0.000000 -0.003754 0.999969  -2.320312 0.750000 1 24 1.000000
out70_kabe06_1
0  39.281250 -8.652159 -1.637813  0.000000 -0.003754 0.999969  -2.320312 0.750000 1 24 1.000000
0  39.281250 -7.916240 -1.635049  0.000000 0.705252 0.708914  -2.320312 3.242188 1 24 1.000000
0  37.476562 -7.916240 -1.635049  -0.577074 0.576342 0.578570  -4.605469 3.242188 1 24 1.000000
out70_kabe06_1
0  37.476562 -7.916240 -1.635049  -0.577074 0.576342 0.578570  -10.597656 0.750000 1 24 1.000000
0  37.476562 -15.483784 -1.629883  -0.575030 -0.575427 0.581530  -1.742188 0.750000 1 24 1.000000
0  38.203125 -14.774662 -1.646626  0.010651 0.012146 0.999847  -2.574219 3.242188 1 24 1.000000
out70_kabe06_1
0  38.203125 -14.774662 -1.646626  0.010651 0.012146 0.999847  -2.574219 3.242188 1 24 1.000000
0  38.203125 -8.652159 -1.637813  0.001160 -0.002594 0.999969  -9.746094 3.242188 1 24 1.000000
0  37.476562 -7.916240 -1.635049  -0.577074 0.576342 0.578570  -10.597656 0.750000 1 24 1.000000
out70_kabe06_1
0  37.476562 -7.912675 -4.174213  -0.706626 0.707572 0.000977  2.421875 -2.179688 1 24 1.000000
0  37.476562 -15.480218 -4.169047  -0.707572 -0.706626 -0.000977  2.539062 -2.179688 1 24 1.000000
0  37.476562 -15.483784 -1.629883  -0.575030 -0.575427 0.581530  2.539062 -1.132812 1 24 1.000000
out70_kabe06_1
0  37.476562 -15.483784 -1.629883  -0.575030 -0.575427 0.581530  2.539062 -1.132812 1 24 1.000000
0  37.476562 -7.916240 -1.635049  -0.577074 0.576342 0.578570  2.421875 -1.132812 1 24 1.000000
0  37.476562 -7.912675 -4.174213  -0.706626 0.707572 0.000977  2.421875 -2.179688 1 24 1.000000
out70_kabe06_1
0  38.460938 -29.405424 -4.159396  0.000000 0.999969 0.002838  2.457031 -2.179688 1 24 1.000000
0  37.476562 -29.405424 -4.159396  -0.706473 0.707724 0.002014  2.539062 -2.179688 1 24 1.000000
0  37.476562 -29.412634 -1.643384  -0.579852 0.578326 0.573809  2.539062 -1.132812 1 24 1.000000
out70_kabe06_1
0  37.476562 -29.412634 -1.643384  -0.579852 0.578326 0.573809  2.539062 -1.132812 1 24 1.000000
0  39.609375 -29.412634 -1.643384  0.000000 0.599811 0.800134  2.367188 -1.132812 1 24 1.000000
0  38.460938 -29.405424 -4.159396  0.000000 0.999969 0.002838  2.457031 -2.179688 1 24 1.000000
out70_kabe06_1
0  37.476562 -35.882488 -4.159838  -0.707724 -0.706473 -0.002014  2.421875 -2.179688 1 24 1.000000
0  39.281250 -35.882488 -4.159838  0.000000 -0.999969 -0.002838  2.539062 -2.179688 1 24 1.000000
0  39.281250 -35.889694 -1.643826  0.000000 -0.709433 0.704733  2.539062 -1.132812 1 24 1.000000
out70_kabe06_1
0  39.281250 -35.889694 -1.643826  0.000000 -0.709433 0.704733  2.539062 -1.132812 1 24 1.000000
0  37.476562 -35.889694 -1.643826  -0.577532 -0.578631 0.575823  2.421875 -1.132812 1 24 1.000000
0  37.476562 -35.882488 -4.159838  -0.707724 -0.706473 -0.002014  2.421875 -2.179688 1 24 1.000000
out70_kabe06_1
0  38.179688 -35.153774 -1.641062  -0.002533 -0.001953 0.999969  1.667969 3.242188 1 24 1.000000
0  37.476562 -35.889694 -1.643826  -0.577532 -0.578631 0.575823  0.472656 0.750000 1 24 1.000000
0  39.281250 -35.889694 -1.643826  0.000000 -0.709433 0.704733  3.441406 0.750000 1 24 1.000000
out70_kabe06_1
0  39.281250 -35.889694 -1.643826  0.000000 -0.709433 0.704733  3.441406 0.750000 1 24 1.000000
0  39.281250 -35.153774 -1.641062  0.000000 -0.003754 0.999969  3.445312 3.242188 1 24 1.000000
0  38.179688 -35.153774 -1.641062  -0.002533 -0.001953 0.999969  1.667969 3.242188 1 24 1.000000
out70_kabe06_1
0  37.476562 -29.412634 -1.643384  -0.579852 0.578326 0.573809  -3.710938 0.757812 1 24 1.000000
0  38.179688 -30.121756 -1.626641  -0.013367 0.010346 0.999847  -4.542969 3.242188 1 24 1.000000
0  39.609375 -30.121756 -1.626641  0.000000 0.023591 0.999695  -6.214844 3.242188 1 24 1.000000
out70_kabe06_1
0  39.609375 -30.121756 -1.626641  0.000000 0.023591 0.999695  -6.214844 3.242188 1 24 1.000000
0  39.609375 -29.412634 -1.643384  0.000000 0.599811 0.800134  -6.234375 0.757812 1 24 1.000000
0  37.476562 -29.412634 -1.643384  -0.579852 0.578326 0.573809  -3.710938 0.757812 1 24 1.000000
out70_kabe06_1
0  37.476562 -29.412634 -1.643384  -0.579852 0.578326 0.573809  -10.261719 0.750000 1 24 1.000000
0  37.476562 -35.889694 -1.643826  -0.577532 -0.578631 0.575823  -2.679688 0.750000 1 24 1.000000
0  38.179688 -35.153774 -1.641062  -0.002533 -0.001953 0.999969  -3.527344 3.242188 1 24 1.000000
out70_kabe06_1
0  38.179688 -35.153774 -1.641062  -0.002533 -0.001953 0.999969  -3.527344 3.242188 1 24 1.000000
0  38.179688 -30.121756 -1.626641  -0.013367 0.010346 0.999847  -9.441406 3.242188 1 24 1.000000
0  37.476562 -29.412634 -1.643384  -0.579852 0.578326 0.573809  -10.261719 0.750000 1 24 1.000000
out70_kabe06_1
0  37.476562 -29.405424 -4.159396  -0.706473 0.707724 0.002014  2.421875 -2.179688 1 24 1.000000
0  37.476562 -35.882488 -4.159838  -0.707724 -0.706473 -0.002014  2.539062 -2.179688 1 24 1.000000
0  37.476562 -35.889694 -1.643826  -0.577532 -0.578631 0.575823  2.539062 -1.132812 1 24 1.000000
out70_kabe06_1
0  37.476562 -35.889694 -1.643826  -0.577532 -0.578631 0.575823  2.539062 -1.132812 1 24 1.000000
0  37.476562 -29.412634 -1.643384  -0.579852 0.578326 0.573809  2.421875 -1.132812 1 24 1.000000
0  37.476562 -29.405424 -4.159396  -0.706473 0.707724 0.002014  2.421875 -2.179688 1 24 1.000000
out70_kabe06_1
0  25.289064 -14.774662 -1.646626  0.000000 0.023591 0.999695  -9.355469 3.242188 1 24 1.000000
0  25.289064 -15.483784 -1.629883  0.000000 -0.699210 0.714896  -9.363281 0.757812 1 24 1.000000
0  27.281250 -15.483784 -1.629883  0.574938 -0.575732 0.581286  -6.683594 0.757812 1 24 1.000000
out70_kabe06_1
0  27.281250 -15.483784 -1.629883  0.574938 -0.575732 0.581286  -6.683594 0.757812 1 24 1.000000
0  26.554688 -14.774662 -1.646626  -0.012146 0.011139 0.999847  -7.652344 3.242188 1 24 1.000000
0  25.289064 -14.774662 -1.646626  0.000000 0.023591 0.999695  -9.355469 3.242188 1 24 1.000000
out70_kabe06_1
0  25.289064 -15.480218 -4.169047  0.000000 -0.999969 -0.001404  2.378906 -2.179688 1 24 1.000000
0  27.281250 -15.480218 -4.169047  0.707572 -0.706626 -0.000977  2.539062 -2.179688 1 24 1.000000
0  27.281250 -15.483784 -1.629883  0.574938 -0.575732 0.581286  2.539062 -1.132812 1 24 1.000000
out70_kabe06_1
0  27.281250 -15.483784 -1.629883  0.574938 -0.575732 0.581286  2.539062 -1.132812 1 24 1.000000
0  25.289064 -15.483784 -1.629883  0.000000 -0.699210 0.714896  2.378906 -1.132812 1 24 1.000000
0  25.289064 -15.480218 -4.169047  0.000000 -0.999969 -0.001404  2.378906 -2.179688 1 24 1.000000
out70_kabe06_1
0  27.281250 -7.912675 -4.174213  0.706626 0.707572 0.000977  2.421875 -2.179688 1 24 1.000000
0  25.476564 -7.912675 -4.174213  0.000000 0.999969 0.001404  2.539062 -2.179688 1 24 1.000000
0  25.476564 -7.916240 -1.635049  0.000000 0.705252 0.708914  2.539062 -1.132812 1 24 1.000000
out70_kabe06_1
0  25.476564 -7.916240 -1.635049  0.000000 0.705252 0.708914  2.539062 -1.132812 1 24 1.000000
0  27.281250 -7.916240 -1.635049  0.577013 0.576647 0.578356  2.421875 -1.132812 1 24 1.000000
0  27.281250 -7.912675 -4.174213  0.706626 0.707572 0.000977  2.421875 -2.179688 1 24 1.000000
out70_kabe06_1
0  26.554688 -8.652159 -1.637813  -0.002686 -0.001556 0.999969  -3.699219 0.750000 1 24 1.000000
0  27.281250 -7.916240 -1.635049  0.577013 0.576647 0.578356  -4.605469 3.242188 1 24 1.000000
0  25.476564 -7.916240 -1.635049  0.000000 0.705252 0.708914  -2.320312 3.242188 1 24 1.000000
out70_kabe06_1
0  25.476564 -7.916240 -1.635049  0.000000 0.705252 0.708914  -2.320312 3.242188 1 24 1.000000
0  25.476564 -8.652159 -1.637813  0.000000 -0.003754 0.999969  -2.320312 0.750000 1 24 1.000000
0  26.554688 -8.652159 -1.637813  -0.002686 -0.001556 0.999969  -3.699219 0.750000 1 24 1.000000
out70_kabe06_1
0  27.281250 -15.483784 -1.629883  0.574938 -0.575732 0.581286  -1.750000 0.750000 1 24 1.000000
0  27.281250 -7.916240 -1.635049  0.577013 0.576647 0.578356  -10.597656 0.750000 1 24 1.000000
0  26.554688 -8.652159 -1.637813  -0.002686 -0.001556 0.999969  -9.746094 3.242188 1 24 1.000000
out70_kabe06_1
0  26.554688 -8.652159 -1.637813  -0.002686 -0.001556 0.999969  -9.746094 3.242188 1 24 1.000000
0  26.554688 -14.774662 -1.646626  -0.012146 0.011139 0.999847  -2.562500 3.242188 1 24 1.000000
0  27.281250 -15.483784 -1.629883  0.574938 -0.575732 0.581286  -1.750000 0.750000 1 24 1.000000
out70_kabe06_1
0  27.281250 -15.480218 -4.169047  0.707572 -0.706626 -0.000977  2.421875 -2.179688 1 24 1.000000
0  27.281250 -7.912675 -4.174213  0.706626 0.707572 0.000977  2.539062 -2.179688 1 24 1.000000
0  27.281250 -7.916240 -1.635049  0.577013 0.576647 0.578356  2.539062 -1.132812 1 24 1.000000
out70_kabe06_1
0  27.281250 -7.916240 -1.635049  0.577013 0.576647 0.578356  2.539062 -1.132812 1 24 1.000000
0  27.281250 -15.483784 -1.629883  0.574938 -0.575732 0.581286  2.421875 -1.132812 1 24 1.000000
0  27.281250 -15.480218 -4.169047  0.707572 -0.706626 -0.000977  2.421875 -2.179688 1 24 1.000000
out70_kabe06_1
0  25.828123 -35.882488 -4.159838  0.000000 -0.999969 -0.002838  2.421875 -2.179688 1 24 1.000000
0  27.281250 -35.882488 -4.159838  0.707724 -0.706473 -0.002014  2.539062 -2.179688 1 24 1.000000
0  27.281250 -35.889694 -1.643826  0.577471 -0.578997 0.575549  2.539062 -1.132812 1 24 1.000000
out70_kabe06_1
0  27.281250 -35.889694 -1.643826  0.577471 -0.578997 0.575549  2.539062 -1.132812 1 24 1.000000
0  25.476564 -35.889694 -1.643826  0.000000 -0.676138 0.736747  2.421875 -1.132812 1 24 1.000000
0  25.828123 -35.882488 -4.159838  0.000000 -0.999969 -0.002838  2.421875 -2.179688 1 24 1.000000
out70_kabe06_1
0  27.281250 -29.405424 -4.159396  0.706473 0.707724 0.002014  2.421875 -2.179688 1 24 1.000000
0  25.429688 -29.405424 -4.159396  0.000000 0.999969 0.002838  2.570312 -2.179688 1 24 1.000000
0  25.429688 -29.412634 -1.643384  0.000000 0.714377 0.699728  2.570312 -1.132812 1 24 1.000000
out70_kabe06_1
0  25.429688 -29.412634 -1.643384  0.000000 0.714377 0.699728  2.570312 -1.132812 1 24 1.000000
0  27.281250 -29.412634 -1.643384  0.579760 0.578631 0.573595  2.421875 -1.132812 1 24 1.000000
0  27.281250 -29.405424 -4.159396  0.706473 0.707724 0.002014  2.421875 -2.179688 1 24 1.000000
out70_kabe06_1
0  26.554688 -30.121756 -1.626641  0.010895 0.011750 0.999847  -6.414062 0.757812 1 24 1.000000
0  27.281250 -29.412634 -1.643384  0.579760 0.578631 0.573595  -7.328125 3.242188 1 24 1.000000
0  25.429688 -29.412634 -1.643384  0.000000 0.714377 0.699728  -4.992188 3.242188 1 24 1.000000
out70_kabe06_1
0  25.429688 -29.412634 -1.643384  0.000000 0.714377 0.699728  -4.992188 3.242188 1 24 1.000000
0  25.429688 -30.121756 -1.626641  0.000000 0.023591 0.999695  -4.996094 0.757812 1 24 1.000000
0  26.554688 -30.121756 -1.626641  0.010895 0.011750 0.999847  -6.414062 0.757812 1 24 1.000000
out70_kabe06_1
0  27.281250 -35.889694 -1.643826  0.577471 -0.578997 0.575549  1.441406 3.242188 1 24 1.000000
0  26.554688 -35.153774 -1.641062  0.000427 -0.003296 0.999969  0.394531 0.750000 1 24 1.000000
0  25.476564 -35.153774 -1.641062  0.000000 -0.003754 0.999969  -1.210938 0.750000 1 24 1.000000
out70_kabe06_1
0  25.476564 -35.153774 -1.641062  0.000000 -0.003754 0.999969  -1.210938 0.750000 1 24 1.000000
0  25.476564 -35.889694 -1.643826  0.000000 -0.676138 0.736747  -1.218750 3.242188 1 24 1.000000
0  27.281250 -35.889694 -1.643826  0.577471 -0.578997 0.575549  1.441406 3.242188 1 24 1.000000
out70_kabe06_1
0  27.281250 -35.889694 -1.643826  0.577471 -0.578997 0.575549  -10.261719 0.750000 1 24 1.000000
0  27.281250 -29.412634 -1.643384  0.579760 0.578631 0.573595  -2.792969 0.750000 1 24 1.000000
0  26.554688 -30.121756 -1.626641  0.010895 0.011750 0.999847  -3.636719 3.242188 1 24 1.000000
out70_kabe06_1
0  26.554688 -30.121756 -1.626641  0.010895 0.011750 0.999847  -3.636719 3.242188 1 24 1.000000
0  26.554688 -35.153774 -1.641062  0.000427 -0.003296 0.999969  -9.441406 3.242188 1 24 1.000000
0  27.281250 -35.889694 -1.643826  0.577471 -0.578997 0.575549  -10.261719 0.750000 1 24 1.000000
out70_kabe06_1
0  27.281250 -35.882488 -4.159838  0.707724 -0.706473 -0.002014  2.421875 -2.179688 1 24 1.000000
0  27.281250 -29.405424 -4.159396  0.706473 0.707724 0.002014  2.539062 -2.179688 1 24 1.000000
0  27.281250 -29.412634 -1.643384  0.579760 0.578631 0.573595  2.539062 -1.132812 1 24 1.000000
out70_kabe06_1
0  27.281250 -29.412634 -1.643384  0.579760 0.578631 0.573595  2.539062 -1.132812 1 24 1.000000
0  27.281250 -35.889694 -1.643826  0.577471 -0.578997 0.575549  2.421875 -1.132812 1 24 1.000000
0  27.281250 -35.882488 -4.159838  0.707724 -0.706473 -0.002014  2.421875 -2.179688 1 24 1.000000
out70_yuka02_1
0  38.179688 -15.321724 -1.655398  0.000000 0.001160 0.999969  0.000000 -4.050781 1 24 1.000000
0  39.281250 -15.321724 -1.655398  0.000000 0.001160 0.999969  1.058594 -4.050781 1 24 1.000000
0  39.281250 -8.490099 -1.663328  0.000000 0.001160 0.999969  1.058594 4.000000 1 24 1.000000
out70_yuka02_1
0  39.281250 -8.490099 -1.663328  0.000000 0.001160 0.999969  1.058594 4.000000 1 24 1.000000
0  38.179688 -8.490099 -1.663328  0.000000 0.001160 0.999969  0.000000 4.000000 1 24 1.000000
0  38.179688 -15.321724 -1.655398  0.000000 0.001160 0.999969  0.000000 -4.050781 1 24 1.000000
out70_yuka02_1
0  38.179688 -35.187862 -1.706871  0.000000 -0.001404 0.999969  0.000000 -4.023438 1 24 1.000000
0  39.281250 -35.187862 -1.706871  0.000000 -0.001404 0.999969  1.050781 -4.023438 1 24 1.000000
0  39.281250 -30.109539 -1.699741  0.000000 -0.001404 0.999969  1.050781 1.000000 1 24 1.000000
out70_yuka02_1
0  39.281250 -30.109539 -1.699741  0.000000 -0.001404 0.999969  1.050781 1.000000 1 24 1.000000
0  38.179688 -30.109539 -1.699741  0.000000 -0.001404 0.999969  0.000000 1.000000 1 24 1.000000
0  38.179688 -35.187862 -1.706871  0.000000 -0.001404 0.999969  0.000000 -4.023438 1 24 1.000000
out70_yuka02_1
0  25.476564 -15.321724 -1.655398  0.000000 0.001160 0.999969  0.000000 -4.050781 1 24 1.000000
0  26.554688 -15.321724 -1.655398  0.000000 0.001160 0.999969  1.058594 -4.050781 1 24 1.000000
0  26.554688 -8.490099 -1.663328  0.000000 0.001160 0.999969  1.058594 4.000000 1 24 1.000000
out70_yuka02_1
0  26.554688 -8.490099 -1.663328  0.000000 0.001160 0.999969  1.058594 4.000000 1 24 1.000000
0  25.476564 -8.490099 -1.663328  0.000000 0.001160 0.999969  0.000000 4.000000 1 24 1.000000
0  25.476564 -15.321724 -1.655398  0.000000 0.001160 0.999969  0.000000 -4.050781 1 24 1.000000
out70_yuka02_1
0  25.476564 -35.187862 -1.706871  0.000000 -0.001404 0.999969  0.000000 -4.023438 1 24 1.000000
0  26.554688 -35.187862 -1.706871  0.000000 -0.001404 0.999969  1.050781 -4.023438 1 24 1.000000
0  26.554688 -30.109539 -1.699741  0.000000 -0.001404 0.999969  1.050781 1.000000 1 24 1.000000
out70_yuka02_1
0  26.554688 -30.109539 -1.699741  0.000000 -0.001404 0.999969  1.050781 1.000000 1 24 1.000000
0  25.476564 -30.109539 -1.699741  0.000000 -0.001404 0.999969  0.000000 1.000000 1 24 1.000000
0  25.476564 -35.187862 -1.706871  0.000000 -0.001404 0.999969  0.000000 -4.023438 1 24 1.000000
azi_ship02_1
0  40.687500 -35.427429 -5.488920  0.948546 0.000305 -0.316599  -0.968750 0.447266 1 24 1.000000
0  40.687500 -31.797789 -5.490963  0.966643 -0.000122 -0.256020  -0.457031 0.447266 1 24 1.000000
0  40.687500 -35.411407 -0.414238  0.705405 -0.000122 0.708792  -0.968750 0.663086 1 24 1.000000
azi_ship02_1
0  40.687500 -28.191298 -5.489360  0.987915 0.002106 -0.154942  0.054688 0.447266 1 24 1.000000
0  40.687500 -35.411407 -0.414238  0.705405 -0.000122 0.708792  -0.968750 0.663086 1 24 1.000000
0  40.687500 -31.797789 -5.490963  0.966643 -0.000122 -0.256020  -0.457031 0.447266 1 24 1.000000
azi_ship02_1
0  24.093750 -35.427429 -5.488920  -0.948698 -0.000153 -0.316172  -0.968750 0.447266 1 24 1.000000
0  24.093750 -35.411407 -0.414238  -0.705405 -0.000122 0.708792  -0.968750 0.663086 1 24 1.000000
0  24.093750 -31.797789 -5.490963  -0.966887 0.001007 -0.255165  -0.457031 0.447266 1 24 1.000000
azi_ship02_1
0  24.093750 -28.191298 -5.489360  -0.987945 0.000122 -0.154790  0.054688 0.447266 1 24 1.000000
0  24.093750 -31.797789 -5.490963  -0.966887 0.001007 -0.255165  -0.457031 0.447266 1 24 1.000000
0  24.093750 -35.411407 -0.414238  -0.705405 -0.000122 0.708792  -0.968750 0.663086 1 24 1.000000
azi_ship02_1
0  24.093750 -10.847575 -4.732330  -1.000000 0.000000 0.000000  2.515625 0.479492 1 24 1.000000
0  24.093750 -13.857057 -4.709300  -1.000000 0.000000 0.000000  2.089844 0.480957 1 24 1.000000
0  24.093750 -7.653605 -0.418960  -0.708396 -0.000153 0.705771  2.968750 0.663086 1 24 1.000000
azi_ship02_1
0  24.093750 -35.411407 -0.414238  -0.705405 -0.000122 0.708792  -0.968750 0.663086 1 24 1.000000
0  24.093750 -7.653605 -0.418960  -0.708396 -0.000153 0.705771  2.968750 0.663086 1 24 1.000000
0  24.093750 -13.857057 -4.709300  -1.000000 0.000000 0.000000  2.089844 0.480957 1 24 1.000000
azi_ship02_1
0  24.093750 -28.191298 -5.489360  -0.987945 0.000122 -0.154790  0.054688 0.447266 1 24 1.000000
0  24.093750 -35.411407 -0.414238  -0.705405 -0.000122 0.708792  -0.968750 0.663086 1 24 1.000000
0  24.093750 -14.998364 -5.478623  -0.964232 0.003449 -0.264962  1.925781 0.447266 1 24 1.000000
azi_ship02_1
0  24.093750 -13.857057 -4.709300  -1.000000 0.000000 0.000000  2.089844 0.480957 1 24 1.000000
0  24.093750 -14.998364 -5.478623  -0.964232 0.003449 -0.264962  1.925781 0.447266 1 24 1.000000
0  24.093750 -35.411407 -0.414238  -0.705405 -0.000122 0.708792  -0.968750 0.663086 1 24 1.000000
azi_ship02_1
0  40.687500 -7.646474 -5.497287  0.935057 0.120487 -0.333354  2.968750 0.447266 1 24 1.000000
0  40.687500 -7.653605 -0.418960  0.708396 -0.000153 0.705771  2.968750 0.663086 1 24 1.000000
0  40.687500 -11.395518 -5.500172  0.988037 0.000092 -0.154210  2.437500 0.447266 1 24 1.000000
azi_ship02_1
0  40.687500 -14.998364 -5.478623  0.963012 0.000214 -0.269417  1.925781 0.447266 1 24 1.000000
0  40.687500 -11.395518 -5.500172  0.988037 0.000092 -0.154210  2.437500 0.447266 1 24 1.000000
0  40.687500 -7.653605 -0.418960  0.708396 -0.000153 0.705771  2.968750 0.663086 1 24 1.000000
azi_ship02_1
0  24.093750 -10.847575 -4.732330  -1.000000 0.000000 0.000000  2.566406 0.477539 1 24 1.000000
0  24.093750 -11.395518 -5.500172  -0.987915 0.000092 -0.154881  2.476562 0.444824 1 24 1.000000
0  24.093750 -14.998364 -5.478623  -0.964232 0.003449 -0.264962  1.878906 0.444824 1 24 1.000000
azi_ship02_1
0  24.093750 -14.998364 -5.478623  -0.964232 0.003449 -0.264962  1.878906 0.444824 1 24 1.000000
0  24.093750 -13.857057 -4.709300  -1.000000 0.000000 0.000000  2.070312 0.479004 1 24 1.000000
0  24.093750 -10.847575 -4.732330  -1.000000 0.000000 0.000000  2.566406 0.477539 1 24 1.000000
azi_ship02_1
0  24.093750 -7.653605 -0.418960  -0.708396 -0.000153 0.705771  2.968750 0.663086 1 24 1.000000
0  24.093750 -7.646474 -5.497287  -0.934629 0.120457 -0.334574  2.968750 0.447266 1 24 1.000000
0  24.093750 -11.395518 -5.500172  -0.987915 0.000092 -0.154881  2.437500 0.447266 1 24 1.000000
azi_ship02_1
0  24.093750 -11.395518 -5.500172  -0.987915 0.000092 -0.154881  2.437500 0.447266 1 24 1.000000
0  24.093750 -10.847575 -4.732330  -1.000000 0.000000 0.000000  2.515625 0.479492 1 24 1.000000
0  24.093750 -7.653605 -0.418960  -0.708396 -0.000153 0.705771  2.968750 0.663086 1 24 1.000000
azi_ship02_1
0  28.242188 -23.992682 -10.919163  -0.792138 0.003784 -0.610309  6.921875 0.444824 1 24 1.000000
0  24.093750 -28.191298 -5.489360  -0.987945 0.000122 -0.154790  6.925782 0.664062 1 24 1.000000
0  24.093750 -14.998364 -5.478623  -0.964232 0.003449 -0.264962  6.917969 0.664062 1 24 1.000000
azi_ship02_1
0  24.093750 -14.998364 -5.478623  -0.964232 0.003449 -0.264962  6.917969 0.664062 1 24 1.000000
0  28.429688 -10.206385 -10.906944  -0.786096 0.011231 -0.617969  6.914062 0.444824 1 24 1.000000
0  28.242188 -23.992682 -10.919163  -0.792138 0.003784 -0.610309  6.921875 0.444824 1 24 1.000000
azi_ship02_1
0  29.320312 -46.806263 -7.991716  -0.450942 -0.853725 -0.260292  6.921875 0.615234 1 24 1.000000
0  32.390625 -47.990829 -7.378164  -0.001312 -0.989868 -0.141850  6.925782 0.615234 1 24 1.000000
0  32.390625 -48.262157 -5.484877  -0.000824 -0.949400 -0.314035  6.929688 0.664062 1 24 1.000000
azi_ship02_1
0  32.390625 -48.262157 -5.484877  -0.000824 -0.949400 -0.314035  6.929688 0.664062 1 24 1.000000
0  27.421875 -46.578316 -5.489002  -0.601398 -0.740074 -0.300974  6.914062 0.664062 1 24 1.000000
0  29.320312 -46.806263 -7.991716  -0.450942 -0.853725 -0.260292  6.921875 0.615234 1 24 1.000000
azi_ship02_1
0  27.140623 2.151975 -5.497806  -0.833064 0.490982 -0.254769  6.914062 0.664062 1 24 1.000000
0  29.718750 3.599418 -10.921521  -0.778344 0.621448 -0.089145  6.914062 0.444824 1 24 1.000000
0  28.476564 -6.599894 -10.905341  -0.820215 0.159612 -0.549303  6.929688 0.444824 1 24 1.000000
azi_ship02_1
0  28.476564 -6.599894 -10.905341  -0.820215 0.159612 -0.549303  6.929688 0.444824 1 24 1.000000
0  24.093750 -7.646474 -5.497287  -0.934629 0.120457 -0.334574  6.929688 0.664062 1 24 1.000000
0  27.140623 2.151975 -5.497806  -0.833064 0.490982 -0.254769  6.914062 0.664062 1 24 1.000000
azi_ship02_1
0  32.390625 4.598533 -5.479661  0.000000 0.945189 -0.326426  6.914062 0.664062 1 24 1.000000
0  32.390625 5.996029 -10.919238  0.000000 0.968535 0.248817  6.914062 0.444824 1 24 1.000000
0  29.718750 3.599418 -10.921521  -0.778344 0.621448 -0.089145  6.929688 0.444824 1 24 1.000000
azi_ship02_1
0  29.718750 3.599418 -10.921521  -0.778344 0.621448 -0.089145  6.929688 0.444824 1 24 1.000000
0  27.140623 2.151975 -5.497806  -0.833064 0.490982 -0.254769  6.929688 0.664062 1 24 1.000000
0  32.390625 4.598533 -5.479661  0.000000 0.945189 -0.326426  6.914062 0.664062 1 24 1.000000
azi_ship02_1
0  24.093750 -42.378456 -5.485917  -0.920957 -0.252388 -0.296793  6.914062 0.664062 1 24 1.000000
0  28.171875 -35.998886 -10.926934  -0.800562 0.003479 -0.599200  6.914062 0.444824 1 24 1.000000
0  28.078123 -44.394947 -10.909954  -0.792474 -0.351848 -0.498154  6.925782 0.444824 1 24 1.000000
azi_ship02_1
0  28.078123 -44.394947 -10.909954  -0.792474 -0.351848 -0.498154  6.925782 0.444824 1 24 1.000000
0  27.421875 -46.578316 -5.489002  -0.601398 -0.740074 -0.300974  6.929688 0.664062 1 24 1.000000
0  24.093750 -42.378456 -5.485917  -0.920957 -0.252388 -0.296793  6.914062 0.664062 1 24 1.000000
azi_ship02_1
0  35.484375 -46.806263 -7.991716  0.450179 -0.854244 -0.259896  6.921875 0.615234 1 24 1.000000
0  37.382812 -46.578316 -5.489002  0.602405 -0.739402 -0.300546  6.914062 0.664062 1 24 1.000000
0  32.390625 -48.262157 -5.484877  -0.000824 -0.949400 -0.314035  6.929688 0.664062 1 24 1.000000
azi_ship02_1
0  32.390625 -48.262157 -5.484877  -0.000824 -0.949400 -0.314035  6.929688 0.664062 1 24 1.000000
0  32.390625 -47.990829 -7.378164  -0.001312 -0.989868 -0.141850  6.925782 0.615234 1 24 1.000000
0  35.484375 -46.806263 -7.991716  0.450179 -0.854244 -0.259896  6.921875 0.615234 1 24 1.000000
azi_ship02_1
0  37.640625 2.151975 -5.497806  0.833003 0.491348 -0.254219  6.914062 0.664062 1 24 1.000000
0  40.687500 -7.646474 -5.497287  0.935057 0.120487 -0.333354  6.929688 0.664062 1 24 1.000000
0  36.328125 -6.599894 -10.905341  0.821253 0.160405 -0.547502  6.929688 0.444824 1 24 1.000000
azi_ship02_1
0  36.328125 -6.599894 -10.905341  0.821253 0.160405 -0.547502  6.929688 0.444824 1 24 1.000000
0  35.062500 3.599418 -10.921521  0.777825 0.622150 -0.088748  6.914062 0.444824 1 24 1.000000
0  37.640625 2.151975 -5.497806  0.833003 0.491348 -0.254219  6.914062 0.664062 1 24 1.000000
azi_ship02_1
0  32.390625 4.598533 -5.479661  0.000000 0.945189 -0.326426  6.914062 0.664062 1 24 1.000000
0  37.640625 2.151975 -5.497806  0.833003 0.491348 -0.254219  6.929688 0.664062 1 24 1.000000
0  35.062500 3.599418 -10.921521  0.777825 0.622150 -0.088748  6.929688 0.444824 1 24 1.000000
azi_ship02_1
0  35.062500 3.599418 -10.921521  0.777825 0.622150 -0.088748  6.929688 0.444824 1 24 1.000000
0  32.390625 5.996029 -10.919238  0.000000 0.968535 0.248817  6.914062 0.444824 1 24 1.000000
0  32.390625 4.598533 -5.479661  0.000000 0.945189 -0.326426  6.914062 0.664062 1 24 1.000000
azi_ship02_1
0  27.421875 -49.005203 -0.409314  -0.547624 -0.748833 -0.373241  8.750000 -1.156250 1 24 1.000000
0  27.421875 -46.578316 -5.489002  -0.601398 -0.740074 -0.300974  8.750000 -1.375488 1 24 1.000000
0  32.390625 -48.262157 -5.484877  -0.000824 -0.949400 -0.314035  9.250000 -1.375488 1 24 1.000000
azi_ship02_1
0  32.390625 -48.262157 -5.484877  -0.000824 -0.949400 -0.314035  9.250000 -1.375488 1 24 1.000000
0  32.390625 -50.974155 -0.407752  -0.000641 -0.882046 -0.471145  9.250000 -1.156250 1 24 1.000000
0  27.421875 -49.005203 -0.409314  -0.547624 -0.748833 -0.373241  8.750000 -1.156250 1 24 1.000000
azi_ship02_1
0  40.687500 -42.378456 -5.485917  0.921598 -0.250862 -0.296091  6.914062 0.664062 1 24 1.000000
0  37.382812 -46.578316 -5.489002  0.602405 -0.739402 -0.300546  6.929688 0.664062 1 24 1.000000
0  36.726562 -44.394947 -10.909954  0.794031 -0.349620 -0.497238  6.925782 0.444824 1 24 1.000000
azi_ship02_1
0  36.726562 -44.394947 -10.909954  0.794031 -0.349620 -0.497238  6.925782 0.444824 1 24 1.000000
0  36.609375 -35.998886 -10.926934  0.801447 0.003784 -0.598010  6.914062 0.444824 1 24 1.000000
0  40.687500 -42.378456 -5.485917  0.921598 -0.250862 -0.296091  6.914062 0.664062 1 24 1.000000
azi_ship02_1
0  25.476564 -7.639986 -3.647739  1.000000 0.000000 0.000000  5.808594 0.877441 1 24 1.000000
0  25.476564 -5.422699 -0.414313  0.524552 -0.001099 0.851344  5.808594 0.694336 1 24 1.000000
0  25.476564 -43.194603 -0.422571  0.637135 -0.000092 0.770714  5.867188 0.694336 1 24 1.000000
azi_ship02_1
0  25.476564 -43.194603 -0.422571  0.637135 -0.000092 0.770714  5.867188 0.694336 1 24 1.000000
0  25.476564 -43.204140 -3.647705  1.000000 0.000000 0.000000  5.867188 0.877441 1 24 1.000000
0  25.476564 -7.639986 -3.647739  1.000000 0.000000 0.000000  5.808594 0.877441 1 24 1.000000
azi_ship02_1
0  24.093750 -7.646474 -5.497287  -0.934629 0.120457 -0.334574  6.929688 0.444824 1 24 1.000000
0  24.093750 -5.422699 -0.414313  -0.899197 0.206122 0.385907  6.929688 0.664062 1 24 1.000000
0  28.242188 5.562479 -0.411868  -0.726249 0.628376 -0.278695  6.968750 0.664062 1 24 1.000000
azi_ship02_1
0  28.242188 5.562479 -0.411868  -0.726249 0.628376 -0.278695  6.968750 0.664062 1 24 1.000000
0  27.140623 2.151975 -5.497806  -0.833064 0.490982 -0.254769  6.968750 0.444824 1 24 1.000000
0  24.093750 -7.646474 -5.497287  -0.934629 0.120457 -0.334574  6.929688 0.444824 1 24 1.000000
azi_ship02_1
0  39.304688 -7.639986 -3.647739  -1.000000 0.000000 0.000000  5.808594 0.877441 1 24 1.000000
0  39.304688 -43.204140 -3.647705  -1.000000 0.000000 0.000000  5.867188 0.877441 1 24 1.000000
0  39.304688 -43.194603 -0.422571  -0.637135 -0.000092 0.770714  5.867188 0.694336 1 24 1.000000
azi_ship02_1
0  39.304688 -43.194603 -0.422571  -0.637135 -0.000092 0.770714  5.867188 0.694336 1 24 1.000000
0  39.304688 -5.422699 -0.414313  -0.524552 -0.001099 0.851344  5.808594 0.694336 1 24 1.000000
0  39.304688 -7.639986 -3.647739  -1.000000 0.000000 0.000000  5.808594 0.877441 1 24 1.000000
azi_ship02_1
0  25.476564 -5.422699 -0.414313  0.524552 -0.001099 0.851344  2.398438 0.354980 1 24 1.000000
0  24.093750 -7.653605 -0.418960  -0.708396 -0.000153 0.705771  2.398438 0.281250 1 24 1.000000
0  24.093750 -35.411407 -0.414238  -0.705405 -0.000122 0.708792  2.398438 0.281250 1 24 1.000000
azi_ship02_1
0  24.093750 -35.411407 -0.414238  -0.705405 -0.000122 0.708792  2.398438 0.281250 1 24 1.000000
0  25.476564 -43.194603 -0.422571  0.637135 -0.000092 0.770714  2.398438 0.354980 1 24 1.000000
0  25.476564 -5.422699 -0.414313  0.524552 -0.001099 0.851344  2.398438 0.354980 1 24 1.000000
azi_ship02_1
0  24.093750 -42.378456 -5.485917  -0.920957 -0.252388 -0.296793  4.925781 -1.375488 1 24 1.000000
0  24.093750 -43.691719 -0.415481  -0.899716 -0.331889 0.283395  4.851562 -1.156250 1 24 1.000000
0  24.093750 -35.411407 -0.414238  -0.705405 -0.000122 0.708792  5.765625 -1.156250 1 24 1.000000
azi_ship02_1
0  24.093750 -35.411407 -0.414238  -0.705405 -0.000122 0.708792  5.765625 -1.156250 1 24 1.000000
0  24.093750 -35.427429 -5.488920  -0.948698 -0.000153 -0.316172  5.765625 -1.375488 1 24 1.000000
0  24.093750 -42.378456 -5.485917  -0.920957 -0.252388 -0.296793  4.925781 -1.375488 1 24 1.000000
azi_ship02_1
0  40.687500 -42.378456 -5.485917  0.921598 -0.250862 -0.296091  4.925781 -1.375488 1 24 1.000000
0  40.687500 -35.427429 -5.488920  0.948546 0.000305 -0.316599  5.765625 -1.375488 1 24 1.000000
0  40.687500 -35.411407 -0.414238  0.705405 -0.000122 0.708792  5.765625 -1.156250 1 24 1.000000
azi_ship02_1
0  40.687500 -35.411407 -0.414238  0.705405 -0.000122 0.708792  5.765625 -1.156250 1 24 1.000000
0  40.687500 -43.691719 -0.415481  0.900266 -0.330149 0.283639  4.851562 -1.156250 1 24 1.000000
0  40.687500 -42.378456 -5.485917  0.921598 -0.250862 -0.296091  4.925781 -1.375488 1 24 1.000000
azi_ship02_1
0  37.382812 -46.578316 -5.489002  0.602405 -0.739402 -0.300546  4.578125 -1.375488 1 24 1.000000
0  40.687500 -42.378456 -5.485917  0.921598 -0.250862 -0.296091  5.195312 -1.375488 1 24 1.000000
0  40.687500 -43.691719 -0.415481  0.900266 -0.330149 0.283639  5.105469 -1.156250 1 24 1.000000
azi_ship02_1
0  40.687500 -43.691719 -0.415481  0.900266 -0.330149 0.283639  5.105469 -1.156250 1 24 1.000000
0  37.382812 -49.005203 -0.409314  0.547960 -0.748650 -0.373150  4.472656 -1.156250 1 24 1.000000
0  37.382812 -46.578316 -5.489002  0.602405 -0.739402 -0.300546  4.578125 -1.375488 1 24 1.000000
azi_ship02_1
0  39.304688 -5.422699 -0.414313  -0.524552 -0.001099 0.851344  2.398438 0.354980 1 24 1.000000
0  39.304688 -43.194603 -0.422571  -0.637135 -0.000092 0.770714  2.398438 0.354980 1 24 1.000000
0  40.687500 -35.411407 -0.414238  0.705405 -0.000122 0.708792  2.398438 0.281250 1 24 1.000000
azi_ship02_1
0  40.687500 -35.411407 -0.414238  0.705405 -0.000122 0.708792  2.398438 0.281250 1 24 1.000000
0  40.687500 -7.653605 -0.418960  0.708396 -0.000153 0.705771  2.398438 0.281250 1 24 1.000000
0  39.304688 -5.422699 -0.414313  -0.524552 -0.001099 0.851344  2.398438 0.354980 1 24 1.000000
azi_ship02_1
0  27.421875 -46.578316 -5.489002  -0.601398 -0.740074 -0.300974  4.578125 -1.375488 1 24 1.000000
0  27.421875 -49.005203 -0.409314  -0.547624 -0.748833 -0.373241  4.472656 -1.156250 1 24 1.000000
0  24.093750 -43.691719 -0.415481  -0.899716 -0.331889 0.283395  5.105469 -1.156250 1 24 1.000000
azi_ship02_1
0  24.093750 -43.691719 -0.415481  -0.899716 -0.331889 0.283395  5.105469 -1.156250 1 24 1.000000
0  24.093750 -42.378456 -5.485917  -0.920957 -0.252388 -0.296793  5.195312 -1.375488 1 24 1.000000
0  27.421875 -46.578316 -5.489002  -0.601398 -0.740074 -0.300974  4.578125 -1.375488 1 24 1.000000
azi_ship02_1
0  40.687500 -7.646474 -5.497287  0.935057 0.120487 -0.333354  6.929688 0.444824 1 24 1.000000
0  37.640625 2.151975 -5.497806  0.833003 0.491348 -0.254219  6.968750 0.444824 1 24 1.000000
0  36.539062 5.562479 -0.411868  0.726249 0.628376 -0.278695  6.968750 0.664062 1 24 1.000000
azi_ship02_1
0  36.539062 5.562479 -0.411868  0.726249 0.628376 -0.278695  6.968750 0.664062 1 24 1.000000
0  40.687500 -5.422699 -0.414313  0.899197 0.206122 0.385907  6.929688 0.664062 1 24 1.000000
0  40.687500 -7.646474 -5.497287  0.935057 0.120487 -0.333354  6.929688 0.444824 1 24 1.000000
azi_ship02_1
0  28.171875 -35.998886 -10.926934  -0.800562 0.003479 -0.599200  6.929688 0.444824 1 24 1.000000
0  24.093750 -35.427429 -5.488920  -0.948698 -0.000153 -0.316172  6.929688 0.664062 1 24 1.000000
0  24.093750 -31.797789 -5.490963  -0.966887 0.001007 -0.255165  6.925782 0.664062 1 24 1.000000
azi_ship02_1
0  24.093750 -31.797789 -5.490963  -0.966887 0.001007 -0.255165  6.925782 0.664062 1 24 1.000000
0  28.218750 -27.599173 -10.920766  -0.798059 0.004883 -0.602496  6.925782 0.444824 1 24 1.000000
0  28.171875 -35.998886 -10.926934  -0.800562 0.003479 -0.599200  6.929688 0.444824 1 24 1.000000
azi_ship02_1
0  37.382812 -49.005203 -0.409314  0.547960 -0.748650 -0.373150  8.750000 -1.156250 1 24 1.000000
0  32.390625 -50.974155 -0.407752  -0.000641 -0.882046 -0.471145  9.250000 -1.156250 1 24 1.000000
0  32.390625 -48.262157 -5.484877  -0.000824 -0.949400 -0.314035  9.250000 -1.375488 1 24 1.000000
azi_ship02_1
0  32.390625 -48.262157 -5.484877  -0.000824 -0.949400 -0.314035  9.250000 -1.375488 1 24 1.000000
0  37.382812 -46.578316 -5.489002  0.602405 -0.739402 -0.300546  8.750000 -1.375488 1 24 1.000000
0  37.382812 -49.005203 -0.409314  0.547960 -0.748650 -0.373150  8.750000 -1.156250 1 24 1.000000
azi_ship02_1
0  40.687500 -35.427429 -5.488920  0.948546 0.000305 -0.316599  6.929688 0.664062 1 24 1.000000
0  36.609375 -35.998886 -10.926934  0.801447 0.003784 -0.598010  6.929688 0.444824 1 24 1.000000
0  36.585938 -27.599173 -10.920766  0.799249 0.001770 -0.600940  6.925782 0.444824 1 24 1.000000
azi_ship02_1
0  36.585938 -27.599173 -10.920766  0.799249 0.001770 -0.600940  6.925782 0.444824 1 24 1.000000
0  40.687500 -31.797789 -5.490963  0.966643 -0.000122 -0.256020  6.925782 0.664062 1 24 1.000000
0  40.687500 -35.427429 -5.488920  0.948546 0.000305 -0.316599  6.929688 0.664062 1 24 1.000000
azi_ship02_1
0  40.687500 -7.653605 -0.418960  0.708396 -0.000153 0.705771  2.968750 0.663086 1 24 1.000000
0  40.687500 -35.411407 -0.414238  0.705405 -0.000122 0.708792  -0.968750 0.663086 1 24 1.000000
0  40.687500 -28.191298 -5.489360  0.987915 0.002106 -0.154942  0.054688 0.447266 1 24 1.000000
azi_ship02_1
0  40.687500 -28.191298 -5.489360  0.987915 0.002106 -0.154942  0.054688 0.447266 1 24 1.000000
0  40.687500 -14.998364 -5.478623  0.963012 0.000214 -0.269417  1.925781 0.447266 1 24 1.000000
0  40.687500 -7.653605 -0.418960  0.708396 -0.000153 0.705771  2.968750 0.663086 1 24 1.000000
azi_ship02_1
0  40.687500 -28.191298 -5.489360  0.987915 0.002106 -0.154942  6.925782 0.664062 1 24 1.000000
0  36.562500 -23.992682 -10.919163  0.800928 0.012757 -0.598590  6.921875 0.444824 1 24 1.000000
0  36.351562 -10.206385 -10.906944  0.788934 0.005097 -0.614429  6.914062 0.444824 1 24 1.000000
azi_ship02_1
0  36.351562 -10.206385 -10.906944  0.788934 0.005097 -0.614429  6.914062 0.444824 1 24 1.000000
0  40.687500 -14.998364 -5.478623  0.963012 0.000214 -0.269417  6.917969 0.664062 1 24 1.000000
0  40.687500 -28.191298 -5.489360  0.987915 0.002106 -0.154942  6.925782 0.664062 1 24 1.000000
azi_ship02_1
0  32.390625 8.837561 -0.405539  0.000000 0.831294 -0.555803  6.148438 0.843262 1 24 1.000000
0  32.390625 4.598533 -5.479661  0.000000 0.945189 -0.326426  6.148438 0.624512 1 24 1.000000
0  27.140623 2.151975 -5.497806  -0.833064 0.490982 -0.254769  5.957031 0.624512 1 24 1.000000
azi_ship02_1
0  39.304688 -5.422699 -0.414313  -0.524552 -0.001099 0.851344  2.398438 0.354980 1 24 1.000000
0  40.687500 -7.653605 -0.418960  0.708396 -0.000153 0.705771  2.398438 0.281250 1 24 1.000000
0  40.687500 -5.422699 -0.414313  0.899197 0.206122 0.385907  2.398438 0.281250 1 24 1.000000
azi_ship02_1
0  40.687500 -7.646474 -5.497287  0.935057 0.120487 -0.333354  6.921875 0.444824 1 24 1.000000
0  40.687500 -5.422699 -0.414313  0.899197 0.206122 0.385907  6.929688 0.664062 1 24 1.000000
0  40.687500 -7.653605 -0.418960  0.708396 -0.000153 0.705771  6.917969 0.664062 1 24 1.000000
azi_ship02_1
0  40.687500 -35.411407 -0.414238  0.705405 -0.000122 0.708792  2.398438 0.281250 1 24 1.000000
0  39.304688 -43.194603 -0.422571  -0.637135 -0.000092 0.770714  2.398438 0.354980 1 24 1.000000
0  40.687500 -43.691719 -0.415481  0.900266 -0.330149 0.283639  2.398438 0.281250 1 24 1.000000
azi_ship02_1
0  40.687500 -35.427429 -5.488920  0.948546 0.000305 -0.316599  6.914062 0.664062 1 24 1.000000
0  40.687500 -42.378456 -5.485917  0.921598 -0.250862 -0.296091  6.929688 0.664062 1 24 1.000000
0  36.609375 -35.998886 -10.926934  0.801447 0.003784 -0.598010  6.921875 0.444824 1 24 1.000000
azi_ship02_1
0  25.476564 -5.422699 -0.414313  0.524552 -0.001099 0.851344  2.398438 0.354980 1 24 1.000000
0  24.093750 -5.422699 -0.414313  -0.899197 0.206122 0.385907  2.398438 0.281250 1 24 1.000000
0  24.093750 -7.653605 -0.418960  -0.708396 -0.000153 0.705771  2.398438 0.281250 1 24 1.000000
azi_ship02_1
0  40.687500 -11.395518 -5.500172  0.988037 0.000092 -0.154210  6.914062 0.664062 1 24 1.000000
0  36.328125 -6.599894 -10.905341  0.821253 0.160405 -0.547502  6.914062 0.444824 1 24 1.000000
0  40.687500 -7.646474 -5.497287  0.935057 0.120487 -0.333354  6.914062 0.664062 1 24 1.000000
azi_ship02_1
0  24.093750 -7.646474 -5.497287  -0.934629 0.120457 -0.334574  6.921875 0.444824 1 24 1.000000
0  24.093750 -7.653605 -0.418960  -0.708396 -0.000153 0.705771  6.917969 0.664062 1 24 1.000000
0  24.093750 -5.422699 -0.414313  -0.899197 0.206122 0.385907  6.929688 0.664062 1 24 1.000000
azi_ship02_1
0  24.093750 -35.411407 -0.414238  -0.705405 -0.000122 0.708792  2.398438 0.281250 1 24 1.000000
0  24.093750 -43.691719 -0.415481  -0.899716 -0.331889 0.283395  2.398438 0.281250 1 24 1.000000
0  25.476564 -43.194603 -0.422571  0.637135 -0.000092 0.770714  2.398438 0.354980 1 24 1.000000
azi_ship02_1
0  37.382812 -46.578316 -5.489002  0.602405 -0.739402 -0.300546  6.914062 0.664062 1 24 1.000000
0  35.484375 -46.806263 -7.991716  0.450179 -0.854244 -0.259896  6.921875 0.615234 1 24 1.000000
0  36.726562 -44.394947 -10.909954  0.794031 -0.349620 -0.497238  6.910156 0.454102 1 24 1.000000
azi_ship02_1
0  32.390625 8.837561 -0.405539  0.000000 0.831294 -0.555803  6.148438 0.843262 1 24 1.000000
0  36.539062 5.562479 -0.411868  0.726249 0.628376 -0.278695  5.957031 0.843262 1 24 1.000000
0  37.640625 2.151975 -5.497806  0.833003 0.491348 -0.254219  5.957031 0.624512 1 24 1.000000
azi_ship02_1
0  28.476564 -6.599894 -10.905341  -0.820215 0.159612 -0.549303  6.914062 0.444824 1 24 1.000000
0  24.093750 -11.395518 -5.500172  -0.987915 0.000092 -0.154881  6.914062 0.664062 1 24 1.000000
0  24.093750 -7.646474 -5.497287  -0.934629 0.120457 -0.334574  6.914062 0.664062 1 24 1.000000
azi_ship02_1
0  24.093750 -35.427429 -5.488920  -0.948698 -0.000153 -0.316172  6.914062 0.664062 1 24 1.000000
0  28.171875 -35.998886 -10.926934  -0.800562 0.003479 -0.599200  6.921875 0.444824 1 24 1.000000
0  24.093750 -42.378456 -5.485917  -0.920957 -0.252388 -0.296793  6.929688 0.664062 1 24 1.000000
azi_ship02_1
0  32.390625 8.837561 -0.405539  0.000000 0.831294 -0.555803  6.148438 0.843262 1 24 1.000000
0  37.640625 2.151975 -5.497806  0.833003 0.491348 -0.254219  5.957031 0.624512 1 24 1.000000
0  32.390625 4.598533 -5.479661  0.000000 0.945189 -0.326426  6.148438 0.624512 1 24 1.000000
azi_ship02_1
0  27.421875 -46.578316 -5.489002  -0.601398 -0.740074 -0.300974  6.914062 0.664062 1 24 1.000000
0  28.078123 -44.394947 -10.909954  -0.792474 -0.351848 -0.498154  6.910156 0.454102 1 24 1.000000
0  29.320312 -46.806263 -7.991716  -0.450942 -0.853725 -0.260292  6.921875 0.615234 1 24 1.000000
azi_ship02_1
0  32.390625 8.837561 -0.405539  0.000000 0.831294 -0.555803  6.148438 0.843262 1 24 1.000000
0  27.140623 2.151975 -5.497806  -0.833064 0.490982 -0.254769  5.957031 0.624512 1 24 1.000000
0  28.242188 5.562479 -0.411868  -0.726249 0.628376 -0.278695  5.957031 0.843262 1 24 1.000000
azi_ship03_1
0  34.593750 -55.895267 -11.471878  0.000000 -0.999023 -0.043550  0.046875 0.980469 1 24 1.000000
0  33.375000 -55.986313 -9.488347  0.000000 -0.998932 -0.045839  0.046875 0.980469 1 24 1.000000
0  32.390625 -55.895267 -11.471878  0.000000 -0.999023 -0.043519  0.046875 0.230469 1 24 1.000000
azi_ship03_1
0  31.382812 -55.986313 -9.488347  0.000000 -0.998932 -0.045839  0.046875 0.980469 1 24 1.000000
0  32.390625 -55.895267 -11.471878  0.000000 -0.999023 -0.043519  0.046875 0.230469 1 24 1.000000
0  33.375000 -55.986313 -9.488347  0.000000 -0.998932 -0.045839  0.046875 0.980469 1 24 1.000000
azi_ship03_1
0  30.164064 -55.895267 -11.471878  0.000000 -0.999023 -0.043550  0.046875 0.980469 1 24 1.000000
0  32.390625 -55.895267 -11.471878  0.000000 -0.999023 -0.043519  0.046875 0.230469 1 24 1.000000
0  31.382812 -55.986313 -9.488347  0.000000 -0.998932 -0.045839  0.046875 0.980469 1 24 1.000000
azi_ship03_1
0  34.593750 -55.895267 -11.471878  0.000000 -0.999023 -0.043550  0.046875 0.980469 1 24 1.000000
0  32.390625 -55.895267 -11.471878  0.000000 -0.999023 -0.043519  0.046875 0.230469 1 24 1.000000
0  33.375000 -55.816441 -13.382309  0.000000 -0.999146 -0.041200  0.046875 0.980469 1 24 1.000000
azi_ship03_1
0  31.382812 -55.816441 -13.382309  0.000000 -0.999146 -0.041200  0.046875 0.980469 1 24 1.000000
0  33.375000 -55.816441 -13.382309  0.000000 -0.999146 -0.041200  0.046875 0.980469 1 24 1.000000
0  32.390625 -55.895267 -11.471878  0.000000 -0.999023 -0.043519  0.046875 0.230469 1 24 1.000000
azi_ship03_1
0  30.164064 -55.895267 -11.471878  0.000000 -0.999023 -0.043550  0.046875 0.980469 1 24 1.000000
0  31.382812 -55.816441 -13.382309  0.000000 -0.999146 -0.041200  0.046875 0.980469 1 24 1.000000
0  32.390625 -55.895267 -11.471878  0.000000 -0.999023 -0.043519  0.046875 0.230469 1 24 1.000000
out70_yuka12_1
0  24.000000 -47.124134 -0.064886  -0.004151 0.001770 0.999969  -0.976562 0.435547 1 24 1.000000
0  25.382812 -49.898457 -0.055153  -0.000763 -0.000275 0.999969  -0.733398 -0.050781 1 24 1.000000
0  28.617188 -42.092110 -0.050466  -0.019471 0.015870 0.999664  -0.165039 1.322266 1 24 1.000000
out70_yuka12_1
0  28.617188 -42.092110 -0.050466  -0.019471 0.015870 0.999664  -0.165039 1.322266 1 24 1.000000
0  25.382812 -49.898457 -0.055153  -0.000763 -0.000275 0.999969  -0.733398 -0.050781 1 24 1.000000
0  28.078123 -52.129364 -0.059800  -0.000793 -0.000458 0.999969  -0.257812 -0.444336 1 24 1.000000
out70_yuka12_1
0  28.617188 -42.092110 -0.050466  -0.019471 0.015870 0.999664  -0.165039 1.322266 1 24 1.000000
0  28.078123 -52.129364 -0.059800  -0.000793 -0.000458 0.999969  -0.257812 -0.444336 1 24 1.000000
0  32.390625 -42.092110 -0.050466  -0.000275 -0.000336 0.999969  0.500000 1.322266 1 24 1.000000
out70_yuka12_1
0  32.390625 -42.092110 -0.050466  -0.000275 -0.000336 0.999969  0.500000 1.322266 1 24 1.000000
0  28.078123 -52.129364 -0.059800  -0.000793 -0.000458 0.999969  -0.257812 -0.444336 1 24 1.000000
0  32.390625 -53.242992 -0.050548  -0.000183 -0.000305 0.999969  0.500000 -0.638672 1 24 1.000000
out70_yuka12_1
0  32.390625 -42.092110 -0.050466  -0.000275 -0.000336 0.999969  0.500000 1.322266 1 24 1.000000
0  32.390625 -53.242992 -0.050548  -0.000183 -0.000305 0.999969  0.500000 -0.638672 1 24 1.000000
0  36.187500 -42.092110 -0.050466  0.002167 0.009552 0.999939  1.165039 1.322266 1 24 1.000000
out70_yuka12_1
0  36.187500 -42.092110 -0.050466  0.002167 0.009552 0.999939  1.165039 1.322266 1 24 1.000000
0  32.390625 -53.242992 -0.050548  -0.000183 -0.000305 0.999969  0.500000 -0.638672 1 24 1.000000
0  36.703125 -52.129364 -0.059800  0.001556 -0.000214 0.999969  1.257812 -0.444336 1 24 1.000000
out70_yuka12_1
0  36.187500 -42.092110 -0.050466  0.002167 0.009552 0.999939  1.165039 1.322266 1 24 1.000000
0  36.703125 -52.129364 -0.059800  0.001556 -0.000214 0.999969  1.257812 -0.444336 1 24 1.000000
0  40.804688 -47.124134 -0.064886  0.001831 0.000793 0.999969  1.976562 0.435547 1 24 1.000000
out70_yuka12_1
0  40.804688 -47.124134 -0.064886  0.001831 0.000793 0.999969  1.976562 0.435547 1 24 1.000000
0  36.703125 -52.129364 -0.059800  0.001556 -0.000214 0.999969  1.257812 -0.444336 1 24 1.000000
0  39.421875 -49.898457 -0.055153  -0.007752 0.007355 0.999939  1.733398 -0.050781 1 24 1.000000
out70_yuka12_1
0  26.437500 -40.292507 -0.072816  0.000000 0.003479 0.999969  -0.547852 1.638672 1 24 1.000000
0  24.000000 -40.292507 -0.072816  -0.000824 0.001831 0.999969  -0.976562 1.638672 1 24 1.000000
0  26.437500 -41.525543 -0.068490  -0.000397 0.001465 0.999969  -0.547852 1.423828 1 24 1.000000
out70_yuka12_1
0  26.437500 -41.525543 -0.068490  -0.000397 0.001465 0.999969  -0.547852 1.423828 1 24 1.000000
0  24.000000 -40.292507 -0.072816  -0.000824 0.001831 0.999969  -0.976562 1.638672 1 24 1.000000
0  24.000000 -47.124134 -0.064886  -0.004151 0.001770 0.999969  -0.976562 0.435547 1 24 1.000000
out70_yuka12_1
0  26.437500 -41.525543 -0.068490  -0.000397 0.001465 0.999969  -0.547852 1.423828 1 24 1.000000
0  24.000000 -47.124134 -0.064886  -0.004151 0.001770 0.999969  -0.976562 0.435547 1 24 1.000000
0  28.617188 -41.525543 -0.068490  -0.016572 0.014313 0.999756  -0.165039 1.423828 1 24 1.000000
out70_yuka12_1
0  28.617188 -41.525543 -0.068490  -0.016572 0.014313 0.999756  -0.165039 1.423828 1 24 1.000000
0  24.000000 -47.124134 -0.064886  -0.004151 0.001770 0.999969  -0.976562 0.435547 1 24 1.000000
0  28.617188 -42.092110 -0.050466  -0.019471 0.015870 0.999664  -0.165039 1.322266 1 24 1.000000
out70_yuka12_1
0  36.187500 -41.525543 -0.068490  0.000000 0.031770 0.999481  1.165039 1.423828 1 24 1.000000
0  36.187500 -42.092110 -0.050466  0.002167 0.009552 0.999939  1.165039 1.322266 1 24 1.000000
0  38.367188 -41.525543 -0.068490  0.006470 0.005127 0.999939  1.547852 1.423828 1 24 1.000000
out70_yuka12_1
0  38.367188 -41.525543 -0.068490  0.006470 0.005127 0.999939  1.547852 1.423828 1 24 1.000000
0  36.187500 -42.092110 -0.050466  0.002167 0.009552 0.999939  1.165039 1.322266 1 24 1.000000
0  40.804688 -47.124134 -0.064886  0.001831 0.000793 0.999969  1.976562 0.435547 1 24 1.000000
out70_yuka12_1
0  38.367188 -41.525543 -0.068490  0.006470 0.005127 0.999939  1.547852 1.423828 1 24 1.000000
0  40.804688 -47.124134 -0.064886  0.001831 0.000793 0.999969  1.976562 0.435547 1 24 1.000000
0  38.367188 -40.292507 -0.072816  0.001434 0.001648 0.999969  1.547852 1.638672 1 24 1.000000
out70_yuka12_1
0  38.367188 -40.292507 -0.072816  0.001434 0.001648 0.999969  1.547852 1.638672 1 24 1.000000
0  40.804688 -47.124134 -0.064886  0.001831 0.000793 0.999969  1.976562 0.435547 1 24 1.000000
0  40.804688 -40.292507 -0.072816  0.000000 0.001160 0.999969  1.976562 1.638672 1 24 1.000000
out70_yuka12_1
0  39.210938 -2.250077 -0.154601  0.000000 0.001007 0.999969  1.716797 0.139648 1 24 1.000000
0  25.523438 -2.250077 -0.154601  0.000000 0.001007 0.999969  -0.716797 0.139648 1 24 1.000000
0  39.937500 -5.760317 -0.147632  0.000000 0.001984 0.999969  1.844727 -0.484375 1 24 1.000000
out70_yuka12_1
0  37.781250 -5.760317 -0.147632  0.000000 0.001984 0.999969  1.460938 -0.484375 1 24 1.000000
0  39.937500 -5.760317 -0.147632  0.000000 0.001984 0.999969  1.844727 -0.484375 1 24 1.000000
0  25.523438 -2.250077 -0.154601  0.000000 0.001007 0.999969  -0.716797 0.139648 1 24 1.000000
out70_yuka12_1
0  25.523438 -2.250077 -0.154601  0.000000 0.001007 0.999969  -0.716797 0.139648 1 24 1.000000
0  24.820312 -5.760317 -0.147632  0.000000 0.001984 0.999969  -0.844727 -0.484375 1 24 1.000000
0  37.781250 -5.760317 -0.147632  0.000000 0.001984 0.999969  1.460938 -0.484375 1 24 1.000000
out70_yuka12_1
0  32.367188 -5.760317 -0.147632  0.000000 0.000000 1.000000  0.500000 -0.484375 1 24 1.000000
0  37.781250 -5.760317 -0.147632  0.000000 0.001984 0.999969  1.460938 -0.484375 1 24 1.000000
0  24.820312 -5.760317 -0.147632  0.000000 0.001984 0.999969  -0.844727 -0.484375 1 24 1.000000
out70_yuka12_1
0  25.523438 -2.250077 -0.154601  0.000000 0.001007 0.999969  -0.716797 0.139648 1 24 1.000000
0  39.210938 -2.250077 -0.154601  0.000000 0.001007 0.999969  1.716797 0.139648 1 24 1.000000
0  37.781250 1.356415 -0.152998  0.000000 0.000061 0.999969  1.460938 0.780273 1 24 1.000000
out70_yuka12_1
0  37.781250 1.356415 -0.152998  0.000000 0.000061 0.999969  1.460938 0.780273 1 24 1.000000
0  26.976564 1.356415 -0.152998  0.000000 0.000061 1.000000  -0.460938 0.780273 1 24 1.000000
0  25.523438 -2.250077 -0.154601  0.000000 0.001007 0.999969  -0.716797 0.139648 1 24 1.000000
out70_yuka12_1
0  39.609375 -42.010517 -2.696815  0.000000 -0.000061 1.000000  1.907227 4.890625 1 24 1.000000
0  39.609375 -4.808826 -2.693684  0.000000 -0.000061 1.000000  1.907227 -2.088867 1 24 1.000000
0  24.609375 -4.808826 -2.693684  0.000000 -0.000061 1.000000  -0.907227 -2.088867 1 24 1.000000
out70_yuka12_1
0  24.609375 -4.808826 -2.693684  0.000000 -0.000061 1.000000  -0.907227 -2.088867 1 24 1.000000
0  24.609375 -42.010517 -2.696815  0.000000 -0.000061 1.000000  -0.907227 4.890625 1 24 1.000000
0  39.609375 -42.010517 -2.696815  0.000000 -0.000061 1.000000  1.907227 4.890625 1 24 1.000000
out70_yuka12_1
0  26.976564 1.356415 -0.152998  0.000000 0.000061 1.000000  -0.460938 0.780273 1 24 1.000000
0  37.781250 1.356415 -0.152998  0.000000 0.000061 0.999969  1.460938 0.780273 1 24 1.000000
0  32.367188 5.317467 -0.159766  0.000000 0.001679 0.999969  0.500000 1.484375 1 24 1.000000
out70_yuka12_1
0  26.976564 -5.760317 -0.147632  0.000000 0.000000 -1.000000  -0.460938 -0.484375 1 24 1.000000
0  32.367188 -5.760317 -0.147632  0.000000 0.000000 1.000000  0.500000 -0.484375 1 24 1.000000
0  24.820312 -5.760317 -0.147632  0.000000 0.001984 0.999969  -0.844727 -0.484375 1 24 1.000000
out70_yuka05_1
0  34.710938 -27.060844 -2.227175  -0.001587 -0.000458 0.999969  1.632812 -1.007812 1 24 1.000000
0  36.445312 -25.446455 -2.220366  -0.002564 -0.000732 0.999969  3.894531 -1.007812 1 24 1.000000
0  32.367188 -22.980389 -2.229017  0.000000 0.000336 1.000000  2.726562 1.562500 1 24 1.000000
out70_yuka05_1
0  36.445312 -20.630083 -2.219444  -0.003143 0.001404 0.999969  1.632812 -1.007812 1 24 1.000000
0  32.367188 -22.980389 -2.229017  0.000000 0.000336 1.000000  2.726562 1.562500 1 24 1.000000
0  36.445312 -25.446455 -2.220366  -0.002564 -0.000732 0.999969  3.894531 -1.007812 1 24 1.000000
out70_yuka05_1
0  34.710938 -18.899937 -2.230859  -0.002136 0.001679 0.999969  3.894531 -1.007812 1 24 1.000000
0  32.367188 -22.980389 -2.229017  0.000000 0.000336 1.000000  2.726562 1.562500 1 24 1.000000
0  36.445312 -20.630083 -2.219444  -0.003143 0.001404 0.999969  1.632812 -1.007812 1 24 1.000000
out70_yuka05_1
0  30.023438 -27.060844 -2.227175  0.001587 -0.000458 0.999969  3.894531 -1.007812 1 24 1.000000
0  32.367188 -22.980389 -2.229017  0.000000 0.000336 1.000000  2.726562 1.562500 1 24 1.000000
0  28.289064 -25.446455 -2.220366  0.002564 -0.000732 0.999969  1.632812 -1.007812 1 24 1.000000
out70_yuka05_1
0  28.289064 -20.630083 -2.219444  0.003143 0.001404 0.999969  3.894531 -1.007812 1 24 1.000000
0  28.289064 -25.446455 -2.220366  0.002564 -0.000732 0.999969  1.632812 -1.007812 1 24 1.000000
0  32.367188 -22.980389 -2.229017  0.000000 0.000336 1.000000  2.726562 1.562500 1 24 1.000000
out70_yuka05_1
0  32.367188 -22.980389 -2.229017  0.000000 0.000336 1.000000  2.726562 1.562500 1 24 1.000000
0  30.023438 -27.060844 -2.227175  0.001587 -0.000458 0.999969  1.632812 -1.007812 1 24 1.000000
0  34.710938 -27.060844 -2.227175  -0.001587 -0.000458 0.999969  3.894531 -1.007812 1 24 1.000000
out70_yuka05_1
0  28.289064 -20.630083 -2.219444  0.003143 0.001404 0.999969  3.894531 -1.007812 1 24 1.000000
0  32.367188 -22.980389 -2.229017  0.000000 0.000336 1.000000  2.726562 1.562500 1 24 1.000000
0  30.023438 -18.899937 -2.230859  0.002136 0.001679 0.999969  1.632812 -1.007812 1 24 1.000000
out70_yuka05_1
0  32.367188 -22.980389 -2.229017  0.000000 0.000336 1.000000  2.726562 1.562500 1 24 1.000000
0  34.710938 -18.899937 -2.230859  -0.002136 0.001679 0.999969  1.632812 -1.007812 1 24 1.000000
0  30.023438 -18.899937 -2.230859  0.002136 0.001679 0.999969  3.894531 -1.007812 1 24 1.000000
out70_yuka08_1
0  25.523438 -23.663998 -2.050215  0.000000 0.004547 0.999969  -14.882812 2.898438 1 24 1.000000
0  39.937500 -23.663998 -2.050215  0.000000 0.004547 0.999969  17.476564 2.898438 1 24 1.000000
0  39.937500 -21.957005 -2.057985  0.000000 0.004547 0.999969  17.468750 5.070312 1 24 1.000000
out70_yuka08_1
0  39.937500 -21.957005 -2.057985  0.000000 0.004547 0.999969  17.468750 5.070312 1 24 1.000000
0  25.523438 -21.957005 -2.057985  0.000000 0.004547 0.999969  -14.890625 5.070312 1 24 1.000000
0  25.523438 -23.663998 -2.050215  0.000000 0.004547 0.999969  -14.882812 2.898438 1 24 1.000000
out70_yuka07_1
0  30.937500 -37.301533 -2.323107  0.000000 -0.000427 0.999969  8.882812 -5.992188 1 24 1.000000
0  30.937500 -39.555588 -2.324109  0.000000 -0.000427 0.999969  8.882812 6.070312 1 24 1.000000
0  33.867188 -39.555588 -2.324109  0.000000 -0.000427 0.999969  -5.054688 6.070312 1 24 1.000000
out70_yuka07_1
0  33.867188 -39.555588 -2.324109  0.000000 -0.000427 0.999969  -5.054688 6.070312 1 24 1.000000
0  33.867188 -37.301533 -2.323107  0.000000 -0.000427 0.999969  -5.054688 -5.992188 1 24 1.000000
0  30.937500 -37.301533 -2.323107  0.000000 -0.000427 0.999969  8.882812 -5.992188 1 24 1.000000
h_kage_1
0  25.523438 -2.244068 0.034256  -0.003540 -0.000031 0.999969  0.593750 2.750000 1 24 1.000000
0  25.523438 -5.257195 0.034135  -0.000671 -0.000641 0.999969  0.593750 2.070312 1 24 1.000000
0  26.953123 1.339272 0.039503  -0.002960 -0.000885 0.999969  0.562500 2.750000 1 24 1.000000
h_kage_1
0  26.953123 1.339272 0.039503  -0.002960 -0.000885 0.999969  0.562500 2.750000 1 24 1.000000
0  25.523438 -5.257195 0.034135  -0.000671 -0.000641 0.999969  0.593750 2.070312 1 24 1.000000
0  26.953123 -3.453949 0.034936  0.000366 -0.001160 0.999969  0.562500 1.945312 1 24 1.000000
h_kage_1
0  26.953123 1.339272 0.039503  -0.002960 -0.000885 0.999969  0.562500 2.750000 1 24 1.000000
0  26.953123 -3.453949 0.034936  0.000366 -0.001160 0.999969  0.562500 1.945312 1 24 1.000000
0  29.484375 4.282944 0.050559  -0.001007 -0.002258 0.999969  0.500000 2.750000 1 24 1.000000
h_kage_1
0  29.484375 4.282944 0.050559  -0.001007 -0.002258 0.999969  0.500000 2.750000 1 24 1.000000
0  26.953123 -3.453949 0.034936  0.000366 -0.001160 0.999969  0.562500 1.945312 1 24 1.000000
0  29.484375 -1.057339 0.037220  0.000092 -0.002289 0.999969  0.500000 2.070312 1 24 1.000000
h_kage_1
0  29.484375 4.282944 0.050559  -0.001007 -0.002258 0.999969  0.500000 2.750000 1 24 1.000000
0  29.484375 -1.057339 0.037220  0.000092 -0.002289 0.999969  0.500000 2.070312 1 24 1.000000
0  32.367188 5.303968 0.055886  -0.000153 -0.001953 0.999969  0.476562 2.750000 1 24 1.000000
h_kage_1
0  32.367188 5.303968 0.055886  -0.000153 -0.001953 0.999969  0.476562 2.750000 1 24 1.000000
0  29.484375 -1.057339 0.037220  0.000092 -0.002289 0.999969  0.500000 2.070312 1 24 1.000000
0  32.367188 -0.510277 0.045992  -0.000275 -0.001953 0.999969  0.476562 2.070312 1 24 1.000000
h_kage_1
0  32.367188 5.303968 0.055886  -0.000153 -0.001953 0.999969  0.476562 2.750000 1 24 1.000000
0  32.367188 -0.510277 0.045992  -0.000275 -0.001953 0.999969  0.476562 2.070312 1 24 1.000000
0  35.250000 4.282944 0.050559  0.001556 -0.002075 0.999969  0.500000 2.750000 1 24 1.000000
h_kage_1
0  35.250000 4.282944 0.050559  0.001556 -0.002075 0.999969  0.500000 2.750000 1 24 1.000000
0  32.367188 -0.510277 0.045992  -0.000275 -0.001953 0.999969  0.476562 2.070312 1 24 1.000000
0  35.250000 -1.057339 0.037220  0.001251 -0.001862 0.999969  0.500000 2.070312 1 24 1.000000
h_kage_1
0  35.250000 4.282944 0.050559  0.001556 -0.002075 0.999969  0.500000 2.750000 1 24 1.000000
0  35.250000 -1.057339 0.037220  0.001251 -0.001862 0.999969  0.500000 2.070312 1 24 1.000000
0  37.781250 1.339272 0.039503  0.001007 -0.001831 0.999969  0.562500 2.750000 1 24 1.000000
h_kage_1
0  37.781250 1.339272 0.039503  0.001007 -0.001831 0.999969  0.562500 2.750000 1 24 1.000000
0  35.250000 -1.057339 0.037220  0.001251 -0.001862 0.999969  0.500000 2.070312 1 24 1.000000
0  37.781250 -3.453949 0.034936  0.000580 -0.000488 0.999969  0.562500 1.984375 1 24 1.000000
h_kage_1
0  40.500000 -40.122082 0.256231  0.000000 0.000824 0.999969  2.406250 0.492188 1 24 1.000000
0  38.906250 -40.122082 0.256231  -0.001801 0.000397 0.999969  2.945312 0.492188 1 24 1.000000
0  40.500000 -46.788002 0.261797  -0.011170 -0.000153 0.999908  2.406250 0.226562 1 24 1.000000
h_kage_1
0  40.500000 -46.788002 0.261797  -0.011170 -0.000153 0.999908  2.406250 0.226562 1 24 1.000000
0  38.906250 -40.122082 0.256231  -0.001801 0.000397 0.999969  2.945312 0.492188 1 24 1.000000
0  38.906250 -46.814796 0.242290  -0.010102 0.000244 0.999939  2.945312 0.226562 1 24 1.000000
h_kage_1
0  40.500000 -46.788002 0.261797  -0.011170 -0.000153 0.999908  2.406250 0.226562 1 24 1.000000
0  38.906250 -46.814796 0.242290  -0.010102 0.000244 0.999939  2.945312 0.226562 1 24 1.000000
0  39.070312 -50.182480 0.250541  -0.001770 0.001923 0.999969  2.406250 0.585938 1 24 1.000000
h_kage_1
0  39.070312 -50.182480 0.250541  -0.001770 0.001923 0.999969  2.406250 0.585938 1 24 1.000000
0  38.906250 -46.814796 0.242290  -0.010102 0.000244 0.999939  2.945312 0.226562 1 24 1.000000
0  37.664062 -49.446564 0.253305  0.000977 -0.001831 0.999969  2.945312 0.585938 1 24 1.000000
h_kage_1
0  25.898438 -40.122082 0.256231  0.000000 -0.002075 0.999969  2.945312 0.492188 1 24 1.000000
0  24.304688 -40.122082 0.256231  0.001801 -0.001648 0.999969  2.406250 0.492188 1 24 1.000000
0  25.898438 -46.814796 0.242290  0.011536 0.005829 0.999908  2.945312 0.226562 1 24 1.000000
h_kage_1
0  25.898438 -46.814796 0.242290  0.011536 0.005829 0.999908  2.945312 0.226562 1 24 1.000000
0  24.304688 -40.122082 0.256231  0.001801 -0.001648 0.999969  2.406250 0.492188 1 24 1.000000
0  24.304688 -46.788002 0.261797  0.010376 0.002655 0.999939  2.406250 0.226562 1 24 1.000000
h_kage_1
0  25.898438 -46.814796 0.242290  0.011536 0.005829 0.999908  2.945312 0.226562 1 24 1.000000
0  24.304688 -46.788002 0.261797  0.010376 0.002655 0.999939  2.406250 0.226562 1 24 1.000000
0  27.140623 -49.446564 0.253305  0.001679 -0.003113 0.999969  2.945312 0.585938 1 24 1.000000
h_kage_1
0  27.140623 -49.446564 0.253305  0.001679 -0.003113 0.999969  2.945312 0.585938 1 24 1.000000
0  24.304688 -46.788002 0.261797  0.010376 0.002655 0.999939  2.406250 0.226562 1 24 1.000000
0  25.734375 -50.182480 0.250541  0.000885 -0.001373 0.999969  2.406250 0.585938 1 24 1.000000
h_kage_1
0  37.781250 -3.453949 0.034936  0.000580 -0.000488 0.999969  0.781250 1.937500 1 24 1.000000
0  39.210938 -5.257195 0.034135  0.000488 -0.000031 0.999969  0.820312 2.070312 1 24 1.000000
0  39.210938 -2.244068 0.034256  0.001038 -0.000641 0.999969  0.820312 2.750000 1 24 1.000000
h_kage_1
0  39.210938 -2.244068 0.034256  0.001038 -0.000641 0.999969  0.820312 2.750000 1 24 1.000000
0  37.781250 1.339272 0.039503  0.001007 -0.001831 0.999969  0.781250 2.750000 1 24 1.000000
0  37.781250 -3.453949 0.034936  0.000580 -0.000488 0.999969  0.781250 1.937500 1 24 1.000000
h_kage_1
0  39.937500 -41.271156 -2.220088  0.000031 -0.000061 1.000000  -1.218750 0.296875 1 24 1.000000
0  36.914062 -34.794090 -2.219646  0.000916 0.000336 0.999969  -1.257812 0.500000 1 24 1.000000
0  27.679688 -34.794090 -2.219646  -0.001129 -0.000153 0.999969  -1.476562 0.500000 1 24 1.000000
h_kage_1
0  27.679688 -34.794090 -2.219646  -0.001129 -0.000153 0.999969  -1.476562 0.500000 1 24 1.000000
0  24.820312 -41.390556 -2.225015  -0.000732 -0.000458 0.999969  -1.476562 0.296875 1 24 1.000000
0  39.937500 -41.271156 -2.220088  0.000031 -0.000061 1.000000  -1.218750 0.296875 1 24 1.000000
h_kage_1
0  27.679688 -34.794090 -2.219646  -0.001129 -0.000153 0.999969  -1.218750 0.296875 1 24 1.000000
0  27.679688 -8.912632 -2.237386  0.002472 -0.000763 0.999969  -1.218750 0.500000 1 24 1.000000
0  24.820312 -4.759079 -2.227011  0.001373 -0.001312 0.999969  -1.476562 0.500000 1 24 1.000000
h_kage_1
0  24.820312 -4.759079 -2.227011  0.001373 -0.001312 0.999969  -1.476562 0.500000 1 24 1.000000
0  24.820312 -41.390556 -2.225015  -0.000732 -0.000458 0.999969  -1.476562 0.296875 1 24 1.000000
0  27.679688 -34.794090 -2.219646  -0.001129 -0.000153 0.999969  -1.218750 0.296875 1 24 1.000000
h_kage_1
0  27.679688 -8.912632 -2.237386  0.002472 -0.000763 0.999969  -1.218750 0.296875 1 24 1.000000
0  36.914062 -8.912632 -2.237386  -0.001862 -0.001038 0.999969  -1.195312 0.390625 1 24 1.000000
0  39.937500 -4.759079 -2.227011  -0.001465 -0.001404 0.999969  -1.351562 0.500000 1 24 1.000000
h_kage_1
0  39.937500 -4.759079 -2.227011  -0.001465 -0.001404 0.999969  -1.351562 0.500000 1 24 1.000000
0  24.820312 -4.759079 -2.227011  0.001373 -0.001312 0.999969  -1.476562 0.343750 1 24 1.000000
0  27.679688 -8.912632 -2.237386  0.002472 -0.000763 0.999969  -1.218750 0.296875 1 24 1.000000
h_kage_1
0  39.937500 -41.271156 -2.220088  0.000031 -0.000061 1.000000  -1.218750 0.296875 1 24 1.000000
0  39.937500 -4.759079 -2.227011  -0.001465 -0.001404 0.999969  -1.218750 0.500000 1 24 1.000000
0  36.914062 -8.912632 -2.237386  -0.001862 -0.001038 0.999969  -1.531250 0.468750 1 24 1.000000
h_kage_1
0  36.914062 -8.912632 -2.237386  -0.001862 -0.001038 0.999969  -1.531250 0.468750 1 24 1.000000
0  36.914062 -34.794090 -2.219646  0.000916 0.000336 0.999969  -1.531250 0.320312 1 24 1.000000
0  39.937500 -41.271156 -2.220088  0.000031 -0.000061 1.000000  -1.218750 0.296875 1 24 1.000000
h_kage_1
0  36.187500 -52.220886 0.263038  -0.004547 0.013062 0.999878  2.406250 0.226562 1 24 1.000000
0  35.390625 -51.037804 0.242851  -0.003754 0.012116 0.999908  2.945312 0.226562 1 24 1.000000
0  32.390625 -51.796867 0.243732  0.000000 0.008728 0.999939  2.945312 0.585938 1 24 1.000000
h_kage_1
0  32.390625 -51.796867 0.243732  0.000000 0.008728 0.999939  2.945312 0.585938 1 24 1.000000
0  32.390625 -53.218761 0.254065  0.000000 0.007263 0.999969  2.406250 0.585938 1 24 1.000000
0  36.187500 -52.220886 0.263038  -0.004547 0.013062 0.999878  2.406250 0.226562 1 24 1.000000
h_kage_1
0  39.070312 -50.182480 0.250541  -0.001770 0.001923 0.999969  2.406250 0.226562 1 24 1.000000
0  37.664062 -49.446564 0.253305  0.000977 -0.001831 0.999969  2.945312 0.226562 1 24 1.000000
0  35.390625 -51.037804 0.242851  -0.003754 0.012116 0.999908  2.945312 0.585938 1 24 1.000000
h_kage_1
0  35.390625 -51.037804 0.242851  -0.003754 0.012116 0.999908  2.945312 0.585938 1 24 1.000000
0  36.187500 -52.220886 0.263038  -0.004547 0.013062 0.999878  2.406250 0.585938 1 24 1.000000
0  39.070312 -50.182480 0.250541  -0.001770 0.001923 0.999969  2.406250 0.226562 1 24 1.000000
h_kage_1
0  28.617188 -52.220886 0.263038  0.004547 0.013062 0.999878  2.406250 0.226562 1 24 1.000000
0  32.390625 -53.218761 0.254065  0.000000 0.007263 0.999969  2.406250 0.585938 1 24 1.000000
0  32.390625 -51.796867 0.243732  0.000000 0.008728 0.999939  2.945312 0.585938 1 24 1.000000
h_kage_1
0  32.390625 -51.796867 0.243732  0.000000 0.008728 0.999939  2.945312 0.585938 1 24 1.000000
0  29.414064 -51.037804 0.242851  0.003784 0.012116 0.999908  2.945312 0.226562 1 24 1.000000
0  28.617188 -52.220886 0.263038  0.004547 0.013062 0.999878  2.406250 0.226562 1 24 1.000000
h_kage_1
0  25.734375 -50.182480 0.250541  0.000885 -0.001373 0.999969  2.406250 0.226562 1 24 1.000000
0  28.617188 -52.220886 0.263038  0.004547 0.013062 0.999878  2.406250 0.585938 1 24 1.000000
0  29.414064 -51.037804 0.242851  0.003784 0.012116 0.999908  2.945312 0.585938 1 24 1.000000
h_kage_1
0  29.414064 -51.037804 0.242851  0.003784 0.012116 0.999908  2.945312 0.585938 1 24 1.000000
0  27.140623 -49.446564 0.253305  0.001679 -0.003113 0.999969  2.945312 0.226562 1 24 1.000000
0  25.734375 -50.182480 0.250541  0.000885 -0.001373 0.999969  2.406250 0.226562 1 24 1.000000
out70_dan3_1
0  40.593750 -41.272156 0.033969  1.000000 0.000000 0.000000  19.039064 -1.046875 1 24 1.000000
0  40.593750 -41.272758 1.386403  1.000000 0.000000 0.000000  19.039064 1.093750 1 24 1.000000
0  40.593750 -46.963356 0.052153  0.980468 -0.196570 -0.000610  13.468750 -1.046875 1 24 1.000000
out70_dan3_1
0  40.593750 -46.963356 0.052153  0.980468 -0.196570 -0.000610  13.468750 -1.046875 1 24 1.000000
0  40.593750 -41.272758 1.386403  1.000000 0.000000 0.000000  19.039064 1.093750 1 24 1.000000
0  40.593750 -46.967598 1.381435  0.980316 -0.197302 -0.000610  13.468750 1.093750 1 24 1.000000
out70_dan3_1
0  40.593750 -46.963356 0.052153  0.980468 -0.196570 -0.000610  13.468750 -1.046875 1 24 1.000000
0  40.593750 -46.967598 1.381435  0.980316 -0.197302 -0.000610  13.468750 1.093750 1 24 1.000000
0  39.281250 -50.095886 0.047105  0.790674 -0.612201 -0.001953  9.648438 -1.046875 1 24 1.000000
out70_dan3_1
0  39.281250 -50.095886 0.047105  0.790674 -0.612201 -0.001953  9.648438 -1.046875 1 24 1.000000
0  40.593750 -46.967598 1.381435  0.980316 -0.197302 -0.000610  13.468750 1.093750 1 24 1.000000
0  39.281250 -50.100128 1.376388  0.790185 -0.612842 -0.001679  9.648438 1.093750 1 24 1.000000
out70_dan3_1
0  39.281250 -50.095886 0.047105  0.790674 -0.612201 -0.001953  9.648438 -1.046875 1 24 1.000000
0  39.281250 -50.100128 1.376388  0.790185 -0.612842 -0.001679  9.648438 1.093750 1 24 1.000000
0  36.375000 -52.303638 0.038814  0.442183 -0.896908 -0.000641  5.851562 -1.046875 1 24 1.000000
out70_dan3_1
0  36.375000 -52.303638 0.038814  0.442183 -0.896908 -0.000641  5.851562 -1.046875 1 24 1.000000
0  39.281250 -50.100128 1.376388  0.790185 -0.612842 -0.001679  9.648438 1.093750 1 24 1.000000
0  36.375000 -52.304237 1.391248  0.442213 -0.896878 -0.000641  5.851562 1.093750 1 24 1.000000
out70_dan3_1
0  36.375000 -52.303638 0.038814  0.442183 -0.896908 -0.000641  5.851562 -1.046875 1 24 1.000000
0  36.375000 -52.304237 1.391248  0.442213 -0.896878 -0.000641  5.851562 1.093750 1 24 1.000000
0  32.390625 -53.394119 0.044421  -0.000397 -0.999969 -0.002899  1.890625 -1.046875 1 24 1.000000
out70_dan3_1
0  32.390625 -53.394119 0.044421  -0.000397 -0.999969 -0.002899  1.890625 -1.046875 1 24 1.000000
0  36.375000 -52.304237 1.391248  0.442213 -0.896878 -0.000641  5.851562 1.093750 1 24 1.000000
0  32.390625 -53.398357 1.373704  -0.000397 -0.999969 -0.002899  1.890625 1.093750 1 24 1.000000
out70_dan3_1
0  24.210938 -41.272758 1.386403  -1.000000 0.000000 0.000000  -15.164062 1.093750 1 24 1.000000
0  24.210938 -41.272156 0.033969  -1.000000 0.000000 0.000000  -15.164062 -1.046875 1 24 1.000000
0  24.210938 -46.967598 1.381435  -0.980316 -0.197302 -0.000610  -9.585938 1.093750 1 24 1.000000
out70_dan3_1
0  24.210938 -46.967598 1.381435  -0.980316 -0.197302 -0.000610  -9.585938 1.093750 1 24 1.000000
0  24.210938 -41.272156 0.033969  -1.000000 0.000000 0.000000  -15.164062 -1.046875 1 24 1.000000
0  24.210938 -46.963356 0.052153  -0.980468 -0.196570 -0.000610  -9.585938 -1.046875 1 24 1.000000
out70_dan3_1
0  24.210938 -46.967598 1.381435  -0.980316 -0.197302 -0.000610  -9.585938 1.093750 1 24 1.000000
0  24.210938 -46.963356 0.052153  -0.980468 -0.196570 -0.000610  -9.585938 -1.046875 1 24 1.000000
0  25.523438 -50.100128 1.376388  -0.789972 -0.613086 -0.001953  -5.390625 1.093750 1 24 1.000000
out70_dan3_1
0  25.523438 -50.100128 1.376388  -0.789972 -0.613086 -0.001953  -5.390625 1.093750 1 24 1.000000
0  24.210938 -46.963356 0.052153  -0.980468 -0.196570 -0.000610  -9.585938 -1.046875 1 24 1.000000
0  25.523438 -50.095886 0.047105  -0.790490 -0.612445 -0.001679  -5.390625 -1.046875 1 24 1.000000
out70_dan3_1
0  25.523438 -50.100128 1.376388  -0.789972 -0.613086 -0.001953  -5.390625 1.093750 1 24 1.000000
0  25.523438 -50.095886 0.047105  -0.790490 -0.612445 -0.001679  -5.390625 -1.046875 1 24 1.000000
0  28.429688 -52.304237 1.391248  -0.443464 -0.896268 -0.000641  -1.695312 1.093750 1 24 1.000000
out70_dan3_1
0  28.429688 -52.304237 1.391248  -0.443464 -0.896268 -0.000641  -1.695312 1.093750 1 24 1.000000
0  25.523438 -50.095886 0.047105  -0.790490 -0.612445 -0.001679  -5.390625 -1.046875 1 24 1.000000
0  28.429688 -52.303638 0.038814  -0.443464 -0.896268 -0.000641  -1.695312 -1.046875 1 24 1.000000
out70_dan3_1
0  28.429688 -52.304237 1.391248  -0.443464 -0.896268 -0.000641  -1.695312 1.093750 1 24 1.000000
0  28.429688 -52.303638 0.038814  -0.443464 -0.896268 -0.000641  -1.695312 -1.046875 1 24 1.000000
0  32.390625 -53.398357 1.373704  -0.000397 -0.999969 -0.002899  1.890625 1.093750 1 24 1.000000
out70_dan3_1
0  32.390625 -53.398357 1.373704  -0.000397 -0.999969 -0.002899  1.890625 1.093750 1 24 1.000000
0  28.429688 -52.303638 0.038814  -0.443464 -0.896268 -0.000641  -1.695312 -1.046875 1 24 1.000000
0  32.390625 -53.394119 0.044421  -0.000397 -0.999969 -0.002899  1.890625 -1.046875 1 24 1.000000
out70_yuka06_1
0  26.437500 -41.525543 -0.068490  -0.006043 -0.001862 0.999969  3.832031 4.425781 1 24 1.000000
0  26.695312 -41.240433 -0.065927  -0.009156 -0.000671 0.999939  4.031250 4.421875 1 24 1.000000
0  26.695312 -40.292507 -0.072816  -0.002350 0.003998 0.999969  4.031250 4.320312 1 24 1.000000
out70_yuka06_1
0  26.695312 -40.292507 -0.072816  -0.002350 0.003998 0.999969  4.031250 4.320312 1 24 1.000000
0  26.437500 -40.292507 -0.072816  0.000000 0.003479 0.999969  3.832031 4.296875 1 24 1.000000
0  26.437500 -41.525543 -0.068490  -0.006043 -0.001862 0.999969  3.832031 4.425781 1 24 1.000000
out70_yuka06_1
0  28.617188 -41.525543 -0.068490  0.000000 -0.008972 0.999939  3.375000 4.375000 1 24 1.000000
0  28.617188 -41.240433 -0.065927  0.000000 -0.008972 0.999939  3.574219 4.375000 1 24 1.000000
0  26.695312 -41.240433 -0.065927  -0.009156 -0.000671 0.999939  3.574219 4.113281 1 24 1.000000
out70_yuka06_1
0  26.695312 -41.240433 -0.065927  -0.009156 -0.000671 0.999939  3.574219 4.113281 1 24 1.000000
0  26.437500 -41.525543 -0.068490  -0.006043 -0.001862 0.999969  3.375000 4.078125 1 24 1.000000
0  28.617188 -41.525543 -0.068490  0.000000 -0.008972 0.999939  3.375000 4.375000 1 24 1.000000
out70_yuka06_1
0  38.367188 -40.292507 -0.072816  0.002319 0.006623 0.999969  3.832031 4.296875 1 24 1.000000
0  38.109375 -40.292507 -0.072816  0.000000 0.007263 0.999969  4.031250 4.253906 1 24 1.000000
0  38.109375 -41.240433 -0.065927  0.006256 -0.002380 0.999969  4.031250 3.933594 1 24 1.000000
out70_yuka06_1
0  38.109375 -41.240433 -0.065927  0.006256 -0.002380 0.999969  4.031250 3.933594 1 24 1.000000
0  38.367188 -41.525543 -0.068490  0.006439 -0.003113 0.999969  3.832031 3.890625 1 24 1.000000
0  38.367188 -40.292507 -0.072816  0.002319 0.006623 0.999969  3.832031 4.296875 1 24 1.000000
out70_yuka06_1
0  36.187500 -41.525543 -0.068490  0.000000 -0.008972 0.999939  3.375000 4.007812 1 24 1.000000
0  38.367188 -41.525543 -0.068490  0.006439 -0.003113 0.999969  3.375000 4.308594 1 24 1.000000
0  38.109375 -41.240433 -0.065927  0.006256 -0.002380 0.999969  3.574219 4.277344 1 24 1.000000
out70_yuka06_1
0  38.109375 -41.240433 -0.065927  0.006256 -0.002380 0.999969  3.574219 4.277344 1 24 1.000000
0  36.187500 -41.240433 -0.065927  0.000000 -0.008972 0.999939  3.574219 4.007812 1 24 1.000000
0  36.187500 -41.525543 -0.068490  0.000000 -0.008972 0.999939  3.375000 4.007812 1 24 1.000000
out70_yuka06_1
0  30.304688 -37.010414 -2.131687  -0.003235 0.003967 0.999969  2.046875 1.820312 1 24 1.000000
0  30.304688 -40.828918 -2.123637  0.007721 -0.005768 0.999939  2.046875 -3.371094 1 24 1.000000
0  31.148438 -41.661087 -2.134973  0.004608 -0.006256 0.999969  0.894531 -4.460938 1 24 1.000000
out70_yuka06_1
0  31.148438 -41.661087 -2.134973  0.004608 -0.006256 0.999969  0.894531 -4.460938 1 24 1.000000
0  31.148438 -37.815788 -2.123517  -0.006195 0.003632 0.999969  0.894531 0.667969 1 24 1.000000
0  30.304688 -37.010414 -2.131687  -0.003235 0.003967 0.999969  2.046875 1.820312 1 24 1.000000
out70_yuka06_1
0  40.195312 -40.828918 -2.123637  0.000000 -0.013611 0.999878  2.046875 -7.406250 1 24 1.000000
0  34.500000 -40.828918 -2.123637  -0.004151 -0.007996 0.999939  2.046875 0.667969 1 24 1.000000
0  33.656250 -41.661087 -2.134973  -0.005280 -0.008240 0.999939  0.894531 1.820312 1 24 1.000000
out70_yuka06_1
0  33.656250 -41.661087 -2.134973  -0.005280 -0.008240 0.999939  0.894531 1.820312 1 24 1.000000
0  40.195312 -41.661087 -2.134973  0.000000 -0.013611 0.999878  0.894531 -7.425782 1 24 1.000000
0  40.195312 -40.828918 -2.123637  0.000000 -0.013611 0.999878  2.046875 -7.406250 1 24 1.000000
out70_yuka06_1
0  30.304688 -40.828918 -2.123637  0.007721 -0.005768 0.999939  2.046875 -10.355469 1 24 1.000000
0  24.609375 -40.828918 -2.123637  0.000000 -0.013611 0.999878  2.046875 -2.242188 1 24 1.000000
0  24.609375 -41.661087 -2.134973  0.000000 -0.013611 0.999878  0.894531 -2.242188 1 24 1.000000
out70_yuka06_1
0  24.609375 -41.661087 -2.134973  0.000000 -0.013611 0.999878  0.894531 -2.242188 1 24 1.000000
0  31.148438 -41.661087 -2.134973  0.004608 -0.006256 0.999969  0.894531 -11.550781 1 24 1.000000
0  30.304688 -40.828918 -2.123637  0.007721 -0.005768 0.999939  2.046875 -10.355469 1 24 1.000000
out70_yuka06_1
0  33.656250 -37.815788 -2.123517  0.002716 0.005860 0.999969  0.894531 0.667969 1 24 1.000000
0  33.656250 -41.661087 -2.134973  -0.005280 -0.008240 0.999939  0.894531 -4.460938 1 24 1.000000
0  34.500000 -40.828918 -2.123637  -0.004151 -0.007996 0.999939  2.046875 -3.371094 1 24 1.000000
out70_yuka06_1
0  34.500000 -40.828918 -2.123637  -0.004151 -0.007996 0.999939  2.046875 -3.371094 1 24 1.000000
0  34.500000 -37.010414 -2.131687  0.003937 0.005982 0.999969  2.046875 1.820312 1 24 1.000000
0  33.656250 -37.815788 -2.123517  0.002716 0.005860 0.999969  0.894531 0.667969 1 24 1.000000
out70_yuka06_1
0  34.500000 -37.010414 -2.131687  0.003937 0.005982 0.999969  2.046875 -2.437500 1 24 1.000000
0  30.304688 -37.010414 -2.131687  -0.003235 0.003967 0.999969  2.046875 3.835938 1 24 1.000000
0  31.148438 -37.815788 -2.123517  -0.006195 0.003632 0.999969  0.894531 2.597656 1 24 1.000000
out70_yuka06_1
0  31.148438 -37.815788 -2.123517  -0.006195 0.003632 0.999969  0.894531 2.597656 1 24 1.000000
0  33.656250 -37.815788 -2.123517  0.002716 0.005860 0.999969  0.894531 -1.167969 1 24 1.000000
0  34.500000 -37.010414 -2.131687  0.003937 0.005982 0.999969  2.046875 -2.437500 1 24 1.000000
out70_yuka06_1
0  25.195312 -6.487943 -2.358150  0.000000 -0.003754 0.999969  2.046875 15.542969 1 24 1.000000
0  40.031250 -6.487943 -2.358150  0.000000 -0.003754 0.999969  2.046875 -9.097656 1 24 1.000000
0  40.031250 -5.752025 -2.355386  0.000000 -0.003754 0.999969  0.894531 -9.097656 1 24 1.000000
out70_yuka06_1
0  40.031250 -5.752025 -2.355386  0.000000 -0.003754 0.999969  0.894531 -9.097656 1 24 1.000000
0  25.195312 -5.752025 -2.355386  0.000000 -0.003754 0.999969  0.894531 15.542969 1 24 1.000000
0  25.195312 -6.487943 -2.358150  0.000000 -0.003754 0.999969  2.046875 15.542969 1 24 1.000000
out70_yuka06_1
0  26.976564 -4.953863 0.152455  0.000000 0.999969 0.002838  3.378906 4.007812 1 24 1.000000
0  29.132812 -4.953863 0.152455  0.000000 0.999969 0.002838  3.378906 4.375000 1 24 1.000000
0  29.132812 -4.946653 -2.363557  0.000000 0.999969 0.002838  4.656250 4.375000 1 24 1.000000
out70_yuka06_1
0  29.132812 -4.946653 -2.363557  0.000000 0.999969 0.002838  4.656250 4.375000 1 24 1.000000
0  26.976564 -4.946653 -2.363557  0.000000 0.999969 0.002838  4.656250 4.007812 1 24 1.000000
0  26.976564 -4.953863 0.152455  0.000000 0.999969 0.002838  3.378906 4.007812 1 24 1.000000
out70_yuka06_1
0  25.523438 -24.376764 -2.056624  0.000000 -0.008972 0.999939  2.890625 -23.773438 1 24 1.000000
0  39.937500 -24.376764 -2.056624  0.000000 -0.008972 0.999939  2.890625 4.550781 1 24 1.000000
0  39.937500 -23.663998 -2.050215  0.000000 -0.008972 0.999939  4.042969 4.546875 1 24 1.000000
out70_yuka06_1
0  39.937500 -23.663998 -2.050215  0.000000 -0.008972 0.999939  4.042969 4.546875 1 24 1.000000
0  25.523438 -23.663998 -2.050215  0.000000 -0.008972 0.999939  4.042969 -23.773438 1 24 1.000000
0  25.523438 -24.376764 -2.056624  0.000000 -0.008972 0.999939  2.890625 -23.773438 1 24 1.000000
out70_yuka06_1
0  25.523438 -21.957005 -2.057985  0.000000 -0.003754 0.999969  4.046875 -23.773438 1 24 1.000000
0  39.937500 -21.957005 -2.057985  0.000000 -0.003754 0.999969  4.046875 4.554688 1 24 1.000000
0  39.937500 -21.221085 -2.055221  0.000000 -0.003754 0.999969  2.890625 4.546875 1 24 1.000000
out70_yuka06_1
0  39.937500 -21.221085 -2.055221  0.000000 -0.003754 0.999969  2.890625 4.546875 1 24 1.000000
0  25.523438 -21.221085 -2.055221  0.000000 -0.003754 0.999969  2.890625 -23.773438 1 24 1.000000
0  25.523438 -21.957005 -2.057985  0.000000 -0.003754 0.999969  4.046875 -23.773438 1 24 1.000000
out70_yuka06_1
0  33.820312 -10.972906 -2.363798  -0.004700 0.009613 0.999939  2.046875 -6.265625 1 24 1.000000
0  34.523441 -11.801430 -2.351982  -0.004578 0.010346 0.999908  0.894531 -7.628907 1 24 1.000000
0  34.523441 -8.364288 -2.371168  -0.001709 0.003265 0.999969  0.894531 -1.890625 1 24 1.000000
out70_yuka06_1
0  34.523441 -8.364288 -2.371168  -0.001709 0.003265 0.999969  0.894531 -1.890625 1 24 1.000000
0  33.820312 -8.364288 -2.371168  0.000000 0.002808 0.999969  2.046875 -1.890625 1 24 1.000000
0  33.820312 -10.972906 -2.363798  -0.004700 0.009613 0.999939  2.046875 -6.265625 1 24 1.000000
out70_yuka06_1
0  30.210938 -11.801430 -2.351982  0.004242 0.009369 0.999939  0.894531 -7.628907 1 24 1.000000
0  30.937500 -10.972906 -2.363798  0.006684 0.008362 0.999939  2.046875 -6.265625 1 24 1.000000
0  30.937500 -8.364288 -2.371168  0.001709 0.005188 0.999969  2.046875 -1.890625 1 24 1.000000
out70_yuka06_1
0  30.937500 -8.364288 -2.371168  0.001709 0.005188 0.999969  2.046875 -1.890625 1 24 1.000000
0  30.210938 -8.364288 -2.371168  0.000000 0.005554 0.999969  0.894531 -1.890625 1 24 1.000000
0  30.210938 -11.801430 -2.351982  0.004242 0.009369 0.999939  0.894531 -7.628907 1 24 1.000000
out70_yuka06_1
0  30.210938 -11.801430 -2.351982  0.004242 0.009369 0.999939  2.046875 5.722656 1 24 1.000000
0  34.523441 -11.801430 -2.351982  -0.004578 0.010346 0.999908  2.046875 -0.468750 1 24 1.000000
0  33.820312 -10.972906 -2.363798  -0.004700 0.009613 0.999939  0.894531 0.585938 1 24 1.000000
out70_yuka06_1
0  33.820312 -10.972906 -2.363798  -0.004700 0.009613 0.999939  0.894531 0.585938 1 24 1.000000
0  30.937500 -10.972906 -2.363798  0.006684 0.008362 0.999939  0.894531 4.695312 1 24 1.000000
0  30.210938 -11.801430 -2.351982  0.004242 0.009369 0.999939  2.046875 5.722656 1 24 1.000000
out70_yuka06_1
0  35.601562 -4.953863 0.152455  0.000000 0.999969 0.002838  3.378906 4.007812 1 24 1.000000
0  37.781250 -4.953863 0.152455  0.000000 0.999969 0.002838  3.378906 4.375000 1 24 1.000000
0  37.781250 -4.946653 -2.363557  0.000000 0.999969 0.002838  4.656250 4.375000 1 24 1.000000
out70_yuka06_1
0  37.781250 -4.946653 -2.363557  0.000000 0.999969 0.002838  4.656250 4.375000 1 24 1.000000
0  35.601562 -4.946653 -2.363557  0.000000 0.999969 0.002838  4.656250 4.007812 1 24 1.000000
0  35.601562 -4.953863 0.152455  0.000000 0.999969 0.002838  3.378906 4.007812 1 24 1.000000
out70_yuka06_1
0  30.937500 -33.987438 -2.370371  0.007721 -0.010285 0.999908  0.894531 -3.523438 1 24 1.000000
0  30.210938 -33.178421 -2.355390  0.007996 -0.011292 0.999878  2.046875 -2.062500 1 24 1.000000
0  30.210938 -36.430347 -2.365364  0.003143 0.001099 0.999969  2.046875 -7.804688 1 24 1.000000
out70_yuka06_1
0  30.210938 -36.430347 -2.365364  0.003143 0.001099 0.999969  2.046875 -7.804688 1 24 1.000000
0  30.937500 -36.430347 -2.365364  0.000000 0.002045 0.999969  0.894531 -7.804688 1 24 1.000000
0  30.937500 -33.987438 -2.370371  0.007721 -0.010285 0.999908  0.894531 -3.523438 1 24 1.000000
out70_yuka06_1
0  34.523441 -33.178421 -2.355390  -0.007569 -0.009827 0.999908  2.046875 -2.062500 1 24 1.000000
0  33.820312 -33.987438 -2.370371  -0.012177 -0.007904 0.999878  0.894531 -3.523438 1 24 1.000000
0  33.820312 -36.430347 -2.365364  -0.003204 -0.002350 0.999969  0.894531 -7.804688 1 24 1.000000
out70_yuka06_1
0  33.820312 -36.430347 -2.365364  -0.003204 -0.002350 0.999969  0.894531 -7.804688 1 24 1.000000
0  34.523441 -36.430347 -2.365364  0.000000 -0.003052 0.999969  2.046875 -7.804688 1 24 1.000000
0  34.523441 -33.178421 -2.355390  -0.007569 -0.009827 0.999908  2.046875 -2.062500 1 24 1.000000
out70_yuka06_1
0  30.937500 -33.987438 -2.370371  0.007721 -0.010285 0.999908  0.894531 4.667969 1 24 1.000000
0  33.820312 -33.987438 -2.370371  -0.012177 -0.007904 0.999878  0.894531 0.558594 1 24 1.000000
0  34.523441 -33.178421 -2.355390  -0.007569 -0.009827 0.999908  2.046875 -0.468750 1 24 1.000000
out70_yuka06_1
0  34.523441 -33.178421 -2.355390  -0.007569 -0.009827 0.999908  2.046875 -0.468750 1 24 1.000000
0  30.210938 -33.178421 -2.355390  0.007996 -0.011292 0.999878  2.046875 5.722656 1 24 1.000000
0  30.937500 -33.987438 -2.370371  0.007721 -0.010285 0.999908  0.894531 4.667969 1 24 1.000000
out70_mast02_1
0  27.281250 1.088652 -0.798874  0.778008 -0.625996 0.052461  -0.320312 2.093750 1 24 1.000000
0  27.281250 1.084886 2.191101  0.793176 -0.608966 -0.000763  -0.320312 3.011719 1 24 1.000000
0  26.156250 -1.905089 2.187336  0.963836 -0.266457 -0.000305  3.195312 3.011719 1 24 1.000000
out70_mast02_1
0  26.156250 -1.905089 2.187336  0.963836 -0.266457 -0.000305  3.195312 3.011719 1 24 1.000000
0  26.156250 -1.901323 -0.802639  0.963805 -0.266549 -0.000336  3.140625 2.093750 1 24 1.000000
0  27.281250 1.088652 -0.798874  0.778008 -0.625996 0.052461  -0.320312 2.093750 1 24 1.000000
out70_mast02_1
0  27.281250 1.088652 -0.798874  0.778008 -0.625996 0.052461  -0.007812 2.093750 1 24 1.000000
0  32.367188 3.577868 -0.811170  -0.062624 -0.951659 0.300638  5.523438 2.093750 1 24 1.000000
0  32.367188 4.770484 2.393777  -0.042116 -0.953917 0.296976  5.523438 3.011719 1 24 1.000000
out70_mast02_1
0  32.367188 4.770484 2.393777  -0.042116 -0.953917 0.296976  5.523438 3.011719 1 24 1.000000
0  27.281250 1.084886 2.191101  0.793176 -0.608966 -0.000763  -0.007812 3.011719 1 24 1.000000
0  27.281250 1.088652 -0.798874  0.778008 -0.625996 0.052461  -0.007812 2.093750 1 24 1.000000
out70_mast02_1
0  26.156250 -1.901323 -0.802639  0.963805 -0.266549 -0.000336  0.796875 2.093750 1 24 1.000000
0  26.156250 -1.905089 2.187336  0.963836 -0.266457 -0.000305  0.906250 3.011719 1 24 1.000000
0  25.195312 -7.195424 2.189858  0.983886 -0.178686 -0.000214  5.351562 3.011719 1 24 1.000000
out70_mast02_1
0  25.195312 -7.195424 2.189858  0.983886 -0.178686 -0.000214  5.351562 3.011719 1 24 1.000000
0  25.195312 -7.191658 -0.800117  0.983886 -0.178686 -0.000214  5.351562 2.093750 1 24 1.000000
0  26.156250 -1.901323 -0.802639  0.963805 -0.266549 -0.000336  0.796875 2.093750 1 24 1.000000
out70_mast02_1
0  37.476562 1.088652 -0.798874  -0.741447 -0.670980 -0.000824  -0.320312 2.093750 1 24 1.000000
0  38.578125 -1.901323 -0.802639  -0.964141 -0.265297 -0.000305  3.140625 2.093750 1 24 1.000000
0  38.578125 -1.905089 2.187336  -0.964171 -0.265206 -0.000305  3.195312 3.011719 1 24 1.000000
out70_mast02_1
0  38.578125 -1.905089 2.187336  -0.964171 -0.265206 -0.000305  3.195312 3.011719 1 24 1.000000
0  37.476562 1.084886 2.191101  -0.755730 -0.652760 0.052461  -0.320312 3.011719 1 24 1.000000
0  37.476562 1.088652 -0.798874  -0.741447 -0.670980 -0.000824  -0.320312 2.093750 1 24 1.000000
out70_mast02_1
0  32.367188 3.577868 -0.811170  -0.062624 -0.951659 0.300638  5.523438 2.093750 1 24 1.000000
0  37.476562 1.088652 -0.798874  -0.741447 -0.670980 -0.000824  -0.007812 2.093750 1 24 1.000000
0  37.476562 1.084886 2.191101  -0.755730 -0.652760 0.052461  -0.007812 3.011719 1 24 1.000000
out70_mast02_1
0  37.476562 1.084886 2.191101  -0.755730 -0.652760 0.052461  -0.007812 3.011719 1 24 1.000000
0  32.367188 4.770484 2.393777  -0.042116 -0.953917 0.296976  5.523438 3.011719 1 24 1.000000
0  32.367188 3.577868 -0.811170  -0.062624 -0.951659 0.300638  5.523438 2.093750 1 24 1.000000
out70_mast02_1
0  38.578125 -1.901323 -0.802639  -0.964141 -0.265297 -0.000305  0.796875 2.093750 1 24 1.000000
0  39.562500 -7.191658 -0.800117  -0.983123 -0.182928 -0.000214  5.351562 2.093750 1 24 1.000000
0  39.562500 -7.195424 2.189858  -0.983123 -0.182928 -0.000214  5.351562 3.011719 1 24 1.000000
out70_mast02_1
0  39.562500 -7.195424 2.189858  -0.983123 -0.182928 -0.000214  5.351562 3.011719 1 24 1.000000
0  38.578125 -1.905089 2.187336  -0.964171 -0.265206 -0.000305  0.906250 3.011719 1 24 1.000000
0  38.578125 -1.901323 -0.802639  -0.964141 -0.265297 -0.000305  0.796875 2.093750 1 24 1.000000
out70_mast02_1
0  30.562500 2.022879 -0.139299  0.229011 -0.973388 -0.006134  -4.242188 -0.187500 1 24 1.000000
0  34.171875 2.022879 -0.139299  -0.229011 -0.973388 -0.006134  1.226562 -0.187500 1 24 1.000000
0  34.171875 2.013706 1.309386  -0.135166 -0.593127 0.793634  1.226562 1.003906 1 24 1.000000
out70_mast02_1
0  34.171875 2.013706 1.309386  -0.135166 -0.593127 0.793634  1.226562 1.003906 1 24 1.000000
0  30.562500 2.013706 1.309386  0.135166 -0.593127 0.793634  -4.242188 1.003906 1 24 1.000000
0  30.562500 2.022879 -0.139299  0.229011 -0.973388 -0.006134  -4.242188 -0.187500 1 24 1.000000
out70_mast02_1
0  28.664064 1.074953 -0.132410  -0.057772 -0.998321 0.000031  2.140625 1.796875 1 24 1.000000
0  28.664064 1.085287 1.289478  -0.041108 -0.775475 0.629994  2.140625 2.996094 1 24 1.000000
0  27.726564 1.678652 1.290961  -0.395093 -0.615314 0.682058  3.875000 2.996094 1 24 1.000000
out70_mast02_1
0  27.726564 1.678652 1.290961  -0.395093 -0.615314 0.682058  3.875000 2.996094 1 24 1.000000
0  27.726564 1.691469 -0.134573  -0.549425 -0.835505 -0.007508  3.875000 1.796875 1 24 1.000000
0  28.664064 1.074953 -0.132410  -0.057772 -0.998321 0.000031  2.140625 1.796875 1 24 1.000000
out70_mast02_1
0  36.070312 1.085287 1.289478  0.044191 -0.776452 0.628590  3.875000 2.996094 1 24 1.000000
0  36.070312 1.074953 -0.132410  0.061434 -0.998077 0.004547  3.875000 1.796875 1 24 1.000000
0  37.007812 1.691469 -0.134573  0.543290 -0.839534 0.000275  2.140625 1.796875 1 24 1.000000
out70_mast02_1
0  37.007812 1.691469 -0.134573  0.543290 -0.839534 0.000275  2.140625 1.796875 1 24 1.000000
0  37.007812 1.678652 1.290961  0.391919 -0.620930 0.678793  2.140625 2.996094 1 24 1.000000
0  36.070312 1.085287 1.289478  0.044191 -0.776452 0.628590  3.875000 2.996094 1 24 1.000000
out70_mast02_1
0  28.664064 1.074953 -0.132410  -0.057772 -0.998321 0.000031  0.203125 1.804688 1 24 1.000000
0  30.562500 2.022879 -0.139299  0.229011 -0.973388 -0.006134  -3.226562 1.804688 1 24 1.000000
0  30.562500 2.013706 1.309386  0.135166 -0.593127 0.793634  -3.226562 2.996094 1 24 1.000000
out70_mast02_1
0  30.562500 2.013706 1.309386  0.135166 -0.593127 0.793634  -3.226562 2.996094 1 24 1.000000
0  28.664064 1.085287 1.289478  -0.041108 -0.775475 0.629994  0.203125 2.996094 1 24 1.000000
0  28.664064 1.074953 -0.132410  -0.057772 -0.998321 0.000031  0.203125 1.804688 1 24 1.000000
out70_mast02_1
0  28.664064 1.085287 1.289478  -0.041108 -0.775475 0.629994  4.421875 -0.046875 1 24 1.000000
0  30.562500 2.013706 1.309386  0.135166 -0.593127 0.793634  4.468750 -0.046875 1 24 1.000000
0  30.000000 4.188656 1.109315  -0.009705 0.081362 0.996612  4.453125 0.859375 1 24 1.000000
out70_mast02_1
0  30.000000 4.188656 1.109315  -0.009705 0.081362 0.996612  4.453125 0.859375 1 24 1.000000
0  27.726564 1.678652 1.290961  -0.395093 -0.615314 0.682058  4.421875 -0.046875 1 24 1.000000
0  28.664064 1.085287 1.289478  -0.041108 -0.775475 0.629994  4.421875 -0.046875 1 24 1.000000
out70_mast02_1
0  36.070312 1.074953 -0.132410  0.061434 -0.998077 0.004547  0.203125 1.804688 1 24 1.000000
0  36.070312 1.085287 1.289478  0.044191 -0.776452 0.628590  0.203125 2.996094 1 24 1.000000
0  34.171875 2.013706 1.309386  -0.135166 -0.593127 0.793634  -3.226562 2.996094 1 24 1.000000
out70_mast02_1
0  34.171875 2.013706 1.309386  -0.135166 -0.593127 0.793634  -3.226562 2.996094 1 24 1.000000
0  34.171875 2.022879 -0.139299  -0.229011 -0.973388 -0.006134  -3.226562 1.804688 1 24 1.000000
0  36.070312 1.074953 -0.132410  0.061434 -0.998077 0.004547  0.203125 1.804688 1 24 1.000000
out70_mast02_1
0  34.171875 2.013706 1.309386  -0.135166 -0.593127 0.793634  4.828125 -0.046875 1 24 1.000000
0  34.734375 4.188656 1.109315  0.009705 0.081362 0.996612  4.882812 0.859375 1 24 1.000000
0  30.000000 4.188656 1.109315  -0.009705 0.081362 0.996612  4.882812 0.859375 1 24 1.000000
out70_mast02_1
0  30.000000 4.188656 1.109315  -0.009705 0.081362 0.996612  4.882812 0.859375 1 24 1.000000
0  30.562500 2.013706 1.309386  0.135166 -0.593127 0.793634  4.875000 -0.046875 1 24 1.000000
0  34.171875 2.013706 1.309386  -0.135166 -0.593127 0.793634  4.828125 -0.046875 1 24 1.000000
out70_mast02_1
0  36.070312 1.085287 1.289478  0.044191 -0.776452 0.628590  4.421875 -0.046875 1 24 1.000000
0  37.007812 1.678652 1.290961  0.391919 -0.620930 0.678793  4.468750 -0.046875 1 24 1.000000
0  34.734375 4.188656 1.109315  0.009705 0.081362 0.996612  4.453125 0.859375 1 24 1.000000
out70_mast02_1
0  34.734375 4.188656 1.109315  0.009705 0.081362 0.996612  4.453125 0.859375 1 24 1.000000
0  34.171875 2.013706 1.309386  -0.135166 -0.593127 0.793634  4.421875 -0.046875 1 24 1.000000
0  36.070312 1.085287 1.289478  0.044191 -0.776452 0.628590  4.421875 -0.046875 1 24 1.000000
out70_mast02_1
0  34.078125 -24.758039 0.494556  0.576739 -0.573992 0.581256  4.000000 1.050781 1 24 1.000000
0  34.078125 -24.778509 -2.800032  0.706381 -0.707785 0.004395  4.000000 -2.636719 1 24 1.000000
0  34.078125 -21.245115 -2.810646  0.706229 0.707938 0.000549  5.609375 -2.636719 1 24 1.000000
out70_mast02_1
0  34.078125 -21.245115 -2.810646  0.706229 0.707938 0.000549  5.609375 -2.636719 1 24 1.000000
0  34.078125 -21.247799 0.487587  0.576647 0.576739 0.578631  5.609375 1.050781 1 24 1.000000
0  34.078125 -24.758039 0.494556  0.576739 -0.573992 0.581256  4.000000 1.050781 1 24 1.000000
out70_mast02_1
0  30.585938 -24.758039 0.494556  -0.576739 -0.574023 0.581225  4.000000 1.050781 1 24 1.000000
0  30.585938 -24.778509 -2.800032  -0.706381 -0.707816 0.004395  4.000000 -2.636719 1 24 1.000000
0  34.078125 -24.778509 -2.800032  0.706381 -0.707785 0.004395  4.000000 -2.636719 1 24 1.000000
out70_mast02_1
0  34.078125 -24.778509 -2.800032  0.706381 -0.707785 0.004395  4.000000 -2.636719 1 24 1.000000
0  34.078125 -24.758039 0.494556  0.576739 -0.573992 0.581256  4.000000 1.050781 1 24 1.000000
0  30.585938 -24.758039 0.494556  -0.576739 -0.574023 0.581225  4.000000 1.050781 1 24 1.000000
out70_mast02_1
0  30.585938 -21.247799 0.487587  -0.576647 0.576769 0.578570  4.078125 1.050781 1 24 1.000000
0  30.585938 -21.245115 -2.810646  -0.706229 0.707938 0.000549  4.078125 -2.636719 1 24 1.000000
0  30.585938 -24.778509 -2.800032  -0.706381 -0.707816 0.004395  4.000000 -2.636719 1 24 1.000000
out70_mast02_1
0  30.585938 -24.778509 -2.800032  -0.706381 -0.707816 0.004395  4.000000 -2.636719 1 24 1.000000
0  30.585938 -24.758039 0.494556  -0.576739 -0.574023 0.581225  4.000000 1.050781 1 24 1.000000
0  30.585938 -21.247799 0.487587  -0.576647 0.576769 0.578570  4.078125 1.050781 1 24 1.000000
out70_mast02_1
0  34.078125 -21.247799 0.487587  0.576647 0.576739 0.578631  4.000000 1.050781 1 24 1.000000
0  34.078125 -21.245115 -2.810646  0.706229 0.707938 0.000549  4.000000 -2.636719 1 24 1.000000
0  30.585938 -21.245115 -2.810646  -0.706229 0.707938 0.000549  5.679688 -2.636719 1 24 1.000000
out70_mast02_1
0  30.585938 -21.245115 -2.810646  -0.706229 0.707938 0.000549  5.679688 -2.636719 1 24 1.000000
0  30.585938 -21.247799 0.487587  -0.576647 0.576769 0.578570  5.679688 1.050781 1 24 1.000000
0  34.078125 -21.247799 0.487587  0.576647 0.576739 0.578631  4.000000 1.050781 1 24 1.000000
out70_mast02_1
0  29.390623 -47.757111 1.339659  0.890225 0.455489 0.000000  3.828125 -1.132812 1 24 1.000000
0  31.593750 -49.348351 1.329204  0.585498 0.810633 0.003021  5.351562 -1.132812 1 24 1.000000
0  31.593750 -49.337296 -1.614468  0.582537 0.812769 -0.000305  5.351562 -2.210938 1 24 1.000000
out70_mast02_1
0  31.593750 -49.337296 -1.614468  0.582537 0.812769 -0.000305  5.351562 -2.210938 1 24 1.000000
0  29.390623 -47.769207 -1.600369  0.888058 0.459700 -0.001862  3.828125 -2.210938 1 24 1.000000
0  29.390623 -47.757111 1.339659  0.890225 0.455489 0.000000  3.828125 -1.132812 1 24 1.000000
out70_mast02_1
0  29.390623 -42.563023 1.328564  1.000000 0.000000 0.000000  2.960938 -1.132812 1 24 1.000000
0  29.390623 -47.757111 1.339659  0.890225 0.455489 0.000000  8.898438 -1.132812 1 24 1.000000
0  29.390623 -47.769207 -1.600369  0.888058 0.459700 -0.001862  8.898438 -2.210938 1 24 1.000000
out70_mast02_1
0  29.390623 -47.769207 -1.600369  0.888058 0.459700 -0.001862  8.898438 -2.210938 1 24 1.000000
0  29.390623 -42.575127 -1.611463  1.000000 0.000000 0.000000  2.960938 -2.210938 1 24 1.000000
0  29.390623 -42.563023 1.328564  1.000000 0.000000 0.000000  2.960938 -1.132812 1 24 1.000000
out70_mast02_1
0  28.664064 -48.389370 -1.621357  -0.889615 -0.456648 0.000397  2.867188 -2.210938 1 24 1.000000
0  31.593750 -50.500874 -1.621077  -0.584674 -0.811243 0.004303  6.046875 -2.210938 1 24 1.000000
0  31.593750 -50.485130 1.342101  -0.582812 -0.812586 0.001526  6.046875 -1.132812 1 24 1.000000
out70_mast02_1
0  31.593750 -50.485130 1.342101  -0.582812 -0.812586 0.001526  6.046875 -1.132812 1 24 1.000000
0  28.664064 -48.396786 1.345466  -0.888485 -0.458846 -0.001129  2.867188 -1.132812 1 24 1.000000
0  28.664064 -48.389370 -1.621357  -0.889615 -0.456648 0.000397  2.867188 -2.210938 1 24 1.000000
out70_mast02_1
0  28.664064 -42.575127 -1.611463  -1.000000 0.000000 0.000000  1.781250 -2.210938 1 24 1.000000
0  28.664064 -48.389370 -1.621357  -0.889615 -0.456648 0.000397  8.898438 -2.210938 1 24 1.000000
0  28.664064 -48.396786 1.345466  -0.888485 -0.458846 -0.001129  8.898438 -1.132812 1 24 1.000000
out70_mast02_1
0  28.664064 -48.396786 1.345466  -0.888485 -0.458846 -0.001129  8.898438 -1.132812 1 24 1.000000
0  28.664064 -42.563023 1.328564  -0.999969 0.000000 0.000000  1.781250 -1.132812 1 24 1.000000
0  28.664064 -42.575127 -1.611463  -1.000000 0.000000 0.000000  1.781250 -2.210938 1 24 1.000000
out70_mast02_1
0  33.234375 -49.348351 1.329204  -0.581347 0.813623 0.000916  3.828125 -1.132812 1 24 1.000000
0  35.437500 -47.757111 1.339659  -0.891476 0.453017 -0.003876  5.351562 -1.132812 1 24 1.000000
0  35.437500 -47.772167 -0.413639  -0.888791 0.458235 -0.001373  5.351562 -2.210938 1 24 1.000000
out70_mast02_1
0  35.437500 -47.772167 -0.413639  -0.888791 0.458235 -0.001373  5.351562 -2.210938 1 24 1.000000
0  33.234375 -49.336617 -0.404587  -0.578936 0.815332 0.005493  3.828125 -2.210938 1 24 1.000000
0  33.234375 -49.348351 1.329204  -0.581347 0.813623 0.000916  3.828125 -1.132812 1 24 1.000000
out70_mast02_1
0  35.437500 -47.757111 1.339659  -0.891476 0.453017 -0.003876  2.039062 -1.132812 1 24 1.000000
0  35.437500 -42.563023 1.328564  -0.999969 0.000000 0.000000  7.968750 -1.132812 1 24 1.000000
0  35.437500 -42.551292 -0.405227  -0.999969 0.000000 0.000000  7.968750 -2.210938 1 24 1.000000
out70_mast02_1
0  35.437500 -42.551292 -0.405227  -0.999969 0.000000 0.000000  7.968750 -2.210938 1 24 1.000000
0  35.437500 -47.772167 -0.413639  -0.888791 0.458235 -0.001373  2.039062 -2.210938 1 24 1.000000
0  35.437500 -47.757111 1.339659  -0.891476 0.453017 -0.003876  2.039062 -1.132812 1 24 1.000000
out70_mast02_1
0  33.234375 -50.500187 -0.411196  0.581652 -0.813410 0.003876  2.867188 -2.210938 1 24 1.000000
0  36.164062 -48.388687 -0.411476  0.890591 -0.454756 -0.002075  6.046875 -2.210938 1 24 1.000000
0  36.164062 -48.396786 1.345466  0.889096 -0.457686 -0.000366  6.046875 -1.132812 1 24 1.000000
out70_mast02_1
0  36.164062 -48.396786 1.345466  0.889096 -0.457686 -0.000366  6.046875 -1.132812 1 24 1.000000
0  33.234375 -50.485130 1.342101  0.580401 -0.814264 0.006989  2.867188 -1.132812 1 24 1.000000
0  33.234375 -50.500187 -0.411196  0.581652 -0.813410 0.003876  2.867188 -2.210938 1 24 1.000000
out70_mast02_1
0  36.164062 -48.388687 -0.411476  0.890591 -0.454756 -0.002075  0.796875 -2.210938 1 24 1.000000
0  36.164062 -42.551292 -0.405227  1.000000 0.000000 0.000000  7.906250 -2.210938 1 24 1.000000
0  36.164062 -42.563023 1.328564  1.000000 0.000000 0.000000  7.906250 -1.132812 1 24 1.000000
out70_mast02_1
0  36.164062 -42.563023 1.328564  1.000000 0.000000 0.000000  7.906250 -1.132812 1 24 1.000000
0  36.164062 -48.396786 1.345466  0.889096 -0.457686 -0.000366  0.796875 -1.132812 1 24 1.000000
0  36.164062 -48.388687 -0.411476  0.890591 -0.454756 -0.002075  0.796875 -2.210938 1 24 1.000000
out70_mast02_1
0  32.367188 -22.981592 0.475851  -0.000122 0.001892 0.999969  1.984375 1.304688 1 24 1.000000
0  34.078125 -24.758039 0.494556  0.576739 -0.573992 0.581256  1.960938 -0.050781 1 24 1.000000
0  34.078125 -21.247799 0.487587  0.576647 0.576739 0.578631  1.984375 -0.031250 1 24 1.000000
out70_mast02_1
0  32.367188 -22.981592 0.475851  -0.000122 0.001892 0.999969  1.984375 1.304688 1 24 1.000000
0  30.585938 -24.758039 0.494556  -0.576739 -0.574023 0.581225  1.960938 -0.050781 1 24 1.000000
0  34.078125 -24.758039 0.494556  0.576739 -0.573992 0.581256  1.992188 -0.050781 1 24 1.000000
out70_mast02_1
0  32.367188 -22.981592 0.475851  -0.000122 0.001892 0.999969  1.984375 1.304688 1 24 1.000000
0  30.585938 -21.247799 0.487587  -0.576647 0.576769 0.578570  1.960938 -0.031250 1 24 1.000000
0  30.585938 -24.758039 0.494556  -0.576739 -0.574023 0.581225  1.992188 -0.050781 1 24 1.000000
out70_mast02_1
0  32.367188 -22.981592 0.475851  -0.000122 0.001892 0.999969  1.984375 1.304688 1 24 1.000000
0  34.078125 -21.247799 0.487587  0.576647 0.576739 0.578631  1.960938 0.019531 1 24 1.000000
0  30.585938 -21.247799 0.487587  -0.576647 0.576769 0.578570  1.992188 0.019531 1 24 1.000000
out70_hatch_1
0  30.937500 -8.379269 -1.562150  -0.577563 0.575549 0.578906  2.945312 0.867188 1 24 1.000000
0  30.937500 -8.372660 -2.725729  -0.705161 0.709006 0.003998  2.945312 0.503906 1 24 1.000000
0  30.937500 -10.987886 -1.554781  -0.574877 -0.576373 0.580737  2.984375 0.867188 1 24 1.000000
out70_hatch_1
0  30.937500 -10.987886 -1.554781  -0.574877 -0.576373 0.580737  2.984375 0.867188 1 24 1.000000
0  30.937500 -8.372660 -2.725729  -0.705161 0.709006 0.003998  2.945312 0.503906 1 24 1.000000
0  30.937500 -10.981277 -2.718359  -0.709006 -0.705161 -0.003998  2.984375 0.503906 1 24 1.000000
out70_hatch_1
0  30.937500 -10.987886 -1.554781  -0.574877 -0.576373 0.580737  2.984375 0.867188 1 24 1.000000
0  30.937500 -10.981277 -2.718359  -0.709006 -0.705161 -0.003998  2.984375 0.503906 1 24 1.000000
0  33.820312 -10.987886 -1.554781  0.574816 -0.576922 0.580248  3.027344 0.867188 1 24 1.000000
out70_hatch_1
0  33.820312 -10.987886 -1.554781  0.574816 -0.576922 0.580248  3.027344 0.867188 1 24 1.000000
0  30.937500 -10.981277 -2.718359  -0.709006 -0.705161 -0.003998  2.984375 0.503906 1 24 1.000000
0  33.820312 -10.981277 -2.718359  0.709006 -0.705161 -0.003998  3.027344 0.503906 1 24 1.000000
out70_hatch_1
0  33.820312 -10.987886 -1.554781  0.574816 -0.576922 0.580248  3.027344 0.867188 1 24 1.000000
0  33.820312 -10.981277 -2.718359  0.709006 -0.705161 -0.003998  3.027344 0.503906 1 24 1.000000
0  33.820312 -8.379269 -1.562150  0.577776 0.576281 0.577929  3.066406 0.867188 1 24 1.000000
out70_hatch_1
0  33.820312 -8.379269 -1.562150  0.577776 0.576281 0.577929  3.066406 0.867188 1 24 1.000000
0  33.820312 -10.981277 -2.718359  0.709006 -0.705161 -0.003998  3.027344 0.503906 1 24 1.000000
0  33.820312 -8.372660 -2.725729  0.705161 0.709006 0.003998  3.066406 0.503906 1 24 1.000000
out70_hatch_1
0  33.820312 -36.518433 -1.568564  0.576952 -0.579455 0.575579  2.945312 0.867188 1 24 1.000000
0  33.820312 -36.511818 -2.732142  0.707022 -0.707175 -0.003998  2.945312 0.503906 1 24 1.000000
0  33.820312 -33.906166 -1.552782  0.573931 0.570666 0.587298  2.984375 0.867188 1 24 1.000000
out70_hatch_1
0  33.820312 -33.906166 -1.552782  0.573931 0.570666 0.587298  2.984375 0.867188 1 24 1.000000
0  33.820312 -36.511818 -2.732142  0.707022 -0.707175 -0.003998  2.945312 0.503906 1 24 1.000000
0  33.820312 -33.899559 -2.716360  0.707175 0.706992 0.003998  2.984375 0.503906 1 24 1.000000
out70_hatch_1
0  33.820312 -33.906166 -1.552782  0.573931 0.570666 0.587298  2.984375 0.867188 1 24 1.000000
0  33.820312 -33.899559 -2.716360  0.707175 0.706992 0.003998  2.984375 0.503906 1 24 1.000000
0  30.937500 -33.906166 -1.552782  -0.573748 0.571215 0.586932  3.027344 0.867188 1 24 1.000000
out70_hatch_1
0  30.937500 -33.906166 -1.552782  -0.573748 0.571215 0.586932  3.027344 0.867188 1 24 1.000000
0  33.820312 -33.899559 -2.716360  0.707175 0.706992 0.003998  2.984375 0.503906 1 24 1.000000
0  30.937500 -33.899559 -2.716360  -0.707175 0.706992 0.003998  3.027344 0.503906 1 24 1.000000
out70_hatch_1
0  30.937500 -33.906166 -1.552782  -0.573748 0.571215 0.586932  3.027344 0.867188 1 24 1.000000
0  30.937500 -33.899559 -2.716360  -0.707175 0.706992 0.003998  3.027344 0.503906 1 24 1.000000
0  30.937500 -36.518433 -1.568564  -0.577349 -0.580706 0.573931  3.066406 0.867188 1 24 1.000000
out70_hatch_1
0  30.937500 -36.518433 -1.568564  -0.577349 -0.580706 0.573931  3.066406 0.867188 1 24 1.000000
0  30.937500 -33.899559 -2.716360  -0.707175 0.706992 0.003998  3.027344 0.503906 1 24 1.000000
0  30.937500 -36.511818 -2.732142  -0.707022 -0.707175 -0.003998  3.066406 0.503906 1 24 1.000000
out70_hatch_1
0  33.093750 -6.120084 -2.131362  0.000000 -0.999969 -0.002472  2.750000 0.132812 1 24 1.000000
0  33.093750 -6.123049 -0.944633  0.000000 -0.999969 -0.002472  2.750000 1.750000 1 24 1.000000
0  31.640623 -6.123049 -0.944633  0.000000 -0.999969 -0.002472  2.351562 1.750000 1 24 1.000000
out70_hatch_1
0  31.640623 -6.123049 -0.944633  0.000000 -0.999969 -0.002472  2.351562 1.750000 1 24 1.000000
0  31.640623 -6.120084 -2.131362  0.000000 -0.999969 -0.002472  2.351562 0.132812 1 24 1.000000
0  33.093750 -6.120084 -2.131362  0.000000 -0.999969 -0.002472  2.750000 0.132812 1 24 1.000000
out70_hatch_1
0  33.445312 -8.379269 -1.562150  -0.000702 0.705435 0.708731  3.183594 1.183594 1 24 1.000000
0  33.820312 -8.379269 -1.562150  0.577776 0.576281 0.577929  3.183594 0.816406 1 24 1.000000
0  33.820312 -8.372660 -2.725729  0.705161 0.709006 0.003998  3.257812 0.816406 1 24 1.000000
out70_hatch_1
0  33.820312 -8.372660 -2.725729  0.705161 0.709006 0.003998  3.257812 0.816406 1 24 1.000000
0  33.445312 -8.372660 -2.725729  0.000000 0.999969 0.005676  3.257812 1.183594 1 24 1.000000
0  33.445312 -8.379269 -1.562150  -0.000702 0.705435 0.708731  3.183594 1.183594 1 24 1.000000
out70_hatch_1
0  33.445312 -8.372660 -2.725729  0.000000 0.999969 0.005676  1.027344 1.351562 1 24 1.000000
0  31.289064 -8.372660 -2.725729  0.000000 0.999969 0.005676  1.027344 1.351562 1 24 1.000000
0  31.289064 -8.379269 -1.562150  0.000000 0.704917 0.709250  1.027344 0.816406 1 24 1.000000
out70_hatch_1
0  31.289064 -8.379269 -1.562150  0.000000 0.704917 0.709250  1.027344 0.816406 1 24 1.000000
0  33.445312 -8.379269 -1.562150  -0.000702 0.705435 0.708731  1.027344 0.816406 1 24 1.000000
0  33.445312 -8.372660 -2.725729  0.000000 0.999969 0.005676  1.027344 1.351562 1 24 1.000000
out70_hatch_1
0  30.937500 -8.379269 -1.562150  -0.577563 0.575549 0.578906  3.183594 1.183594 1 24 1.000000
0  31.289064 -8.379269 -1.562150  0.000000 0.704917 0.709250  3.183594 0.816406 1 24 1.000000
0  31.289064 -8.372660 -2.725729  0.000000 0.999969 0.005676  3.257812 0.816406 1 24 1.000000
out70_hatch_1
0  31.289064 -8.372660 -2.725729  0.000000 0.999969 0.005676  3.257812 0.816406 1 24 1.000000
0  30.937500 -8.372660 -2.725729  -0.705161 0.709006 0.003998  3.257812 1.183594 1 24 1.000000
0  30.937500 -8.379269 -1.562150  -0.577563 0.575549 0.578906  3.183594 1.183594 1 24 1.000000
out70_hatch_1
0  33.820312 -10.987886 -1.554781  0.574816 -0.576922 0.580248  3.183594 0.816406 1 24 1.000000
0  33.820312 -8.379269 -1.562150  0.577776 0.576281 0.577929  3.257812 0.816406 1 24 1.000000
0  33.445312 -8.379269 -1.562150  -0.000702 0.705435 0.708731  3.257812 1.183594 1 24 1.000000
out70_hatch_1
0  33.445312 -8.379269 -1.562150  -0.000702 0.705435 0.708731  3.257812 1.183594 1 24 1.000000
0  33.445312 -10.633326 -1.563152  -0.008423 0.008667 0.999908  3.183594 1.183594 1 24 1.000000
0  33.820312 -10.987886 -1.554781  0.574816 -0.576922 0.580248  3.183594 0.816406 1 24 1.000000
out70_hatch_1
0  31.289064 -10.633326 -1.563152  0.007355 0.009705 0.999908  2.750000 0.132812 1 24 1.000000
0  33.445312 -10.633326 -1.563152  -0.008423 0.008667 0.999908  2.300781 0.132812 1 24 1.000000
0  33.445312 -8.379269 -1.562150  -0.000702 0.705435 0.708731  2.300781 1.750000 1 24 1.000000
out70_hatch_1
0  33.445312 -8.379269 -1.562150  -0.000702 0.705435 0.708731  2.300781 1.750000 1 24 1.000000
0  31.289064 -8.379269 -1.562150  0.000000 0.704917 0.709250  2.750000 1.750000 1 24 1.000000
0  31.289064 -10.633326 -1.563152  0.007355 0.009705 0.999908  2.750000 0.132812 1 24 1.000000
out70_hatch_1
0  31.289064 -10.633326 -1.563152  0.007355 0.009705 0.999908  3.183594 0.816406 1 24 1.000000
0  31.289064 -8.379269 -1.562150  0.000000 0.704917 0.709250  3.257812 0.816406 1 24 1.000000
0  30.937500 -8.379269 -1.562150  -0.577563 0.575549 0.578906  3.257812 1.183594 1 24 1.000000
out70_hatch_1
0  30.937500 -8.379269 -1.562150  -0.577563 0.575549 0.578906  3.257812 1.183594 1 24 1.000000
0  30.937500 -10.987886 -1.554781  -0.574877 -0.576373 0.580737  3.183594 1.183594 1 24 1.000000
0  31.289064 -10.633326 -1.563152  0.007355 0.009705 0.999908  3.183594 0.816406 1 24 1.000000
out70_hatch_1
0  30.937500 -10.987886 -1.554781  -0.574877 -0.576373 0.580737  4.675781 0.816406 1 24 1.000000
0  33.820312 -10.987886 -1.554781  0.574816 -0.576922 0.580248  4.761719 0.816406 1 24 1.000000
0  33.445312 -10.633326 -1.563152  -0.008423 0.008667 0.999908  4.730469 1.183594 1 24 1.000000
out70_hatch_1
0  33.445312 -10.633326 -1.563152  -0.008423 0.008667 0.999908  4.730469 1.183594 1 24 1.000000
0  31.289064 -10.633326 -1.563152  0.007355 0.009705 0.999908  4.703125 1.183594 1 24 1.000000
0  30.937500 -10.987886 -1.554781  -0.574877 -0.576373 0.580737  4.675781 0.816406 1 24 1.000000
out70_hatch_1
0  30.937500 -36.518433 -1.568564  -0.577349 -0.580706 0.573931  3.324219 0.816406 1 24 1.000000
0  30.937500 -36.511818 -2.732142  -0.707022 -0.707175 -0.003998  3.398438 0.816406 1 24 1.000000
0  31.289064 -36.511818 -2.732142  0.000000 -0.999969 -0.005676  3.398438 1.183594 1 24 1.000000
out70_hatch_1
0  31.289064 -36.511818 -2.732142  0.000000 -0.999969 -0.005676  3.398438 1.183594 1 24 1.000000
0  31.289064 -36.518433 -1.568564  0.001251 -0.710166 0.704001  3.324219 1.183594 1 24 1.000000
0  30.937500 -36.518433 -1.568564  -0.577349 -0.580706 0.573931  3.324219 0.816406 1 24 1.000000
out70_hatch_1
0  31.289064 -36.511818 -2.732142  0.000000 -0.999969 -0.005676  1.070312 1.351562 1 24 1.000000
0  33.445312 -36.511818 -2.732142  0.000000 -0.999969 -0.005676  0.984375 1.351562 1 24 1.000000
0  33.445312 -36.518433 -1.568564  0.000000 -0.709250 0.704917  0.984375 0.816406 1 24 1.000000
out70_hatch_1
0  33.445312 -36.518433 -1.568564  0.000000 -0.709250 0.704917  0.984375 0.816406 1 24 1.000000
0  31.289064 -36.518433 -1.568564  0.001251 -0.710166 0.704001  1.070312 0.816406 1 24 1.000000
0  31.289064 -36.511818 -2.732142  0.000000 -0.999969 -0.005676  1.070312 1.351562 1 24 1.000000
out70_hatch_1
0  33.445312 -36.518433 -1.568564  0.000000 -0.709250 0.704917  3.324219 0.816406 1 24 1.000000
0  33.445312 -36.511818 -2.732142  0.000000 -0.999969 -0.005676  3.398438 0.816406 1 24 1.000000
0  33.820312 -36.511818 -2.732142  0.707022 -0.707175 -0.003998  3.398438 1.183594 1 24 1.000000
out70_hatch_1
0  33.820312 -36.511818 -2.732142  0.707022 -0.707175 -0.003998  3.398438 1.183594 1 24 1.000000
0  33.820312 -36.518433 -1.568564  0.576952 -0.579455 0.575579  3.324219 1.183594 1 24 1.000000
0  33.445312 -36.518433 -1.568564  0.000000 -0.709250 0.704917  3.324219 0.816406 1 24 1.000000
out70_hatch_1
0  30.937500 -33.906166 -1.552782  -0.573748 0.571215 0.586932  3.324219 0.816406 1 24 1.000000
0  30.937500 -36.518433 -1.568564  -0.577349 -0.580706 0.573931  3.398438 0.816406 1 24 1.000000
0  31.289064 -36.518433 -1.568564  0.001251 -0.710166 0.704001  3.398438 1.183594 1 24 1.000000
out70_hatch_1
0  31.289064 -36.518433 -1.568564  0.001251 -0.710166 0.704001  3.398438 1.183594 1 24 1.000000
0  31.289064 -34.264378 -1.567562  0.015625 -0.015656 0.999725  3.324219 1.183594 1 24 1.000000
0  30.937500 -33.906166 -1.552782  -0.573748 0.571215 0.586932  3.324219 0.816406 1 24 1.000000
out70_hatch_1
0  33.445312 -34.264378 -1.567562  -0.011597 -0.017792 0.999756  2.750000 0.132812 1 24 1.000000
0  31.289064 -34.264378 -1.567562  0.015625 -0.015656 0.999725  2.300781 0.132812 1 24 1.000000
0  31.289064 -36.518433 -1.568564  0.001251 -0.710166 0.704001  2.300781 1.750000 1 24 1.000000
out70_hatch_1
0  31.289064 -36.518433 -1.568564  0.001251 -0.710166 0.704001  2.300781 1.750000 1 24 1.000000
0  33.445312 -36.518433 -1.568564  0.000000 -0.709250 0.704917  2.750000 1.750000 1 24 1.000000
0  33.445312 -34.264378 -1.567562  -0.011597 -0.017792 0.999756  2.750000 0.132812 1 24 1.000000
out70_hatch_1
0  33.445312 -34.264378 -1.567562  -0.011597 -0.017792 0.999756  3.324219 0.816406 1 24 1.000000
0  33.445312 -36.518433 -1.568564  0.000000 -0.709250 0.704917  3.398438 0.816406 1 24 1.000000
0  33.820312 -36.518433 -1.568564  0.576952 -0.579455 0.575579  3.398438 1.183594 1 24 1.000000
out70_hatch_1
0  33.820312 -36.518433 -1.568564  0.576952 -0.579455 0.575579  3.398438 1.183594 1 24 1.000000
0  33.820312 -33.906166 -1.552782  0.573931 0.570666 0.587298  3.324219 1.183594 1 24 1.000000
0  33.445312 -34.264378 -1.567562  -0.011597 -0.017792 0.999756  3.324219 0.816406 1 24 1.000000
out70_hatch_1
0  33.820312 -33.906166 -1.552782  0.573931 0.570666 0.587298  3.425781 0.816406 1 24 1.000000
0  30.937500 -33.906166 -1.552782  -0.573748 0.571215 0.586932  3.511719 0.816406 1 24 1.000000
0  31.289064 -34.264378 -1.567562  0.015625 -0.015656 0.999725  3.484375 1.183594 1 24 1.000000
out70_hatch_1
0  31.289064 -34.264378 -1.567562  0.015625 -0.015656 0.999725  3.484375 1.183594 1 24 1.000000
0  33.445312 -34.264378 -1.567562  -0.011597 -0.017792 0.999756  3.457031 1.183594 1 24 1.000000
0  33.820312 -33.906166 -1.552782  0.573931 0.570666 0.587298  3.425781 0.816406 1 24 1.000000
out70_hatch_1
0  33.234375 -38.320190 -2.162730  0.000000 0.741295 0.671133  2.300781 0.132812 1 24 1.000000
0  31.570312 -38.320190 -2.162730  0.000000 0.741295 0.671133  2.851562 0.132812 1 24 1.000000
0  31.570312 -40.098724 -0.198226  0.000000 0.741295 0.671133  2.851562 1.750000 1 24 1.000000
out70_hatch_1
0  31.570312 -40.098724 -0.198226  0.000000 0.741295 0.671133  2.851562 1.750000 1 24 1.000000
0  33.234375 -40.098724 -0.198226  0.000000 0.741295 0.671133  2.300781 1.750000 1 24 1.000000
0  33.234375 -38.320190 -2.162730  0.000000 0.741295 0.671133  2.300781 0.132812 1 24 1.000000
out70_dan2_1
0  29.132812 -5.759235 0.160626  0.000000 -0.414869 0.909848  2.833984 -0.679688 1 24 1.000000
0  29.132812 -4.953863 0.152455  0.000000 0.010132 0.999939  2.833984 -0.804688 1 24 1.000000
0  26.976564 -4.953863 0.152455  0.000000 0.010132 0.999939  5.183594 -0.804688 1 24 1.000000
out70_dan2_1
0  26.976564 -4.953863 0.152455  0.000000 0.010132 0.999939  5.183594 -0.804688 1 24 1.000000
0  26.976564 -5.759235 0.160626  0.000000 -0.414869 0.909848  5.183594 -0.679688 1 24 1.000000
0  29.132812 -5.759235 0.160626  0.000000 -0.414869 0.909848  2.833984 -0.679688 1 24 1.000000
out70_dan2_1
0  26.976564 -7.913476 -2.370967  0.000000 -0.761559 0.648061  2.833984 -4.523438 1 24 1.000000
0  29.132812 -7.913476 -2.370967  0.000000 -0.761559 0.648061  5.183594 -4.523438 1 24 1.000000
0  29.132812 -5.759235 0.160626  0.000000 -0.414869 0.909848  5.183594 2.500000 1 24 1.000000
out70_dan2_1
0  29.132812 -5.759235 0.160626  0.000000 -0.414869 0.909848  5.183594 2.500000 1 24 1.000000
0  26.976564 -5.759235 0.160626  0.000000 -0.414869 0.909848  2.833984 2.500000 1 24 1.000000
0  26.976564 -7.913476 -2.370967  0.000000 -0.761559 0.648061  2.833984 -4.523438 1 24 1.000000
out70_dan2_1
0  37.781250 -5.759235 0.160626  0.000000 -0.414869 0.909848  2.833984 -0.679688 1 24 1.000000
0  37.781250 -4.953863 0.152455  0.000000 0.010132 0.999939  2.833984 -0.804688 1 24 1.000000
0  35.601562 -4.953863 0.152455  0.000000 0.010132 0.999939  5.183594 -0.804688 1 24 1.000000
out70_dan2_1
0  35.601562 -4.953863 0.152455  0.000000 0.010132 0.999939  5.183594 -0.804688 1 24 1.000000
0  35.601562 -5.759235 0.160626  0.000000 -0.414869 0.909848  5.183594 -0.679688 1 24 1.000000
0  37.781250 -5.759235 0.160626  0.000000 -0.414869 0.909848  2.833984 -0.679688 1 24 1.000000
out70_dan2_1
0  35.601562 -7.913476 -2.370967  0.000000 -0.761559 0.648061  2.833984 -4.523438 1 24 1.000000
0  37.781250 -7.913476 -2.370967  0.000000 -0.761559 0.648061  5.183594 -4.523438 1 24 1.000000
0  37.781250 -5.759235 0.160626  0.000000 -0.414869 0.909848  5.183594 2.500000 1 24 1.000000
out70_dan2_1
0  37.781250 -5.759235 0.160626  0.000000 -0.414869 0.909848  5.183594 2.500000 1 24 1.000000
0  35.601562 -5.759235 0.160626  0.000000 -0.414869 0.909848  2.833984 2.500000 1 24 1.000000
0  35.601562 -7.913476 -2.370967  0.000000 -0.761559 0.648061  2.833984 -4.523438 1 24 1.000000
out70_dan2_1
0  28.617188 -38.312904 -2.116427  1.000000 0.000000 0.000000  -2.978516 0.828125 1 24 1.000000
0  28.617188 -37.461227 -2.131888  0.354656 0.538682 0.764214  -2.978516 0.828125 1 24 1.000000
0  28.617188 -40.408264 -0.054591  0.643757 0.226264 0.730979  -2.978516 -2.042969 1 24 1.000000
out70_dan2_1
0  28.617188 -40.408264 -0.054591  0.643757 0.226264 0.730979  -2.978516 -2.042969 1 24 1.000000
0  28.617188 -41.240433 -0.065927  0.369488 -0.012635 0.929136  -2.978516 -2.042969 1 24 1.000000
0  28.617188 -38.312904 -2.116427  1.000000 0.000000 0.000000  -2.978516 0.828125 1 24 1.000000
out70_dan2_1
0  26.695312 -37.461227 -2.131888  -0.363445 0.536729 0.761437  -0.826172 0.828125 1 24 1.000000
0  26.695312 -41.256577 -2.127482  -1.000000 0.000000 0.000000  -2.398438 0.828125 1 24 1.000000
0  26.695312 -41.240433 -0.065927  -0.711875 -0.009552 0.702200  -2.031250 -2.042969 1 24 1.000000
out70_dan2_1
0  26.695312 -41.240433 -0.065927  -0.711875 -0.009552 0.702200  -2.031250 -2.042969 1 24 1.000000
0  26.695312 -40.408264 -0.054591  -0.643757 0.226264 0.730979  -1.681641 -2.042969 1 24 1.000000
0  26.695312 -37.461227 -2.131888  -0.363445 0.536729 0.761437  -0.826172 0.828125 1 24 1.000000
out70_dan2_1
0  28.617188 -40.408264 -0.054591  0.643757 0.226264 0.730979  2.833984 -0.726562 1 24 1.000000
0  26.695312 -40.408264 -0.054591  -0.643757 0.226264 0.730979  5.183594 -0.726562 1 24 1.000000
0  26.695312 -41.240433 -0.065927  -0.711875 -0.009552 0.702200  5.183594 -0.601562 1 24 1.000000
out70_dan2_1
0  26.695312 -41.240433 -0.065927  -0.711875 -0.009552 0.702200  5.183594 -0.601562 1 24 1.000000
0  28.617188 -41.240433 -0.065927  0.369488 -0.012635 0.929136  2.833984 -0.601562 1 24 1.000000
0  28.617188 -40.408264 -0.054591  0.643757 0.226264 0.730979  2.833984 -0.726562 1 24 1.000000
out70_dan2_1
0  28.617188 -37.461227 -2.131888  0.354656 0.538682 0.764214  2.833984 -4.523438 1 24 1.000000
0  26.695312 -37.461227 -2.131888  -0.363445 0.536729 0.761437  5.183594 -4.523438 1 24 1.000000
0  26.695312 -40.408264 -0.054591  -0.643757 0.226264 0.730979  5.183594 2.519531 1 24 1.000000
out70_dan2_1
0  26.695312 -40.408264 -0.054591  -0.643757 0.226264 0.730979  5.183594 2.519531 1 24 1.000000
0  28.617188 -40.408264 -0.054591  0.643757 0.226264 0.730979  2.833984 2.519531 1 24 1.000000
0  28.617188 -37.461227 -2.131888  0.354656 0.538682 0.764214  2.833984 -4.523438 1 24 1.000000
out70_dan2_1
0  38.109375 -41.256577 -2.127482  0.999969 0.000000 0.000000  -2.382812 0.828125 1 24 1.000000
0  38.109375 -37.461227 -2.131888  0.363445 0.536729 0.761437  -0.841797 0.828125 1 24 1.000000
0  38.109375 -40.408264 -0.054591  0.643757 0.226264 0.730979  -1.685547 -2.042969 1 24 1.000000
out70_dan2_1
0  38.109375 -40.408264 -0.054591  0.643757 0.226264 0.730979  -1.685547 -2.042969 1 24 1.000000
0  38.109375 -41.240433 -0.065927  0.711875 -0.009552 0.702200  -2.027344 -2.042969 1 24 1.000000
0  38.109375 -41.256577 -2.127482  0.999969 0.000000 0.000000  -2.382812 0.828125 1 24 1.000000
out70_dan2_1
0  36.187500 -37.461227 -2.131888  -0.354656 0.538652 0.764214  -2.978516 0.828125 1 24 1.000000
0  36.187500 -38.312904 -2.116427  -1.000000 0.000000 0.000000  -2.978516 0.828125 1 24 1.000000
0  36.187500 -41.240433 -0.065927  -0.369488 -0.012635 0.929136  -2.978516 -2.042969 1 24 1.000000
out70_dan2_1
0  36.187500 -41.240433 -0.065927  -0.369488 -0.012635 0.929136  -2.978516 -2.042969 1 24 1.000000
0  36.187500 -40.408264 -0.054591  -0.643757 0.226264 0.730979  -2.978516 -2.042969 1 24 1.000000
0  36.187500 -37.461227 -2.131888  -0.354656 0.538652 0.764214  -2.978516 0.828125 1 24 1.000000
out70_dan2_1
0  38.109375 -40.408264 -0.054591  0.643757 0.226264 0.730979  2.833984 -0.726562 1 24 1.000000
0  36.187500 -40.408264 -0.054591  -0.643757 0.226264 0.730979  5.183594 -0.726562 1 24 1.000000
0  36.187500 -41.240433 -0.065927  -0.369488 -0.012635 0.929136  5.183594 -0.601562 1 24 1.000000
out70_dan2_1
0  36.187500 -41.240433 -0.065927  -0.369488 -0.012635 0.929136  5.183594 -0.601562 1 24 1.000000
0  38.109375 -41.240433 -0.065927  0.711875 -0.009552 0.702200  2.833984 -0.601562 1 24 1.000000
0  38.109375 -40.408264 -0.054591  0.643757 0.226264 0.730979  2.833984 -0.726562 1 24 1.000000
out70_dan2_1
0  38.109375 -37.461227 -2.131888  0.363445 0.536729 0.761437  2.833984 -4.523438 1 24 1.000000
0  36.187500 -37.461227 -2.131888  -0.354656 0.538652 0.764214  5.183594 -4.523438 1 24 1.000000
0  36.187500 -40.408264 -0.054591  -0.643757 0.226264 0.730979  5.183594 2.519531 1 24 1.000000
out70_dan2_1
0  36.187500 -40.408264 -0.054591  -0.643757 0.226264 0.730979  5.183594 2.519531 1 24 1.000000
0  38.109375 -40.408264 -0.054591  0.643757 0.226264 0.730979  2.833984 2.519531 1 24 1.000000
0  38.109375 -37.461227 -2.131888  0.363445 0.536729 0.761437  2.833984 -4.523438 1 24 1.000000
out70_kabe02_1
0  38.109375 -41.240433 -0.065927  -0.999969 0.000000 0.000000  -0.789062 0.988281 1 24 1.000000
0  38.109375 -40.292507 -0.072816  -1.000000 0.000000 0.000000  0.625000 0.988281 1 24 1.000000
0  38.109375 -40.292587 -2.635131  -1.000000 0.000000 0.000000  0.625000 -0.011719 1 24 1.000000
out70_kabe02_1
0  38.109375 -40.292587 -2.635131  -1.000000 0.000000 0.000000  0.625000 -0.011719 1 24 1.000000
0  38.109375 -41.240517 -2.628242  -0.999969 0.000000 0.000000  -0.789062 -0.011719 1 24 1.000000
0  38.109375 -41.240433 -0.065927  -0.999969 0.000000 0.000000  -0.789062 0.988281 1 24 1.000000
out70_kabe02_1
0  25.195312 -5.187059 1.233081  0.000000 0.999969 0.006317  0.492188 -0.011719 1 24 1.000000
0  26.976564 -5.187059 1.233081  0.708487 0.705679 0.004456  -0.492188 -0.011719 1 24 1.000000
0  26.976564 -5.177887 -0.215604  0.000000 0.999969 0.006317  -0.492188 -1.199219 1 24 1.000000
out70_kabe02_1
0  26.976564 -5.177887 -0.215604  0.000000 0.999969 0.006317  -0.492188 -1.199219 1 24 1.000000
0  25.195312 -5.177887 -0.215604  0.000000 0.999969 0.006317  0.492188 -1.199219 1 24 1.000000
0  25.195312 -5.187059 1.233081  0.000000 0.999969 0.006317  0.492188 -0.011719 1 24 1.000000
out70_kabe02_1
0  25.195312 -5.904152 -0.006360  0.000000 -0.999969 0.003479  -1.878906 -0.503906 1 24 1.000000
0  26.976564 -5.904152 -0.006360  0.705466 -0.708731 0.002472  -3.699219 -0.503906 1 24 1.000000
0  26.976564 -5.899826 1.226672  0.709891 -0.704276 0.002441  -3.699219 -0.011719 1 24 1.000000
out70_kabe02_1
0  26.976564 -5.899826 1.226672  0.709891 -0.704276 0.002441  -3.699219 -0.011719 1 24 1.000000
0  25.195312 -5.899826 1.226672  0.000000 -0.999969 0.003479  -1.878906 -0.011719 1 24 1.000000
0  25.195312 -5.904152 -0.006360  0.000000 -0.999969 0.003479  -1.878906 -0.503906 1 24 1.000000
out70_kabe02_1
0  26.976564 -5.904152 -0.006360  0.705466 -0.708731 0.002472  -0.425781 -0.503906 1 24 1.000000
0  26.976564 -5.168234 -0.003596  1.000000 0.000000 0.000000  -0.347656 -0.503906 1 24 1.000000
0  26.976564 -5.187059 1.233081  0.708487 0.705679 0.004456  -0.347656 -0.011719 1 24 1.000000
out70_kabe02_1
0  26.976564 -5.187059 1.233081  0.708487 0.705679 0.004456  -0.347656 -0.011719 1 24 1.000000
0  26.976564 -5.899826 1.226672  0.709891 -0.704276 0.002441  -0.425781 -0.011719 1 24 1.000000
0  26.976564 -5.904152 -0.006360  0.705466 -0.708731 0.002472  -0.425781 -0.503906 1 24 1.000000
out70_kabe02_1
0  26.976564 -4.946653 -2.363557  -1.000000 0.000000 0.000000  -0.609375 3.460938 1 24 1.000000
0  26.976564 -7.913476 -2.370967  -1.000000 0.000000 0.000000  -0.554688 3.773438 1 24 1.000000
0  26.976564 -5.759235 0.160626  -1.000000 0.000000 0.000000  -0.664062 3.796875 1 24 1.000000
out70_kabe02_1
0  26.976564 -5.759235 0.160626  -1.000000 0.000000 0.000000  -0.664062 3.796875 1 24 1.000000
0  26.976564 -4.953863 0.152455  -1.000000 0.000000 0.000000  -0.664062 3.472656 1 24 1.000000
0  26.976564 -4.946653 -2.363557  -1.000000 0.000000 0.000000  -0.609375 3.460938 1 24 1.000000
out70_kabe02_1
0  29.132812 -7.913476 -2.370967  1.000000 0.000000 0.000000  -0.664062 3.796875 1 24 1.000000
0  29.132812 -4.946653 -2.363557  1.000000 0.000000 0.000000  -0.664062 3.472656 1 24 1.000000
0  29.132812 -4.953863 0.152455  0.999969 0.000000 0.000000  -0.609375 3.460938 1 24 1.000000
out70_kabe02_1
0  29.132812 -4.953863 0.152455  0.999969 0.000000 0.000000  -0.609375 3.460938 1 24 1.000000
0  29.132812 -5.759235 0.160626  1.000000 0.000000 0.000000  -0.554688 3.773438 1 24 1.000000
0  29.132812 -7.913476 -2.370967  1.000000 0.000000 0.000000  -0.664062 3.796875 1 24 1.000000
out70_kabe02_1
0  37.781250 -5.187059 1.233081  -0.708487 0.705679 0.004456  0.492188 -0.011719 1 24 1.000000
0  39.609375 -5.187059 1.233081  0.000000 0.999969 0.006317  -0.492188 -0.011719 1 24 1.000000
0  39.609375 -5.177887 -0.215604  0.000000 0.999969 0.006317  -0.492188 -1.199219 1 24 1.000000
out70_kabe02_1
0  39.609375 -5.177887 -0.215604  0.000000 0.999969 0.006317  -0.492188 -1.199219 1 24 1.000000
0  37.781250 -5.177887 -0.215604  0.000000 0.999969 0.006317  0.492188 -1.199219 1 24 1.000000
0  37.781250 -5.187059 1.233081  -0.708487 0.705679 0.004456  0.492188 -0.011719 1 24 1.000000
out70_kabe02_1
0  39.609375 -5.904152 -0.006360  0.000000 -0.999969 0.003479  -1.878906 -0.503906 1 24 1.000000
0  39.609375 -5.899826 1.226672  0.000000 -0.999969 0.003479  -1.878906 -0.011719 1 24 1.000000
0  37.781250 -5.899826 1.226672  -0.709891 -0.704276 0.002441  -3.699219 -0.011719 1 24 1.000000
out70_kabe02_1
0  37.781250 -5.899826 1.226672  -0.709891 -0.704276 0.002441  -3.699219 -0.011719 1 24 1.000000
0  37.781250 -5.904152 -0.006360  -0.705435 -0.708731 0.002472  -3.699219 -0.503906 1 24 1.000000
0  39.609375 -5.904152 -0.006360  0.000000 -0.999969 0.003479  -1.878906 -0.503906 1 24 1.000000
out70_kabe02_1
0  37.781250 -5.899826 1.226672  -0.709891 -0.704276 0.002441  -0.425781 -0.011719 1 24 1.000000
0  37.781250 -5.187059 1.233081  -0.708487 0.705679 0.004456  -0.347656 -0.011719 1 24 1.000000
0  37.781250 -5.168234 -0.003596  -1.000000 0.000000 0.000000  -0.347656 -0.503906 1 24 1.000000
out70_kabe02_1
0  37.781250 -5.168234 -0.003596  -1.000000 0.000000 0.000000  -0.347656 -0.503906 1 24 1.000000
0  37.781250 -5.904152 -0.006360  -0.705435 -0.708731 0.002472  -0.425781 -0.503906 1 24 1.000000
0  37.781250 -5.899826 1.226672  -0.709891 -0.704276 0.002441  -0.425781 -0.011719 1 24 1.000000
out70_kabe02_1
0  29.132812 -5.187059 1.233081  -0.707083 0.707053 0.006348  1.863281 -0.011719 1 24 1.000000
0  35.601562 -5.187059 1.233081  0.707083 0.707053 0.006348  -1.863281 -0.011719 1 24 1.000000
0  35.601562 -5.175524 -0.049899  0.698660 0.715384 0.006409  -1.863281 -1.171875 1 24 1.000000
out70_kabe02_1
0  35.601562 -5.175524 -0.049899  0.698660 0.715384 0.006409  -1.863281 -1.171875 1 24 1.000000
0  29.132812 -5.175524 -0.049899  -0.698660 0.715384 0.006409  1.863281 -1.199219 1 24 1.000000
0  29.132812 -5.187059 1.233081  -0.707083 0.707053 0.006348  1.863281 -0.011719 1 24 1.000000
out70_kabe02_1
0  35.601562 -5.907797 -0.029511  0.711875 -0.702261 0.004456  1.863281 -0.496094 1 24 1.000000
0  35.601562 -5.899826 1.226672  0.710532 -0.703635 0.004456  1.863281 -0.011719 1 24 1.000000
0  29.132812 -5.899826 1.226672  -0.710532 -0.703635 0.004456  -10.000000 -0.011719 1 24 1.000000
out70_kabe02_1
0  29.132812 -5.899826 1.226672  -0.710532 -0.703635 0.004456  -10.000000 -0.011719 1 24 1.000000
0  29.132812 -5.907797 -0.029511  -0.711875 -0.702261 0.004456  -10.000000 -0.496094 1 24 1.000000
0  35.601562 -5.907797 -0.029511  0.711875 -0.702261 0.004456  1.863281 -0.496094 1 24 1.000000
out70_kabe02_1
0  29.132812 -5.899826 1.226672  -0.710532 -0.703635 0.004456  -0.117188 -0.011719 1 24 1.000000
0  29.132812 -5.187059 1.233081  -0.707083 0.707053 0.006348  -0.082031 -0.011719 1 24 1.000000
0  29.132812 -5.175524 -0.049899  -0.698660 0.715384 0.006409  -0.082031 -0.507812 1 24 1.000000
out70_kabe02_1
0  29.132812 -5.175524 -0.049899  -0.698660 0.715384 0.006409  -0.082031 -0.507812 1 24 1.000000
0  29.132812 -5.907797 -0.029511  -0.711875 -0.702261 0.004456  -0.117188 -0.496094 1 24 1.000000
0  29.132812 -5.899826 1.226672  -0.710532 -0.703635 0.004456  -0.117188 -0.011719 1 24 1.000000
out70_kabe02_1
0  35.601562 -5.907797 -0.029511  0.711875 -0.702261 0.004456  -0.117188 -0.496094 1 24 1.000000
0  35.601562 -5.175524 -0.049899  0.698660 0.715384 0.006409  -0.082031 -0.496094 1 24 1.000000
0  35.601562 -5.187059 1.233081  0.707083 0.707053 0.006348  -0.082031 -0.011719 1 24 1.000000
out70_kabe02_1
0  35.601562 -5.187059 1.233081  0.707083 0.707053 0.006348  -0.082031 -0.011719 1 24 1.000000
0  35.601562 -5.899826 1.226672  0.710532 -0.703635 0.004456  -0.117188 -0.011719 1 24 1.000000
0  35.601562 -5.907797 -0.029511  0.711875 -0.702261 0.004456  -0.117188 -0.496094 1 24 1.000000
out70_kabe02_1
0  35.601562 -4.946653 -2.363557  -1.000000 0.000000 0.000000  -0.609375 3.460938 1 24 1.000000
0  35.601562 -7.913476 -2.370967  -1.000000 0.000000 0.000000  -0.554688 3.773438 1 24 1.000000
0  35.601562 -5.759235 0.160626  -1.000000 0.000000 0.000000  -0.664062 3.796875 1 24 1.000000
out70_kabe02_1
0  35.601562 -5.759235 0.160626  -1.000000 0.000000 0.000000  -0.664062 3.796875 1 24 1.000000
0  35.601562 -4.953863 0.152455  -1.000000 0.000000 0.000000  -0.664062 3.472656 1 24 1.000000
0  35.601562 -4.946653 -2.363557  -1.000000 0.000000 0.000000  -0.609375 3.460938 1 24 1.000000
out70_kabe02_1
0  37.781250 -7.913476 -2.370967  1.000000 0.000000 0.000000  -0.664062 3.796875 1 24 1.000000
0  37.781250 -4.946653 -2.363557  1.000000 0.000000 0.000000  -0.664062 3.472656 1 24 1.000000
0  37.781250 -4.953863 0.152455  0.999969 0.000000 0.000000  -0.609375 3.460938 1 24 1.000000
out70_kabe02_1
0  37.781250 -4.953863 0.152455  0.999969 0.000000 0.000000  -0.609375 3.460938 1 24 1.000000
0  37.781250 -5.759235 0.160626  1.000000 0.000000 0.000000  -0.554688 3.773438 1 24 1.000000
0  37.781250 -7.913476 -2.370967  1.000000 0.000000 0.000000  -0.664062 3.796875 1 24 1.000000
out70_kabe02_1
0  40.125000 -46.958149 2.044254  -0.980712 0.195379 -0.001953  -1.027344 1.000000 1 24 1.000000
0  40.125000 -40.931896 2.044496  -0.704794 0.709372 -0.001831  -0.964844 1.000000 1 24 1.000000
0  40.125000 -40.940067 1.239123  -1.000000 0.000000 0.000000  -0.964844 0.636719 1 24 1.000000
out70_kabe02_1
0  40.125000 -40.940067 1.239123  -1.000000 0.000000 0.000000  -0.964844 0.636719 1 24 1.000000
0  40.125000 -46.966320 1.238882  -0.980163 0.198096 -0.000916  -1.027344 0.636719 1 24 1.000000
0  40.125000 -46.958149 2.044254  -0.980712 0.195379 -0.001953  -1.027344 1.000000 1 24 1.000000
out70_kabe02_1
0  24.679688 -40.931896 2.044496  0.704794 0.709372 -0.001831  -1.027344 1.000000 1 24 1.000000
0  24.679688 -46.958149 2.044254  0.978301 0.207129 -0.000946  -0.964844 1.000000 1 24 1.000000
0  24.679688 -46.966320 1.238882  0.977691 0.209998 -0.002106  -0.964844 0.636719 1 24 1.000000
out70_kabe02_1
0  24.679688 -46.966320 1.238882  0.977691 0.209998 -0.002106  -0.964844 0.636719 1 24 1.000000
0  24.679688 -40.940067 1.239123  0.999969 0.000000 0.000000  -1.027344 0.636719 1 24 1.000000
0  24.679688 -40.931896 2.044496  0.704794 0.709372 -0.001831  -1.027344 1.000000 1 24 1.000000
out70_kabe02_1
0  38.953125 -49.759270 2.034481  -0.783380 0.621357 0.013611  -1.027344 1.000000 1 24 1.000000
0  40.125000 -46.958149 2.044254  -0.980712 0.195379 -0.001953  -0.964844 1.000000 1 24 1.000000
0  40.125000 -46.966320 1.238882  -0.980163 0.198096 -0.000916  -0.964844 0.636719 1 24 1.000000
out70_kabe02_1
0  40.125000 -46.966320 1.238882  -0.980163 0.198096 -0.000916  -0.964844 0.636719 1 24 1.000000
0  38.953125 -49.740643 1.248615  -0.787469 0.616199 0.012543  -1.027344 0.636719 1 24 1.000000
0  38.953125 -49.759270 2.034481  -0.783380 0.621357 0.013611  -1.027344 1.000000 1 24 1.000000
out70_kabe02_1
0  36.187500 -51.797672 2.046977  -0.431166 0.902219 -0.007141  -1.027344 1.000000 1 24 1.000000
0  38.953125 -49.759270 2.034481  -0.783380 0.621357 0.013611  -0.964844 1.000000 1 24 1.000000
0  38.953125 -49.740643 1.248615  -0.787469 0.616199 0.012543  -0.964844 0.636719 1 24 1.000000
out70_kabe02_1
0  38.953125 -49.740643 1.248615  -0.787469 0.616199 0.012543  -0.964844 0.636719 1 24 1.000000
0  36.187500 -51.805843 1.241605  -0.430097 0.902737 -0.006989  -1.027344 0.636719 1 24 1.000000
0  36.187500 -51.797672 2.046977  -0.431166 0.902219 -0.007141  -1.027344 1.000000 1 24 1.000000
out70_kabe02_1
0  32.460938 -52.749245 2.030715  0.000732 0.999756 0.021455  -1.027344 1.000000 1 24 1.000000
0  36.187500 -51.797672 2.046977  -0.431166 0.902219 -0.007141  -0.964844 1.000000 1 24 1.000000
0  36.187500 -51.805843 1.241605  -0.430097 0.902737 -0.006989  -0.964844 0.636719 1 24 1.000000
out70_kabe02_1
0  36.187500 -51.805843 1.241605  -0.430097 0.902737 -0.006989  -0.964844 0.636719 1 24 1.000000
0  32.460938 -52.730618 1.244849  0.000763 0.999756 0.021485  -1.027344 0.636719 1 24 1.000000
0  32.460938 -52.749245 2.030715  0.000732 0.999756 0.021455  -1.027344 1.000000 1 24 1.000000
out70_kabe02_1
0  28.664064 -51.797672 2.046977  0.426008 0.904660 -0.007050  -1.027344 1.000000 1 24 1.000000
0  32.460938 -52.749245 2.030715  0.000732 0.999756 0.021455  -0.964844 1.000000 1 24 1.000000
0  32.460938 -52.730618 1.244849  0.000763 0.999756 0.021485  -0.964844 0.636719 1 24 1.000000
out70_kabe02_1
0  32.460938 -52.730618 1.244849  0.000763 0.999756 0.021485  -0.964844 0.636719 1 24 1.000000
0  28.664064 -51.805843 1.241605  0.424940 0.905179 -0.007172  -1.027344 0.636719 1 24 1.000000
0  28.664064 -51.797672 2.046977  0.426008 0.904660 -0.007050  -1.027344 1.000000 1 24 1.000000
out70_kabe02_1
0  25.921875 -49.759270 2.034481  0.780786 0.624653 0.012726  -1.027344 1.000000 1 24 1.000000
0  28.664064 -51.797672 2.046977  0.426008 0.904660 -0.007050  -0.964844 1.000000 1 24 1.000000
0  28.664064 -51.805843 1.241605  0.424940 0.905179 -0.007172  -0.964844 0.636719 1 24 1.000000
out70_kabe02_1
0  28.664064 -51.805843 1.241605  0.424940 0.905179 -0.007172  -0.964844 0.636719 1 24 1.000000
0  25.921875 -49.740643 1.248615  0.784631 0.619770 0.013520  -1.027344 0.636719 1 24 1.000000
0  25.921875 -49.759270 2.034481  0.780786 0.624653 0.012726  -1.027344 1.000000 1 24 1.000000
out70_kabe02_1
0  24.679688 -46.958149 2.044254  0.978301 0.207129 -0.000946  -1.027344 1.000000 1 24 1.000000
0  25.921875 -49.759270 2.034481  0.780786 0.624653 0.012726  -0.964844 1.000000 1 24 1.000000
0  25.921875 -49.740643 1.248615  0.784631 0.619770 0.013520  -0.964844 0.636719 1 24 1.000000
out70_kabe02_1
0  25.921875 -49.740643 1.248615  0.784631 0.619770 0.013520  -0.964844 0.636719 1 24 1.000000
0  24.679688 -46.966320 1.238882  0.977691 0.209998 -0.002106  -1.027344 0.636719 1 24 1.000000
0  24.679688 -46.958149 2.044254  0.978301 0.207129 -0.000946  -1.027344 1.000000 1 24 1.000000
out70_kabe02_1
0  41.226562 -40.931896 2.044496  0.704794 0.709372 -0.001831  -1.027344 1.000000 1 24 1.000000
0  41.226562 -46.958149 2.044254  0.977844 -0.209204 0.001984  -0.964844 1.000000 1 24 1.000000
0  41.226562 -46.966320 1.238882  0.977264 -0.211951 0.002136  -0.964844 0.636719 1 24 1.000000
out70_kabe02_1
0  41.226562 -46.966320 1.238882  0.977264 -0.211951 0.002136  -0.964844 0.636719 1 24 1.000000
0  41.226562 -40.940067 1.239123  0.999969 0.000000 0.000000  -1.027344 0.636719 1 24 1.000000
0  41.226562 -40.931896 2.044496  0.704794 0.709372 -0.001831  -1.027344 1.000000 1 24 1.000000
out70_kabe02_1
0  23.578123 -46.958149 2.044254  -0.977874 -0.209021 0.002106  -1.027344 1.000000 1 24 1.000000
0  23.578123 -40.931896 2.044496  -0.704794 0.709372 -0.001831  -0.964844 1.000000 1 24 1.000000
0  23.578123 -40.940067 1.239123  -1.000000 0.000000 0.000000  -0.964844 0.636719 1 24 1.000000
out70_kabe02_1
0  23.578123 -40.940067 1.239123  -1.000000 0.000000 0.000000  -0.964844 0.636719 1 24 1.000000
0  23.578123 -46.966320 1.238882  -0.977294 -0.211798 0.002014  -1.027344 0.636719 1 24 1.000000
0  23.578123 -46.958149 2.044254  -0.977874 -0.209021 0.002106  -1.027344 1.000000 1 24 1.000000
out70_kabe02_1
0  41.226562 -46.958149 2.044254  0.977844 -0.209204 0.001984  -1.027344 1.000000 1 24 1.000000
0  39.703125 -50.329483 2.029354  0.784631 -0.619922 0.003571  -0.964844 1.000000 1 24 1.000000
0  39.703125 -50.334007 1.247133  0.783624 -0.621204 0.003723  -0.964844 0.636719 1 24 1.000000
out70_kabe02_1
0  39.703125 -50.334007 1.247133  0.783624 -0.621204 0.003723  -0.964844 0.636719 1 24 1.000000
0  41.226562 -46.966320 1.238882  0.977264 -0.211951 0.002136  -1.027344 0.636719 1 24 1.000000
0  41.226562 -46.958149 2.044254  0.977844 -0.209204 0.001984  -1.027344 1.000000 1 24 1.000000
out70_kabe02_1
0  39.703125 -50.329483 2.029354  0.784631 -0.619922 0.003571  -1.027344 1.000000 1 24 1.000000
0  36.773441 -52.583534 2.028352  0.439161 -0.898373 0.003571  -0.964844 1.000000 1 24 1.000000
0  36.773441 -52.588062 1.246131  0.438581 -0.898648 0.005188  -0.964844 0.636719 1 24 1.000000
out70_kabe02_1
0  36.773441 -52.588062 1.246131  0.438581 -0.898648 0.005188  -0.964844 0.636719 1 24 1.000000
0  39.703125 -50.334007 1.247133  0.783624 -0.621204 0.003723  -1.027344 0.636719 1 24 1.000000
0  39.703125 -50.329483 2.029354  0.784631 -0.619922 0.003571  -1.027344 1.000000 1 24 1.000000
out70_kabe02_1
0  36.773441 -52.583534 2.028352  0.439161 -0.898373 0.003571  -1.027344 1.000000 1 24 1.000000
0  32.460938 -53.720318 2.041249  0.002838 -0.999725 -0.022034  -0.964844 1.000000 1 24 1.000000
0  32.460938 -53.701694 1.255383  0.002869 -0.999725 -0.022065  -0.964844 0.636719 1 24 1.000000
out70_kabe02_1
0  32.460938 -53.701694 1.255383  0.002869 -0.999725 -0.022065  -0.964844 0.636719 1 24 1.000000
0  36.773441 -52.588062 1.246131  0.438581 -0.898648 0.005188  -1.027344 0.636719 1 24 1.000000
0  36.773441 -52.583534 2.028352  0.439161 -0.898373 0.003571  -1.027344 1.000000 1 24 1.000000
out70_kabe02_1
0  32.460938 -53.720318 2.041249  0.002838 -0.999725 -0.022034  -1.027344 1.000000 1 24 1.000000
0  28.125002 -52.583534 2.028352  -0.433760 -0.900998 0.005219  -0.964844 1.000000 1 24 1.000000
0  28.125002 -52.588062 1.246131  -0.433180 -0.901273 0.003601  -0.964844 0.636719 1 24 1.000000
out70_kabe02_1
0  28.125002 -52.588062 1.246131  -0.433180 -0.901273 0.003601  -0.964844 0.636719 1 24 1.000000
0  32.460938 -53.701694 1.255383  0.002869 -0.999725 -0.022065  -1.027344 0.636719 1 24 1.000000
0  32.460938 -53.720318 2.041249  0.002838 -0.999725 -0.022034  -1.027344 1.000000 1 24 1.000000
out70_kabe02_1
0  28.125002 -52.583534 2.028352  -0.433760 -0.900998 0.005219  -1.027344 1.000000 1 24 1.000000
0  25.101564 -50.329483 2.029354  -0.779809 -0.625965 0.003723  -0.964844 1.000000 1 24 1.000000
0  25.101564 -50.334007 1.247133  -0.778771 -0.627247 0.003601  -0.964844 0.636719 1 24 1.000000
out70_kabe02_1
0  25.101564 -50.334007 1.247133  -0.778771 -0.627247 0.003601  -0.964844 0.636719 1 24 1.000000
0  28.125002 -52.588062 1.246131  -0.433180 -0.901273 0.003601  -1.027344 0.636719 1 24 1.000000
0  28.125002 -52.583534 2.028352  -0.433760 -0.900998 0.005219  -1.027344 1.000000 1 24 1.000000
out70_kabe02_1
0  25.101564 -50.329483 2.029354  -0.779809 -0.625965 0.003723  -1.027344 1.000000 1 24 1.000000
0  23.578123 -46.958149 2.044254  -0.977874 -0.209021 0.002106  -0.964844 1.000000 1 24 1.000000
0  23.578123 -46.966320 1.238882  -0.977294 -0.211798 0.002014  -0.964844 0.636719 1 24 1.000000
out70_kabe02_1
0  23.578123 -46.966320 1.238882  -0.977294 -0.211798 0.002014  -0.964844 0.636719 1 24 1.000000
0  25.101564 -50.334007 1.247133  -0.778771 -0.627247 0.003601  -1.027344 0.636719 1 24 1.000000
0  25.101564 -50.329483 2.029354  -0.779809 -0.625965 0.003723  -1.027344 1.000000 1 24 1.000000
out70_kabe02_1
0  41.226562 -40.937103 0.052394  0.707846 0.706320 -0.001831  1.363281 0.515625 1 24 1.000000
0  40.125000 -40.937103 0.052394  0.000000 0.999969 -0.002594  1.332031 0.515625 1 24 1.000000
0  40.125000 -40.931896 2.044496  -0.704794 0.709372 -0.001831  1.332031 0.992188 1 24 1.000000
out70_kabe02_1
0  40.125000 -40.931896 2.044496  -0.704794 0.709372 -0.001831  1.332031 0.992188 1 24 1.000000
0  41.226562 -40.931896 2.044496  0.704794 0.709372 -0.001831  1.363281 0.992188 1 24 1.000000
0  41.226562 -40.937103 0.052394  0.707846 0.706320 -0.001831  1.363281 0.515625 1 24 1.000000
out70_kabe02_1
0  24.679688 -40.937103 0.052394  0.000000 0.999969 -0.002594  1.363281 0.515625 1 24 1.000000
0  23.578123 -40.937103 0.052394  -0.707846 0.706320 -0.001831  1.332031 0.515625 1 24 1.000000
0  23.578123 -40.931896 2.044496  -0.704794 0.709372 -0.001831  1.332031 0.992188 1 24 1.000000
out70_kabe02_1
0  23.578123 -40.931896 2.044496  -0.704794 0.709372 -0.001831  1.332031 0.992188 1 24 1.000000
0  24.679688 -40.931896 2.044496  0.704794 0.709372 -0.001831  1.363281 0.992188 1 24 1.000000
0  24.679688 -40.937103 0.052394  0.000000 0.999969 -0.002594  1.363281 0.515625 1 24 1.000000
out70_kabe02_1
0  23.578123 -46.147327 -1.998068  -0.988006 -0.143376 -0.057070  1.757812 -0.089844 1 24 1.000000
0  23.578123 -46.963356 0.052153  -0.968017 -0.238319 -0.078341  1.761719 0.996094 1 24 1.000000
0  23.578123 -40.937103 0.052394  -0.707846 0.706320 -0.001831  1.777344 0.996094 1 24 1.000000
out70_kabe02_1
0  23.578123 -40.937103 0.052394  -0.707846 0.706320 -0.001831  1.777344 0.996094 1 24 1.000000
0  23.578123 -40.930088 -2.012807  -0.999969 0.000000 0.000000  1.773438 -0.089844 1 24 1.000000
0  23.578123 -46.147327 -1.998068  -0.988006 -0.143376 -0.057070  1.757812 -0.089844 1 24 1.000000
out70_kabe02_1
0  41.226562 -40.937103 0.052394  0.707846 0.706320 -0.001831  1.761719 0.996094 1 24 1.000000
0  41.226562 -46.963356 0.052153  0.961272 -0.256020 -0.101901  1.777344 0.996094 1 24 1.000000
0  41.226562 -46.147327 -1.998068  0.987671 -0.150945 -0.041322  1.781250 -0.089844 1 24 1.000000
out70_kabe02_1
0  41.226562 -46.147327 -1.998068  0.987671 -0.150945 -0.041322  1.781250 -0.089844 1 24 1.000000
0  41.226562 -40.930088 -2.012807  0.999969 0.000000 0.000000  1.761719 -0.089844 1 24 1.000000
0  41.226562 -40.937103 0.052394  0.707846 0.706320 -0.001831  1.761719 0.996094 1 24 1.000000
out70_kabe02_1
0  41.226562 -46.147327 -1.998068  0.987671 -0.150945 -0.041322  1.761719 -0.089844 1 24 1.000000
0  41.226562 -46.963356 0.052153  0.961272 -0.256020 -0.101901  1.761719 0.996094 1 24 1.000000
0  39.703125 -50.334686 0.037252  0.760369 -0.635334 -0.134678  1.777344 0.996094 1 24 1.000000
out70_kabe02_1
0  39.703125 -50.334686 0.037252  0.760369 -0.635334 -0.134678  1.777344 0.996094 1 24 1.000000
0  39.937500 -49.684364 -2.010605  0.834193 -0.545030 -0.083621  1.781250 -0.089844 1 24 1.000000
0  41.226562 -46.147327 -1.998068  0.987671 -0.150945 -0.041322  1.761719 -0.089844 1 24 1.000000
out70_kabe02_1
0  39.937500 -49.684364 -2.010605  0.834193 -0.545030 -0.083621  1.765625 -0.089844 1 24 1.000000
0  39.703125 -50.334686 0.037252  0.760369 -0.635334 -0.134678  1.761719 0.996094 1 24 1.000000
0  36.773441 -52.588745 0.036250  0.406171 -0.880459 -0.244484  1.777344 0.996094 1 24 1.000000
out70_kabe02_1
0  36.773441 -52.588745 0.036250  0.406171 -0.880459 -0.244484  1.777344 0.996094 1 24 1.000000
0  36.773441 -52.007877 -2.000672  0.431013 -0.869320 -0.241798  1.785156 -0.089844 1 24 1.000000
0  39.937500 -49.684364 -2.010605  0.834193 -0.545030 -0.083621  1.765625 -0.089844 1 24 1.000000
out70_kabe02_1
0  36.773441 -52.007877 -2.000672  0.431013 -0.869320 -0.241798  1.761719 -0.089844 1 24 1.000000
0  36.773441 -52.588745 0.036250  0.406171 -0.880459 -0.244484  1.761719 0.996094 1 24 1.000000
0  32.460938 -53.702377 0.045502  0.007630 -0.971526 -0.236793  1.777344 0.996094 1 24 1.000000
out70_kabe02_1
0  32.460938 -53.702377 0.045502  0.007630 -0.971526 -0.236793  1.777344 0.996094 1 24 1.000000
0  32.460938 -53.217758 -1.999992  0.008545 -0.971557 -0.236579  1.777344 -0.089844 1 24 1.000000
0  36.773441 -52.007877 -2.000672  0.431013 -0.869320 -0.241798  1.761719 -0.089844 1 24 1.000000
out70_kabe02_1
0  32.460938 -53.217758 -1.999992  0.008545 -0.971557 -0.236579  1.761719 -0.089844 1 24 1.000000
0  32.460938 -53.702377 0.045502  0.007630 -0.971526 -0.236793  1.761719 0.996094 1 24 1.000000
0  28.125002 -52.588745 0.036250  -0.412763 -0.877682 -0.243446  1.777344 0.996094 1 24 1.000000
out70_kabe02_1
0  28.125002 -52.588745 0.036250  -0.412763 -0.877682 -0.243446  1.777344 0.996094 1 24 1.000000
0  28.125002 -52.007877 -2.000672  -0.439528 -0.864132 -0.245064  1.777344 -0.089844 1 24 1.000000
0  32.460938 -53.217758 -1.999992  0.008545 -0.971557 -0.236579  1.761719 -0.089844 1 24 1.000000
out70_kabe02_1
0  28.125002 -52.007877 -2.000672  -0.439528 -0.864132 -0.245064  1.742188 -0.089844 1 24 1.000000
0  28.125002 -52.588745 0.036250  -0.412763 -0.877682 -0.243446  1.761719 0.996094 1 24 1.000000
0  25.101564 -50.334686 0.037252  -0.741203 -0.650502 -0.165624  1.777344 0.996094 1 24 1.000000
out70_kabe02_1
0  25.101564 -50.334686 0.037252  -0.741203 -0.650502 -0.165624  1.777344 0.996094 1 24 1.000000
0  24.984375 -49.684364 -2.010605  -0.801233 -0.578295 -0.153508  1.761719 -0.089844 1 24 1.000000
0  28.125002 -52.007877 -2.000672  -0.439528 -0.864132 -0.245064  1.742188 -0.089844 1 24 1.000000
out70_kabe02_1
0  24.984375 -49.684364 -2.010605  -0.801233 -0.578295 -0.153508  1.757812 -0.089844 1 24 1.000000
0  25.101564 -50.334686 0.037252  -0.741203 -0.650502 -0.165624  1.761719 0.996094 1 24 1.000000
0  23.578123 -46.963356 0.052153  -0.968017 -0.238319 -0.078341  1.777344 0.996094 1 24 1.000000
out70_kabe02_1
0  23.578123 -46.963356 0.052153  -0.968017 -0.238319 -0.078341  1.777344 0.996094 1 24 1.000000
0  23.578123 -46.147327 -1.998068  -0.988006 -0.143376 -0.057070  1.773438 -0.089844 1 24 1.000000
0  24.984375 -49.684364 -2.010605  -0.801233 -0.578295 -0.153508  1.757812 -0.089844 1 24 1.000000
out70_kabe02_1
0  28.617188 -38.312904 -2.116427  1.000000 0.000000 0.000000  -0.285156 3.796875 1 24 1.000000
0  28.617188 -41.240433 -0.065927  1.000000 0.000000 0.000000  -0.222656 3.671875 1 24 1.000000
0  28.617188 -42.519768 -0.054311  0.999969 0.000000 0.000000  -0.222656 3.347656 1 24 1.000000
out70_kabe02_1
0  28.617188 -42.519768 -0.054311  0.999969 0.000000 0.000000  -0.222656 3.347656 1 24 1.000000
0  28.617188 -42.512760 -2.119512  1.000000 0.000000 0.000000  -0.285156 2.718750 1 24 1.000000
0  28.617188 -38.312904 -2.116427  1.000000 0.000000 0.000000  -0.285156 3.796875 1 24 1.000000
out70_kabe02_1
0  36.187500 -41.240433 -0.065927  -1.000000 0.000000 0.000000  -0.554688 3.773438 1 24 1.000000
0  36.187500 -38.312904 -2.116427  -1.000000 0.000000 0.000000  -0.664062 3.796875 1 24 1.000000
0  36.187500 -42.512760 -2.119512  -1.000000 0.000000 0.000000  -0.664062 3.472656 1 24 1.000000
out70_kabe02_1
0  36.187500 -42.512760 -2.119512  -1.000000 0.000000 0.000000  -0.664062 3.472656 1 24 1.000000
0  36.187500 -42.519768 -0.054311  -1.000000 0.000000 0.000000  -0.609375 3.460938 1 24 1.000000
0  36.187500 -41.240433 -0.065927  -1.000000 0.000000 0.000000  -0.554688 3.773438 1 24 1.000000
out70_kabe02_1
0  36.187500 -42.553375 1.540572  0.713126 -0.700980 0.002777  4.054688 -2.027344 1 24 1.000000
0  28.617188 -42.553375 1.540572  -0.713126 -0.700980 0.002777  -4.113281 -2.027344 1 24 1.000000
0  28.617188 -42.568722 -2.324229  0.000000 -0.999969 0.003967  -4.113281 -3.929688 1 24 1.000000
out70_kabe02_1
0  28.617188 -42.568722 -2.324229  0.000000 -0.999969 0.003967  -4.113281 -3.929688 1 24 1.000000
0  36.187500 -42.568722 -2.324229  0.000000 -0.999969 0.003967  4.054688 -3.929688 1 24 1.000000
0  36.187500 -42.553375 1.540572  0.713126 -0.700980 0.002777  4.054688 -2.027344 1 24 1.000000
out70_kabe02_1
0  28.617188 -41.774399 0.611272  -0.707419 0.706748 -0.005127  4.054688 -0.503906 1 24 1.000000
0  28.617188 -41.767509 1.559197  -0.700003 0.714072 -0.005188  4.054688 -0.011719 1 24 1.000000
0  36.187500 -41.767509 1.559197  0.700034 0.714072 -0.005158  -8.101562 -0.011719 1 24 1.000000
out70_kabe02_1
0  36.187500 -41.767509 1.559197  0.700034 0.714072 -0.005158  -8.101562 -0.011719 1 24 1.000000
0  36.187500 -41.774399 0.611272  0.707419 0.706748 -0.005127  -8.101562 -0.503906 1 24 1.000000
0  28.617188 -41.774399 0.611272  -0.707419 0.706748 -0.005127  4.054688 -0.503906 1 24 1.000000
out70_kabe02_1
0  36.187500 -41.767509 1.559197  0.700034 0.714072 -0.005158  -0.425781 -0.011719 1 24 1.000000
0  36.187500 -42.553375 1.540572  0.713126 -0.700980 0.002777  -0.398438 -0.011719 1 24 1.000000
0  36.187500 -42.556618 0.615798  1.000000 0.000000 0.000000  -0.398438 -0.503906 1 24 1.000000
out70_kabe02_1
0  36.187500 -42.556618 0.615798  1.000000 0.000000 0.000000  -0.398438 -0.503906 1 24 1.000000
0  36.187500 -41.774399 0.611272  0.707419 0.706748 -0.005127  -0.425781 -0.503906 1 24 1.000000
0  36.187500 -41.767509 1.559197  0.700034 0.714072 -0.005158  -0.425781 -0.011719 1 24 1.000000
out70_kabe02_1
0  28.617188 -41.774399 0.611272  -0.707419 0.706748 -0.005127  -0.425781 -0.503906 1 24 1.000000
0  28.617188 -42.556618 0.615798  -1.000000 0.000000 0.000000  -0.398438 -0.503906 1 24 1.000000
0  28.617188 -42.553375 1.540572  -0.713126 -0.700980 0.002777  -0.398438 -0.011719 1 24 1.000000
out70_kabe02_1
0  28.617188 -42.553375 1.540572  -0.713126 -0.700980 0.002777  -0.398438 -0.011719 1 24 1.000000
0  28.617188 -41.767509 1.559197  -0.700003 0.714072 -0.005188  -0.425781 -0.011719 1 24 1.000000
0  28.617188 -41.774399 0.611272  -0.707419 0.706748 -0.005127  -0.425781 -0.503906 1 24 1.000000
out70_kabe03_1
0  29.132812 -5.907797 -0.029511  0.000000 -0.999969 -0.002838  -2.019531 1.992188 1 24 1.000000
0  29.132812 -5.900587 -2.545524  0.000000 -0.999969 -0.002838  -2.019531 0.800781 1 24 1.000000
0  35.601562 -5.900587 -2.545524  0.000000 -0.999969 -0.002838  4.027344 0.800781 1 24 1.000000
out70_kabe03_1
0  35.601562 -5.900587 -2.545524  0.000000 -0.999969 -0.002838  4.027344 0.800781 1 24 1.000000
0  35.601562 -5.907797 -0.029511  0.000000 -0.999969 -0.002838  4.027344 2.009766 1 24 1.000000
0  29.132812 -5.907797 -0.029511  0.000000 -0.999969 -0.002838  -2.019531 1.992188 1 24 1.000000
out70_kabe03_1
0  28.617188 -41.774399 0.611272  -0.707480 0.706717 -0.002899  4.000000 1.992188 1 24 1.000000
0  36.187500 -41.774399 0.611272  0.707480 0.706717 -0.002899  -2.019531 1.992188 1 24 1.000000
0  36.187500 -41.786495 -2.328756  0.706717 0.707450 -0.002899  -2.019531 1.003906 1 24 1.000000
out70_kabe03_1
0  36.187500 -41.786495 -2.328756  0.706717 0.707450 -0.002899  -2.019531 1.003906 1 24 1.000000
0  28.617188 -41.786495 -2.328756  -0.706717 0.707450 -0.002899  4.000000 1.003906 1 24 1.000000
0  28.617188 -41.774399 0.611272  -0.707480 0.706717 -0.002899  4.000000 1.992188 1 24 1.000000
out70_kabe03_1
0  36.187500 -41.774399 0.611272  0.707480 0.706717 -0.002899  0.710938 1.996094 1 24 1.000000
0  36.187500 -42.556618 0.615798  1.000000 0.000000 0.000000  0.761719 1.996094 1 24 1.000000
0  36.187500 -42.568722 -2.324229  1.000000 0.000000 0.000000  0.761719 1.003906 1 24 1.000000
out70_kabe03_1
0  36.187500 -42.568722 -2.324229  1.000000 0.000000 0.000000  0.761719 1.003906 1 24 1.000000
0  36.187500 -41.786495 -2.328756  0.706717 0.707450 -0.002899  0.710938 1.003906 1 24 1.000000
0  36.187500 -41.774399 0.611272  0.707480 0.706717 -0.002899  0.710938 1.996094 1 24 1.000000
out70_kabe03_1
0  28.617188 -41.786495 -2.328756  -0.706717 0.707450 -0.002899  0.718750 1.003906 1 24 1.000000
0  28.617188 -42.568722 -2.324229  -0.999969 0.000000 0.000000  0.765625 1.003906 1 24 1.000000
0  28.617188 -42.556618 0.615798  -0.999969 0.000000 0.000000  0.765625 1.996094 1 24 1.000000
out70_kabe03_1
0  28.617188 -42.556618 0.615798  -0.999969 0.000000 0.000000  0.765625 1.996094 1 24 1.000000
0  28.617188 -41.774399 0.611272  -0.707480 0.706717 -0.002899  0.718750 1.996094 1 24 1.000000
0  28.617188 -41.786495 -2.328756  -0.706717 0.707450 -0.002899  0.718750 1.003906 1 24 1.000000
out70_kabe07_1
0  26.695312 -40.296955 1.707278  0.000000 -0.008972 0.999939  1.679688 0.964844 1 24 1.000000
0  26.695312 -39.441635 1.714969  0.000000 -0.008972 0.999939  1.687500 0.058594 1 24 1.000000
0  24.679688 -40.296955 1.707278  0.006623 -0.000427 0.999969  1.695312 0.964844 1 24 1.000000
out70_kabe07_1
0  24.679688 -40.296955 1.707278  0.006623 -0.000427 0.999969  1.695312 0.964844 1 24 1.000000
0  26.695312 -39.441635 1.714969  0.000000 -0.008972 0.999939  1.687500 0.058594 1 24 1.000000
0  23.578123 -39.441635 1.714969  0.002441 -0.002686 0.999969  1.695312 0.058594 1 24 1.000000
out70_kabe07_1
0  24.679688 -40.296955 1.707278  0.006623 -0.000427 0.999969  1.695312 0.964844 1 24 1.000000
0  23.578123 -39.441635 1.714969  0.002441 -0.002686 0.999969  1.695312 0.058594 1 24 1.000000
0  24.679688 -40.936623 1.713086  0.005646 0.002899 0.999969  1.687500 0.964844 1 24 1.000000
out70_kabe07_1
0  24.679688 -40.936623 1.713086  0.005646 0.002899 0.999969  1.687500 0.964844 1 24 1.000000
0  23.578123 -39.441635 1.714969  0.002441 -0.002686 0.999969  1.695312 0.058594 1 24 1.000000
0  23.578123 -40.936623 1.713086  0.000000 -0.001251 0.999969  1.679688 0.058594 1 24 1.000000
out70_kabe07_1
0  28.125002 -52.583534 2.028352  -0.006867 -0.016236 0.999817  2.375000 -0.050781 1 24 1.000000
0  28.664064 -51.797672 2.046977  -0.005554 -0.018555 0.999786  2.375000 0.910156 1 24 1.000000
0  25.101564 -50.329483 2.029354  -0.004395 -0.004822 0.999969  2.585938 -0.050781 1 24 1.000000
out70_kabe07_1
0  25.101564 -50.329483 2.029354  -0.004395 -0.004822 0.999969  2.585938 -0.050781 1 24 1.000000
0  28.664064 -51.797672 2.046977  -0.005554 -0.018555 0.999786  2.375000 0.910156 1 24 1.000000
0  25.921875 -49.759270 2.034481  -0.003784 -0.003082 0.999969  2.585938 0.910156 1 24 1.000000
out70_kabe07_1
0  25.101564 -50.329483 2.029354  -0.004395 -0.004822 0.999969  2.585938 -0.050781 1 24 1.000000
0  25.921875 -49.759270 2.034481  -0.003784 -0.003082 0.999969  2.585938 0.910156 1 24 1.000000
0  23.578123 -46.958149 2.044254  -0.000214 -0.001679 0.999969  2.375000 -0.050781 1 24 1.000000
out70_kabe07_1
0  23.578123 -46.958149 2.044254  -0.000214 -0.001679 0.999969  2.375000 -0.050781 1 24 1.000000
0  25.921875 -49.759270 2.034481  -0.003784 -0.003082 0.999969  2.585938 0.910156 1 24 1.000000
0  24.679688 -46.958149 2.044254  0.000000 -0.001953 0.999969  2.375000 0.910156 1 24 1.000000
out70_kabe07_1
0  23.460938 -7.200150 1.858449  -0.661519 -0.541337 0.518967  3.046875 -0.046875 1 24 1.000000
0  23.460938 -7.191658 -0.800117  -0.748772 -0.662801 -0.002106  3.289062 -0.046875 1 24 1.000000
0  25.195312 -7.191658 -0.800117  0.001068 -0.999969 -0.002472  3.289062 0.910156 1 24 1.000000
out70_kabe07_1
0  25.195312 -7.191658 -0.800117  0.001068 -0.999969 -0.002472  3.289062 0.910156 1 24 1.000000
0  25.195312 -7.195424 2.189858  -0.148076 -0.603412 0.783532  3.046875 0.910156 1 24 1.000000
0  23.460938 -7.200150 1.858449  -0.661519 -0.541337 0.518967  3.046875 -0.046875 1 24 1.000000
out70_kabe07_1
0  32.367188 4.770484 2.393777  -0.000397 0.228523 0.973510  1.773438 0.929688 1 24 1.000000
0  32.367188 7.798592 1.584880  -0.003571 0.673025 0.739586  1.812500 -0.273438 1 24 1.000000
0  27.421875 4.541734 1.694308  -0.646962 0.493240 0.581469  1.718750 0.082031 1 24 1.000000
out70_kabe07_1
0  27.421875 4.541734 1.694308  -0.646962 0.493240 0.581469  1.718750 0.082031 1 24 1.000000
0  27.281250 1.084886 2.191101  -0.244850 0.140751 0.959258  1.773438 0.929688 1 24 1.000000
0  32.367188 4.770484 2.393777  -0.000397 0.228523 0.973510  1.773438 0.929688 1 24 1.000000
out70_kabe07_1
0  27.421875 4.541734 1.694308  -0.646962 0.493240 0.581469  2.546875 -0.050781 1 24 1.000000
0  32.367188 7.798592 1.584880  -0.003571 0.673025 0.739586  2.460938 -0.050781 1 24 1.000000
0  32.390625 9.026417 -0.411547  0.001526 0.889004 0.457869  2.460938 0.910156 1 24 1.000000
out70_kabe07_1
0  32.390625 9.026417 -0.411547  0.001526 0.889004 0.457869  2.460938 0.910156 1 24 1.000000
0  28.335938 5.728184 -0.414231  -0.716392 0.693106 0.079440  2.546875 0.910156 1 24 1.000000
0  27.421875 4.541734 1.694308  -0.646962 0.493240 0.581469  2.546875 -0.050781 1 24 1.000000
out70_kabe07_1
0  27.421875 4.541734 1.694308  -0.646962 0.493240 0.581469  2.554688 -0.050781 1 24 1.000000
0  28.335938 5.728184 -0.414231  -0.716392 0.693106 0.079440  2.554688 0.910156 1 24 1.000000
0  24.093750 -1.901323 -0.802639  -0.945280 0.297037 0.134831  2.554688 0.910156 1 24 1.000000
out70_kabe07_1
0  24.093750 -1.901323 -0.802639  -0.945280 0.297037 0.134831  2.554688 0.910156 1 24 1.000000
0  24.632812 -1.909815 1.855926  -0.698813 0.227241 0.678213  2.554688 -0.050781 1 24 1.000000
0  27.421875 4.541734 1.694308  -0.646962 0.493240 0.581469  2.554688 -0.050781 1 24 1.000000
out70_kabe07_1
0  27.281250 1.084886 2.191101  -0.244850 0.140751 0.959258  2.656250 0.910156 1 24 1.000000
0  27.421875 4.541734 1.694308  -0.646962 0.493240 0.581469  2.648438 0.085938 1 24 1.000000
0  24.632812 -1.909815 1.855926  -0.698813 0.227241 0.678213  2.757812 -0.046875 1 24 1.000000
out70_kabe07_1
0  24.632812 -1.909815 1.855926  -0.698813 0.227241 0.678213  2.757812 -0.046875 1 24 1.000000
0  26.156250 -1.905089 2.187336  -0.210089 0.064394 0.975555  2.757812 0.910156 1 24 1.000000
0  27.281250 1.084886 2.191101  -0.244850 0.140751 0.959258  2.656250 0.910156 1 24 1.000000
out70_kabe07_1
0  26.156250 -1.905089 2.187336  -0.210089 0.064394 0.975555  3.648438 0.910156 1 24 1.000000
0  24.632812 -1.909815 1.855926  -0.698813 0.227241 0.678213  3.648438 -0.046875 1 24 1.000000
0  23.460938 -7.200150 1.858449  -0.661519 -0.541337 0.518967  3.890625 -0.046875 1 24 1.000000
out70_kabe07_1
0  23.460938 -7.200150 1.858449  -0.661519 -0.541337 0.518967  3.890625 -0.046875 1 24 1.000000
0  25.195312 -7.195424 2.189858  -0.148076 -0.603412 0.783532  3.890625 0.910156 1 24 1.000000
0  26.156250 -1.905089 2.187336  -0.210089 0.064394 0.975555  3.648438 0.910156 1 24 1.000000
out70_kabe07_1
0  37.335938 4.541734 1.694308  0.645100 0.489273 0.586871  2.554688 -0.050781 1 24 1.000000
0  40.101562 -1.909815 1.855926  0.696890 0.230110 0.679220  2.554688 -0.050781 1 24 1.000000
0  40.640625 -1.901323 -0.802639  0.943693 0.301523 0.135990  2.554688 0.910156 1 24 1.000000
out70_kabe07_1
0  40.640625 -1.901323 -0.802639  0.943693 0.301523 0.135990  2.554688 0.910156 1 24 1.000000
0  36.468750 5.728184 -0.414231  0.716849 0.690848 0.093905  2.554688 0.910156 1 24 1.000000
0  37.335938 4.541734 1.694308  0.645100 0.489273 0.586871  2.554688 -0.050781 1 24 1.000000
out70_kabe07_1
0  41.343750 -7.200150 1.858449  0.664113 -0.537400 0.519730  3.046875 -0.046875 1 24 1.000000
0  39.562500 -7.195424 2.189858  0.144230 -0.603870 0.783898  3.046875 0.910156 1 24 1.000000
0  39.562500 -7.191658 -0.800117  -0.001068 -0.999969 -0.002441  3.289062 0.910156 1 24 1.000000
out70_kabe07_1
0  39.562500 -7.191658 -0.800117  -0.001068 -0.999969 -0.002441  3.289062 0.910156 1 24 1.000000
0  41.343750 -7.191658 -0.800117  0.753105 -0.657857 -0.002075  3.289062 -0.046875 1 24 1.000000
0  41.343750 -7.200150 1.858449  0.664113 -0.537400 0.519730  3.046875 -0.046875 1 24 1.000000
out70_kabe07_1
0  37.476562 1.084886 2.191101  0.246284 0.140568 0.958922  2.718750 0.910156 1 24 1.000000
0  38.578125 -1.905089 2.187336  0.209601 0.064333 0.975646  2.757812 0.910156 1 24 1.000000
0  40.101562 -1.909815 1.855926  0.696890 0.230110 0.679220  2.757812 -0.046875 1 24 1.000000
out70_kabe07_1
0  40.101562 -1.909815 1.855926  0.696890 0.230110 0.679220  2.757812 -0.046875 1 24 1.000000
0  37.335938 4.541734 1.694308  0.645100 0.489273 0.586871  2.648438 0.085938 1 24 1.000000
0  37.476562 1.084886 2.191101  0.246284 0.140568 0.958922  2.718750 0.910156 1 24 1.000000
out70_kabe07_1
0  32.367188 4.770484 2.393777  -0.000397 0.228523 0.973510  1.679688 0.929688 1 24 1.000000
0  37.476562 1.084886 2.191101  0.246284 0.140568 0.958922  1.773438 0.929688 1 24 1.000000
0  37.335938 4.541734 1.694308  0.645100 0.489273 0.586871  1.718750 0.082031 1 24 1.000000
out70_kabe07_1
0  37.335938 4.541734 1.694308  0.645100 0.489273 0.586871  1.718750 0.082031 1 24 1.000000
0  32.367188 7.798592 1.584880  -0.003571 0.673025 0.739586  1.812500 -0.273438 1 24 1.000000
0  32.367188 4.770484 2.393777  -0.000397 0.228523 0.973510  1.679688 0.929688 1 24 1.000000
out70_kabe07_1
0  37.335938 4.541734 1.694308  0.645100 0.489273 0.586871  2.546875 -0.050781 1 24 1.000000
0  36.468750 5.728184 -0.414231  0.716849 0.690848 0.093905  2.546875 0.910156 1 24 1.000000
0  32.390625 9.026417 -0.411547  0.001526 0.889004 0.457869  2.460938 0.910156 1 24 1.000000
out70_kabe07_1
0  32.390625 9.026417 -0.411547  0.001526 0.889004 0.457869  2.460938 0.910156 1 24 1.000000
0  32.367188 7.798592 1.584880  -0.003571 0.673025 0.739586  2.460938 -0.050781 1 24 1.000000
0  37.335938 4.541734 1.694308  0.645100 0.489273 0.586871  2.546875 -0.050781 1 24 1.000000
out70_kabe07_1
0  38.578125 -1.905089 2.187336  0.209601 0.064333 0.975646  3.648438 0.910156 1 24 1.000000
0  39.562500 -7.195424 2.189858  0.144230 -0.603870 0.783898  3.890625 0.910156 1 24 1.000000
0  41.343750 -7.200150 1.858449  0.664113 -0.537400 0.519730  3.890625 -0.046875 1 24 1.000000
out70_kabe07_1
0  41.343750 -7.200150 1.858449  0.664113 -0.537400 0.519730  3.890625 -0.046875 1 24 1.000000
0  40.101562 -1.909815 1.855926  0.696890 0.230110 0.679220  3.648438 -0.046875 1 24 1.000000
0  38.578125 -1.905089 2.187336  0.209601 0.064333 0.975646  3.648438 0.910156 1 24 1.000000
out70_kabe07_1
0  39.609375 -5.187059 1.233081  0.000000 -0.008972 0.999939  1.867188 -1.949219 1 24 1.000000
0  37.781250 -5.187059 1.233081  0.000000 -0.008972 0.999939  2.914062 -1.949219 1 24 1.000000
0  37.781250 -5.899826 1.226672  0.000000 -0.008972 0.999939  2.914062 -1.070312 1 24 1.000000
out70_kabe07_1
0  37.781250 -5.899826 1.226672  0.000000 -0.008972 0.999939  2.914062 -1.070312 1 24 1.000000
0  39.609375 -5.899826 1.226672  0.000000 -0.008972 0.999939  1.867188 -1.070312 1 24 1.000000
0  39.609375 -5.187059 1.233081  0.000000 -0.008972 0.999939  1.867188 -1.949219 1 24 1.000000
out70_kabe07_1
0  35.601562 -5.187059 1.233081  0.000000 -0.008972 0.999939  2.640625 -1.949219 1 24 1.000000
0  29.132812 -5.187059 1.233081  0.000000 -0.008972 0.999939  2.882812 -1.949219 1 24 1.000000
0  29.132812 -5.899826 1.226672  0.000000 -0.008972 0.999939  2.882812 -1.070312 1 24 1.000000
out70_kabe07_1
0  29.132812 -5.899826 1.226672  0.000000 -0.008972 0.999939  2.882812 -1.070312 1 24 1.000000
0  35.601562 -5.899826 1.226672  0.000000 -0.008972 0.999939  2.640625 -1.070312 1 24 1.000000
0  35.601562 -5.187059 1.233081  0.000000 -0.008972 0.999939  2.640625 -1.949219 1 24 1.000000
out70_kabe07_1
0  40.125000 -40.937103 0.052394  0.000000 -0.000031 1.000000  3.093750 0.113281 1 24 1.000000
0  40.125000 -46.963356 0.052153  -0.000092 -0.002441 0.999969  3.296875 0.113281 1 24 1.000000
0  41.226562 -46.963356 0.052153  0.000000 -0.001862 0.999969  3.296875 0.910156 1 24 1.000000
out70_kabe07_1
0  41.226562 -46.963356 0.052153  0.000000 -0.001862 0.999969  3.296875 0.910156 1 24 1.000000
0  41.226562 -40.937103 0.052394  0.000000 -0.000031 1.000000  3.093750 0.910156 1 24 1.000000
0  40.125000 -40.937103 0.052394  0.000000 -0.000031 1.000000  3.093750 0.113281 1 24 1.000000
out70_kabe07_1
0  24.679688 -46.963356 0.052153  0.000000 -0.002716 0.999969  3.093750 0.113281 1 24 1.000000
0  24.679688 -40.937103 0.052394  0.000000 -0.000031 1.000000  3.296875 0.113281 1 24 1.000000
0  23.578123 -40.937103 0.052394  0.000000 -0.000031 0.999969  3.296875 0.910156 1 24 1.000000
out70_kabe07_1
0  23.578123 -40.937103 0.052394  0.000000 -0.000031 0.999969  3.296875 0.910156 1 24 1.000000
0  23.578123 -46.963356 0.052153  0.000092 -0.001953 0.999969  3.093750 0.910156 1 24 1.000000
0  24.679688 -46.963356 0.052153  0.000000 -0.002716 0.999969  3.093750 0.113281 1 24 1.000000
out70_kabe07_1
0  25.921875 -49.741325 0.038734  -0.001495 -0.000549 0.999969  3.351562 0.113281 1 24 1.000000
0  24.679688 -46.963356 0.052153  0.000000 -0.002716 0.999969  3.140625 0.113281 1 24 1.000000
0  23.578123 -46.963356 0.052153  0.000092 -0.001953 0.999969  3.140625 0.910156 1 24 1.000000
out70_kabe07_1
0  23.578123 -46.963356 0.052153  0.000092 -0.001953 0.999969  3.140625 0.910156 1 24 1.000000
0  25.101564 -50.334686 0.037252  -0.001984 -0.002472 0.999969  3.351562 0.910156 1 24 1.000000
0  25.921875 -49.741325 0.038734  -0.001495 -0.000549 0.999969  3.351562 0.113281 1 24 1.000000
out70_kabe07_1
0  28.664064 -51.802879 0.054876  -0.004913 -0.018586 0.999786  3.351562 0.113281 1 24 1.000000
0  25.921875 -49.741325 0.038734  -0.001495 -0.000549 0.999969  3.140625 0.113281 1 24 1.000000
0  25.101564 -50.334686 0.037252  -0.001984 -0.002472 0.999969  3.140625 0.910156 1 24 1.000000
out70_kabe07_1
0  25.101564 -50.334686 0.037252  -0.001984 -0.002472 0.999969  3.140625 0.910156 1 24 1.000000
0  28.125002 -52.588745 0.036250  -0.006500 -0.016449 0.999817  3.351562 0.910156 1 24 1.000000
0  28.664064 -51.802879 0.054876  -0.004913 -0.018586 0.999786  3.351562 0.113281 1 24 1.000000
out70_kabe07_1
0  32.460938 -52.731300 0.034968  -0.003754 0.008881 0.999939  3.351562 0.113281 1 24 1.000000
0  28.664064 -51.802879 0.054876  -0.004913 -0.018586 0.999786  3.140625 0.113281 1 24 1.000000
0  28.125002 -52.588745 0.036250  -0.006500 -0.016449 0.999817  3.140625 0.910156 1 24 1.000000
out70_kabe07_1
0  28.125002 -52.588745 0.036250  -0.006500 -0.016449 0.999817  3.140625 0.910156 1 24 1.000000
0  32.460938 -53.702377 0.045502  -0.002441 0.008393 0.999939  3.351562 0.910156 1 24 1.000000
0  32.460938 -52.731300 0.034968  -0.003754 0.008881 0.999939  3.351562 0.113281 1 24 1.000000
out70_kabe07_1
0  36.187500 -51.802879 0.054876  0.009583 -0.013916 0.999847  3.351562 0.113281 1 24 1.000000
0  32.460938 -52.731300 0.034968  -0.003754 0.008881 0.999939  3.140625 0.113281 1 24 1.000000
0  32.460938 -53.702377 0.045502  -0.002441 0.008393 0.999939  3.140625 0.910156 1 24 1.000000
out70_kabe07_1
0  32.460938 -53.702377 0.045502  -0.002441 0.008393 0.999939  3.140625 0.910156 1 24 1.000000
0  36.773441 -52.588745 0.036250  0.010193 -0.014008 0.999847  3.351562 0.910156 1 24 1.000000
0  36.187500 -51.802879 0.054876  0.009583 -0.013916 0.999847  3.351562 0.113281 1 24 1.000000
out70_kabe07_1
0  38.953125 -49.741325 0.038734  0.000763 -0.003693 0.999969  3.351562 0.113281 1 24 1.000000
0  36.187500 -51.802879 0.054876  0.009583 -0.013916 0.999847  3.140625 0.113281 1 24 1.000000
0  36.773441 -52.588745 0.036250  0.010193 -0.014008 0.999847  3.140625 0.910156 1 24 1.000000
out70_kabe07_1
0  36.773441 -52.588745 0.036250  0.010193 -0.014008 0.999847  3.140625 0.910156 1 24 1.000000
0  39.703125 -50.334686 0.037252  -0.000122 -0.002869 0.999969  3.351562 0.910156 1 24 1.000000
0  38.953125 -49.741325 0.038734  0.000763 -0.003693 0.999969  3.351562 0.113281 1 24 1.000000
out70_kabe07_1
0  40.125000 -46.963356 0.052153  -0.000092 -0.002441 0.999969  3.351562 0.113281 1 24 1.000000
0  38.953125 -49.741325 0.038734  0.000763 -0.003693 0.999969  3.140625 0.113281 1 24 1.000000
0  39.703125 -50.334686 0.037252  -0.000122 -0.002869 0.999969  3.140625 0.910156 1 24 1.000000
out70_kabe07_1
0  39.703125 -50.334686 0.037252  -0.000122 -0.002869 0.999969  3.140625 0.910156 1 24 1.000000
0  41.226562 -46.963356 0.052153  0.000000 -0.001862 0.999969  3.351562 0.910156 1 24 1.000000
0  40.125000 -46.963356 0.052153  -0.000092 -0.002441 0.999969  3.351562 0.113281 1 24 1.000000
out70_kabe07_1
0  41.226562 -40.931896 2.044496  0.000000 -0.000031 1.000000  2.882812 -0.050781 1 24 1.000000
0  40.125000 -40.931896 2.044496  0.000000 -0.000031 1.000000  2.882812 0.910156 1 24 1.000000
0  40.125000 -46.958149 2.044254  0.000214 -0.002503 0.999969  2.671875 0.910156 1 24 1.000000
out70_kabe07_1
0  40.125000 -46.958149 2.044254  0.000214 -0.002503 0.999969  2.671875 0.910156 1 24 1.000000
0  41.226562 -46.958149 2.044254  0.000000 -0.001862 0.999969  2.671875 -0.050781 1 24 1.000000
0  41.226562 -40.931896 2.044496  0.000000 -0.000031 1.000000  2.882812 -0.050781 1 24 1.000000
out70_kabe07_1
0  24.679688 -46.958149 2.044254  0.000000 -0.001953 0.999969  2.671875 0.910156 1 24 1.000000
0  24.679688 -40.931896 2.044496  0.000000 -0.000031 1.000000  2.882812 0.910156 1 24 1.000000
0  23.578123 -40.931896 2.044496  0.000000 -0.000031 0.999969  2.882812 -0.050781 1 24 1.000000
out70_kabe07_1
0  23.578123 -40.931896 2.044496  0.000000 -0.000031 0.999969  2.882812 -0.050781 1 24 1.000000
0  23.578123 -46.958149 2.044254  -0.000214 -0.001679 0.999969  2.671875 -0.050781 1 24 1.000000
0  24.679688 -46.958149 2.044254  0.000000 -0.001953 0.999969  2.671875 0.910156 1 24 1.000000
out70_kabe07_1
0  39.703125 -50.329483 2.029354  0.002838 -0.004700 0.999969  2.585938 -0.050781 1 24 1.000000
0  41.226562 -46.958149 2.044254  0.000000 -0.001862 0.999969  2.375000 -0.050781 1 24 1.000000
0  40.125000 -46.958149 2.044254  0.000214 -0.002503 0.999969  2.375000 0.910156 1 24 1.000000
out70_kabe07_1
0  40.125000 -46.958149 2.044254  0.000214 -0.002503 0.999969  2.375000 0.910156 1 24 1.000000
0  38.953125 -49.759270 2.034481  0.004028 -0.005371 0.999969  2.585938 0.910156 1 24 1.000000
0  39.703125 -50.329483 2.029354  0.002838 -0.004700 0.999969  2.585938 -0.050781 1 24 1.000000
out70_kabe07_1
0  36.773441 -52.583534 2.028352  0.010346 -0.014405 0.999817  2.585938 -0.050781 1 24 1.000000
0  39.703125 -50.329483 2.029354  0.002838 -0.004700 0.999969  2.375000 -0.050781 1 24 1.000000
0  38.953125 -49.759270 2.034481  0.004028 -0.005371 0.999969  2.375000 0.910156 1 24 1.000000
out70_kabe07_1
0  38.953125 -49.759270 2.034481  0.004028 -0.005371 0.999969  2.375000 0.910156 1 24 1.000000
0  36.187500 -51.797672 2.046977  0.009613 -0.013947 0.999847  2.585938 0.910156 1 24 1.000000
0  36.773441 -52.583534 2.028352  0.010346 -0.014405 0.999817  2.585938 -0.050781 1 24 1.000000
out70_kabe07_1
0  32.460938 -53.720318 2.041249  -0.002380 0.008423 0.999939  2.585938 -0.050781 1 24 1.000000
0  36.773441 -52.583534 2.028352  0.010346 -0.014405 0.999817  2.375000 -0.050781 1 24 1.000000
0  36.187500 -51.797672 2.046977  0.009613 -0.013947 0.999847  2.375000 0.910156 1 24 1.000000
out70_kabe07_1
0  36.187500 -51.797672 2.046977  0.009613 -0.013947 0.999847  2.375000 0.910156 1 24 1.000000
0  32.460938 -52.749245 2.030715  -0.003693 0.008911 0.999939  2.585938 0.910156 1 24 1.000000
0  32.460938 -53.720318 2.041249  -0.002380 0.008423 0.999939  2.585938 -0.050781 1 24 1.000000
out70_kabe07_1
0  28.125002 -52.583534 2.028352  -0.006867 -0.016236 0.999817  2.585938 -0.050781 1 24 1.000000
0  32.460938 -53.720318 2.041249  -0.002380 0.008423 0.999939  2.375000 -0.050781 1 24 1.000000
0  32.460938 -52.749245 2.030715  -0.003693 0.008911 0.999939  2.375000 0.910156 1 24 1.000000
out70_kabe07_1
0  32.460938 -52.749245 2.030715  -0.003693 0.008911 0.999939  2.375000 0.910156 1 24 1.000000
0  28.664064 -51.797672 2.046977  -0.005554 -0.018555 0.999786  2.585938 0.910156 1 24 1.000000
0  28.125002 -52.583534 2.028352  -0.006867 -0.016236 0.999817  2.585938 -0.050781 1 24 1.000000
out70_kabe07_1
0  26.976564 -5.187059 1.233081  0.000000 -0.008972 0.999939  2.914062 -1.949219 1 24 1.000000
0  25.195312 -5.187059 1.233081  0.000000 -0.008972 0.999939  1.867188 -1.949219 1 24 1.000000
0  25.195312 -5.899826 1.226672  0.000000 -0.008972 0.999939  1.867188 -1.070312 1 24 1.000000
out70_kabe07_1
0  25.195312 -5.899826 1.226672  0.000000 -0.008972 0.999939  1.867188 -1.070312 1 24 1.000000
0  26.976564 -5.899826 1.226672  0.000000 -0.008972 0.999939  2.914062 -1.070312 1 24 1.000000
0  26.976564 -5.187059 1.233081  0.000000 -0.008972 0.999939  2.914062 -1.949219 1 24 1.000000
out70_kabe07_1
0  29.390623 -47.757111 1.339659  0.005280 0.003937 0.999969  3.718750 0.906250 1 24 1.000000
0  28.664064 -48.396786 1.345466  0.004669 0.003723 0.999969  3.718750 0.070312 1 24 1.000000
0  31.593750 -50.485130 1.342101  0.010437 0.009308 0.999878  3.757812 0.070312 1 24 1.000000
out70_kabe07_1
0  31.593750 -50.485130 1.342101  0.010437 0.009308 0.999878  3.757812 0.070312 1 24 1.000000
0  31.593750 -49.348351 1.329204  0.012909 0.011322 0.999847  3.757812 0.906250 1 24 1.000000
0  29.390623 -47.757111 1.339659  0.005280 0.003937 0.999969  3.718750 0.906250 1 24 1.000000
out70_kabe07_1
0  28.664064 -42.563023 1.328564  0.000458 0.002197 0.999969  4.625000 0.070312 1 24 1.000000
0  28.664064 -48.396786 1.345466  0.004669 0.003723 0.999969  4.757812 0.070312 1 24 1.000000
0  29.390623 -47.757111 1.339659  0.005280 0.003937 0.999969  4.757812 0.906250 1 24 1.000000
out70_kabe07_1
0  29.390623 -47.757111 1.339659  0.005280 0.003937 0.999969  4.757812 0.906250 1 24 1.000000
0  29.390623 -42.563023 1.328564  0.000000 0.002106 0.999969  4.625000 0.906250 1 24 1.000000
0  28.664064 -42.563023 1.328564  0.000458 0.002197 0.999969  4.625000 0.070312 1 24 1.000000
out70_kabe07_1
0  36.164062 -48.396786 1.345466  -0.006226 0.003388 0.999969  3.726562 0.070312 1 24 1.000000
0  35.437500 -47.757111 1.339659  -0.006134 0.002075 0.999969  3.726562 0.906250 1 24 1.000000
0  33.234375 -49.348351 1.329204  -0.008789 0.010010 0.999908  3.742188 0.906250 1 24 1.000000
out70_kabe07_1
0  33.234375 -49.348351 1.329204  -0.008789 0.010010 0.999908  3.742188 0.906250 1 24 1.000000
0  33.234375 -50.485130 1.342101  -0.009217 0.011322 0.999878  3.742188 0.070312 1 24 1.000000
0  36.164062 -48.396786 1.345466  -0.006226 0.003388 0.999969  3.726562 0.070312 1 24 1.000000
out70_kabe07_1
0  36.164062 -48.396786 1.345466  -0.006226 0.003388 0.999969  4.757812 0.070312 1 24 1.000000
0  36.164062 -42.563023 1.328564  0.000000 0.002869 0.999969  4.625000 0.070312 1 24 1.000000
0  35.437500 -42.563023 1.328564  -0.000458 0.002808 0.999969  4.625000 0.906250 1 24 1.000000
out70_kabe07_1
0  35.437500 -42.563023 1.328564  -0.000458 0.002808 0.999969  4.625000 0.906250 1 24 1.000000
0  35.437500 -47.757111 1.339659  -0.006134 0.002075 0.999969  4.757812 0.906250 1 24 1.000000
0  36.164062 -48.396786 1.345466  -0.006226 0.003388 0.999969  4.757812 0.070312 1 24 1.000000
out70_kabe07_1
0  28.617188 -42.553375 1.540572  0.000000 -0.023682 0.999695  2.882812 -1.070312 1 24 1.000000
0  36.187500 -42.553375 1.540572  0.000000 -0.023682 0.999695  2.640625 -1.070312 1 24 1.000000
0  36.187500 -41.767509 1.559197  0.000000 -0.023682 0.999695  2.640625 -1.949219 1 24 1.000000
out70_kabe07_1
0  36.187500 -41.767509 1.559197  0.000000 -0.023682 0.999695  2.640625 -1.949219 1 24 1.000000
0  28.617188 -41.767509 1.559197  0.000000 -0.023682 0.999695  2.882812 -1.949219 1 24 1.000000
0  28.617188 -42.553375 1.540572  0.000000 -0.023682 0.999695  2.882812 -1.070312 1 24 1.000000
out70_kabe07_1
0  40.125000 -40.296955 1.707278  -0.001495 -0.003021 0.999969  1.796875 0.964844 1 24 1.000000
0  41.226562 -39.441635 1.714969  -0.003479 -0.004486 0.999969  1.750000 0.058594 1 24 1.000000
0  38.109375 -39.441635 1.714969  0.000000 -0.008972 0.999939  1.875000 0.058594 1 24 1.000000
out70_kabe07_1
0  38.109375 -39.441635 1.714969  0.000000 -0.008972 0.999939  1.875000 0.058594 1 24 1.000000
0  38.109375 -40.296955 1.707278  0.000000 -0.008972 0.999939  1.875000 0.964844 1 24 1.000000
0  40.125000 -40.296955 1.707278  -0.001495 -0.003021 0.999969  1.796875 0.964844 1 24 1.000000
out70_kabe07_1
0  41.226562 -40.936623 1.713086  -0.003967 0.002197 0.999969  1.718750 0.058594 1 24 1.000000
0  41.226562 -39.441635 1.714969  -0.003479 -0.004486 0.999969  1.679688 0.058594 1 24 1.000000
0  40.125000 -40.296955 1.707278  -0.001495 -0.003021 0.999969  1.687500 0.964844 1 24 1.000000
out70_kabe07_1
0  40.125000 -40.296955 1.707278  -0.001495 -0.003021 0.999969  1.687500 0.964844 1 24 1.000000
0  40.125000 -40.936623 1.713086  0.000000 0.009064 0.999939  1.718750 0.964844 1 24 1.000000
0  41.226562 -40.936623 1.713086  -0.003967 0.002197 0.999969  1.718750 0.058594 1 24 1.000000
out70_kabe07_1
0  40.101562 -1.909815 1.855926  0.696890 0.230110 0.679220  2.554688 -0.050781 1 24 1.000000
0  41.343750 -7.200150 1.858449  0.664113 -0.537400 0.519730  2.570312 -0.050781 1 24 1.000000
0  40.640625 -1.901323 -0.802639  0.943693 0.301523 0.135990  2.554688 0.910156 1 24 1.000000
out70_kabe07_1
0  24.093750 -1.901323 -0.802639  -0.945280 0.297037 0.134831  2.554688 0.910156 1 24 1.000000
0  23.460938 -7.191658 -0.800117  -0.748772 -0.662801 -0.002106  2.554688 0.910156 1 24 1.000000
0  23.460938 -7.200150 1.858449  -0.661519 -0.541337 0.518967  2.570312 -0.050781 1 24 1.000000
out70_kabe07_1
0  24.632812 -1.909815 1.855926  -0.698813 0.227241 0.678213  2.554688 -0.050781 1 24 1.000000
0  24.093750 -1.901323 -0.802639  -0.945280 0.297037 0.134831  2.554688 0.910156 1 24 1.000000
0  23.460938 -7.200150 1.858449  -0.661519 -0.541337 0.518967  2.570312 -0.050781 1 24 1.000000
out70_kabe07_1
0  40.640625 -1.901323 -0.802639  0.943693 0.301523 0.135990  2.554688 0.910156 1 24 1.000000
0  41.343750 -7.200150 1.858449  0.664113 -0.537400 0.519730  2.570312 -0.050781 1 24 1.000000
0  41.343750 -7.191658 -0.800117  0.753105 -0.657857 -0.002075  2.554688 0.910156 1 24 1.000000
out70_mast04_1
0  29.390623 -47.749420 0.484339  0.000000 -0.002258 0.999969  -2.050781 -1.007812 1 24 1.000000
0  35.437500 -47.749420 0.484339  0.000000 -0.002289 0.999969  4.023438 -1.007812 1 24 1.000000
0  35.437500 -41.935177 0.494233  0.000000 -0.001679 0.999969  4.023438 5.023438 1 24 1.000000
out70_mast04_1
0  35.437500 -41.935177 0.494233  0.000000 -0.001679 0.999969  4.023438 5.023438 1 24 1.000000
0  29.390623 -41.935177 0.494233  0.000000 -0.001679 0.999969  -2.050781 5.023438 1 24 1.000000
0  29.390623 -47.749420 0.484339  0.000000 -0.002258 0.999969  -2.050781 -1.007812 1 24 1.000000
out70_mast04_1
0  32.531250 -49.957176 0.476047  0.000000 -0.003754 0.999969  0.992188 -3.023438 1 24 1.000000
0  35.437500 -47.749420 0.484339  0.000000 -0.002289 0.999969  4.023438 -1.007812 1 24 1.000000
0  29.390623 -47.749420 0.484339  0.000000 -0.002258 0.999969  -2.050781 -1.007812 1 24 1.000000
out70_kabe04_1
0  30.867188 -47.147282 -13.774439  -0.305826 0.328532 -0.893582  3.347656 0.289062 1 24 1.000000
0  33.914062 -47.147282 -13.774439  0.319285 0.319559 -0.892117  4.671875 0.289062 1 24 1.000000
0  30.867188 -49.916676 -13.884109  -0.238136 -0.220161 -0.945921  3.347656 0.589844 1 24 1.000000
out70_kabe04_1
0  30.867188 -49.916676 -13.884109  -0.238136 -0.220161 -0.945921  3.347656 0.589844 1 24 1.000000
0  33.914062 -47.147282 -13.774439  0.319285 0.319559 -0.892117  4.671875 0.289062 1 24 1.000000
0  33.914062 -49.916676 -13.884109  0.249306 -0.214637 -0.944304  4.671875 0.589844 1 24 1.000000
out70_kabe04_1
0  30.867188 -49.916676 -13.884109  -0.238136 -0.220161 -0.945921  3.347656 0.589844 1 24 1.000000
0  33.914062 -49.916676 -13.884109  0.249306 -0.214637 -0.944304  4.671875 0.589844 1 24 1.000000
0  30.867188 -51.873409 -13.955646  -0.497147 -0.069918 -0.864803  3.347656 0.890625 1 24 1.000000
out70_kabe04_1
0  30.867188 -51.873409 -13.955646  -0.497147 -0.069918 -0.864803  3.347656 0.890625 1 24 1.000000
0  33.914062 -49.916676 -13.884109  0.249306 -0.214637 -0.944304  4.671875 0.589844 1 24 1.000000
0  33.914062 -51.873409 -13.955646  0.499435 -0.076174 -0.862972  4.671875 0.890625 1 24 1.000000
out70_kabe04_1
0  33.914062 -52.086544 -8.678809  0.500717 -0.131260 0.855586  4.671875 0.890625 1 24 1.000000
0  35.437500 -51.981804 -11.328803  0.994263 -0.106418 -0.009644  3.347656 0.890625 1 24 1.000000
0  33.914062 -50.129810 -8.607272  0.715598 -0.293863 0.633656  4.671875 0.589844 1 24 1.000000
out70_kabe04_1
0  33.914062 -50.129810 -8.607272  0.715598 -0.293863 0.633656  4.671875 0.589844 1 24 1.000000
0  35.437500 -51.981804 -11.328803  0.994263 -0.106418 -0.009644  3.347656 0.890625 1 24 1.000000
0  35.437500 -50.021423 -11.234115  0.933348 -0.262307 0.244942  3.347656 0.589844 1 24 1.000000
out70_kabe04_1
0  33.914062 -50.129810 -8.607272  0.715598 -0.293863 0.633656  4.671875 0.589844 1 24 1.000000
0  35.437500 -50.021423 -11.234115  0.933348 -0.262307 0.244942  3.347656 0.589844 1 24 1.000000
0  33.914062 -47.383568 -8.493958  0.637074 0.268166 0.722617  4.671875 0.289062 1 24 1.000000
out70_kabe04_1
0  33.914062 -47.383568 -8.493958  0.637074 0.268166 0.722617  4.671875 0.289062 1 24 1.000000
0  35.437500 -50.021423 -11.234115  0.933348 -0.262307 0.244942  3.347656 0.589844 1 24 1.000000
0  35.437500 -47.252029 -11.124445  0.942076 0.276864 0.189184  3.347656 0.289062 1 24 1.000000
out70_kabe04_1
0  30.867188 -47.383568 -8.493958  -0.637226 0.268258 0.722434  3.347656 0.289062 1 24 1.000000
0  29.343750 -47.252029 -11.124445  -0.936979 0.284890 0.202185  4.671875 0.289062 1 24 1.000000
0  30.867188 -50.129810 -8.607272  -0.715354 -0.293191 0.634236  3.347656 0.589844 1 24 1.000000
out70_kabe04_1
0  30.867188 -50.129810 -8.607272  -0.715354 -0.293191 0.634236  3.347656 0.589844 1 24 1.000000
0  29.343750 -47.252029 -11.124445  -0.936979 0.284890 0.202185  4.671875 0.289062 1 24 1.000000
0  29.343750 -50.021423 -11.234115  -0.929289 -0.267312 0.254799  4.671875 0.589844 1 24 1.000000
out70_kabe04_1
0  30.867188 -50.129810 -8.607272  -0.715354 -0.293191 0.634236  3.347656 0.589844 1 24 1.000000
0  29.343750 -50.021423 -11.234115  -0.929289 -0.267312 0.254799  4.671875 0.589844 1 24 1.000000
0  30.867188 -52.086544 -8.678809  -0.501236 -0.133366 0.854946  3.347656 0.890625 1 24 1.000000
out70_kabe04_1
0  30.867188 -52.086544 -8.678809  -0.501236 -0.133366 0.854946  3.347656 0.890625 1 24 1.000000
0  29.343750 -50.021423 -11.234115  -0.929289 -0.267312 0.254799  4.671875 0.589844 1 24 1.000000
0  29.343750 -51.981804 -11.328803  -0.994690 -0.102512 -0.005737  4.671875 0.890625 1 24 1.000000
out70_kabe04_1
0  33.914062 -49.916676 -13.884109  0.249306 -0.214637 -0.944304  3.347656 0.589844 1 24 1.000000
0  35.437500 -50.021423 -11.234115  0.933348 -0.262307 0.244942  4.671875 0.589844 1 24 1.000000
0  35.437500 -51.981804 -11.328803  0.994263 -0.106418 -0.009644  4.671875 0.890625 1 24 1.000000
out70_kabe04_1
0  35.437500 -51.981804 -11.328803  0.994263 -0.106418 -0.009644  4.671875 0.890625 1 24 1.000000
0  33.914062 -51.873409 -13.955646  0.499435 -0.076174 -0.862972  3.347656 0.890625 1 24 1.000000
0  33.914062 -49.916676 -13.884109  0.249306 -0.214637 -0.944304  3.347656 0.589844 1 24 1.000000
out70_kabe04_1
0  33.914062 -50.129810 -8.607272  0.715598 -0.293863 0.633656  3.347656 0.589844 1 24 1.000000
0  30.867188 -50.129810 -8.607272  -0.715354 -0.293191 0.634236  4.671875 0.589844 1 24 1.000000
0  30.867188 -52.086544 -8.678809  -0.501236 -0.133366 0.854946  4.671875 0.890625 1 24 1.000000
out70_kabe04_1
0  30.867188 -52.086544 -8.678809  -0.501236 -0.133366 0.854946  4.671875 0.890625 1 24 1.000000
0  33.914062 -52.086544 -8.678809  0.500717 -0.131260 0.855586  3.347656 0.890625 1 24 1.000000
0  33.914062 -50.129810 -8.607272  0.715598 -0.293863 0.633656  3.347656 0.589844 1 24 1.000000
out70_kabe04_1
0  33.914062 -47.147282 -13.774439  0.319285 0.319559 -0.892117  3.882812 -0.279297 1 24 1.000000
0  30.867188 -47.147282 -13.774439  -0.305826 0.328532 -0.893582  4.128906 -0.279297 1 24 1.000000
0  31.523438 -39.107658 -12.288062  -0.494522 0.196875 -0.846553  4.128906 -0.982422 1 24 1.000000
out70_kabe04_1
0  31.523438 -39.107658 -12.288062  -0.494522 0.196875 -0.846553  4.128906 -0.982422 1 24 1.000000
0  33.257812 -39.107658 -12.288062  0.494858 0.196387 -0.846461  3.882812 -0.982422 1 24 1.000000
0  33.914062 -47.147282 -13.774439  0.319285 0.319559 -0.892117  3.882812 -0.279297 1 24 1.000000
out70_kabe04_1
0  33.914062 -47.383568 -8.493958  0.637074 0.268166 0.722617  4.128906 -0.279297 1 24 1.000000
0  35.437500 -47.252029 -11.124445  0.942076 0.276864 0.189184  3.882812 -0.279297 1 24 1.000000
0  34.125000 -39.155849 -10.785785  0.986999 0.160344 0.009064  3.882812 -0.982422 1 24 1.000000
out70_kabe04_1
0  34.125000 -39.155849 -10.785785  0.986999 0.160344 0.009064  3.882812 -0.982422 1 24 1.000000
0  33.257812 -39.230827 -9.303014  0.492050 0.125095 0.861507  4.128906 -0.982422 1 24 1.000000
0  33.914062 -47.383568 -8.493958  0.637074 0.268166 0.722617  4.128906 -0.279297 1 24 1.000000
out70_kabe04_1
0  35.437500 -47.252029 -11.124445  0.942076 0.276864 0.189184  3.882812 -0.279297 1 24 1.000000
0  33.914062 -47.147282 -13.774439  0.319285 0.319559 -0.892117  4.128906 -0.279297 1 24 1.000000
0  33.257812 -39.107658 -12.288062  0.494858 0.196387 -0.846461  4.128906 -0.982422 1 24 1.000000
out70_kabe04_1
0  33.257812 -39.107658 -12.288062  0.494858 0.196387 -0.846461  4.128906 -0.982422 1 24 1.000000
0  34.125000 -39.155849 -10.785785  0.986999 0.160344 0.009064  3.882812 -0.982422 1 24 1.000000
0  35.437500 -47.252029 -11.124445  0.942076 0.276864 0.189184  3.882812 -0.279297 1 24 1.000000
out70_kabe04_1
0  30.867188 -47.147282 -13.774439  -0.305826 0.328532 -0.893582  3.882812 -0.279297 1 24 1.000000
0  29.343750 -47.252029 -11.124445  -0.936979 0.284890 0.202185  4.128906 -0.279297 1 24 1.000000
0  30.656250 -39.155849 -10.785785  -0.987030 0.160070 0.009888  4.128906 -0.982422 1 24 1.000000
out70_kabe04_1
0  30.656250 -39.155849 -10.785785  -0.987030 0.160070 0.009888  4.128906 -0.982422 1 24 1.000000
0  31.523438 -39.107658 -12.288062  -0.494522 0.196875 -0.846553  3.882812 -0.982422 1 24 1.000000
0  30.867188 -47.147282 -13.774439  -0.305826 0.328532 -0.893582  3.882812 -0.279297 1 24 1.000000
out70_kabe04_1
0  29.343750 -47.252029 -11.124445  -0.936979 0.284890 0.202185  3.882812 -0.279297 1 24 1.000000
0  30.867188 -47.383568 -8.493958  -0.637226 0.268258 0.722434  4.128906 -0.279297 1 24 1.000000
0  31.523438 -39.230827 -9.303014  -0.492569 0.124393 0.861324  4.128906 -0.982422 1 24 1.000000
out70_kabe04_1
0  31.523438 -39.230827 -9.303014  -0.492569 0.124393 0.861324  4.128906 -0.982422 1 24 1.000000
0  30.656250 -39.155849 -10.785785  -0.987030 0.160070 0.009888  3.882812 -0.982422 1 24 1.000000
0  29.343750 -47.252029 -11.124445  -0.936979 0.284890 0.202185  3.882812 -0.279297 1 24 1.000000
out70_kabe04_1
0  30.867188 -47.383568 -8.493958  -0.637226 0.268258 0.722434  3.882812 -0.279297 1 24 1.000000
0  33.914062 -47.383568 -8.493958  0.637074 0.268166 0.722617  4.128906 -0.279297 1 24 1.000000
0  33.257812 -39.230827 -9.303014  0.492050 0.125095 0.861507  4.128906 -0.982422 1 24 1.000000
out70_kabe04_1
0  33.257812 -39.230827 -9.303014  0.492050 0.125095 0.861507  4.128906 -0.982422 1 24 1.000000
0  31.523438 -39.230827 -9.303014  -0.492569 0.124393 0.861324  3.882812 -0.982422 1 24 1.000000
0  30.867188 -47.383568 -8.493958  -0.637226 0.268258 0.722434  3.882812 -0.279297 1 24 1.000000
out70_kabe04_1
0  30.703123 -49.370010 -12.973713  0.968932 -0.035981 -0.244606  1.093750 1.005859 1 24 1.000000
0  30.257812 -59.543613 -13.246284  0.784417 -0.575457 -0.231330  1.082031 0.992188 1 24 1.000000
0  29.812500 -59.537403 -13.508239  -0.206061 -0.560778 -0.801874  1.082031 0.982422 1 24 1.000000
out70_kabe04_1
0  29.812500 -59.537403 -13.508239  -0.206061 -0.560778 -0.801874  1.082031 0.982422 1 24 1.000000
0  29.742188 -49.364883 -13.543926  -0.238044 -0.005768 -0.971221  1.093750 0.982422 1 24 1.000000
0  30.703123 -49.370010 -12.973713  0.968932 -0.035981 -0.244606  1.093750 1.005859 1 24 1.000000
out70_kabe04_1
0  29.953123 -59.579182 -12.718729  0.199896 -0.634358 0.746696  0.457031 0.519531 1 24 1.000000
0  29.507812 -59.549824 -12.984329  -0.790796 -0.586474 0.175024  0.453125 0.513672 1 24 1.000000
0  29.812500 -59.537403 -13.508239  -0.206061 -0.560778 -0.801874  0.460938 0.509766 1 24 1.000000
out70_kabe04_1
0  29.812500 -59.537403 -13.508239  -0.206061 -0.560778 -0.801874  0.460938 0.509766 1 24 1.000000
0  30.257812 -59.543613 -13.246284  0.784417 -0.575457 -0.231330  0.464844 0.515625 1 24 1.000000
0  29.953123 -59.579182 -12.718729  0.199896 -0.634358 0.746696  0.457031 0.519531 1 24 1.000000
out70_kabe04_1
0  30.257812 -59.543613 -13.246284  0.784417 -0.575457 -0.231330  1.085938 0.978516 1 24 1.000000
0  30.703123 -49.370010 -12.973713  0.968932 -0.035981 -0.244606  1.085938 1.001953 1 24 1.000000
0  30.023438 -49.430214 -11.849148  0.242470 -0.085360 0.966369  1.082031 1.001953 1 24 1.000000
out70_kabe04_1
0  30.023438 -49.430214 -11.849148  0.242470 -0.085360 0.966369  1.082031 1.001953 1 24 1.000000
0  29.953123 -59.579182 -12.718729  0.199896 -0.634358 0.746696  1.085938 0.978516 1 24 1.000000
0  30.257812 -59.543613 -13.246284  0.784417 -0.575457 -0.231330  1.085938 0.978516 1 24 1.000000
out70_kabe04_1
0  29.507812 -59.549824 -12.984329  -0.790796 -0.586474 0.175024  1.085938 0.978516 1 24 1.000000
0  29.062500 -49.401939 -12.423006  -0.968902 -0.055849 0.241005  1.085938 1.001953 1 24 1.000000
0  29.742188 -49.364883 -13.543926  -0.238044 -0.005768 -0.971221  1.082031 1.001953 1 24 1.000000
out70_kabe04_1
0  29.742188 -49.364883 -13.543926  -0.238044 -0.005768 -0.971221  1.082031 1.001953 1 24 1.000000
0  29.812500 -59.537403 -13.508239  -0.206061 -0.560778 -0.801874  1.082031 0.978516 1 24 1.000000
0  29.507812 -59.549824 -12.984329  -0.790796 -0.586474 0.175024  1.085938 0.978516 1 24 1.000000
out70_kabe04_1
0  30.023438 -49.430214 -11.849148  0.242470 -0.085360 0.966369  1.144531 1.001953 1 24 1.000000
0  29.062500 -49.401939 -12.423006  -0.968902 -0.055849 0.241005  1.132812 1.001953 1 24 1.000000
0  29.507812 -59.549824 -12.984329  -0.790796 -0.586474 0.175024  1.140625 0.978516 1 24 1.000000
out70_kabe04_1
0  29.507812 -59.549824 -12.984329  -0.790796 -0.586474 0.175024  1.140625 0.978516 1 24 1.000000
0  29.953123 -59.579182 -12.718729  0.199896 -0.634358 0.746696  1.144531 0.978516 1 24 1.000000
0  30.023438 -49.430214 -11.849148  0.242470 -0.085360 0.966369  1.144531 1.001953 1 24 1.000000
out70_kabe04_1
0  34.453125 -59.539967 -13.223133  -0.780023 -0.565569 -0.267617  1.093750 0.992188 1 24 1.000000
0  34.031250 -49.373661 -12.996864  -0.955626 -0.032868 -0.292703  1.082031 1.003906 1 24 1.000000
0  34.898441 -49.373459 -13.447676  0.295999 -0.005005 -0.955168  1.082031 0.982422 1 24 1.000000
out70_kabe04_1
0  34.898441 -49.373459 -13.447676  0.295999 -0.005005 -0.955168  1.082031 0.982422 1 24 1.000000
0  34.828125 -59.545979 -13.411989  0.240089 -0.569414 -0.786187  1.093750 0.980469 1 24 1.000000
0  34.453125 -59.539967 -13.223133  -0.780023 -0.565569 -0.267617  1.093750 0.992188 1 24 1.000000
out70_kabe04_1
0  34.828125 -59.545979 -13.411989  0.240089 -0.569414 -0.786187  0.476562 0.500000 1 24 1.000000
0  35.109375 -59.558392 -12.888079  0.778222 -0.590258 0.214331  0.480469 0.507812 1 24 1.000000
0  34.734375 -59.575535 -12.695578  -0.239967 -0.630543 0.738121  0.472656 0.511719 1 24 1.000000
out70_kabe04_1
0  34.734375 -59.575535 -12.695578  -0.239967 -0.630543 0.738121  0.472656 0.511719 1 24 1.000000
0  34.453125 -59.539967 -13.223133  -0.780023 -0.565569 -0.267617  0.468750 0.503906 1 24 1.000000
0  34.828125 -59.545979 -13.411989  0.240089 -0.569414 -0.786187  0.476562 0.500000 1 24 1.000000
out70_kabe04_1
0  34.828125 -59.545979 -13.411989  0.240089 -0.569414 -0.786187  1.089844 0.978516 1 24 1.000000
0  34.898441 -49.373459 -13.447676  0.295999 -0.005005 -0.955168  1.093750 1.001953 1 24 1.000000
0  35.507812 -49.403221 -12.280453  0.953398 -0.056124 0.296365  1.085938 1.001953 1 24 1.000000
out70_kabe04_1
0  35.507812 -49.403221 -12.280453  0.953398 -0.056124 0.296365  1.085938 1.001953 1 24 1.000000
0  35.109375 -59.558392 -12.888079  0.778222 -0.590258 0.214331  1.085938 0.978516 1 24 1.000000
0  34.828125 -59.545979 -13.411989  0.240089 -0.569414 -0.786187  1.089844 0.978516 1 24 1.000000
out70_kabe04_1
0  35.507812 -49.403221 -12.280453  0.953398 -0.056124 0.296365  1.167969 1.001953 1 24 1.000000
0  34.664062 -49.426571 -11.825996  -0.283212 -0.083804 0.955351  1.156250 1.001953 1 24 1.000000
0  34.734375 -59.575535 -12.695578  -0.239967 -0.630543 0.738121  1.156250 0.978516 1 24 1.000000
out70_kabe04_1
0  34.734375 -59.575535 -12.695578  -0.239967 -0.630543 0.738121  1.156250 0.978516 1 24 1.000000
0  35.109375 -59.558392 -12.888079  0.778222 -0.590258 0.214331  1.160156 0.978516 1 24 1.000000
0  35.507812 -49.403221 -12.280453  0.953398 -0.056124 0.296365  1.167969 1.001953 1 24 1.000000
out70_kabe04_1
0  33.046875 -49.726177 -9.358850  0.705374 -0.020112 -0.708518  1.093750 1.011719 1 24 1.000000
0  32.718750 -59.697624 -9.402271  0.568712 -0.571734 -0.591296  1.082031 1.000000 1 24 1.000000
0  32.203125 -59.697624 -9.402271  -0.569475 -0.571123 -0.591174  1.082031 0.980469 1 24 1.000000
out70_kabe04_1
0  32.203125 -59.697624 -9.402271  -0.569475 -0.571123 -0.591174  1.082031 0.980469 1 24 1.000000
0  31.898438 -49.726177 -9.358850  -0.704917 -0.018433 -0.709037  1.093750 0.968750 1 24 1.000000
0  33.046875 -49.726177 -9.358850  0.705374 -0.020112 -0.708518  1.093750 1.011719 1 24 1.000000
out70_kabe04_1
0  32.718750 -59.697624 -9.402271  0.568712 -0.571734 -0.591296  0.472656 0.503906 1 24 1.000000
0  32.718750 -59.722260 -8.805262  0.568621 -0.618061 0.542802  0.472656 0.513672 1 24 1.000000
0  32.203125 -59.722260 -8.805262  -0.569384 -0.617420 0.542711  0.464844 0.513672 1 24 1.000000
out70_kabe04_1
0  32.203125 -59.722260 -8.805262  -0.569384 -0.617420 0.542711  0.464844 0.513672 1 24 1.000000
0  32.203125 -59.697624 -9.402271  -0.569475 -0.571123 -0.591174  0.464844 0.503906 1 24 1.000000
0  32.718750 -59.697624 -9.402271  0.568712 -0.571734 -0.591296  0.472656 0.503906 1 24 1.000000
out70_kabe04_1
0  32.718750 -59.697624 -9.402271  0.568712 -0.571734 -0.591296  1.089844 0.978516 1 24 1.000000
0  33.046875 -49.726177 -9.358850  0.705374 -0.020112 -0.708518  1.093750 1.001953 1 24 1.000000
0  33.046875 -49.780376 -8.045430  0.705802 -0.077090 0.704154  1.082031 1.001953 1 24 1.000000
out70_kabe04_1
0  33.046875 -49.780376 -8.045430  0.705802 -0.077090 0.704154  1.082031 1.001953 1 24 1.000000
0  32.718750 -59.722260 -8.805262  0.568621 -0.618061 0.542802  1.085938 0.978516 1 24 1.000000
0  32.718750 -59.697624 -9.402271  0.568712 -0.571734 -0.591296  1.089844 0.978516 1 24 1.000000
out70_kabe04_1
0  32.203125 -59.722260 -8.805262  -0.569384 -0.617420 0.542711  1.089844 0.978516 1 24 1.000000
0  31.898438 -49.780376 -8.045430  -0.705344 -0.075472 0.704794  1.093750 1.001953 1 24 1.000000
0  31.898438 -49.726177 -9.358850  -0.704917 -0.018433 -0.709037  1.082031 1.001953 1 24 1.000000
out70_kabe04_1
0  31.898438 -49.726177 -9.358850  -0.704917 -0.018433 -0.709037  1.082031 1.001953 1 24 1.000000
0  32.203125 -59.697624 -9.402271  -0.569475 -0.571123 -0.591174  1.082031 0.978516 1 24 1.000000
0  32.203125 -59.722260 -8.805262  -0.569384 -0.617420 0.542711  1.089844 0.978516 1 24 1.000000
out70_kabe04_1
0  33.046875 -49.780376 -8.045430  0.705802 -0.077090 0.704154  1.160156 1.001953 1 24 1.000000
0  31.898438 -49.780376 -8.045430  -0.705344 -0.075472 0.704794  1.140625 1.001953 1 24 1.000000
0  32.203125 -59.722260 -8.805262  -0.569384 -0.617420 0.542711  1.148438 0.978516 1 24 1.000000
out70_kabe04_1
0  32.203125 -59.722260 -8.805262  -0.569384 -0.617420 0.542711  1.148438 0.978516 1 24 1.000000
0  32.718750 -59.722260 -8.805262  0.568621 -0.618061 0.542802  1.156250 0.978516 1 24 1.000000
0  33.046875 -49.780376 -8.045430  0.705802 -0.077090 0.704154  1.160156 1.001953 1 24 1.000000
out70_kabe04_1
0  33.914062 -51.873409 -13.955646  0.499435 -0.076174 -0.862972  0.949219 0.449219 1 24 1.000000
0  33.375000 -55.816441 -13.382309  0.469253 -0.179266 -0.864650  0.949219 1.023438 1 24 1.000000
0  31.382812 -55.816441 -13.382309  -0.461715 -0.186468 -0.867183  0.949219 1.023438 1 24 1.000000
out70_kabe04_1
0  31.382812 -55.816441 -13.382309  -0.461715 -0.186468 -0.867183  0.949219 1.023438 1 24 1.000000
0  30.867188 -51.873409 -13.955646  -0.497147 -0.069918 -0.864803  0.949219 0.449219 1 24 1.000000
0  33.914062 -51.873409 -13.955646  0.499435 -0.076174 -0.862972  0.949219 0.449219 1 24 1.000000
out70_kabe04_1
0  29.343750 -51.981804 -11.328803  -0.994690 -0.102512 -0.005737  0.949219 0.449219 1 24 1.000000
0  30.164064 -55.895267 -11.471878  -0.976470 -0.215491 -0.006195  0.949219 1.023438 1 24 1.000000
0  31.382812 -55.986313 -9.488347  -0.474166 -0.231849 0.849330  0.949219 1.023438 1 24 1.000000
out70_kabe04_1
0  31.382812 -55.986313 -9.488347  -0.474166 -0.231849 0.849330  0.949219 1.023438 1 24 1.000000
0  30.867188 -52.086544 -8.678809  -0.501236 -0.133366 0.854946  0.949219 0.449219 1 24 1.000000
0  29.343750 -51.981804 -11.328803  -0.994690 -0.102512 -0.005737  0.949219 0.449219 1 24 1.000000
out70_kabe04_1
0  30.867188 -51.873409 -13.955646  -0.497147 -0.069918 -0.864803  0.949219 0.449219 1 24 1.000000
0  31.382812 -55.816441 -13.382309  -0.461715 -0.186468 -0.867183  0.949219 1.023438 1 24 1.000000
0  30.164064 -55.895267 -11.471878  -0.976470 -0.215491 -0.006195  0.949219 1.023438 1 24 1.000000
out70_kabe04_1
0  30.164064 -55.895267 -11.471878  -0.976470 -0.215491 -0.006195  0.949219 1.023438 1 24 1.000000
0  29.343750 -51.981804 -11.328803  -0.994690 -0.102512 -0.005737  0.949219 0.449219 1 24 1.000000
0  30.867188 -51.873409 -13.955646  -0.497147 -0.069918 -0.864803  0.949219 0.449219 1 24 1.000000
out70_kabe04_1
0  35.437500 -51.981804 -11.328803  0.994263 -0.106418 -0.009644  0.949219 0.449219 1 24 1.000000
0  34.593750 -55.895267 -11.471878  0.975890 -0.216987 -0.022279  0.949219 1.023438 1 24 1.000000
0  33.375000 -55.816441 -13.382309  0.469253 -0.179266 -0.864650  0.949219 1.023438 1 24 1.000000
out70_kabe04_1
0  33.375000 -55.816441 -13.382309  0.469253 -0.179266 -0.864650  0.949219 1.023438 1 24 1.000000
0  33.914062 -51.873409 -13.955646  0.499435 -0.076174 -0.862972  0.949219 0.449219 1 24 1.000000
0  35.437500 -51.981804 -11.328803  0.994263 -0.106418 -0.009644  0.949219 0.449219 1 24 1.000000
out70_kabe04_1
0  34.734375 -59.575535 -12.695578  -0.239967 -0.630543 0.738121  1.089844 0.978516 1 24 1.000000
0  34.664062 -49.426571 -11.825996  -0.283212 -0.083804 0.955351  1.093750 1.001953 1 24 1.000000
0  34.031250 -49.373661 -12.996864  -0.955626 -0.032868 -0.292703  1.085938 1.001953 1 24 1.000000
out70_kabe04_1
0  34.031250 -49.373661 -12.996864  -0.955626 -0.032868 -0.292703  1.085938 1.001953 1 24 1.000000
0  34.453125 -59.539967 -13.223133  -0.780023 -0.565569 -0.267617  1.085938 0.978516 1 24 1.000000
0  34.734375 -59.575535 -12.695578  -0.239967 -0.630543 0.738121  1.089844 0.978516 1 24 1.000000
out70_kabe04_1
0  30.867188 -52.086544 -8.678809  -0.501236 -0.133366 0.854946  0.800781 0.449219 1 24 1.000000
0  31.382812 -55.986313 -9.488347  -0.474166 -0.231849 0.849330  0.800781 1.023438 1 24 1.000000
0  33.375000 -55.986313 -9.488347  0.466323 -0.241127 0.851100  0.800781 1.023438 1 24 1.000000
out70_kabe04_1
0  33.375000 -55.986313 -9.488347  0.466323 -0.241127 0.851100  0.800781 1.023438 1 24 1.000000
0  33.914062 -52.086544 -8.678809  0.500717 -0.131260 0.855586  0.800781 0.449219 1 24 1.000000
0  30.867188 -52.086544 -8.678809  -0.501236 -0.133366 0.854946  0.800781 0.449219 1 24 1.000000
out70_kabe04_1
0  34.945312 -48.193619 -14.392637  0.309732 0.354320 -0.882321  3.347656 0.289062 1 24 1.000000
0  36.468750 -48.302006 -11.765795  0.930967 0.309976 0.192846  4.671875 0.289062 1 24 1.000000
0  36.468750 -49.422924 -11.802845  0.886410 -0.429945 0.171484  4.671875 0.589844 1 24 1.000000
out70_kabe04_1
0  36.468750 -49.422924 -11.802845  0.886410 -0.429945 0.171484  4.671875 0.589844 1 24 1.000000
0  34.945312 -49.318184 -14.452839  0.281777 -0.382397 -0.879971  3.347656 0.589844 1 24 1.000000
0  34.945312 -48.193619 -14.392637  0.309732 0.354320 -0.882321  3.347656 0.289062 1 24 1.000000
out70_kabe04_1
0  28.218750 -48.286144 -11.815742  -0.923795 0.328043 0.197333  3.347656 0.289062 1 24 1.000000
0  29.742188 -48.177761 -14.442585  -0.311106 0.374371 -0.873501  4.671875 0.289062 1 24 1.000000
0  29.742188 -49.325478 -14.499142  -0.282174 -0.400678 -0.871670  4.671875 0.589844 1 24 1.000000
out70_kabe04_1
0  29.742188 -49.325478 -14.499142  -0.282174 -0.400678 -0.871670  4.671875 0.589844 1 24 1.000000
0  28.218750 -49.430214 -11.849148  -0.878445 -0.442885 0.179205  3.347656 0.589844 1 24 1.000000
0  28.218750 -48.286144 -11.815742  -0.923795 0.328043 0.197333  3.347656 0.289062 1 24 1.000000
out70_kabe04_1
0  33.914062 -48.481937 -7.182219  0.619617 0.316050 0.718436  3.347656 0.289062 1 24 1.000000
0  30.867188 -48.481937 -7.182219  -0.619617 0.316050 0.718436  4.671875 0.289062 1 24 1.000000
0  30.867188 -49.772205 -7.240058  -0.594806 -0.505356 0.625111  4.671875 0.550781 1 24 1.000000
out70_kabe04_1
0  30.867188 -49.772205 -7.240058  -0.594806 -0.505356 0.625111  4.671875 0.550781 1 24 1.000000
0  33.914062 -49.772205 -7.240058  0.594806 -0.505356 0.625111  3.347656 0.550781 1 24 1.000000
0  33.914062 -48.481937 -7.182219  0.619617 0.316050 0.718436  3.347656 0.289062 1 24 1.000000
out70_kabe04_1
0  26.976564 -5.904152 -0.006360  0.000000 -0.999969 -0.001404  2.535156 3.150391 1 24 1.000000
0  25.195312 -5.904152 -0.006360  0.000000 -0.999969 -0.001404  2.687500 3.150391 1 24 1.000000
0  25.195312 -5.900587 -2.545524  0.000000 -0.999969 -0.001404  2.687500 2.166016 1 24 1.000000
out70_kabe04_1
0  25.195312 -5.900587 -2.545524  0.000000 -0.999969 -0.001404  2.687500 2.166016 1 24 1.000000
0  26.976564 -5.900587 -2.545524  0.000000 -0.999969 -0.001404  2.535156 2.166016 1 24 1.000000
0  26.976564 -5.904152 -0.006360  0.000000 -0.999969 -0.001404  2.535156 3.150391 1 24 1.000000
out70_kabe04_1
0  40.148441 -5.900587 -2.545524  0.000000 -0.999969 -0.001404  2.535156 2.166016 1 24 1.000000
0  39.609375 -5.904152 -0.006360  0.000000 -0.999969 -0.001373  2.535156 3.150391 1 24 1.000000
0  37.781250 -5.904152 -0.006360  0.000000 -0.999969 -0.001404  2.687500 3.150391 1 24 1.000000
out70_kabe04_1
0  37.781250 -5.904152 -0.006360  0.000000 -0.999969 -0.001404  2.687500 3.150391 1 24 1.000000
0  37.781250 -5.900587 -2.545524  0.000000 -0.999969 -0.001404  2.687500 2.166016 1 24 1.000000
0  40.148441 -5.900587 -2.545524  0.000000 -0.999969 -0.001404  2.535156 2.166016 1 24 1.000000
out70_kabe04_1
0  31.546875 -48.810337 -0.226466  -0.501938 0.864864 -0.000671  2.703125 0.449219 1 24 1.000000
0  31.546875 -48.808777 1.742485  -0.397595 0.685263 0.610157  2.703125 0.904297 1 24 1.000000
0  33.445312 -48.808777 1.742485  0.397595 0.685263 0.610157  2.621094 0.904297 1 24 1.000000
out70_kabe04_1
0  33.445312 -48.808777 1.742485  0.397595 0.685263 0.610157  2.621094 0.904297 1 24 1.000000
0  33.445312 -48.810337 -0.226466  0.501938 0.864864 -0.000671  2.621094 0.449219 1 24 1.000000
0  31.546875 -48.810337 -0.226466  -0.501938 0.864864 -0.000671  2.703125 0.449219 1 24 1.000000
out70_kabe04_1
0  33.914062 -49.916676 -13.884109  0.249306 -0.214637 -0.944304  3.347656 0.589844 1 24 1.000000
0  33.914062 -47.147282 -13.774439  0.319285 0.319559 -0.892117  3.347656 0.289062 1 24 1.000000
0  34.945312 -48.193619 -14.392637  0.309732 0.354320 -0.882321  3.347656 0.289062 1 24 1.000000
out70_kabe04_1
0  34.945312 -48.193619 -14.392637  0.309732 0.354320 -0.882321  3.347656 0.289062 1 24 1.000000
0  34.945312 -49.318184 -14.452839  0.281777 -0.382397 -0.879971  3.347656 0.589844 1 24 1.000000
0  33.914062 -49.916676 -13.884109  0.249306 -0.214637 -0.944304  3.347656 0.589844 1 24 1.000000
out70_kabe04_1
0  35.437500 -50.021423 -11.234115  0.933348 -0.262307 0.244942  4.671875 0.589844 1 24 1.000000
0  33.914062 -49.916676 -13.884109  0.249306 -0.214637 -0.944304  3.347656 0.589844 1 24 1.000000
0  34.945312 -49.318184 -14.452839  0.281777 -0.382397 -0.879971  3.347656 0.589844 1 24 1.000000
out70_kabe04_1
0  34.945312 -49.318184 -14.452839  0.281777 -0.382397 -0.879971  3.347656 0.589844 1 24 1.000000
0  36.468750 -49.422924 -11.802845  0.886410 -0.429945 0.171484  4.671875 0.589844 1 24 1.000000
0  35.437500 -50.021423 -11.234115  0.933348 -0.262307 0.244942  4.671875 0.589844 1 24 1.000000
out70_kabe04_1
0  33.914062 -52.086544 -8.678809  0.500717 -0.131260 0.855586  0.949219 0.449219 1 24 1.000000
0  33.375000 -55.986313 -9.488347  0.466323 -0.241127 0.851100  0.949219 1.023438 1 24 1.000000
0  34.593750 -55.895267 -11.471878  0.975890 -0.216987 -0.022279  0.949219 1.023438 1 24 1.000000
out70_kabe04_1
0  34.593750 -55.895267 -11.471878  0.975890 -0.216987 -0.022279  0.949219 1.023438 1 24 1.000000
0  35.437500 -51.981804 -11.328803  0.994263 -0.106418 -0.009644  0.949219 0.449219 1 24 1.000000
0  33.914062 -52.086544 -8.678809  0.500717 -0.131260 0.855586  0.949219 0.449219 1 24 1.000000
out70_kabe04_1
0  35.437500 -47.252029 -11.124445  0.942076 0.276864 0.189184  4.671875 0.289062 1 24 1.000000
0  35.437500 -50.021423 -11.234115  0.933348 -0.262307 0.244942  4.671875 0.589844 1 24 1.000000
0  36.468750 -49.422924 -11.802845  0.886410 -0.429945 0.171484  4.671875 0.589844 1 24 1.000000
out70_kabe04_1
0  36.468750 -49.422924 -11.802845  0.886410 -0.429945 0.171484  4.671875 0.589844 1 24 1.000000
0  36.468750 -48.302006 -11.765795  0.930967 0.309976 0.192846  4.671875 0.289062 1 24 1.000000
0  35.437500 -47.252029 -11.124445  0.942076 0.276864 0.189184  4.671875 0.289062 1 24 1.000000
out70_kabe04_1
0  33.914062 -47.147282 -13.774439  0.319285 0.319559 -0.892117  3.347656 0.289062 1 24 1.000000
0  35.437500 -47.252029 -11.124445  0.942076 0.276864 0.189184  4.671875 0.289062 1 24 1.000000
0  36.468750 -48.302006 -11.765795  0.930967 0.309976 0.192846  4.671875 0.289062 1 24 1.000000
out70_kabe04_1
0  36.468750 -48.302006 -11.765795  0.930967 0.309976 0.192846  4.671875 0.289062 1 24 1.000000
0  34.945312 -48.193619 -14.392637  0.309732 0.354320 -0.882321  3.347656 0.289062 1 24 1.000000
0  33.914062 -47.147282 -13.774439  0.319285 0.319559 -0.892117  3.347656 0.289062 1 24 1.000000
out70_kabe04_1
0  29.343750 -50.021423 -11.234115  -0.929289 -0.267312 0.254799  3.347656 0.589844 1 24 1.000000
0  29.343750 -47.252029 -11.124445  -0.936979 0.284890 0.202185  3.347656 0.289062 1 24 1.000000
0  28.218750 -48.286144 -11.815742  -0.923795 0.328043 0.197333  3.347656 0.289062 1 24 1.000000
out70_kabe04_1
0  28.218750 -48.286144 -11.815742  -0.923795 0.328043 0.197333  3.347656 0.289062 1 24 1.000000
0  28.218750 -49.430214 -11.849148  -0.878445 -0.442885 0.179205  3.347656 0.589844 1 24 1.000000
0  29.343750 -50.021423 -11.234115  -0.929289 -0.267312 0.254799  3.347656 0.589844 1 24 1.000000
out70_kabe04_1
0  34.382812 -50.447884 -0.229630  0.999969 -0.000855 0.000000  2.621094 0.449219 1 24 1.000000
0  33.445312 -48.810337 -0.226466  0.501938 0.864864 -0.000671  2.703125 0.449219 1 24 1.000000
0  33.445312 -48.808777 1.742485  0.397595 0.685263 0.610157  2.703125 0.904297 1 24 1.000000
out70_kabe04_1
0  33.445312 -48.808777 1.742485  0.397595 0.685263 0.610157  2.703125 0.904297 1 24 1.000000
0  34.382812 -50.446320 1.739320  0.791986 -0.000488 0.610492  2.621094 0.904297 1 24 1.000000
0  34.382812 -50.447884 -0.229630  0.999969 -0.000855 0.000000  2.621094 0.449219 1 24 1.000000
out70_kabe04_1
0  33.445312 -52.085423 -0.232795  0.501175 -0.865322 0.000671  2.621094 0.449219 1 24 1.000000
0  34.382812 -50.447884 -0.229630  0.999969 -0.000855 0.000000  2.703125 0.449219 1 24 1.000000
0  34.382812 -50.446320 1.739320  0.791986 -0.000488 0.610492  2.703125 0.904297 1 24 1.000000
out70_kabe04_1
0  34.382812 -50.446320 1.739320  0.791986 -0.000488 0.610492  2.703125 0.904297 1 24 1.000000
0  33.445312 -52.083862 1.736156  0.397504 -0.686087 0.609272  2.621094 0.904297 1 24 1.000000
0  33.445312 -52.085423 -0.232795  0.501175 -0.865322 0.000671  2.621094 0.449219 1 24 1.000000
out70_kabe04_1
0  31.546875 -52.085423 -0.232795  -0.501175 -0.865322 0.000671  2.621094 0.449219 1 24 1.000000
0  33.445312 -52.085423 -0.232795  0.501175 -0.865322 0.000671  2.703125 0.449219 1 24 1.000000
0  33.445312 -52.083862 1.736156  0.397504 -0.686087 0.609272  2.703125 0.904297 1 24 1.000000
out70_kabe04_1
0  33.445312 -52.083862 1.736156  0.397504 -0.686087 0.609272  2.703125 0.904297 1 24 1.000000
0  31.546875 -52.083862 1.736156  -0.397504 -0.686087 0.609272  2.621094 0.904297 1 24 1.000000
0  31.546875 -52.085423 -0.232795  -0.501175 -0.865322 0.000671  2.621094 0.449219 1 24 1.000000
out70_kabe04_1
0  30.609375 -50.447884 -0.229630  -0.999969 -0.000855 0.000000  2.621094 0.449219 1 24 1.000000
0  31.546875 -52.085423 -0.232795  -0.501175 -0.865322 0.000671  2.703125 0.449219 1 24 1.000000
0  31.546875 -52.083862 1.736156  -0.397504 -0.686087 0.609272  2.703125 0.904297 1 24 1.000000
out70_kabe04_1
0  31.546875 -52.083862 1.736156  -0.397504 -0.686087 0.609272  2.703125 0.904297 1 24 1.000000
0  30.609375 -50.446320 1.739320  -0.791986 -0.000488 0.610492  2.621094 0.904297 1 24 1.000000
0  30.609375 -50.447884 -0.229630  -0.999969 -0.000855 0.000000  2.621094 0.449219 1 24 1.000000
out70_kabe04_1
0  31.546875 -48.810337 -0.226466  -0.501938 0.864864 -0.000671  2.621094 0.449219 1 24 1.000000
0  30.609375 -50.447884 -0.229630  -0.999969 -0.000855 0.000000  2.703125 0.449219 1 24 1.000000
0  30.609375 -50.446320 1.739320  -0.791986 -0.000488 0.610492  2.703125 0.904297 1 24 1.000000
out70_kabe04_1
0  30.609375 -50.446320 1.739320  -0.791986 -0.000488 0.610492  2.703125 0.904297 1 24 1.000000
0  31.546875 -48.808777 1.742485  -0.397595 0.685263 0.610157  2.621094 0.904297 1 24 1.000000
0  31.546875 -48.810337 -0.226466  -0.501938 0.864864 -0.000671  2.621094 0.449219 1 24 1.000000
out70_kabe04_1
0  30.867188 -49.916676 -13.884109  -0.238136 -0.220161 -0.945921  4.671875 0.589844 1 24 1.000000
0  29.343750 -50.021423 -11.234115  -0.929289 -0.267312 0.254799  3.347656 0.589844 1 24 1.000000
0  28.218750 -49.430214 -11.849148  -0.878445 -0.442885 0.179205  3.347656 0.589844 1 24 1.000000
out70_kabe04_1
0  28.218750 -49.430214 -11.849148  -0.878445 -0.442885 0.179205  3.347656 0.589844 1 24 1.000000
0  29.742188 -49.325478 -14.499142  -0.282174 -0.400678 -0.871670  4.671875 0.589844 1 24 1.000000
0  30.867188 -49.916676 -13.884109  -0.238136 -0.220161 -0.945921  4.671875 0.589844 1 24 1.000000
out70_kabe04_1
0  30.867188 -47.147282 -13.774439  -0.305826 0.328532 -0.893582  4.671875 0.289062 1 24 1.000000
0  30.867188 -49.916676 -13.884109  -0.238136 -0.220161 -0.945921  4.671875 0.589844 1 24 1.000000
0  29.742188 -49.325478 -14.499142  -0.282174 -0.400678 -0.871670  4.671875 0.589844 1 24 1.000000
out70_kabe04_1
0  29.742188 -49.325478 -14.499142  -0.282174 -0.400678 -0.871670  4.671875 0.589844 1 24 1.000000
0  29.742188 -48.177761 -14.442585  -0.311106 0.374371 -0.873501  4.671875 0.289062 1 24 1.000000
0  30.867188 -47.147282 -13.774439  -0.305826 0.328532 -0.893582  4.671875 0.289062 1 24 1.000000
out70_kabe04_1
0  29.343750 -47.252029 -11.124445  -0.936979 0.284890 0.202185  3.347656 0.289062 1 24 1.000000
0  30.867188 -47.147282 -13.774439  -0.305826 0.328532 -0.893582  4.671875 0.289062 1 24 1.000000
0  29.742188 -48.177761 -14.442585  -0.311106 0.374371 -0.873501  4.671875 0.289062 1 24 1.000000
out70_kabe04_1
0  29.742188 -48.177761 -14.442585  -0.311106 0.374371 -0.873501  4.671875 0.289062 1 24 1.000000
0  28.218750 -48.286144 -11.815742  -0.923795 0.328043 0.197333  3.347656 0.289062 1 24 1.000000
0  29.343750 -47.252029 -11.124445  -0.936979 0.284890 0.202185  3.347656 0.289062 1 24 1.000000
out70_kabe04_1
0  33.914062 -50.129810 -8.607272  0.715598 -0.293863 0.633656  3.347656 0.589844 1 24 1.000000
0  33.914062 -47.383568 -8.493958  0.637074 0.268166 0.722617  3.347656 0.289062 1 24 1.000000
0  33.914062 -48.481937 -7.182219  0.619617 0.316050 0.718436  3.347656 0.289062 1 24 1.000000
out70_kabe04_1
0  33.914062 -48.481937 -7.182219  0.619617 0.316050 0.718436  3.347656 0.289062 1 24 1.000000
0  33.914062 -49.772205 -7.240058  0.594806 -0.505356 0.625111  3.347656 0.505859 1 24 1.000000
0  33.914062 -50.129810 -8.607272  0.715598 -0.293863 0.633656  3.347656 0.589844 1 24 1.000000
out70_kabe04_1
0  30.867188 -50.129810 -8.607272  -0.715354 -0.293191 0.634236  4.671875 0.589844 1 24 1.000000
0  33.914062 -50.129810 -8.607272  0.715598 -0.293863 0.633656  3.347656 0.589844 1 24 1.000000
0  33.914062 -49.772205 -7.240058  0.594806 -0.505356 0.625111  3.347656 0.589844 1 24 1.000000
out70_kabe04_1
0  33.914062 -49.772205 -7.240058  0.594806 -0.505356 0.625111  3.347656 0.589844 1 24 1.000000
0  30.867188 -49.772205 -7.240058  -0.594806 -0.505356 0.625111  4.671875 0.589844 1 24 1.000000
0  30.867188 -50.129810 -8.607272  -0.715354 -0.293191 0.634236  4.671875 0.589844 1 24 1.000000
out70_kabe04_1
0  30.867188 -47.383568 -8.493958  -0.637226 0.268258 0.722434  4.671875 0.289062 1 24 1.000000
0  30.867188 -50.129810 -8.607272  -0.715354 -0.293191 0.634236  4.671875 0.589844 1 24 1.000000
0  30.867188 -49.772205 -7.240058  -0.594806 -0.505356 0.625111  4.671875 0.505859 1 24 1.000000
out70_kabe04_1
0  30.867188 -49.772205 -7.240058  -0.594806 -0.505356 0.625111  4.671875 0.505859 1 24 1.000000
0  30.867188 -48.481937 -7.182219  -0.619617 0.316050 0.718436  4.671875 0.289062 1 24 1.000000
0  30.867188 -47.383568 -8.493958  -0.637226 0.268258 0.722434  4.671875 0.289062 1 24 1.000000
out70_kabe04_1
0  33.914062 -47.383568 -8.493958  0.637074 0.268166 0.722617  3.347656 0.289062 1 24 1.000000
0  30.867188 -47.383568 -8.493958  -0.637226 0.268258 0.722434  4.671875 0.289062 1 24 1.000000
0  30.867188 -48.481937 -7.182219  -0.619617 0.316050 0.718436  4.671875 0.289062 1 24 1.000000
out70_kabe04_1
0  30.867188 -48.481937 -7.182219  -0.619617 0.316050 0.718436  4.671875 0.289062 1 24 1.000000
0  33.914062 -48.481937 -7.182219  0.619617 0.316050 0.718436  3.347656 0.289062 1 24 1.000000
0  33.914062 -47.383568 -8.493958  0.637074 0.268166 0.722617  3.347656 0.289062 1 24 1.000000
out70_kabe04_1
0  29.343750 -50.021423 -11.234115  -0.929289 -0.267312 0.254799  3.347656 0.589844 1 24 1.000000
0  30.867188 -49.916676 -13.884109  -0.238136 -0.220161 -0.945921  4.671875 0.589844 1 24 1.000000
0  30.867188 -51.873409 -13.955646  -0.497147 -0.069918 -0.864803  4.671875 0.890625 1 24 1.000000
out70_kabe04_1
0  30.867188 -51.873409 -13.955646  -0.497147 -0.069918 -0.864803  4.671875 0.890625 1 24 1.000000
0  29.343750 -51.981804 -11.328803  -0.994690 -0.102512 -0.005737  3.347656 0.890625 1 24 1.000000
0  29.343750 -50.021423 -11.234115  -0.929289 -0.267312 0.254799  3.347656 0.589844 1 24 1.000000
out70_kabe04_1
0  35.062500 -45.407127 4.813169  0.959532 -0.001404 0.281503  2.894531 -0.019531 1 24 1.000000
0  34.570312 -43.885338 4.834559  0.775994 0.560167 0.289834  2.835938 -0.019531 1 24 1.000000
0  33.960938 -44.334190 5.901686  0.493942 0.361614 0.790704  2.851562 0.507812 1 24 1.000000
out70_kabe04_1
0  33.960938 -44.334190 5.901686  0.493942 0.361614 0.790704  2.851562 0.507812 1 24 1.000000
0  34.312500 -45.401520 5.903648  0.616901 0.002441 0.787011  2.890625 0.507812 1 24 1.000000
0  35.062500 -45.407127 4.813169  0.959532 -0.001404 0.281503  2.894531 -0.019531 1 24 1.000000
out70_kabe04_1
0  34.570312 -46.925262 4.814932  0.774316 -0.565722 0.283395  0.941406 -0.019531 1 24 1.000000
0  35.062500 -45.407127 4.813169  0.959532 -0.001404 0.281503  1.070312 -0.019531 1 24 1.000000
0  34.312500 -45.401520 5.903648  0.616901 0.002441 0.787011  1.070312 0.507812 1 24 1.000000
out70_kabe04_1
0  34.312500 -45.401520 5.903648  0.616901 0.002441 0.787011  1.070312 0.507812 1 24 1.000000
0  33.960938 -46.468845 5.905611  0.493515 -0.362621 0.790521  0.941406 0.507812 1 24 1.000000
0  34.570312 -46.925262 4.814932  0.774316 -0.565722 0.283395  0.941406 -0.019531 1 24 1.000000
out70_kabe04_1
0  33.281250 -47.850037 4.818176  0.293741 -0.912107 0.285867  0.941406 -0.019531 1 24 1.000000
0  34.570312 -46.925262 4.814932  0.774316 -0.565722 0.283395  1.070312 -0.019531 1 24 1.000000
0  33.960938 -46.468845 5.905611  0.493515 -0.362621 0.790521  1.070312 0.507812 1 24 1.000000
out70_kabe04_1
0  33.960938 -46.468845 5.905611  0.493515 -0.362621 0.790521  1.070312 0.507812 1 24 1.000000
0  33.046875 -47.135307 5.891912  0.186438 -0.586993 0.787805  0.941406 0.507812 1 24 1.000000
0  33.281250 -47.850037 4.818176  0.293741 -0.912107 0.285867  0.941406 -0.019531 1 24 1.000000
out70_kabe04_1
0  31.687500 -47.850037 4.818176  -0.294717 -0.912046 0.285073  0.941406 -0.019531 1 24 1.000000
0  33.281250 -47.850037 4.818176  0.293741 -0.912107 0.285867  1.070312 -0.019531 1 24 1.000000
0  33.046875 -47.135307 5.891912  0.186438 -0.586993 0.787805  1.070312 0.507812 1 24 1.000000
out70_kabe04_1
0  33.046875 -47.135307 5.891912  0.186438 -0.586993 0.787805  1.070312 0.507812 1 24 1.000000
0  31.921875 -47.135307 5.891912  -0.186773 -0.587054 0.787683  0.941406 0.507812 1 24 1.000000
0  31.687500 -47.850037 4.818176  -0.294717 -0.912046 0.285073  0.941406 -0.019531 1 24 1.000000
out70_kabe04_1
0  30.398438 -46.925262 4.814932  -0.774041 -0.566332 0.282937  0.941406 -0.019531 1 24 1.000000
0  31.687500 -47.850037 4.818176  -0.294717 -0.912046 0.285073  1.070312 -0.019531 1 24 1.000000
0  31.921875 -47.135307 5.891912  -0.186773 -0.587054 0.787683  1.070312 0.507812 1 24 1.000000
out70_kabe04_1
0  31.921875 -47.135307 5.891912  -0.186773 -0.587054 0.787683  1.070312 0.507812 1 24 1.000000
0  31.007812 -46.468845 5.905611  -0.502945 -0.324564 0.801019  0.941406 0.507812 1 24 1.000000
0  30.398438 -46.925262 4.814932  -0.774041 -0.566332 0.282937  0.941406 -0.019531 1 24 1.000000
out70_kabe04_1
0  29.906250 -45.407127 4.813169  -0.952116 0.005890 0.305582  2.835938 -0.019531 1 24 1.000000
0  30.398438 -46.925262 4.814932  -0.774041 -0.566332 0.282937  2.894531 -0.019531 1 24 1.000000
0  31.007812 -46.468845 5.905611  -0.502945 -0.324564 0.801019  2.890625 0.507812 1 24 1.000000
out70_kabe04_1
0  31.007812 -46.468845 5.905611  -0.502945 -0.324564 0.801019  2.890625 0.507812 1 24 1.000000
0  30.679688 -45.400238 5.761095  -0.624287 0.020325 0.780908  2.851562 0.507812 1 24 1.000000
0  29.906250 -45.407127 4.813169  -0.952116 0.005890 0.305582  2.835938 -0.019531 1 24 1.000000
out70_kabe04_1
0  30.398438 -43.885338 4.834559  -0.779290 0.552110 0.296365  3.156250 -0.019531 1 24 1.000000
0  29.906250 -45.407127 4.813169  -0.952116 0.005890 0.305582  3.210938 -0.019531 1 24 1.000000
0  30.679688 -45.400238 5.761095  -0.624287 0.020325 0.780908  3.210938 0.507812 1 24 1.000000
out70_kabe04_1
0  30.679688 -45.400238 5.761095  -0.624287 0.020325 0.780908  3.210938 0.507812 1 24 1.000000
0  31.007812 -44.334190 5.901686  -0.517380 0.315012 0.795648  3.156250 0.507812 1 24 1.000000
0  30.398438 -43.885338 4.834559  -0.779290 0.552110 0.296365  3.156250 -0.019531 1 24 1.000000
out70_kabe04_1
0  31.687500 -42.937416 4.827670  -0.296823 0.909909 0.289712  3.156250 -0.019531 1 24 1.000000
0  30.398438 -43.885338 4.834559  -0.779290 0.552110 0.296365  3.210938 -0.019531 1 24 1.000000
0  31.007812 -44.334190 5.901686  -0.517380 0.315012 0.795648  3.210938 0.507812 1 24 1.000000
out70_kabe04_1
0  31.007812 -44.334190 5.901686  -0.517380 0.315012 0.795648  3.210938 0.507812 1 24 1.000000
0  31.921875 -43.671368 5.892233  -0.185339 0.580340 0.792962  3.156250 0.507812 1 24 1.000000
0  31.687500 -42.937416 4.827670  -0.296823 0.909909 0.289712  3.156250 -0.019531 1 24 1.000000
out70_kabe04_1
0  33.281250 -42.937416 4.827670  0.297433 0.909452 0.290506  3.156250 -0.019531 1 24 1.000000
0  31.687500 -42.937416 4.827670  -0.296823 0.909909 0.289712  3.210938 -0.019531 1 24 1.000000
0  31.921875 -43.671368 5.892233  -0.185339 0.580340 0.792962  3.210938 0.507812 1 24 1.000000
out70_kabe04_1
0  31.921875 -43.671368 5.892233  -0.185339 0.580340 0.792962  3.210938 0.507812 1 24 1.000000
0  33.046875 -43.671368 5.892233  0.187170 0.580676 0.792291  3.156250 0.507812 1 24 1.000000
0  33.281250 -42.937416 4.827670  0.297433 0.909452 0.290506  3.156250 -0.019531 1 24 1.000000
out70_kabe04_1
0  34.570312 -43.885338 4.834559  0.775994 0.560167 0.289834  3.156250 -0.019531 1 24 1.000000
0  33.281250 -42.937416 4.827670  0.297433 0.909452 0.290506  3.210938 -0.019531 1 24 1.000000
0  33.046875 -43.671368 5.892233  0.187170 0.580676 0.792291  3.210938 0.507812 1 24 1.000000
out70_kabe04_1
0  33.046875 -43.671368 5.892233  0.187170 0.580676 0.792291  3.210938 0.507812 1 24 1.000000
0  33.960938 -44.334190 5.901686  0.493942 0.361614 0.790704  3.156250 0.507812 1 24 1.000000
0  34.570312 -43.885338 4.834559  0.775994 0.560167 0.289834  3.156250 -0.019531 1 24 1.000000
out70_kabe04_1
0  35.062500 -45.386894 0.420813  0.999969 0.002564 -0.000763  1.316406 -0.304688 1 24 1.000000
0  34.570312 -43.891911 0.422696  0.809503 0.587085 -0.000855  2.648438 -0.304688 1 24 1.000000
0  34.570312 -43.885338 4.834559  0.775994 0.560167 0.289834  2.648438 0.832031 1 24 1.000000
out70_kabe04_1
0  34.570312 -43.885338 4.834559  0.775994 0.560167 0.289834  2.648438 0.832031 1 24 1.000000
0  35.062500 -45.407127 4.813169  0.959532 -0.001404 0.281503  1.316406 0.832031 1 24 1.000000
0  35.062500 -45.386894 0.420813  0.999969 0.002564 -0.000763  1.316406 -0.304688 1 24 1.000000
out70_kabe04_1
0  34.570312 -46.905037 0.422575  0.811304 -0.584582 -0.002686  1.316406 -0.304688 1 24 1.000000
0  35.062500 -45.386894 0.420813  0.999969 0.002564 -0.000763  2.648438 -0.304688 1 24 1.000000
0  35.062500 -45.407127 4.813169  0.959532 -0.001404 0.281503  2.648438 0.832031 1 24 1.000000
out70_kabe04_1
0  35.062500 -45.407127 4.813169  0.959532 -0.001404 0.281503  2.648438 0.832031 1 24 1.000000
0  34.570312 -46.925262 4.814932  0.774316 -0.565722 0.283395  1.316406 0.832031 1 24 1.000000
0  34.570312 -46.905037 0.422575  0.811304 -0.584582 -0.002686  1.316406 -0.304688 1 24 1.000000
out70_kabe04_1
0  33.281250 -47.856609 0.406313  0.310099 -0.950682 -0.000580  1.316406 -0.304688 1 24 1.000000
0  34.570312 -46.905037 0.422575  0.811304 -0.584582 -0.002686  2.648438 -0.304688 1 24 1.000000
0  34.570312 -46.925262 4.814932  0.774316 -0.565722 0.283395  2.648438 0.832031 1 24 1.000000
out70_kabe04_1
0  34.570312 -46.925262 4.814932  0.774316 -0.565722 0.283395  2.648438 0.832031 1 24 1.000000
0  33.281250 -47.850037 4.818176  0.293741 -0.912107 0.285867  1.316406 0.832031 1 24 1.000000
0  33.281250 -47.856609 0.406313  0.310099 -0.950682 -0.000580  1.316406 -0.304688 1 24 1.000000
out70_kabe04_1
0  31.687500 -47.856609 0.406313  -0.311502 -0.950224 0.001404  1.316406 -0.304688 1 24 1.000000
0  33.281250 -47.856609 0.406313  0.310099 -0.950682 -0.000580  2.648438 -0.304688 1 24 1.000000
0  33.281250 -47.850037 4.818176  0.293741 -0.912107 0.285867  2.648438 0.832031 1 24 1.000000
out70_kabe04_1
0  33.281250 -47.850037 4.818176  0.293741 -0.912107 0.285867  2.648438 0.832031 1 24 1.000000
0  31.687500 -47.850037 4.818176  -0.294717 -0.912046 0.285073  1.316406 0.832031 1 24 1.000000
0  31.687500 -47.856609 0.406313  -0.311502 -0.950224 0.001404  1.316406 -0.304688 1 24 1.000000
out70_kabe04_1
0  30.398438 -46.905037 0.422575  -0.810419 -0.585803 -0.000671  1.316406 -0.304688 1 24 1.000000
0  31.687500 -47.856609 0.406313  -0.311502 -0.950224 0.001404  2.648438 -0.304688 1 24 1.000000
0  31.687500 -47.850037 4.818176  -0.294717 -0.912046 0.285073  2.648438 0.832031 1 24 1.000000
out70_kabe04_1
0  31.687500 -47.850037 4.818176  -0.294717 -0.912046 0.285073  2.648438 0.832031 1 24 1.000000
0  30.398438 -46.925262 4.814932  -0.774041 -0.566332 0.282937  1.316406 0.832031 1 24 1.000000
0  30.398438 -46.905037 0.422575  -0.810419 -0.585803 -0.000671  1.316406 -0.304688 1 24 1.000000
out70_kabe04_1
0  29.906250 -45.386894 0.420813  -0.999969 0.003143 0.000000  1.316406 -0.304688 1 24 1.000000
0  30.398438 -46.905037 0.422575  -0.810419 -0.585803 -0.000671  2.648438 -0.304688 1 24 1.000000
0  30.398438 -46.925262 4.814932  -0.774041 -0.566332 0.282937  2.648438 0.832031 1 24 1.000000
out70_kabe04_1
0  30.398438 -46.925262 4.814932  -0.774041 -0.566332 0.282937  2.648438 0.832031 1 24 1.000000
0  29.906250 -45.407127 4.813169  -0.952116 0.005890 0.305582  1.316406 0.832031 1 24 1.000000
0  29.906250 -45.386894 0.420813  -0.999969 0.003143 0.000000  1.316406 -0.304688 1 24 1.000000
out70_kabe04_1
0  30.398438 -43.891911 0.422696  -0.809839 0.586627 -0.000092  1.316406 -0.304688 1 24 1.000000
0  29.906250 -45.386894 0.420813  -0.999969 0.003143 0.000000  2.648438 -0.304688 1 24 1.000000
0  29.906250 -45.407127 4.813169  -0.952116 0.005890 0.305582  2.648438 0.832031 1 24 1.000000
out70_kabe04_1
0  29.906250 -45.407127 4.813169  -0.952116 0.005890 0.305582  2.648438 0.832031 1 24 1.000000
0  30.398438 -43.885338 4.834559  -0.779290 0.552110 0.296365  1.316406 0.832031 1 24 1.000000
0  30.398438 -43.891911 0.422696  -0.809839 0.586627 -0.000092  1.316406 -0.304688 1 24 1.000000
out70_kabe04_1
0  31.687500 -42.943985 0.415806  -0.311380 0.950255 -0.001404  1.316406 -0.304688 1 24 1.000000
0  30.398438 -43.891911 0.422696  -0.809839 0.586627 -0.000092  2.648438 -0.304688 1 24 1.000000
0  30.398438 -43.885338 4.834559  -0.779290 0.552110 0.296365  2.648438 0.832031 1 24 1.000000
out70_kabe04_1
0  30.398438 -43.885338 4.834559  -0.779290 0.552110 0.296365  2.648438 0.832031 1 24 1.000000
0  31.687500 -42.937416 4.827670  -0.296823 0.909909 0.289712  1.316406 0.832031 1 24 1.000000
0  31.687500 -42.943985 0.415806  -0.311380 0.950255 -0.001404  1.316406 -0.304688 1 24 1.000000
out70_kabe04_1
0  33.281250 -42.943985 0.415806  0.311411 0.950255 -0.001404  1.316406 -0.304688 1 24 1.000000
0  31.687500 -42.943985 0.415806  -0.311380 0.950255 -0.001404  2.648438 -0.304688 1 24 1.000000
0  31.687500 -42.937416 4.827670  -0.296823 0.909909 0.289712  2.648438 0.832031 1 24 1.000000
out70_kabe04_1
0  31.687500 -42.937416 4.827670  -0.296823 0.909909 0.289712  2.648438 0.832031 1 24 1.000000
0  33.281250 -42.937416 4.827670  0.297433 0.909452 0.290506  1.316406 0.832031 1 24 1.000000
0  33.281250 -42.943985 0.415806  0.311411 0.950255 -0.001404  1.316406 -0.304688 1 24 1.000000
out70_kabe04_1
0  34.570312 -43.891911 0.422696  0.809503 0.587085 -0.000855  1.316406 -0.304688 1 24 1.000000
0  33.281250 -42.943985 0.415806  0.311411 0.950255 -0.001404  2.648438 -0.304688 1 24 1.000000
0  33.281250 -42.937416 4.827670  0.297433 0.909452 0.290506  2.648438 0.832031 1 24 1.000000
out70_kabe04_1
0  33.281250 -42.937416 4.827670  0.297433 0.909452 0.290506  2.648438 0.832031 1 24 1.000000
0  34.570312 -43.885338 4.834559  0.775994 0.560167 0.289834  1.316406 0.832031 1 24 1.000000
0  34.570312 -43.891911 0.422696  0.809503 0.587085 -0.000855  1.316406 -0.304688 1 24 1.000000
out70_kabe04_1
0  28.078123 -44.394947 -10.909954  0.886837 -0.454787 -0.081393  1.968750 0.652344 1 24 1.000000
0  32.390625 -44.406445 -15.202415  0.000885 -0.569506 0.821955  2.097656 0.652344 1 24 1.000000
0  32.390625 -36.231003 -9.538052  0.000885 -0.987426 -0.157933  2.035156 0.652344 1 24 1.000000
out70_kabe04_1
0  32.390625 -47.990829 -7.378164  0.000305 -0.180639 -0.983520  1.968750 0.652344 1 24 1.000000
0  29.320312 -46.806263 -7.991716  0.378918 -0.240669 -0.893551  2.097656 0.652344 1 24 1.000000
0  32.390625 -36.231003 -9.538052  0.000885 -0.987426 -0.157933  2.035156 0.652344 1 24 1.000000
out70_kabe04_1
0  29.320312 -46.806263 -7.991716  0.378918 -0.240669 -0.893551  1.968750 0.652344 1 24 1.000000
0  28.078123 -44.394947 -10.909954  0.886837 -0.454787 -0.081393  2.097656 0.652344 1 24 1.000000
0  32.390625 -36.231003 -9.538052  0.000885 -0.987426 -0.157933  2.035156 0.652344 1 24 1.000000
out70_kabe04_1
0  32.390625 -44.406445 -15.202415  0.000885 -0.569506 0.821955  1.968750 0.652344 1 24 1.000000
0  36.726562 -44.394947 -10.909954  -0.885830 -0.456710 -0.081820  2.097656 0.652344 1 24 1.000000
0  32.390625 -36.231003 -9.538052  0.000885 -0.987426 -0.157933  2.035156 0.652344 1 24 1.000000
out70_kabe04_1
0  35.484375 -46.806263 -7.991716  -0.378491 -0.241371 -0.893551  1.968750 0.652344 1 24 1.000000
0  32.390625 -47.990829 -7.378164  0.000305 -0.180639 -0.983520  2.097656 0.652344 1 24 1.000000
0  32.390625 -36.231003 -9.538052  0.000885 -0.987426 -0.157933  2.035156 0.652344 1 24 1.000000
out70_kabe04_1
0  36.726562 -44.394947 -10.909954  -0.885830 -0.456710 -0.081820  1.968750 0.652344 1 24 1.000000
0  35.484375 -46.806263 -7.991716  -0.378491 -0.241371 -0.893551  2.097656 0.652344 1 24 1.000000
0  32.390625 -36.231003 -9.538052  0.000885 -0.987426 -0.157933  2.035156 0.652344 1 24 1.000000
out70_kabe04_1
0  31.546875 -52.083862 1.736156  -0.397504 -0.686087 0.609272  2.062500 0.974609 1 24 1.000000
0  33.445312 -52.083862 1.736156  0.397504 -0.686087 0.609272  2.230469 0.974609 1 24 1.000000
0  32.484375 -50.446320 1.739320  0.000000 -0.001923 0.999969  2.156250 1.250000 1 24 1.000000
out70_kabe04_1
0  34.382812 -50.446320 1.739320  0.791986 -0.000488 0.610492  2.062500 0.974609 1 24 1.000000
0  33.445312 -48.808777 1.742485  0.397595 0.685263 0.610157  2.230469 0.974609 1 24 1.000000
0  32.484375 -50.446320 1.739320  0.000000 -0.001923 0.999969  2.156250 1.250000 1 24 1.000000
out70_kabe04_1
0  33.445312 -52.083862 1.736156  0.397504 -0.686087 0.609272  2.062500 0.974609 1 24 1.000000
0  34.382812 -50.446320 1.739320  0.791986 -0.000488 0.610492  2.230469 0.974609 1 24 1.000000
0  32.484375 -50.446320 1.739320  0.000000 -0.001923 0.999969  2.156250 1.250000 1 24 1.000000
out70_kabe04_1
0  30.609375 -50.446320 1.739320  -0.791986 -0.000488 0.610492  2.062500 0.974609 1 24 1.000000
0  31.546875 -52.083862 1.736156  -0.397504 -0.686087 0.609272  2.230469 0.974609 1 24 1.000000
0  32.484375 -50.446320 1.739320  0.000000 -0.001923 0.999969  2.156250 1.250000 1 24 1.000000
out70_kabe04_1
0  31.546875 -48.808777 1.742485  -0.397595 0.685263 0.610157  2.062500 0.974609 1 24 1.000000
0  30.609375 -50.446320 1.739320  -0.791986 -0.000488 0.610492  2.230469 0.974609 1 24 1.000000
0  32.484375 -50.446320 1.739320  0.000000 -0.001923 0.999969  2.156250 1.250000 1 24 1.000000
out70_kabe04_1
0  33.445312 -48.808777 1.742485  0.397595 0.685263 0.610157  2.062500 0.974609 1 24 1.000000
0  31.546875 -48.808777 1.742485  -0.397595 0.685263 0.610157  2.230469 0.974609 1 24 1.000000
0  32.484375 -50.446320 1.739320  0.000000 -0.001923 0.999969  2.156250 1.250000 1 24 1.000000
out70_kabe04_1
0  34.312500 -45.401520 5.903648  0.616901 0.002441 0.787011  0.914062 0.507812 1 24 1.000000
0  33.960938 -44.334190 5.901686  0.493942 0.361614 0.790704  0.816406 0.507812 1 24 1.000000
0  32.484375 -45.398067 6.377611  -0.014924 0.001068 0.999878  0.867188 1.001953 1 24 1.000000
out70_kabe04_1
0  33.960938 -46.468845 5.905611  0.493515 -0.362621 0.790521  0.957031 0.507812 1 24 1.000000
0  34.312500 -45.401520 5.903648  0.616901 0.002441 0.787011  1.054688 0.507812 1 24 1.000000
0  32.484375 -45.398067 6.377611  -0.014924 0.001068 0.999878  1.003906 1.001953 1 24 1.000000
out70_kabe04_1
0  33.046875 -47.135307 5.891912  0.186438 -0.586993 0.787805  0.957031 0.507812 1 24 1.000000
0  33.960938 -46.468845 5.905611  0.493515 -0.362621 0.790521  1.054688 0.507812 1 24 1.000000
0  32.484375 -45.398067 6.377611  -0.014924 0.001068 0.999878  1.003906 1.001953 1 24 1.000000
out70_kabe04_1
0  31.921875 -47.135307 5.891912  -0.186773 -0.587054 0.787683  0.957031 0.507812 1 24 1.000000
0  33.046875 -47.135307 5.891912  0.186438 -0.586993 0.787805  1.054688 0.507812 1 24 1.000000
0  32.484375 -45.398067 6.377611  -0.014924 0.001068 0.999878  1.003906 1.001953 1 24 1.000000
out70_kabe04_1
0  31.007812 -46.468845 5.905611  -0.502945 -0.324564 0.801019  0.957031 0.507812 1 24 1.000000
0  31.921875 -47.135307 5.891912  -0.186773 -0.587054 0.787683  1.054688 0.507812 1 24 1.000000
0  32.484375 -45.398067 6.377611  -0.014924 0.001068 0.999878  1.003906 1.001953 1 24 1.000000
out70_kabe04_1
0  30.679688 -45.400238 5.761095  -0.624287 0.020325 0.780908  0.816406 0.507812 1 24 1.000000
0  31.007812 -46.468845 5.905611  -0.502945 -0.324564 0.801019  0.914062 0.507812 1 24 1.000000
0  32.484375 -45.398067 6.377611  -0.014924 0.001068 0.999878  0.867188 1.001953 1 24 1.000000
out70_kabe04_1
0  31.007812 -44.334190 5.901686  -0.517380 0.315012 0.795648  0.773438 0.507812 1 24 1.000000
0  30.679688 -45.400238 5.761095  -0.624287 0.020325 0.780908  0.871094 0.507812 1 24 1.000000
0  32.484375 -45.398067 6.377611  -0.014924 0.001068 0.999878  0.824219 1.001953 1 24 1.000000
out70_kabe04_1
0  31.921875 -43.671368 5.892233  -0.185339 0.580340 0.792962  0.773438 0.507812 1 24 1.000000
0  31.007812 -44.334190 5.901686  -0.517380 0.315012 0.795648  0.871094 0.507812 1 24 1.000000
0  32.484375 -45.398067 6.377611  -0.014924 0.001068 0.999878  0.824219 1.001953 1 24 1.000000
out70_kabe04_1
0  33.046875 -43.671368 5.892233  0.187170 0.580676 0.792291  0.773438 0.507812 1 24 1.000000
0  31.921875 -43.671368 5.892233  -0.185339 0.580340 0.792962  0.871094 0.507812 1 24 1.000000
0  32.484375 -45.398067 6.377611  -0.014924 0.001068 0.999878  0.824219 1.001953 1 24 1.000000
out70_kabe04_1
0  33.960938 -44.334190 5.901686  0.493942 0.361614 0.790704  0.773438 0.507812 1 24 1.000000
0  33.046875 -43.671368 5.892233  0.187170 0.580676 0.792291  0.871094 0.507812 1 24 1.000000
0  32.484375 -45.398067 6.377611  -0.014924 0.001068 0.999878  0.824219 1.001953 1 24 1.000000
out70_mast00_1
0  22.992188 -21.843655 44.473114  0.000000 -0.990997 -0.133763  1.000000 0.000000 1 24 1.000000
0  21.585938 -20.770357 36.522259  0.001282 -0.990875 -0.134739  1.000000 1.000000 1 24 1.000000
0  27.679688 -21.843655 44.473114  0.000366 -0.990844 -0.134800  0.000000 0.000000 1 24 1.000000
out70_mast00_1
0  27.679688 -21.843655 44.473114  0.000366 -0.990844 -0.134800  0.000000 0.000000 1 24 1.000000
0  21.585938 -20.770357 36.522259  0.001282 -0.990875 -0.134739  1.000000 1.000000 1 24 1.000000
0  27.117188 -20.874300 37.369007  0.000458 -0.990844 -0.134831  0.000000 1.000000 1 24 1.000000
out70_mast00_1
0  27.679688 -21.843655 44.473114  0.000366 -0.990844 -0.134800  0.000000 0.000000 1 24 1.000000
0  27.117188 -20.874300 37.369007  0.000458 -0.990844 -0.134831  0.000000 1.000000 1 24 1.000000
0  32.390625 -21.843655 44.473114  -0.000366 -0.990936 -0.134190  1.000000 0.000000 1 24 1.000000
out70_mast00_1
0  32.390625 -21.843655 44.473114  -0.000366 -0.990936 -0.134190  1.000000 0.000000 1 24 1.000000
0  27.117188 -20.874300 37.369007  0.000458 -0.990844 -0.134831  0.000000 1.000000 1 24 1.000000
0  32.390625 -20.770357 36.522259  -0.000275 -0.990936 -0.134159  1.000000 1.000000 1 24 1.000000
out70_mast00_1
0  32.390625 -21.843655 44.473114  -0.000366 -0.990936 -0.134190  1.000000 0.000000 1 24 1.000000
0  32.390625 -20.770357 36.522259  -0.000275 -0.990936 -0.134159  1.000000 1.000000 1 24 1.000000
0  37.078125 -21.843655 44.473114  0.000397 -0.990875 -0.134678  0.000000 0.000000 1 24 1.000000
out70_mast00_1
0  37.078125 -21.843655 44.473114  0.000397 -0.990875 -0.134678  0.000000 0.000000 1 24 1.000000
0  32.390625 -20.770357 36.522259  -0.000275 -0.990936 -0.134159  1.000000 1.000000 1 24 1.000000
0  37.664062 -20.874300 37.369007  0.000336 -0.990875 -0.134709  0.000000 1.000000 1 24 1.000000
out70_mast00_1
0  37.078125 -21.843655 44.473114  0.000397 -0.990875 -0.134678  0.000000 0.000000 1 24 1.000000
0  37.664062 -20.874300 37.369007  0.000336 -0.990875 -0.134709  0.000000 1.000000 1 24 1.000000
0  41.789062 -21.843655 44.473114  -0.000732 -0.990875 -0.134739  1.000000 0.000000 1 24 1.000000
out70_mast00_1
0  41.789062 -21.843655 44.473114  -0.000732 -0.990875 -0.134739  1.000000 0.000000 1 24 1.000000
0  37.664062 -20.874300 37.369007  0.000336 -0.990875 -0.134709  0.000000 1.000000 1 24 1.000000
0  43.195312 -20.770357 36.522259  -0.001892 -0.990936 -0.134098  1.000000 1.000000 1 24 1.000000
out70_mast00_1
0  21.328123 -20.627405 35.621918  0.000000 -0.990905 -0.134342  1.000000 0.000000 1 24 1.000000
0  19.687500 -18.980810 23.476324  -0.001373 -0.991028 -0.133518  1.000000 1.000000 1 24 1.000000
0  26.929688 -20.627405 35.621918  -0.000275 -0.991028 -0.133610  0.000000 0.000000 1 24 1.000000
out70_mast00_1
0  26.929688 -20.627405 35.621918  -0.000275 -0.991028 -0.133610  0.000000 0.000000 1 24 1.000000
0  19.687500 -18.980810 23.476324  -0.001373 -0.991028 -0.133518  1.000000 1.000000 1 24 1.000000
0  26.039064 -19.107904 24.326715  -0.000397 -0.991028 -0.133580  0.000000 1.000000 1 24 1.000000
out70_mast00_1
0  26.929688 -20.627405 35.621918  -0.000275 -0.991028 -0.133610  0.000000 0.000000 1 24 1.000000
0  26.039064 -19.107904 24.326715  -0.000397 -0.991028 -0.133580  0.000000 1.000000 1 24 1.000000
0  32.390625 -20.627405 35.621918  0.000275 -0.990966 -0.133976  1.000000 0.000000 1 24 1.000000
out70_mast00_1
0  32.390625 -20.627405 35.621918  0.000275 -0.990966 -0.133976  1.000000 0.000000 1 24 1.000000
0  26.039064 -19.107904 24.326715  -0.000397 -0.991028 -0.133580  0.000000 1.000000 1 24 1.000000
0  32.390625 -18.980810 23.476324  0.000214 -0.990966 -0.134007  1.000000 1.000000 1 24 1.000000
out70_mast00_1
0  32.390625 -20.627405 35.621918  0.000275 -0.990966 -0.133976  1.000000 0.000000 1 24 1.000000
0  32.390625 -18.980810 23.476324  0.000214 -0.990966 -0.134007  1.000000 1.000000 1 24 1.000000
0  37.851562 -20.627405 35.621918  -0.000305 -0.990997 -0.133702  0.000000 0.000000 1 24 1.000000
out70_mast00_1
0  37.851562 -20.627405 35.621918  -0.000305 -0.990997 -0.133702  0.000000 0.000000 1 24 1.000000
0  32.390625 -18.980810 23.476324  0.000214 -0.990966 -0.134007  1.000000 1.000000 1 24 1.000000
0  38.742188 -19.107904 24.326715  -0.000183 -0.990997 -0.133671  0.000000 1.000000 1 24 1.000000
out70_mast00_1
0  37.851562 -20.627405 35.621918  -0.000305 -0.990997 -0.133702  0.000000 0.000000 1 24 1.000000
0  38.742188 -19.107904 24.326715  -0.000183 -0.990997 -0.133671  0.000000 1.000000 1 24 1.000000
0  43.429688 -20.627405 35.621918  0.000549 -0.991028 -0.133549  1.000000 0.000000 1 24 1.000000
out70_mast00_1
0  43.429688 -20.627405 35.621918  0.000549 -0.991028 -0.133549  1.000000 0.000000 1 24 1.000000
0  38.742188 -19.107904 24.326715  -0.000183 -0.990997 -0.133671  0.000000 1.000000 1 24 1.000000
0  45.093750 -18.980810 23.476324  0.001862 -0.990966 -0.134068  1.000000 1.000000 1 24 1.000000
out70_mast00_1
0  19.406250 -18.873224 22.652725  0.000000 -0.990905 -0.134526  1.000000 0.000000 1 24 1.000000
0  17.460938 -17.082394 9.464242  0.000183 -0.990875 -0.134648  1.000000 1.000000 1 24 1.000000
0  25.898438 -18.873224 22.652725  0.000031 -0.990875 -0.134648  0.000000 0.000000 1 24 1.000000
out70_mast00_1
0  25.898438 -18.873224 22.652725  0.000031 -0.990875 -0.134648  0.000000 0.000000 1 24 1.000000
0  17.460938 -17.082394 9.464242  0.000183 -0.990875 -0.134648  1.000000 1.000000 1 24 1.000000
0  24.914064 -17.235203 10.603387  0.000031 -0.990875 -0.134648  0.000000 1.000000 1 24 1.000000
out70_mast00_1
0  25.898438 -18.873224 22.652725  0.000031 -0.990875 -0.134648  0.000000 0.000000 1 24 1.000000
0  24.914064 -17.235203 10.603387  0.000031 -0.990875 -0.134648  0.000000 1.000000 1 24 1.000000
0  32.390625 -18.873224 22.652725  -0.000031 -0.990875 -0.134587  1.000000 0.000000 1 24 1.000000
out70_mast00_1
0  32.390625 -18.873224 22.652725  -0.000031 -0.990875 -0.134587  1.000000 0.000000 1 24 1.000000
0  24.914064 -17.235203 10.603387  0.000031 -0.990875 -0.134648  0.000000 1.000000 1 24 1.000000
0  32.390625 -17.082394 9.464242  -0.000031 -0.990875 -0.134587  1.000000 1.000000 1 24 1.000000
out70_mast00_1
0  32.390625 -18.873224 22.652725  -0.000031 -0.990875 -0.134587  1.000000 0.000000 1 24 1.000000
0  32.390625 -17.082394 9.464242  -0.000031 -0.990875 -0.134587  1.000000 1.000000 1 24 1.000000
0  38.882812 -18.873224 22.652725  0.000031 -0.990875 -0.134617  0.000000 0.000000 1 24 1.000000
out70_mast00_1
0  38.882812 -18.873224 22.652725  0.000031 -0.990875 -0.134617  0.000000 0.000000 1 24 1.000000
0  32.390625 -17.082394 9.464242  -0.000031 -0.990875 -0.134587  1.000000 1.000000 1 24 1.000000
0  39.843750 -17.235203 10.603387  0.000031 -0.990875 -0.134648  0.000000 1.000000 1 24 1.000000
out70_mast00_1
0  38.882812 -18.873224 22.652725  0.000031 -0.990875 -0.134617  0.000000 0.000000 1 24 1.000000
0  39.843750 -17.235203 10.603387  0.000031 -0.990875 -0.134648  0.000000 1.000000 1 24 1.000000
0  45.375004 -18.873224 22.652725  -0.000061 -0.990875 -0.134648  1.000000 0.000000 1 24 1.000000
out70_mast00_1
0  45.375004 -18.873224 22.652725  -0.000061 -0.990875 -0.134648  1.000000 0.000000 1 24 1.000000
0  39.843750 -17.235203 10.603387  0.000031 -0.990875 -0.134648  0.000000 1.000000 1 24 1.000000
0  47.320312 -17.082394 9.464242  -0.000244 -0.990875 -0.134587  1.000000 1.000000 1 24 1.000000
h_mado_1
0  29.156250 -5.665828 -1.657199  0.000000 -0.999969 -0.001251  -5.226562 -0.125000 1 24 1.000000
0  35.507812 -5.665828 -1.657199  0.000000 -0.999969 -0.001251  2.125000 -0.125000 1 24 1.000000
0  35.507812 -5.667711 -0.162211  0.000000 -0.999969 -0.001251  2.125000 1.085938 1 24 1.000000
h_mado_1
0  35.507812 -5.667711 -0.162211  0.000000 -0.999969 -0.001251  2.125000 1.085938 1 24 1.000000
0  29.156250 -5.667711 -0.162211  0.000000 -0.999969 -0.001251  -5.226562 1.085938 1 24 1.000000
0  29.156250 -5.665828 -1.657199  0.000000 -0.999969 -0.001251  -5.226562 -0.125000 1 24 1.000000
h_mado_1
0  28.640623 -41.833199 -1.419843  0.000000 0.999969 0.001251  -4.675781 -0.125000 1 24 1.000000
0  28.640623 -41.835083 0.075145  0.000000 0.999969 0.001251  -4.675781 1.085938 1 24 1.000000
0  36.117188 -41.835083 0.075145  0.000000 0.999969 0.001251  2.125000 1.085938 1 24 1.000000
h_mado_1
0  36.117188 -41.835083 0.075145  0.000000 0.999969 0.001251  2.125000 1.085938 1 24 1.000000
0  36.117188 -41.833199 -1.419843  0.000000 0.999969 0.001251  2.125000 -0.125000 1 24 1.000000
0  28.640623 -41.833199 -1.419843  0.000000 0.999969 0.001251  -4.675781 -0.125000 1 24 1.000000
h_mado_1
0  24.468750 -35.968685 -4.858025  -0.999969 0.000000 0.000000  12.000000 -0.234375 1 24 1.000000
0  24.468750 -35.969208 -0.943276  -1.000000 0.000000 0.000000  12.000000 1.000000 1 24 1.000000
0  24.468750 -7.806893 -0.940507  -1.000000 0.000000 0.000000  0.316406 1.000000 1 24 1.000000
h_mado_1
0  24.468750 -7.806893 -0.940507  -1.000000 0.000000 0.000000  0.316406 1.000000 1 24 1.000000
0  24.468750 -7.806371 -4.855257  -0.999969 0.000000 0.000000  0.316406 -0.234375 1 24 1.000000
0  24.468750 -35.968685 -4.858025  -0.999969 0.000000 0.000000  12.000000 -0.234375 1 24 1.000000
h_mado_1
0  40.335938 -35.968685 -4.858025  1.000000 0.000000 0.000000  12.000000 -0.234375 1 24 1.000000
0  40.335938 -7.806371 -4.855257  0.999969 0.000000 0.000000  0.316406 -0.234375 1 24 1.000000
0  40.335938 -7.806893 -0.940507  1.000000 0.000000 0.000000  0.316406 1.000000 1 24 1.000000
h_mado_1
0  40.335938 -7.806893 -0.940507  1.000000 0.000000 0.000000  0.316406 1.000000 1 24 1.000000
0  40.335938 -35.969208 -0.943276  1.000000 0.000000 0.000000  12.000000 1.000000 1 24 1.000000
0  40.335938 -35.968685 -4.858025  1.000000 0.000000 0.000000  12.000000 -0.234375 1 24 1.000000
azito_a_1_1
0  39.351562 0.656186 -3.696444  0.927000 0.292734 0.234352  0.787109 0.500000 1 24 1.000000
0  38.789062 0.238179 -3.488281  0.419721 -0.100375 0.902066  0.212891 0.000000 1 24 1.000000
0  40.804688 -5.736845 -3.615215  0.242927 0.020814 0.969787  0.750000 0.000000 1 24 1.000000
azito_a_1_1
0  40.804688 -5.736845 -3.615215  0.242927 0.020814 0.969787  0.750000 0.000000 1 24 1.000000
0  41.367188 -5.238449 -3.764857  0.875668 0.177129 0.449232  0.750000 0.500000 1 24 1.000000
0  39.351562 0.656186 -3.696444  0.927000 0.292734 0.234352  0.787109 0.500000 1 24 1.000000
azito_a_1_1
0  36.468750 5.728184 -0.414231  0.599567 0.501907 0.623341  0.349609 0.000000 1 24 1.000000
0  36.937500 6.023344 -1.101283  0.744591 0.640797 0.186834  0.355469 0.500000 1 24 1.000000
0  32.390625 9.676138 -1.106970  0.007263 0.992584 0.121311  0.787109 0.500000 1 24 1.000000
azito_a_1_1
0  32.390625 9.676138 -1.106970  0.007263 0.992584 0.121311  0.787109 0.500000 1 24 1.000000
0  32.390625 9.026417 -0.411547  -0.001495 0.730705 0.682669  0.787109 0.000000 1 24 1.000000
0  36.468750 5.728184 -0.414231  0.599567 0.501907 0.623341  0.349609 0.000000 1 24 1.000000
azito_a_1_1
0  36.937500 6.023344 -1.101283  0.744591 0.640797 0.186834  0.355469 0.500000 1 24 1.000000
0  36.468750 5.728184 -0.414231  0.599567 0.501907 0.623341  0.349609 0.000000 1 24 1.000000
0  37.101562 4.495152 -0.409906  0.687399 0.175634 0.704672  0.298828 0.000000 1 24 1.000000
azito_a_1_1
0  37.101562 4.495152 -0.409906  0.687399 0.175634 0.704672  0.298828 0.000000 1 24 1.000000
0  37.828125 4.505205 -1.099521  0.908231 0.239723 0.342936  0.298828 0.500000 1 24 1.000000
0  36.937500 6.023344 -1.101283  0.744591 0.640797 0.186834  0.355469 0.500000 1 24 1.000000
azito_a_1_1
0  40.804688 -42.915382 -3.621989  0.200537 -0.040010 0.978851  0.212891 0.000000 1 24 1.000000
0  41.367188 -43.411217 -3.757454  0.853908 -0.309244 0.418500  0.212891 0.500000 1 24 1.000000
0  41.367188 -5.238449 -3.764857  0.875668 0.177129 0.449232  0.750000 0.500000 1 24 1.000000
azito_a_1_1
0  41.367188 -5.238449 -3.764857  0.875668 0.177129 0.449232  0.750000 0.500000 1 24 1.000000
0  40.804688 -5.736845 -3.615215  0.242927 0.020814 0.969787  0.750000 0.000000 1 24 1.000000
0  40.804688 -42.915382 -3.621989  0.200537 -0.040010 0.978851  0.212891 0.000000 1 24 1.000000
azito_a_1_1
0  41.367188 -43.411217 -3.757454  0.853908 -0.309244 0.418500  0.787109 0.500000 1 24 1.000000
0  40.804688 -42.915382 -3.621989  0.200537 -0.040010 0.978851  0.787109 0.000000 1 24 1.000000
0  37.335938 -47.801212 -3.611977  0.126255 -0.137211 0.982452  0.212891 0.000000 1 24 1.000000
azito_a_1_1
0  37.335938 -47.801212 -3.611977  0.126255 -0.137211 0.982452  0.212891 0.000000 1 24 1.000000
0  37.476562 -48.774651 -3.767147  0.497208 -0.824061 0.271371  0.212891 0.500000 1 24 1.000000
0  41.367188 -43.411217 -3.757454  0.853908 -0.309244 0.418500  0.787109 0.500000 1 24 1.000000
azito_a_1_1
0  32.390625 -49.346146 -3.629721  -0.000092 -0.117344 0.993072  0.212891 0.000000 1 24 1.000000
0  32.390625 -50.481647 -3.759377  -0.001221 -0.966857 0.255226  0.212891 0.500000 1 24 1.000000
0  37.476562 -48.774651 -3.767147  0.497208 -0.824061 0.271371  0.787109 0.500000 1 24 1.000000
azito_a_1_1
0  37.476562 -48.774651 -3.767147  0.497208 -0.824061 0.271371  0.787109 0.500000 1 24 1.000000
0  37.335938 -47.801212 -3.611977  0.126255 -0.137211 0.982452  0.787109 0.000000 1 24 1.000000
0  32.390625 -49.346146 -3.629721  -0.000092 -0.117344 0.993072  0.212891 0.000000 1 24 1.000000
azito_a_1_1
0  38.765625 0.101354 -5.412210  0.833186 0.391675 -0.390301  0.787109 0.000000 1 24 1.000000
0  37.148441 4.501280 -3.234176  0.840449 0.470687 -0.268471  0.787109 0.000000 1 24 1.000000
0  37.828125 4.505205 -1.099521  0.908231 0.239723 0.342936  0.298828 0.500000 1 24 1.000000
azito_a_1_1
0  37.828125 4.505205 -1.099521  0.908231 0.239723 0.342936  0.298828 0.500000 1 24 1.000000
0  39.351562 0.656186 -3.696444  0.927000 0.292734 0.234352  0.212891 0.500000 1 24 1.000000
0  38.765625 0.101354 -5.412210  0.833186 0.391675 -0.390301  0.787109 0.000000 1 24 1.000000
azito_a_1_1
0  37.828125 4.505205 -1.099521  0.908231 0.239723 0.342936  0.298828 0.500000 1 24 1.000000
0  37.101562 4.495152 -0.409906  0.687399 0.175634 0.704672  0.298828 0.000000 1 24 1.000000
0  38.789062 0.238179 -3.488281  0.419721 -0.100375 0.902066  0.212891 0.000000 1 24 1.000000
azito_a_1_1
0  38.789062 0.238179 -3.488281  0.419721 -0.100375 0.902066  0.212891 0.000000 1 24 1.000000
0  39.351562 0.656186 -3.696444  0.927000 0.292734 0.234352  0.787109 0.500000 1 24 1.000000
0  37.828125 4.505205 -1.099521  0.908231 0.239723 0.342936  0.298828 0.500000 1 24 1.000000
azito_a_1_1
0  41.367188 -43.411217 -3.757454  0.853908 -0.309244 0.418500  0.212891 0.500000 1 24 1.000000
0  40.804688 -42.914585 -5.425235  0.880825 -0.257881 -0.396985  0.750000 1.000000 1 24 1.000000
0  40.921875 -5.974847 -5.428313  0.943144 0.121220 -0.309397  0.787109 1.000000 1 24 1.000000
azito_a_1_1
0  40.921875 -5.974847 -5.428313  0.943144 0.121220 -0.309397  0.787109 1.000000 1 24 1.000000
0  41.367188 -5.238449 -3.764857  0.875668 0.177129 0.449232  0.750000 0.500000 1 24 1.000000
0  41.367188 -43.411217 -3.757454  0.853908 -0.309244 0.418500  0.212891 0.500000 1 24 1.000000
azito_a_1_1
0  37.828125 4.505205 -1.099521  0.908231 0.239723 0.342936  0.298828 0.500000 1 24 1.000000
0  37.148441 4.501280 -3.234176  0.840449 0.470687 -0.268471  0.787109 0.000000 1 24 1.000000
0  36.468750 5.641707 -3.223922  0.709250 0.650594 -0.271432  0.750000 -0.003906 1 24 1.000000
azito_a_1_1
0  36.468750 5.641707 -3.223922  0.709250 0.650594 -0.271432  0.750000 -0.003906 1 24 1.000000
0  36.937500 6.023344 -1.101283  0.744591 0.640797 0.186834  0.355469 0.500000 1 24 1.000000
0  37.828125 4.505205 -1.099521  0.908231 0.239723 0.342936  0.298828 0.500000 1 24 1.000000
azito_a_1_1
0  36.937500 6.023344 -1.101283  0.744591 0.640797 0.186834  0.355469 0.500000 1 24 1.000000
0  36.468750 5.641707 -3.223922  0.709250 0.650594 -0.271432  0.750000 1.000000 1 24 1.000000
0  32.390625 8.581735 -3.236018  0.021577 0.896359 -0.442763  0.787109 1.000000 1 24 1.000000
azito_a_1_1
0  32.390625 8.581735 -3.236018  0.021577 0.896359 -0.442763  0.787109 1.000000 1 24 1.000000
0  32.390625 9.676138 -1.106970  0.007263 0.992584 0.121311  0.787109 0.500000 1 24 1.000000
0  36.937500 6.023344 -1.101283  0.744591 0.640797 0.186834  0.355469 0.500000 1 24 1.000000
azito_a_1_1
0  40.921875 -5.974847 -5.428313  0.943144 0.121220 -0.309397  0.750000 1.000000 1 24 1.000000
0  38.765625 0.101354 -5.412210  0.833186 0.391675 -0.390301  0.787109 1.000000 1 24 1.000000
0  39.351562 0.656186 -3.696444  0.927000 0.292734 0.234352  0.787109 0.500000 1 24 1.000000
azito_a_1_1
0  39.351562 0.656186 -3.696444  0.927000 0.292734 0.234352  0.787109 0.500000 1 24 1.000000
0  41.367188 -5.238449 -3.764857  0.875668 0.177129 0.449232  0.750000 0.500000 1 24 1.000000
0  40.921875 -5.974847 -5.428313  0.943144 0.121220 -0.309397  0.750000 1.000000 1 24 1.000000
azito_a_1_1
0  32.390625 -50.481647 -3.759377  -0.001221 -0.966857 0.255226  0.212891 0.500000 1 24 1.000000
0  32.390625 -48.582630 -5.410697  -0.001312 -0.656545 -0.754265  0.750000 1.000000 1 24 1.000000
0  37.406250 -46.921940 -5.411177  0.464278 -0.577593 -0.671407  0.787109 1.000000 1 24 1.000000
azito_a_1_1
0  37.406250 -46.921940 -5.411177  0.464278 -0.577593 -0.671407  0.787109 1.000000 1 24 1.000000
0  37.476562 -48.774651 -3.767147  0.497208 -0.824061 0.271371  0.787109 0.500000 1 24 1.000000
0  32.390625 -50.481647 -3.759377  -0.001221 -0.966857 0.255226  0.212891 0.500000 1 24 1.000000
azito_a_1_1
0  37.476562 -48.774651 -3.767147  0.497208 -0.824061 0.271371  0.212891 0.500000 1 24 1.000000
0  37.406250 -46.921940 -5.411177  0.464278 -0.577593 -0.671407  0.750000 1.000000 1 24 1.000000
0  40.804688 -42.914585 -5.425235  0.880825 -0.257881 -0.396985  0.787109 1.000000 1 24 1.000000
azito_a_1_1
0  40.804688 -42.914585 -5.425235  0.880825 -0.257881 -0.396985  0.787109 1.000000 1 24 1.000000
0  41.367188 -43.411217 -3.757454  0.853908 -0.309244 0.418500  0.787109 0.500000 1 24 1.000000
0  37.476562 -48.774651 -3.767147  0.497208 -0.824061 0.271371  0.212891 0.500000 1 24 1.000000
azito_a_1_1
0  27.632812 4.501280 -3.234176  -0.821162 0.498733 -0.277291  0.787109 0.000000 1 24 1.000000
0  26.039064 0.101354 -5.412210  -0.836390 0.371624 -0.402844  0.787109 0.000000 1 24 1.000000
0  25.453123 0.656186 -3.696444  -0.937529 0.246895 0.245003  0.212891 0.500000 1 24 1.000000
azito_a_1_1
0  25.453123 0.656186 -3.696444  -0.937529 0.246895 0.245003  0.212891 0.500000 1 24 1.000000
0  26.976564 4.505205 -1.099521  -0.902463 0.243294 0.355449  0.298828 0.500000 1 24 1.000000
0  27.632812 4.501280 -3.234176  -0.821162 0.498733 -0.277291  0.787109 0.000000 1 24 1.000000
azito_a_1_1
0  28.335938 5.728184 -0.414231  -0.600299 0.500992 0.623371  0.349609 0.000000 1 24 1.000000
0  32.390625 9.026417 -0.411547  -0.001495 0.730705 0.682669  0.787109 0.000000 1 24 1.000000
0  32.390625 9.676138 -1.106970  0.007263 0.992584 0.121311  0.787109 0.500000 1 24 1.000000
azito_a_1_1
0  32.390625 9.676138 -1.106970  0.007263 0.992584 0.121311  0.787109 0.500000 1 24 1.000000
0  27.867188 6.023344 -1.101283  -0.748955 0.632954 0.195929  0.355469 0.500000 1 24 1.000000
0  28.335938 5.728184 -0.414231  -0.600299 0.500992 0.623371  0.349609 0.000000 1 24 1.000000
azito_a_1_1
0  27.867188 6.023344 -1.101283  -0.748955 0.632954 0.195929  0.355469 0.500000 1 24 1.000000
0  26.976564 4.505205 -1.099521  -0.902463 0.243294 0.355449  0.298828 0.500000 1 24 1.000000
0  27.703123 4.495152 -0.409906  -0.687399 0.175665 0.704672  0.298828 0.000000 1 24 1.000000
azito_a_1_1
0  27.703123 4.495152 -0.409906  -0.687399 0.175665 0.704672  0.298828 0.000000 1 24 1.000000
0  28.335938 5.728184 -0.414231  -0.600299 0.500992 0.623371  0.349609 0.000000 1 24 1.000000
0  27.867188 6.023344 -1.101283  -0.748955 0.632954 0.195929  0.355469 0.500000 1 24 1.000000
azito_a_1_1
0  26.976564 4.505205 -1.099521  -0.902463 0.243294 0.355449  0.298828 0.500000 1 24 1.000000
0  25.453123 0.656186 -3.696444  -0.937529 0.246895 0.245003  0.787109 0.500000 1 24 1.000000
0  26.015623 0.238179 -3.488281  -0.414380 -0.096957 0.904904  0.212891 0.000000 1 24 1.000000
azito_a_1_1
0  26.015623 0.238179 -3.488281  -0.414380 -0.096957 0.904904  0.212891 0.000000 1 24 1.000000
0  27.703123 4.495152 -0.409906  -0.687399 0.175665 0.704672  0.298828 0.000000 1 24 1.000000
0  26.976564 4.505205 -1.099521  -0.902463 0.243294 0.355449  0.298828 0.500000 1 24 1.000000
azito_a_1_1
0  23.437500 -5.238449 -3.764857  -0.878323 0.175665 0.444594  0.750000 0.500000 1 24 1.000000
0  24.000000 -5.736845 -3.615215  -0.242531 0.017457 0.969970  0.750000 0.000000 1 24 1.000000
0  26.015623 0.238179 -3.488281  -0.414380 -0.096957 0.904904  0.212891 0.000000 1 24 1.000000
azito_a_1_1
0  26.015623 0.238179 -3.488281  -0.414380 -0.096957 0.904904  0.212891 0.000000 1 24 1.000000
0  25.453123 0.656186 -3.696444  -0.937529 0.246895 0.245003  0.787109 0.500000 1 24 1.000000
0  23.437500 -5.238449 -3.764857  -0.878323 0.175665 0.444594  0.750000 0.500000 1 24 1.000000
azito_a_1_1
0  24.000000 -42.915382 -3.621989  -0.200537 -0.040010 0.978851  0.212891 0.000000 1 24 1.000000
0  24.000000 -5.736845 -3.615215  -0.242531 0.017457 0.969970  0.750000 0.000000 1 24 1.000000
0  23.437500 -5.238449 -3.764857  -0.878323 0.175665 0.444594  0.750000 0.500000 1 24 1.000000
azito_a_1_1
0  23.437500 -5.238449 -3.764857  -0.878323 0.175665 0.444594  0.750000 0.500000 1 24 1.000000
0  23.437500 -43.411217 -3.757454  -0.850520 -0.331492 0.408277  0.212891 0.500000 1 24 1.000000
0  24.000000 -42.915382 -3.621989  -0.200537 -0.040010 0.978851  0.212891 0.000000 1 24 1.000000
azito_a_1_1
0  23.437500 -43.411217 -3.757454  -0.850520 -0.331492 0.408277  0.787109 0.500000 1 24 1.000000
0  27.328123 -48.774651 -3.767147  -0.510300 -0.817164 0.267922  0.212891 0.500000 1 24 1.000000
0  27.468750 -47.801212 -3.611977  -0.126377 -0.137211 0.982421  0.212891 0.000000 1 24 1.000000
azito_a_1_1
0  27.468750 -47.801212 -3.611977  -0.126377 -0.137211 0.982421  0.212891 0.000000 1 24 1.000000
0  24.000000 -42.915382 -3.621989  -0.200537 -0.040010 0.978851  0.787109 0.000000 1 24 1.000000
0  23.437500 -43.411217 -3.757454  -0.850520 -0.331492 0.408277  0.787109 0.500000 1 24 1.000000
azito_a_1_1
0  32.390625 -49.346146 -3.629721  -0.000092 -0.117344 0.993072  0.212891 0.000000 1 24 1.000000
0  27.468750 -47.801212 -3.611977  -0.126377 -0.137211 0.982421  0.787109 0.000000 1 24 1.000000
0  27.328123 -48.774651 -3.767147  -0.510300 -0.817164 0.267922  0.787109 0.500000 1 24 1.000000
azito_a_1_1
0  27.328123 -48.774651 -3.767147  -0.510300 -0.817164 0.267922  0.787109 0.500000 1 24 1.000000
0  32.390625 -50.481647 -3.759377  -0.001221 -0.966857 0.255226  0.212891 0.500000 1 24 1.000000
0  32.390625 -49.346146 -3.629721  -0.000092 -0.117344 0.993072  0.212891 0.000000 1 24 1.000000
azito_a_1_1
0  26.039064 0.101354 -5.412210  -0.836390 0.371624 -0.402844  0.787109 1.000000 1 24 1.000000
0  23.882812 -5.974847 -5.428313  -0.943968 0.121860 -0.306650  0.750000 1.000000 1 24 1.000000
0  23.437500 -5.238449 -3.764857  -0.878323 0.175665 0.444594  0.750000 0.500000 1 24 1.000000
azito_a_1_1
0  23.437500 -5.238449 -3.764857  -0.878323 0.175665 0.444594  0.750000 0.500000 1 24 1.000000
0  25.453123 0.656186 -3.696444  -0.937529 0.246895 0.245003  0.787109 0.500000 1 24 1.000000
0  26.039064 0.101354 -5.412210  -0.836390 0.371624 -0.402844  0.787109 1.000000 1 24 1.000000
azito_a_1_1
0  27.632812 4.501280 -3.234176  -0.821162 0.498733 -0.277291  0.787109 0.000000 1 24 1.000000
0  26.976564 4.505205 -1.099521  -0.902463 0.243294 0.355449  0.298828 0.500000 1 24 1.000000
0  27.867188 6.023344 -1.101283  -0.748955 0.632954 0.195929  0.355469 0.500000 1 24 1.000000
azito_a_1_1
0  27.867188 6.023344 -1.101283  -0.748955 0.632954 0.195929  0.355469 0.500000 1 24 1.000000
0  28.335938 5.641707 -3.223922  -0.713736 0.638417 -0.288064  0.750000 -0.003906 1 24 1.000000
0  27.632812 4.501280 -3.234176  -0.821162 0.498733 -0.277291  0.787109 0.000000 1 24 1.000000
azito_a_1_1
0  28.335938 5.641707 -3.223922  -0.713736 0.638417 -0.288064  0.750000 1.000000 1 24 1.000000
0  27.867188 6.023344 -1.101283  -0.748955 0.632954 0.195929  0.355469 0.500000 1 24 1.000000
0  32.390625 9.676138 -1.106970  0.007263 0.992584 0.121311  0.787109 0.500000 1 24 1.000000
azito_a_1_1
0  32.390625 9.676138 -1.106970  0.007263 0.992584 0.121311  0.787109 0.500000 1 24 1.000000
0  32.390625 8.581735 -3.236018  0.021577 0.896359 -0.442763  0.787109 1.000000 1 24 1.000000
0  28.335938 5.641707 -3.223922  -0.713736 0.638417 -0.288064  0.750000 1.000000 1 24 1.000000
azito_a_1_1
0  24.000000 -42.914585 -5.425235  -0.879269 -0.286081 -0.380749  0.750000 1.000000 1 24 1.000000
0  23.437500 -43.411217 -3.757454  -0.850520 -0.331492 0.408277  0.212891 0.500000 1 24 1.000000
0  23.437500 -5.238449 -3.764857  -0.878323 0.175665 0.444594  0.750000 0.500000 1 24 1.000000
azito_a_1_1
0  23.437500 -5.238449 -3.764857  -0.878323 0.175665 0.444594  0.750000 0.500000 1 24 1.000000
0  23.882812 -5.974847 -5.428313  -0.943968 0.121860 -0.306650  0.787109 1.000000 1 24 1.000000
0  24.000000 -42.914585 -5.425235  -0.879269 -0.286081 -0.380749  0.750000 1.000000 1 24 1.000000
azito_a_1_1
0  32.390625 -48.582630 -5.410697  -0.001312 -0.656545 -0.754265  0.750000 1.000000 1 24 1.000000
0  32.390625 -50.481647 -3.759377  -0.001221 -0.966857 0.255226  0.212891 0.500000 1 24 1.000000
0  27.328123 -48.774651 -3.767147  -0.510300 -0.817164 0.267922  0.787109 0.500000 1 24 1.000000
azito_a_1_1
0  27.328123 -48.774651 -3.767147  -0.510300 -0.817164 0.267922  0.787109 0.500000 1 24 1.000000
0  27.398438 -46.921940 -5.411177  -0.510971 -0.573626 -0.640187  0.787109 1.000000 1 24 1.000000
0  32.390625 -48.582630 -5.410697  -0.001312 -0.656545 -0.754265  0.750000 1.000000 1 24 1.000000
azito_a_1_1
0  27.398438 -46.921940 -5.411177  -0.510971 -0.573626 -0.640187  0.750000 1.000000 1 24 1.000000
0  27.328123 -48.774651 -3.767147  -0.510300 -0.817164 0.267922  0.212891 0.500000 1 24 1.000000
0  23.437500 -43.411217 -3.757454  -0.850520 -0.331492 0.408277  0.787109 0.500000 1 24 1.000000
azito_a_1_1
0  23.437500 -43.411217 -3.757454  -0.850520 -0.331492 0.408277  0.787109 0.500000 1 24 1.000000
0  24.000000 -42.914585 -5.425235  -0.879269 -0.286081 -0.380749  0.787109 1.000000 1 24 1.000000
0  27.398438 -46.921940 -5.411177  -0.510971 -0.573626 -0.640187  0.750000 1.000000 1 24 1.000000
azi_ship01_1
0  22.593750 -21.730463 44.740002  -0.743858 0.662679 0.086550  1.523438 1.184570 1 24 1.000000
0  22.593750 -22.030149 44.644833  -0.663533 -0.741813 -0.096896  1.542969 1.184570 1 24 1.000000
0  22.593750 -22.083944 45.056629  -0.587268 -0.682852 0.434523  1.542969 1.204102 1 24 1.000000
azi_ship01_1
0  22.593750 -22.083944 45.056629  -0.587268 -0.682852 0.434523  1.542969 1.204102 1 24 1.000000
0  22.593750 -21.784256 45.151794  -0.568560 0.441633 0.694021  1.523438 1.204102 1 24 1.000000
0  22.593750 -21.730463 44.740002  -0.743858 0.662679 0.086550  1.523438 1.184570 1 24 1.000000
azi_ship01_1
0  42.187500 -22.030149 44.644833  0.663533 -0.741813 -0.096896  1.523438 1.184570 1 24 1.000000
0  42.187500 -21.730463 44.740002  0.743858 0.662648 0.086550  1.542969 1.184570 1 24 1.000000
0  42.187500 -21.784256 45.151794  0.568560 0.441603 0.694021  1.542969 1.204102 1 24 1.000000
azi_ship01_1
0  42.187500 -21.784256 45.151794  0.568560 0.441603 0.694021  1.542969 1.204102 1 24 1.000000
0  42.187500 -22.083944 45.056629  0.587268 -0.682852 0.434523  1.523438 1.204102 1 24 1.000000
0  42.187500 -22.030149 44.644833  0.663533 -0.741813 -0.096896  1.523438 1.184570 1 24 1.000000
azi_ship01_1
0  22.593750 -21.784256 45.151794  -0.568560 0.441633 0.694021  2.337891 1.143555 1 24 1.000000
0  42.187500 -21.784256 45.151794  0.568560 0.441603 0.694021  2.337891 2.858398 1 24 1.000000
0  42.187500 -21.730463 44.740002  0.743858 0.662648 0.086550  2.324219 2.858398 1 24 1.000000
azi_ship01_1
0  42.187500 -21.730463 44.740002  0.743858 0.662648 0.086550  2.324219 2.858398 1 24 1.000000
0  22.593750 -21.730463 44.740002  -0.743858 0.662679 0.086550  2.324219 1.143555 1 24 1.000000
0  22.593750 -21.784256 45.151794  -0.568560 0.441633 0.694021  2.337891 1.143555 1 24 1.000000
azi_ship01_1
0  22.593750 -22.083944 45.056629  -0.587268 -0.682852 0.434523  2.337891 1.143555 1 24 1.000000
0  42.187500 -22.083944 45.056629  0.587268 -0.682852 0.434523  2.337891 2.858398 1 24 1.000000
0  42.187500 -21.784256 45.151794  0.568560 0.441603 0.694021  2.324219 2.858398 1 24 1.000000
azi_ship01_1
0  42.187500 -21.784256 45.151794  0.568560 0.441603 0.694021  2.324219 2.858398 1 24 1.000000
0  22.593750 -21.784256 45.151794  -0.568560 0.441633 0.694021  2.324219 1.143555 1 24 1.000000
0  22.593750 -22.083944 45.056629  -0.587268 -0.682852 0.434523  2.337891 1.143555 1 24 1.000000
azi_ship01_1
0  22.593750 -22.030149 44.644833  -0.663533 -0.741813 -0.096896  2.396484 1.143555 1 24 1.000000
0  42.187500 -22.030149 44.644833  0.663533 -0.741813 -0.096896  2.396484 2.858398 1 24 1.000000
0  42.187500 -22.083944 45.056629  0.587268 -0.682852 0.434523  2.382812 2.858398 1 24 1.000000
azi_ship01_1
0  42.187500 -22.083944 45.056629  0.587268 -0.682852 0.434523  2.382812 2.858398 1 24 1.000000
0  22.593750 -22.083944 45.056629  -0.587268 -0.682852 0.434523  2.382812 1.143555 1 24 1.000000
0  22.593750 -22.030149 44.644833  -0.663533 -0.741813 -0.096896  2.396484 1.143555 1 24 1.000000
azi_ship01_1
0  21.539064 -20.566721 36.158043  -0.746696 0.660756 0.076174  1.523438 1.184570 1 24 1.000000
0  21.539064 -20.866409 36.062878  -0.659474 -0.746757 -0.086093  1.542969 1.184570 1 24 1.000000
0  21.539064 -20.916557 36.497822  -0.588153 -0.679006 0.439314  1.542969 1.204102 1 24 1.000000
azi_ship01_1
0  21.539064 -20.916557 36.497822  -0.588153 -0.679006 0.439314  1.542969 1.204102 1 24 1.000000
0  21.539064 -20.616869 36.592991  -0.567888 0.447096 0.691061  1.523438 1.204102 1 24 1.000000
0  21.539064 -20.566721 36.158043  -0.746696 0.660756 0.076174  1.523438 1.184570 1 24 1.000000
azi_ship01_1
0  43.242188 -20.866409 36.062878  0.659474 -0.746757 -0.086093  1.523438 1.184570 1 24 1.000000
0  43.242188 -20.566721 36.158043  0.746696 0.660756 0.076174  1.542969 1.184570 1 24 1.000000
0  43.242188 -20.616869 36.592991  0.567888 0.447096 0.691061  1.542969 1.204102 1 24 1.000000
azi_ship01_1
0  43.242188 -20.616869 36.592991  0.567888 0.447096 0.691061  1.542969 1.204102 1 24 1.000000
0  43.242188 -20.916557 36.497822  0.588153 -0.679006 0.439283  1.523438 1.204102 1 24 1.000000
0  43.242188 -20.866409 36.062878  0.659474 -0.746757 -0.086093  1.523438 1.184570 1 24 1.000000
azi_ship01_1
0  21.539064 -20.616869 36.592991  -0.567888 0.447096 0.691061  2.337891 1.143555 1 24 1.000000
0  43.242188 -20.616869 36.592991  0.567888 0.447096 0.691061  2.337891 2.858398 1 24 1.000000
0  43.242188 -20.566721 36.158043  0.746696 0.660756 0.076174  2.324219 2.858398 1 24 1.000000
azi_ship01_1
0  43.242188 -20.566721 36.158043  0.746696 0.660756 0.076174  2.324219 2.858398 1 24 1.000000
0  21.539064 -20.566721 36.158043  -0.746696 0.660756 0.076174  2.324219 1.143555 1 24 1.000000
0  21.539064 -20.616869 36.592991  -0.567888 0.447096 0.691061  2.337891 1.143555 1 24 1.000000
azi_ship01_1
0  21.539064 -20.916557 36.497822  -0.588153 -0.679006 0.439314  2.337891 1.143555 1 24 1.000000
0  43.242188 -20.916557 36.497822  0.588153 -0.679006 0.439283  2.337891 2.858398 1 24 1.000000
0  43.242188 -20.616869 36.592991  0.567888 0.447096 0.691061  2.324219 2.858398 1 24 1.000000
azi_ship01_1
0  43.242188 -20.616869 36.592991  0.567888 0.447096 0.691061  2.324219 2.858398 1 24 1.000000
0  21.539064 -20.616869 36.592991  -0.567888 0.447096 0.691061  2.324219 1.143555 1 24 1.000000
0  21.539064 -20.916557 36.497822  -0.588153 -0.679006 0.439314  2.337891 1.143555 1 24 1.000000
azi_ship01_1
0  21.539064 -20.866409 36.062878  -0.659474 -0.746757 -0.086093  2.396484 1.143555 1 24 1.000000
0  43.242188 -20.866409 36.062878  0.659474 -0.746757 -0.086093  2.396484 2.858398 1 24 1.000000
0  43.242188 -20.916557 36.497822  0.588153 -0.679006 0.439283  2.382812 2.858398 1 24 1.000000
azi_ship01_1
0  43.242188 -20.916557 36.497822  0.588153 -0.679006 0.439283  2.382812 2.858398 1 24 1.000000
0  21.539064 -20.916557 36.497822  -0.588153 -0.679006 0.439314  2.382812 1.143555 1 24 1.000000
0  21.539064 -20.866409 36.062878  -0.659474 -0.746757 -0.086093  2.396484 1.143555 1 24 1.000000
azi_ship01_1
0  32.648438 -20.584948 36.042286  0.712882 0.700827 0.023713  1.523438 1.184570 1 24 1.000000
0  32.132812 -20.584948 36.042286  -0.712882 0.700827 0.023713  1.542969 1.184570 1 24 1.000000
0  32.132812 -20.605936 36.662449  -0.576464 0.552843 0.601672  1.542969 1.204102 1 24 1.000000
azi_ship01_1
0  32.132812 -20.605936 36.662449  -0.576464 0.552843 0.601672  1.542969 1.204102 1 24 1.000000
0  32.648438 -20.605936 36.662449  0.576464 0.552843 0.601672  1.523438 1.204102 1 24 1.000000
0  32.648438 -20.584948 36.042286  0.712882 0.700827 0.023713  1.523438 1.184570 1 24 1.000000
azi_ship01_1
0  32.132812 -22.543163 36.564114  -0.720176 -0.035157 0.692862  2.232422 2.379883 1 24 1.000000
0  32.132812 -20.605936 36.662449  -0.576464 0.552843 0.601672  2.232422 1.665039 1 24 1.000000
0  32.132812 -20.584948 36.042286  -0.712882 0.700827 0.023713  2.271484 1.665039 1 24 1.000000
azi_ship01_1
0  32.132812 -20.584948 36.042286  -0.712882 0.700827 0.023713  2.271484 1.665039 1 24 1.000000
0  32.132812 -22.548969 35.924446  -0.999969 0.000000 0.000000  2.271484 2.387695 1 24 1.000000
0  32.132812 -22.543163 36.564114  -0.720176 -0.035157 0.692862  2.232422 2.379883 1 24 1.000000
azi_ship01_1
0  32.648438 -22.543163 36.564114  0.720176 -0.035157 0.692862  2.232422 2.384766 1 24 1.000000
0  32.648438 -20.605936 36.662449  0.576464 0.552843 0.601672  2.232422 1.665039 1 24 1.000000
0  32.132812 -20.605936 36.662449  -0.576464 0.552843 0.601672  2.271484 1.665039 1 24 1.000000
azi_ship01_1
0  32.132812 -20.605936 36.662449  -0.576464 0.552843 0.601672  2.271484 1.665039 1 24 1.000000
0  32.132812 -22.543163 36.564114  -0.720176 -0.035157 0.692862  2.271484 2.384766 1 24 1.000000
0  32.648438 -22.543163 36.564114  0.720176 -0.035157 0.692862  2.232422 2.384766 1 24 1.000000
azi_ship01_1
0  32.648438 -22.548969 35.924446  1.000000 0.000000 0.000000  2.232422 2.387695 1 24 1.000000
0  32.648438 -20.584948 36.042286  0.712882 0.700827 0.023713  2.232422 1.665039 1 24 1.000000
0  32.648438 -20.605936 36.662449  0.576464 0.552843 0.601672  2.271484 1.665039 1 24 1.000000
azi_ship01_1
0  32.648438 -20.605936 36.662449  0.576464 0.552843 0.601672  2.271484 1.665039 1 24 1.000000
0  32.648438 -22.543163 36.564114  0.720176 -0.035157 0.692862  2.271484 2.379883 1 24 1.000000
0  32.648438 -22.548969 35.924446  1.000000 0.000000 0.000000  2.232422 2.387695 1 24 1.000000
azi_ship01_1
0  40.171875 -16.865257 8.884376  0.762505 0.629994 0.147099  2.337891 1.143555 1 24 1.000000
0  37.289062 -21.737751 44.693699  0.640095 0.752678 0.153935  2.337891 2.858398 1 24 1.000000
0  37.289062 -22.014288 44.594883  0.724540 -0.688314 -0.034883  2.324219 2.858398 1 24 1.000000
azi_ship01_1
0  37.289062 -22.014288 44.594883  0.724540 -0.688314 -0.034883  2.324219 2.858398 1 24 1.000000
0  40.171875 -17.164946 8.789207  0.677145 -0.734428 -0.044923  2.324219 1.143555 1 24 1.000000
0  40.171875 -16.865257 8.884376  0.762505 0.629994 0.147099  2.337891 1.143555 1 24 1.000000
azi_ship01_1
0  39.773441 -16.865257 8.884376  -0.718711 0.694327 0.036592  2.337891 1.143555 1 24 1.000000
0  36.890625 -21.737751 44.693699  -0.667013 0.743492 0.047426  2.337891 2.858398 1 24 1.000000
0  37.289062 -21.737751 44.693699  0.640095 0.752678 0.153935  2.324219 2.858398 1 24 1.000000
azi_ship01_1
0  37.289062 -21.737751 44.693699  0.640095 0.752678 0.153935  2.324219 2.858398 1 24 1.000000
0  40.171875 -16.865257 8.884376  0.762505 0.629994 0.147099  2.324219 1.143555 1 24 1.000000
0  39.773441 -16.865257 8.884376  -0.718711 0.694327 0.036592  2.337891 1.143555 1 24 1.000000
azi_ship01_1
0  39.773441 -17.164946 8.789207  -0.648793 -0.745354 -0.153142  2.337891 1.143555 1 24 1.000000
0  36.890625 -22.014288 44.594883  -0.770196 -0.620838 -0.146092  2.337891 2.858398 1 24 1.000000
0  36.890625 -21.737751 44.693699  -0.667013 0.743492 0.047426  2.324219 2.858398 1 24 1.000000
azi_ship01_1
0  36.890625 -21.737751 44.693699  -0.667013 0.743492 0.047426  2.324219 2.858398 1 24 1.000000
0  39.773441 -16.865257 8.884376  -0.718711 0.694327 0.036592  2.324219 1.143555 1 24 1.000000
0  39.773441 -17.164946 8.789207  -0.648793 -0.745354 -0.153142  2.337891 1.143555 1 24 1.000000
azi_ship01_1
0  40.171875 -17.164946 8.789207  0.677145 -0.734428 -0.044923  2.337891 1.143555 1 24 1.000000
0  37.289062 -22.014288 44.594883  0.724540 -0.688314 -0.034883  2.337891 2.858398 1 24 1.000000
0  36.890625 -22.014288 44.594883  -0.770196 -0.620838 -0.146092  2.324219 2.858398 1 24 1.000000
azi_ship01_1
0  36.890625 -22.014288 44.594883  -0.770196 -0.620838 -0.146092  2.324219 2.858398 1 24 1.000000
0  39.773441 -17.164946 8.789207  -0.648793 -0.745354 -0.153142  2.324219 1.143555 1 24 1.000000
0  40.171875 -17.164946 8.789207  0.677145 -0.734428 -0.044923  2.337891 1.143555 1 24 1.000000
azi_ship01_1
0  25.007812 -16.865257 8.884376  0.718772 0.694235 0.036805  2.337891 1.143555 1 24 1.000000
0  27.867188 -21.716963 44.524349  0.666982 0.743492 0.047700  2.337891 2.858398 1 24 1.000000
0  27.867188 -21.993500 44.425533  0.770104 -0.620960 -0.145909  2.324219 2.858398 1 24 1.000000
azi_ship01_1
0  27.867188 -21.993500 44.425533  0.770104 -0.620960 -0.145909  2.324219 2.858398 1 24 1.000000
0  25.007812 -17.164946 8.789207  0.648885 -0.745323 -0.153050  2.324219 1.143555 1 24 1.000000
0  25.007812 -16.865257 8.884376  0.718772 0.694235 0.036805  2.337891 1.143555 1 24 1.000000
azi_ship01_1
0  24.609375 -16.865257 8.884376  -0.762566 0.629841 0.147404  2.337891 1.143555 1 24 1.000000
0  27.492188 -21.716963 44.524349  -0.640034 0.752678 0.154241  2.337891 2.858398 1 24 1.000000
0  27.867188 -21.716963 44.524349  0.666982 0.743492 0.047700  2.324219 2.858398 1 24 1.000000
azi_ship01_1
0  27.867188 -21.716963 44.524349  0.666982 0.743492 0.047700  2.324219 2.858398 1 24 1.000000
0  25.007812 -16.865257 8.884376  0.718772 0.694235 0.036805  2.324219 1.143555 1 24 1.000000
0  24.609375 -16.865257 8.884376  -0.762566 0.629841 0.147404  2.337891 1.143555 1 24 1.000000
azi_ship01_1
0  24.609375 -17.164946 8.789207  -0.677206 -0.734397 -0.044740  2.337891 1.143555 1 24 1.000000
0  27.492188 -21.993500 44.425533  -0.724418 -0.688467 -0.034669  2.337891 2.858398 1 24 1.000000
0  27.492188 -21.716963 44.524349  -0.640034 0.752678 0.154241  2.324219 2.858398 1 24 1.000000
azi_ship01_1
0  27.492188 -21.716963 44.524349  -0.640034 0.752678 0.154241  2.324219 2.858398 1 24 1.000000
0  24.609375 -16.865257 8.884376  -0.762566 0.629841 0.147404  2.324219 1.143555 1 24 1.000000
0  24.609375 -17.164946 8.789207  -0.677206 -0.734397 -0.044740  2.337891 1.143555 1 24 1.000000
azi_ship01_1
0  25.007812 -17.164946 8.789207  0.648885 -0.745323 -0.153050  2.337891 1.143555 1 24 1.000000
0  27.867188 -21.993500 44.425533  0.770104 -0.620960 -0.145909  2.337891 2.858398 1 24 1.000000
0  27.492188 -21.993500 44.425533  -0.724418 -0.688467 -0.034669  2.324219 2.858398 1 24 1.000000
azi_ship01_1
0  27.492188 -21.993500 44.425533  -0.724418 -0.688467 -0.034669  2.324219 2.858398 1 24 1.000000
0  24.609375 -17.164946 8.789207  -0.677206 -0.734397 -0.044740  2.324219 1.143555 1 24 1.000000
0  25.007812 -17.164946 8.789207  0.648885 -0.745323 -0.153050  2.337891 1.143555 1 24 1.000000
azi_ship01_1
0  17.460938 -16.927624 9.392425  -0.565020 0.425642 0.706778  2.337891 1.143555 1 24 1.000000
0  47.320312 -16.927624 9.392425  0.565020 0.425642 0.706778  2.337891 2.858398 1 24 1.000000
0  47.320312 -16.877476 8.957475  0.746727 0.660726 0.076174  2.324219 2.858398 1 24 1.000000
azi_ship01_1
0  47.320312 -16.877476 8.957475  0.746727 0.660726 0.076174  2.324219 2.858398 1 24 1.000000
0  17.460938 -16.877476 8.957475  -0.746696 0.660726 0.076174  2.324219 1.143555 1 24 1.000000
0  17.460938 -16.927624 9.392425  -0.565020 0.425642 0.706778  2.337891 1.143555 1 24 1.000000
azi_ship01_1
0  17.460938 -17.230953 9.274104  -0.591144 -0.694052 0.410840  2.337891 1.143555 1 24 1.000000
0  47.320312 -17.230953 9.274104  0.591144 -0.694052 0.410840  2.337891 2.858398 1 24 1.000000
0  47.320312 -16.927624 9.392425  0.565020 0.425642 0.706778  2.324219 2.858398 1 24 1.000000
azi_ship01_1
0  47.320312 -16.927624 9.392425  0.565020 0.425642 0.706778  2.324219 2.858398 1 24 1.000000
0  17.460938 -16.927624 9.392425  -0.565020 0.425642 0.706778  2.324219 1.143555 1 24 1.000000
0  17.460938 -17.230953 9.274104  -0.591144 -0.694052 0.410840  2.337891 1.143555 1 24 1.000000
azi_ship01_1
0  17.460938 -17.177162 8.862306  -0.663533 -0.741813 -0.096896  2.396484 1.143555 1 24 1.000000
0  47.320312 -17.177162 8.862306  0.663533 -0.741813 -0.096896  2.396484 2.858398 1 24 1.000000
0  47.320312 -17.230953 9.274104  0.591144 -0.694052 0.410840  2.382812 2.858398 1 24 1.000000
azi_ship01_1
0  47.320312 -17.230953 9.274104  0.591144 -0.694052 0.410840  2.382812 2.858398 1 24 1.000000
0  17.460938 -17.230953 9.274104  -0.591144 -0.694052 0.410840  2.382812 1.143555 1 24 1.000000
0  17.460938 -17.177162 8.862306  -0.663533 -0.741813 -0.096896  2.396484 1.143555 1 24 1.000000
azi_ship01_1
0  19.570312 -18.791754 23.019505  -0.750542 0.655232 0.085574  1.523438 1.184570 1 24 1.000000
0  19.570312 -19.068287 22.920691  -0.668172 -0.731529 -0.135472  1.542969 1.184570 1 24 1.000000
0  19.570312 -19.145233 23.336134  -0.584155 -0.696097 0.417341  1.542969 1.204102 1 24 1.000000
azi_ship01_1
0  19.570312 -19.145233 23.336134  -0.584155 -0.696097 0.417341  1.542969 1.204102 1 24 1.000000
0  19.570312 -18.845549 23.431305  -0.568560 0.441603 0.694021  1.523438 1.204102 1 24 1.000000
0  19.570312 -18.791754 23.019505  -0.750542 0.655232 0.085574  1.523438 1.184570 1 24 1.000000
azi_ship01_1
0  45.187500 -19.068287 22.920691  0.668172 -0.731529 -0.135472  1.523438 1.184570 1 24 1.000000
0  45.187500 -18.791754 23.019505  0.750542 0.655232 0.085574  1.542969 1.184570 1 24 1.000000
0  45.187500 -18.845549 23.431305  0.568560 0.441603 0.694021  1.542969 1.204102 1 24 1.000000
azi_ship01_1
0  45.187500 -18.845549 23.431305  0.568560 0.441603 0.694021  1.542969 1.204102 1 24 1.000000
0  45.187500 -19.145233 23.336134  0.584155 -0.696097 0.417341  1.523438 1.204102 1 24 1.000000
0  45.187500 -19.068287 22.920691  0.668172 -0.731529 -0.135472  1.523438 1.184570 1 24 1.000000
azi_ship01_1
0  19.570312 -18.845549 23.431305  -0.568560 0.441603 0.694021  2.337891 1.143555 1 24 1.000000
0  45.187500 -18.845549 23.431305  0.568560 0.441603 0.694021  2.337891 2.858398 1 24 1.000000
0  45.187500 -18.791754 23.019505  0.750542 0.655232 0.085574  2.324219 2.858398 1 24 1.000000
azi_ship01_1
0  45.187500 -18.791754 23.019505  0.750542 0.655232 0.085574  2.324219 2.858398 1 24 1.000000
0  19.570312 -18.791754 23.019505  -0.750542 0.655232 0.085574  2.324219 1.143555 1 24 1.000000
0  19.570312 -18.845549 23.431305  -0.568560 0.441603 0.694021  2.337891 1.143555 1 24 1.000000
azi_ship01_1
0  19.570312 -19.145233 23.336134  -0.584155 -0.696097 0.417341  2.337891 1.143555 1 24 1.000000
0  45.187500 -19.145233 23.336134  0.584155 -0.696097 0.417341  2.337891 2.858398 1 24 1.000000
0  45.187500 -18.845549 23.431305  0.568560 0.441603 0.694021  2.324219 2.858398 1 24 1.000000
azi_ship01_1
0  45.187500 -18.845549 23.431305  0.568560 0.441603 0.694021  2.324219 2.858398 1 24 1.000000
0  19.570312 -18.845549 23.431305  -0.568560 0.441603 0.694021  2.324219 1.143555 1 24 1.000000
0  19.570312 -19.145233 23.336134  -0.584155 -0.696097 0.417341  2.337891 1.143555 1 24 1.000000
azi_ship01_1
0  19.570312 -19.068287 22.920691  -0.668172 -0.731529 -0.135472  2.396484 1.143555 1 24 1.000000
0  45.187500 -19.068287 22.920691  0.668172 -0.731529 -0.135472  2.396484 2.858398 1 24 1.000000
0  45.187500 -19.145233 23.336134  0.584155 -0.696097 0.417341  2.382812 2.858398 1 24 1.000000
azi_ship01_1
0  45.187500 -19.145233 23.336134  0.584155 -0.696097 0.417341  2.382812 2.858398 1 24 1.000000
0  19.570312 -19.145233 23.336134  -0.584155 -0.696097 0.417341  2.382812 1.143555 1 24 1.000000
0  19.570312 -19.068287 22.920691  -0.668172 -0.731529 -0.135472  2.396484 1.143555 1 24 1.000000
azi_ship01_1
0  32.226562 -22.014288 44.594883  -0.749657 -0.655782 -0.088809  2.328125 1.143555 1 24 1.000000
0  32.226562 -17.230953 9.274104  -0.647145 -0.755425 -0.102298  2.328125 2.858398 1 24 1.000000
0  32.554688 -17.230953 9.274104  0.647145 -0.755425 -0.102298  2.314453 2.858398 1 24 1.000000
azi_ship01_1
0  32.554688 -17.230953 9.274104  0.647145 -0.755425 -0.102298  2.314453 2.858398 1 24 1.000000
0  32.554688 -22.014288 44.594883  0.749657 -0.655812 -0.088809  2.314453 1.143555 1 24 1.000000
0  32.226562 -22.014288 44.594883  -0.749657 -0.655782 -0.088809  2.328125 1.143555 1 24 1.000000
azi_ship01_1
0  32.226562 -21.737751 44.693699  -0.655385 0.748375 0.101962  2.328125 1.143555 1 24 1.000000
0  32.226562 -16.927624 9.392425  -0.754753 0.649983 0.088565  2.328125 2.858398 1 24 1.000000
0  32.226562 -17.230953 9.274104  -0.647145 -0.755425 -0.102298  2.314453 2.858398 1 24 1.000000
azi_ship01_1
0  32.226562 -17.230953 9.274104  -0.647145 -0.755425 -0.102298  2.314453 2.858398 1 24 1.000000
0  32.226562 -22.014288 44.594883  -0.749657 -0.655782 -0.088809  2.314453 1.143555 1 24 1.000000
0  32.226562 -21.737751 44.693699  -0.655385 0.748375 0.101962  2.328125 1.143555 1 24 1.000000
azi_ship01_1
0  32.554688 -21.737751 44.693699  0.655385 0.748375 0.101962  2.328125 1.143555 1 24 1.000000
0  32.554688 -16.927624 9.392425  0.754753 0.649983 0.088565  2.328125 2.858398 1 24 1.000000
0  32.226562 -16.927624 9.392425  -0.754753 0.649983 0.088565  2.314453 2.858398 1 24 1.000000
azi_ship01_1
0  32.226562 -16.927624 9.392425  -0.754753 0.649983 0.088565  2.314453 2.858398 1 24 1.000000
0  32.226562 -21.737751 44.693699  -0.655385 0.748375 0.101962  2.314453 1.143555 1 24 1.000000
0  32.554688 -21.737751 44.693699  0.655385 0.748375 0.101962  2.328125 1.143555 1 24 1.000000
azi_ship01_1
0  32.554688 -22.014288 44.594883  0.749657 -0.655812 -0.088809  2.328125 1.143555 1 24 1.000000
0  32.554688 -17.230953 9.274104  0.647145 -0.755425 -0.102298  2.328125 2.858398 1 24 1.000000
0  32.554688 -16.927624 9.392425  0.754753 0.649983 0.088565  2.314453 2.858398 1 24 1.000000
azi_ship01_1
0  32.554688 -16.927624 9.392425  0.754753 0.649983 0.088565  2.314453 2.858398 1 24 1.000000
0  32.554688 -21.737751 44.693699  0.655385 0.748375 0.101962  2.314453 1.143555 1 24 1.000000
0  32.554688 -22.014288 44.594883  0.749657 -0.655812 -0.088809  2.328125 1.143555 1 24 1.000000
azi_ship01_1
0  32.648438 -18.740524 22.892813  0.710196 0.703574 0.023804  1.523438 1.184570 1 24 1.000000
0  32.132812 -18.740524 22.892813  -0.710196 0.703574 0.023804  1.542969 1.184570 1 24 1.000000
0  32.132812 -18.761511 23.512974  -0.576495 0.553056 0.601428  1.542969 1.204102 1 24 1.000000
azi_ship01_1
0  32.132812 -18.761511 23.512974  -0.576495 0.553056 0.601428  1.542969 1.204102 1 24 1.000000
0  32.648438 -18.761511 23.512974  0.576495 0.553056 0.601428  1.523438 1.204102 1 24 1.000000
0  32.648438 -18.740524 22.892813  0.710196 0.703574 0.023804  1.523438 1.184570 1 24 1.000000
azi_ship01_1
0  32.132812 -22.994173 23.301525  -0.726737 -0.034242 0.686026  2.232422 2.341797 1 24 1.000000
0  32.132812 -18.761511 23.512974  -0.576495 0.553056 0.601428  2.232422 1.665039 1 24 1.000000
0  32.132812 -18.740524 22.892813  -0.710196 0.703574 0.023804  2.271484 1.665039 1 24 1.000000
azi_ship01_1
0  32.132812 -18.740524 22.892813  -0.710196 0.703574 0.023804  2.271484 1.665039 1 24 1.000000
0  32.132812 -23.019487 22.688656  -0.999969 0.000000 0.000000  2.271484 2.341797 1 24 1.000000
0  32.132812 -22.994173 23.301525  -0.726737 -0.034242 0.686026  2.232422 2.341797 1 24 1.000000
azi_ship01_1
0  32.648438 -22.994173 23.301525  0.726737 -0.034242 0.686026  2.232422 2.341797 1 24 1.000000
0  32.648438 -18.761511 23.512974  0.576495 0.553056 0.601428  2.232422 1.665039 1 24 1.000000
0  32.132812 -18.761511 23.512974  -0.576495 0.553056 0.601428  2.271484 1.665039 1 24 1.000000
azi_ship01_1
0  32.132812 -18.761511 23.512974  -0.576495 0.553056 0.601428  2.271484 1.665039 1 24 1.000000
0  32.132812 -22.994173 23.301525  -0.726737 -0.034242 0.686026  2.271484 2.341797 1 24 1.000000
0  32.648438 -22.994173 23.301525  0.726737 -0.034242 0.686026  2.232422 2.341797 1 24 1.000000
azi_ship01_1
0  32.648438 -23.019487 22.688656  1.000000 0.000000 0.000000  2.232422 2.341797 1 24 1.000000
0  32.648438 -18.740524 22.892813  0.710196 0.703574 0.023804  2.232422 1.665039 1 24 1.000000
0  32.648438 -18.761511 23.512974  0.576495 0.553056 0.601428  2.271484 1.665039 1 24 1.000000
azi_ship01_1
0  32.648438 -18.761511 23.512974  0.576495 0.553056 0.601428  2.271484 1.665039 1 24 1.000000
0  32.648438 -22.994173 23.301525  0.726737 -0.034242 0.686026  2.271484 2.341797 1 24 1.000000
0  32.648438 -23.019487 22.688656  1.000000 0.000000 0.000000  2.232422 2.341797 1 24 1.000000
azi_ship01_1
0  32.648438 -16.787233 8.777190  0.711081 0.702689 0.023774  1.523438 1.184570 1 24 1.000000
0  32.132812 -16.787233 8.777190  -0.711081 0.702689 0.023774  1.542969 1.184570 1 24 1.000000
0  32.132812 -16.808222 9.397351  -0.576312 0.552171 0.602435  1.542969 1.204102 1 24 1.000000
azi_ship01_1
0  32.132812 -16.808222 9.397351  -0.576312 0.552171 0.602435  1.542969 1.204102 1 24 1.000000
0  32.648438 -16.808222 9.397351  0.576312 0.552171 0.602435  1.523438 1.204102 1 24 1.000000
0  32.648438 -16.787233 8.777190  0.711081 0.702689 0.023774  1.523438 1.184570 1 24 1.000000
azi_ship01_1
0  32.132812 -23.339960 9.049639  -0.727409 -0.036470 0.685202  2.232422 2.341797 1 24 1.000000
0  32.132812 -16.808222 9.397351  -0.576312 0.552171 0.602435  2.232422 1.665039 1 24 1.000000
0  32.132812 -16.787233 8.777190  -0.711081 0.702689 0.023774  2.271484 1.665039 1 24 1.000000
azi_ship01_1
0  32.132812 -16.787233 8.777190  -0.711081 0.702689 0.023774  2.271484 1.665039 1 24 1.000000
0  32.132812 -23.365274 8.436768  -1.000000 0.000000 0.000000  2.271484 2.341797 1 24 1.000000
0  32.132812 -23.339960 9.049639  -0.727409 -0.036470 0.685202  2.232422 2.341797 1 24 1.000000
azi_ship01_1
0  32.648438 -23.339960 9.049639  0.727409 -0.036470 0.685202  2.232422 2.341797 1 24 1.000000
0  32.648438 -16.808222 9.397351  0.576312 0.552171 0.602435  2.232422 1.665039 1 24 1.000000
0  32.132812 -16.808222 9.397351  -0.576312 0.552171 0.602435  2.271484 1.665039 1 24 1.000000
azi_ship01_1
0  32.132812 -16.808222 9.397351  -0.576312 0.552171 0.602435  2.271484 1.665039 1 24 1.000000
0  32.132812 -23.339960 9.049639  -0.727409 -0.036470 0.685202  2.271484 2.341797 1 24 1.000000
0  32.648438 -23.339960 9.049639  0.727409 -0.036470 0.685202  2.232422 2.341797 1 24 1.000000
azi_ship01_1
0  32.648438 -23.365274 8.436768  0.999969 0.000000 0.000000  2.232422 2.341797 1 24 1.000000
0  32.648438 -16.787233 8.777190  0.711081 0.702689 0.023774  2.232422 1.665039 1 24 1.000000
0  32.648438 -16.808222 9.397351  0.576312 0.552171 0.602435  2.271484 1.665039 1 24 1.000000
azi_ship01_1
0  32.648438 -16.808222 9.397351  0.576312 0.552171 0.602435  2.271484 1.665039 1 24 1.000000
0  32.648438 -23.339960 9.049639  0.727409 -0.036470 0.685202  2.271484 2.341797 1 24 1.000000
0  32.648438 -23.365274 8.436768  0.999969 0.000000 0.000000  2.232422 2.341797 1 24 1.000000
azi_ship01_1
0  31.500000 -21.655119 47.931049  -0.572985 0.578661 0.580370  -0.144531 0.567383 1 24 1.000000
0  31.500000 -23.184196 47.863354  -0.581957 -0.575854 0.574145  -0.144531 0.439453 1 24 1.000000
0  33.281250 -23.184196 47.863354  0.581957 -0.575854 0.574145  0.136719 0.439453 1 24 1.000000
azi_ship01_1
0  33.281250 -23.184196 47.863354  0.581957 -0.575854 0.574145  0.136719 0.439453 1 24 1.000000
0  33.281250 -21.655119 47.931049  0.572985 0.578661 0.580370  0.136719 0.567383 1 24 1.000000
0  31.500000 -21.655119 47.931049  -0.572985 0.578661 0.580370  -0.144531 0.567383 1 24 1.000000
azi_ship01_1
0  33.281250 -23.184196 47.863354  0.581957 -0.575854 0.574145  2.724609 0.872070 1 24 1.000000
0  33.281250 -23.234823 46.637615  0.687033 -0.725974 0.029969  2.724609 0.739258 1 24 1.000000
0  33.281250 -21.705750 46.705303  0.725578 0.687521 -0.028382  2.806641 0.739258 1 24 1.000000
azi_ship01_1
0  33.281250 -21.705750 46.705303  0.725578 0.687521 -0.028382  2.806641 0.739258 1 24 1.000000
0  33.281250 -21.655119 47.931049  0.572985 0.578661 0.580370  2.806641 0.872070 1 24 1.000000
0  33.281250 -23.184196 47.863354  0.581957 -0.575854 0.574145  2.724609 0.872070 1 24 1.000000
azi_ship01_1
0  31.500000 -23.234823 46.637615  -0.687033 -0.725974 0.029969  2.724609 0.739258 1 24 1.000000
0  33.281250 -23.234823 46.637615  0.687033 -0.725974 0.029969  2.806641 0.739258 1 24 1.000000
0  33.281250 -23.184196 47.863354  0.581957 -0.575854 0.574145  2.806641 0.872070 1 24 1.000000
azi_ship01_1
0  33.281250 -23.184196 47.863354  0.581957 -0.575854 0.574145  2.806641 0.872070 1 24 1.000000
0  31.500000 -23.184196 47.863354  -0.581957 -0.575854 0.574145  2.724609 0.872070 1 24 1.000000
0  31.500000 -23.234823 46.637615  -0.687033 -0.725974 0.029969  2.724609 0.739258 1 24 1.000000
azi_ship01_1
0  31.500000 -21.655119 47.931049  -0.572985 0.578661 0.580370  2.724609 0.872070 1 24 1.000000
0  31.500000 -21.705750 46.705303  -0.725578 0.687521 -0.028382  2.724609 0.739258 1 24 1.000000
0  31.500000 -23.234823 46.637615  -0.687033 -0.725974 0.029969  2.806641 0.739258 1 24 1.000000
azi_ship01_1
0  31.500000 -23.234823 46.637615  -0.687033 -0.725974 0.029969  2.806641 0.739258 1 24 1.000000
0  31.500000 -23.184196 47.863354  -0.581957 -0.575854 0.574145  2.806641 0.872070 1 24 1.000000
0  31.500000 -21.655119 47.931049  -0.572985 0.578661 0.580370  2.724609 0.872070 1 24 1.000000
azi_ship01_1
0  33.281250 -21.705750 46.705303  0.725578 0.687521 -0.028382  2.724609 0.739258 1 24 1.000000
0  31.500000 -21.705750 46.705303  -0.725578 0.687521 -0.028382  2.806641 0.739258 1 24 1.000000
0  31.500000 -21.655119 47.931049  -0.572985 0.578661 0.580370  2.806641 0.872070 1 24 1.000000
azi_ship01_1
0  31.500000 -21.655119 47.931049  -0.572985 0.578661 0.580370  2.806641 0.872070 1 24 1.000000
0  33.281250 -21.655119 47.931049  0.572985 0.578661 0.580370  2.724609 0.872070 1 24 1.000000
0  33.281250 -21.705750 46.705303  0.725578 0.687521 -0.028382  2.724609 0.739258 1 24 1.000000
azi_ship01_1
0  32.695312 -22.126520 47.649384  0.683798 0.729637 0.001068  2.345703 0.878906 1 24 1.000000
0  32.695312 -22.511524 47.615101  0.730003 -0.683035 0.022858  2.351562 0.878906 1 24 1.000000
0  33.000000 -23.763811 0.480377  0.704123 -0.709677 0.023377  2.355469 -0.808594 1 24 1.000000
azi_ship01_1
0  33.000000 -23.763811 0.480377  0.704123 -0.709677 0.023377  2.355469 -0.808594 1 24 1.000000
0  33.000000 -22.341925 0.470043  0.707907 0.706259 0.001343  2.339844 -0.808594 1 24 1.000000
0  32.695312 -22.126520 47.649384  0.683798 0.729637 0.001068  2.345703 0.878906 1 24 1.000000
azi_ship01_1
0  31.617188 -23.763811 0.480377  -0.704856 -0.708853 0.025819  2.386719 -0.808594 1 24 1.000000
0  33.000000 -23.763811 0.480377  0.704123 -0.709677 0.023377  2.386719 -0.808594 1 24 1.000000
0  32.695312 -22.511524 47.615101  0.730003 -0.683035 0.022858  2.386719 0.878906 1 24 1.000000
azi_ship01_1
0  32.695312 -22.511524 47.615101  0.730003 -0.683035 0.022858  2.386719 0.878906 1 24 1.000000
0  32.085938 -22.511524 47.615101  -0.729087 -0.683920 0.025391  2.386719 0.878906 1 24 1.000000
0  31.617188 -23.763811 0.480377  -0.704856 -0.708853 0.025819  2.386719 -0.808594 1 24 1.000000
azi_ship01_1
0  32.085938 -22.511524 47.615101  -0.729087 -0.683920 0.025391  2.351562 0.878906 1 24 1.000000
0  32.085938 -22.126520 47.649384  -0.683096 0.730277 0.003449  2.335938 0.878906 1 24 1.000000
0  31.617188 -22.341925 0.470043  -0.708670 0.705496 0.003815  2.322266 -0.808594 1 24 1.000000
azi_ship01_1
0  31.617188 -22.341925 0.470043  -0.708670 0.705496 0.003815  2.322266 -0.808594 1 24 1.000000
0  31.617188 -23.763811 0.480377  -0.704856 -0.708853 0.025819  2.363281 -0.808594 1 24 1.000000
0  32.085938 -22.511524 47.615101  -0.729087 -0.683920 0.025391  2.351562 0.878906 1 24 1.000000
azi_ship01_1
0  33.000000 -22.341925 0.470043  0.707907 0.706259 0.001343  2.320312 -0.808594 1 24 1.000000
0  31.617188 -22.341925 0.470043  -0.708670 0.705496 0.003815  2.320312 -0.808594 1 24 1.000000
0  32.085938 -22.126520 47.649384  -0.683096 0.730277 0.003449  2.320312 0.878906 1 24 1.000000
azi_ship01_1
0  32.085938 -22.126520 47.649384  -0.683096 0.730277 0.003449  2.320312 0.878906 1 24 1.000000
0  32.695312 -22.126520 47.649384  0.683798 0.729637 0.001068  2.320312 0.878906 1 24 1.000000
0  33.000000 -22.341925 0.470043  0.707907 0.706259 0.001343  2.320312 -0.808594 1 24 1.000000
azi_ship01_1
0  17.460938 -16.877476 8.957475  -0.746696 0.660726 0.076174  1.523438 1.184570 1 24 1.000000
0  17.460938 -17.177162 8.862306  -0.663533 -0.741813 -0.096896  1.542969 1.184570 1 24 1.000000
0  17.460938 -17.230953 9.274104  -0.591144 -0.694052 0.410840  1.542969 1.204102 1 24 1.000000
azi_ship01_1
0  17.460938 -17.230953 9.274104  -0.591144 -0.694052 0.410840  1.542969 1.204102 1 24 1.000000
0  17.460938 -16.927624 9.392425  -0.565020 0.425642 0.706778  1.523438 1.204102 1 24 1.000000
0  17.460938 -16.877476 8.957475  -0.746696 0.660726 0.076174  1.523438 1.184570 1 24 1.000000
azi_ship01_1
0  47.320312 -17.177162 8.862306  0.663533 -0.741813 -0.096896  1.523438 1.184570 1 24 1.000000
0  47.320312 -16.877476 8.957475  0.746727 0.660726 0.076174  1.542969 1.184570 1 24 1.000000
0  47.320312 -16.927624 9.392425  0.565020 0.425642 0.706778  1.542969 1.204102 1 24 1.000000
azi_ship01_1
0  47.320312 -16.927624 9.392425  0.565020 0.425642 0.706778  1.542969 1.204102 1 24 1.000000
0  47.320312 -17.230953 9.274104  0.591144 -0.694052 0.410840  1.523438 1.204102 1 24 1.000000
0  47.320312 -17.177162 8.862306  0.663533 -0.741813 -0.096896  1.523438 1.184570 1 24 1.000000
azi_ship01_1
0  32.414062 -59.629253 3.991733  -0.579394 -0.630329 -0.516678  3.250000 1.265625 1 24 1.000000
0  32.695312 -59.629253 3.991733  0.579394 -0.630329 -0.516648  3.250000 1.303711 1 24 1.000000
0  32.695312 -59.605019 4.296347  0.575335 -0.518509 0.632527  3.212891 1.303711 1 24 1.000000
azi_ship01_1
0  32.695312 -59.605019 4.296347  0.575335 -0.518509 0.632527  3.212891 1.303711 1 24 1.000000
0  32.414062 -59.605019 4.296347  -0.575335 -0.518509 0.632527  3.212891 1.265625 1 24 1.000000
0  32.414062 -59.629253 3.991733  -0.579394 -0.630329 -0.516678  3.250000 1.265625 1 24 1.000000
azi_ship01_1
0  32.414062 -59.629253 3.991733  -0.579394 -0.630329 -0.516678  2.337891 1.144531 1 24 1.000000
0  32.414062 -51.058510 2.974515  -0.698202 -0.084353 -0.710868  2.337891 2.853516 1 24 1.000000
0  32.695312 -51.058510 2.974515  0.698202 -0.084353 -0.710868  2.322266 2.853516 1 24 1.000000
azi_ship01_1
0  32.695312 -51.058510 2.974515  0.698202 -0.084353 -0.710868  2.322266 2.853516 1 24 1.000000
0  32.695312 -59.629253 3.991733  0.579394 -0.630329 -0.516648  2.322266 1.144531 1 24 1.000000
0  32.414062 -59.629253 3.991733  -0.579394 -0.630329 -0.516678  2.337891 1.144531 1 24 1.000000
azi_ship01_1
0  32.414062 -59.605019 4.296347  -0.575335 -0.518509 0.632527  2.337891 1.144531 1 24 1.000000
0  32.414062 -51.034279 3.279129  -0.715659 0.082308 0.693564  2.337891 2.853516 1 24 1.000000
0  32.414062 -51.058510 2.974515  -0.698202 -0.084353 -0.710868  2.322266 2.853516 1 24 1.000000
azi_ship01_1
0  32.414062 -51.058510 2.974515  -0.698202 -0.084353 -0.710868  2.322266 2.853516 1 24 1.000000
0  32.414062 -59.629253 3.991733  -0.579394 -0.630329 -0.516678  2.322266 1.144531 1 24 1.000000
0  32.414062 -59.605019 4.296347  -0.575335 -0.518509 0.632527  2.337891 1.144531 1 24 1.000000
azi_ship01_1
0  32.695312 -59.605019 4.296347  0.575335 -0.518509 0.632527  2.337891 1.144531 1 24 1.000000
0  32.695312 -51.034279 3.279129  0.715659 0.082308 0.693564  2.337891 2.853516 1 24 1.000000
0  32.414062 -51.034279 3.279129  -0.715659 0.082308 0.693564  2.322266 2.853516 1 24 1.000000
azi_ship01_1
0  32.414062 -51.034279 3.279129  -0.715659 0.082308 0.693564  2.322266 2.853516 1 24 1.000000
0  32.414062 -59.605019 4.296347  -0.575335 -0.518509 0.632527  2.322266 1.144531 1 24 1.000000
0  32.695312 -59.605019 4.296347  0.575335 -0.518509 0.632527  2.337891 1.144531 1 24 1.000000
azi_ship01_1
0  32.695312 -59.629253 3.991733  0.579394 -0.630329 -0.516648  2.337891 1.144531 1 24 1.000000
0  32.695312 -51.058510 2.974515  0.698202 -0.084353 -0.710868  2.337891 2.853516 1 24 1.000000
0  32.695312 -51.034279 3.279129  0.715659 0.082308 0.693564  2.322266 2.853516 1 24 1.000000
azi_ship01_1
0  32.695312 -51.034279 3.279129  0.715659 0.082308 0.693564  2.322266 2.853516 1 24 1.000000
0  32.695312 -59.605019 4.296347  0.575335 -0.518509 0.632527  2.322266 1.144531 1 24 1.000000
0  32.695312 -59.629253 3.991733  0.579394 -0.630329 -0.516648  2.337891 1.144531 1 24 1.000000
azi_ship01_1
0  32.414062 -58.374790 10.603380  -0.582476 -0.711325 -0.393262  3.250000 1.265625 1 24 1.000000
0  32.695312 -58.374790 10.603380  0.582476 -0.711325 -0.393262  3.250000 1.303711 1 24 1.000000
0  32.695312 -58.304256 10.900703  0.572497 -0.396680 0.717521  3.212891 1.303711 1 24 1.000000
azi_ship01_1
0  32.695312 -58.304256 10.900703  0.572497 -0.396680 0.717521  3.212891 1.303711 1 24 1.000000
0  32.414062 -58.304256 10.900703  -0.572497 -0.396680 0.717521  3.212891 1.265625 1 24 1.000000
0  32.414062 -58.374790 10.603380  -0.582476 -0.711325 -0.393262  3.250000 1.265625 1 24 1.000000
azi_ship01_1
0  32.414062 -58.374790 10.603380  -0.582476 -0.711325 -0.393262  2.337891 1.144531 1 24 1.000000
0  32.414062 -53.307880 8.880364  -0.684744 -0.234596 -0.689962  2.337891 2.853516 1 24 1.000000
0  32.695312 -53.307880 8.880364  0.684744 -0.234596 -0.689962  2.322266 2.853516 1 24 1.000000
azi_ship01_1
0  32.695312 -53.307880 8.880364  0.684744 -0.234596 -0.689962  2.322266 2.853516 1 24 1.000000
0  32.695312 -58.374790 10.603380  0.582476 -0.711325 -0.393262  2.322266 1.144531 1 24 1.000000
0  32.414062 -58.374790 10.603380  -0.582476 -0.711325 -0.393262  2.337891 1.144531 1 24 1.000000
azi_ship01_1
0  32.414062 -58.304256 10.900703  -0.572497 -0.396680 0.717521  2.337891 1.144531 1 24 1.000000
0  32.414062 -53.237343 9.177688  -0.727500 0.220862 0.649556  2.337891 2.853516 1 24 1.000000
0  32.414062 -53.307880 8.880364  -0.684744 -0.234596 -0.689962  2.322266 2.853516 1 24 1.000000
azi_ship01_1
0  32.414062 -53.307880 8.880364  -0.684744 -0.234596 -0.689962  2.322266 2.853516 1 24 1.000000
0  32.414062 -58.374790 10.603380  -0.582476 -0.711325 -0.393262  2.322266 1.144531 1 24 1.000000
0  32.414062 -58.304256 10.900703  -0.572497 -0.396680 0.717521  2.337891 1.144531 1 24 1.000000
azi_ship01_1
0  32.695312 -58.304256 10.900703  0.572497 -0.396680 0.717521  2.337891 1.144531 1 24 1.000000
0  32.695312 -53.237343 9.177688  0.727500 0.220862 0.649556  2.337891 2.853516 1 24 1.000000
0  32.414062 -53.237343 9.177688  -0.727500 0.220862 0.649556  2.322266 2.853516 1 24 1.000000
azi_ship01_1
0  32.414062 -53.237343 9.177688  -0.727500 0.220862 0.649556  2.322266 2.853516 1 24 1.000000
0  32.414062 -58.304256 10.900703  -0.572497 -0.396680 0.717521  2.322266 1.144531 1 24 1.000000
0  32.695312 -58.304256 10.900703  0.572497 -0.396680 0.717521  2.337891 1.144531 1 24 1.000000
azi_ship01_1
0  32.695312 -58.374790 10.603380  0.582476 -0.711325 -0.393262  2.337891 1.144531 1 24 1.000000
0  32.695312 -53.307880 8.880364  0.684744 -0.234596 -0.689962  2.337891 2.853516 1 24 1.000000
0  32.695312 -53.237343 9.177688  0.727500 0.220862 0.649556  2.322266 2.853516 1 24 1.000000
azi_ship01_1
0  32.695312 -53.237343 9.177688  0.727500 0.220862 0.649556  2.322266 2.853516 1 24 1.000000
0  32.695312 -58.304256 10.900703  0.572497 -0.396680 0.717521  2.322266 1.144531 1 24 1.000000
0  32.695312 -58.374790 10.603380  0.582476 -0.711325 -0.393262  2.337891 1.144531 1 24 1.000000
azi_ship01_1
0  32.414062 -56.080482 15.983676  -0.579791 -0.751122 0.315592  3.250000 1.265625 1 24 1.000000
0  32.695312 -56.080482 15.983676  0.579791 -0.751122 0.315592  3.250000 1.303711 1 24 1.000000
0  32.695312 -55.800301 16.105642  0.574969 0.316935 0.754265  3.212891 1.303711 1 24 1.000000
azi_ship01_1
0  32.695312 -55.800301 16.105642  0.574969 0.316935 0.754265  3.212891 1.303711 1 24 1.000000
0  32.414062 -55.800301 16.105642  -0.574969 0.316935 0.754265  3.212891 1.265625 1 24 1.000000
0  32.414062 -56.080482 15.983676  -0.579791 -0.751122 0.315592  3.250000 1.265625 1 24 1.000000
azi_ship01_1
0  32.414062 -56.080482 15.983676  -0.579791 -0.751122 0.315592  2.337891 1.144531 1 24 1.000000
0  32.414062 -50.453407 1.242206  -0.696524 -0.670339 -0.255867  2.337891 2.853516 1 24 1.000000
0  32.695312 -50.453407 1.242206  0.696524 -0.670339 -0.255867  2.322266 2.853516 1 24 1.000000
azi_ship01_1
0  32.695312 -50.453407 1.242206  0.696524 -0.670339 -0.255867  2.322266 2.853516 1 24 1.000000
0  32.695312 -56.080482 15.983676  0.579791 -0.751122 0.315592  2.322266 1.144531 1 24 1.000000
0  32.414062 -56.080482 15.983676  -0.579791 -0.751122 0.315592  2.337891 1.144531 1 24 1.000000
azi_ship01_1
0  32.414062 -55.800301 16.105642  -0.574969 0.316935 0.754265  2.337891 1.144531 1 24 1.000000
0  32.414062 -50.173229 1.364171  -0.717215 0.651021 0.248482  2.337891 2.853516 1 24 1.000000
0  32.414062 -50.453407 1.242206  -0.696524 -0.670339 -0.255867  2.322266 2.853516 1 24 1.000000
azi_ship01_1
0  32.414062 -50.453407 1.242206  -0.696524 -0.670339 -0.255867  2.322266 2.853516 1 24 1.000000
0  32.414062 -56.080482 15.983676  -0.579791 -0.751122 0.315592  2.322266 1.144531 1 24 1.000000
0  32.414062 -55.800301 16.105642  -0.574969 0.316935 0.754265  2.337891 1.144531 1 24 1.000000
azi_ship01_1
0  32.695312 -55.800301 16.105642  0.574969 0.316935 0.754265  2.337891 1.144531 1 24 1.000000
0  32.695312 -50.173229 1.364171  0.717215 0.651021 0.248482  2.337891 2.853516 1 24 1.000000
0  32.414062 -50.173229 1.364171  -0.717215 0.651021 0.248482  2.322266 2.853516 1 24 1.000000
azi_ship01_1
0  32.414062 -50.173229 1.364171  -0.717215 0.651021 0.248482  2.322266 2.853516 1 24 1.000000
0  32.414062 -55.800301 16.105642  -0.574969 0.316935 0.754265  2.322266 1.144531 1 24 1.000000
0  32.695312 -55.800301 16.105642  0.574969 0.316935 0.754265  2.337891 1.144531 1 24 1.000000
azi_ship01_1
0  32.695312 -56.080482 15.983676  0.579791 -0.751122 0.315592  2.337891 1.144531 1 24 1.000000
0  32.695312 -50.453407 1.242206  0.696524 -0.670339 -0.255867  2.337891 2.853516 1 24 1.000000
0  32.695312 -50.173229 1.364171  0.717215 0.651021 0.248482  2.322266 2.853516 1 24 1.000000
azi_ship01_1
0  32.695312 -50.173229 1.364171  0.717215 0.651021 0.248482  2.322266 2.853516 1 24 1.000000
0  32.695312 -55.800301 16.105642  0.574969 0.316935 0.754265  2.322266 1.144531 1 24 1.000000
0  32.695312 -56.080482 15.983676  0.579791 -0.751122 0.315592  2.337891 1.144531 1 24 1.000000
out70_mast03_2
0  32.390625 -22.425806 46.652596  0.731651 0.467971 -0.495651  0.242188 2.265625 1 24 1.000000
0  32.625000 -55.691639 15.590303  0.712729 0.481368 -0.510147  0.250000 2.265625 1 24 1.000000
0  32.484375 -55.691639 15.590303  -0.710227 0.477462 -0.517258  0.250000 2.273438 1 24 1.000000
out70_mast03_2
0  32.484375 -55.691639 15.590303  -0.710227 0.477462 -0.517258  0.250000 2.273438 1 24 1.000000
0  32.226562 -22.425806 46.652596  -0.734458 0.460097 -0.498825  0.242188 2.273438 1 24 1.000000
0  32.390625 -22.425806 46.652596  0.731651 0.467971 -0.495651  0.242188 2.265625 1 24 1.000000
out70_mast03_2
0  32.390625 -22.562351 46.840164  0.677023 -0.499649 0.540300  0.242188 2.265625 1 24 1.000000
0  32.625000 -55.854977 15.758371  0.703665 -0.482223 0.521805  0.250000 2.265625 1 24 1.000000
0  32.625000 -55.691639 15.590303  0.712729 0.481368 -0.510147  0.250000 2.273438 1 24 1.000000
out70_mast03_2
0  32.625000 -55.691639 15.590303  0.712729 0.481368 -0.510147  0.250000 2.273438 1 24 1.000000
0  32.390625 -22.425806 46.652596  0.731651 0.467971 -0.495651  0.242188 2.273438 1 24 1.000000
0  32.390625 -22.562351 46.840164  0.677023 -0.499649 0.540300  0.242188 2.265625 1 24 1.000000
out70_mast03_2
0  32.226562 -22.562351 46.840164  -0.679098 -0.503708 0.533921  0.242188 2.265625 1 24 1.000000
0  32.484375 -55.854977 15.758371  -0.701285 -0.489364 0.518326  0.250000 2.265625 1 24 1.000000
0  32.625000 -55.854977 15.758371  0.703665 -0.482223 0.521805  0.250000 2.273438 1 24 1.000000
out70_mast03_2
0  32.625000 -55.854977 15.758371  0.703665 -0.482223 0.521805  0.250000 2.273438 1 24 1.000000
0  32.390625 -22.562351 46.840164  0.677023 -0.499649 0.540300  0.242188 2.273438 1 24 1.000000
0  32.226562 -22.562351 46.840164  -0.679098 -0.503708 0.533921  0.242188 2.265625 1 24 1.000000
out70_mast03_2
0  32.226562 -22.425806 46.652596  -0.734458 0.460097 -0.498825  0.242188 2.265625 1 24 1.000000
0  32.484375 -55.691639 15.590303  -0.710227 0.477462 -0.517258  0.250000 2.265625 1 24 1.000000
0  32.484375 -55.854977 15.758371  -0.701285 -0.489364 0.518326  0.250000 2.273438 1 24 1.000000
out70_mast03_2
0  32.484375 -55.854977 15.758371  -0.701285 -0.489364 0.518326  0.250000 2.273438 1 24 1.000000
0  32.226562 -22.562351 46.840164  -0.679098 -0.503708 0.533921  0.242188 2.273438 1 24 1.000000
0  32.226562 -22.425806 46.652596  -0.734458 0.460097 -0.498825  0.242188 2.265625 1 24 1.000000
out70_mast03_2
0  32.414062 -22.422159 46.675743  0.783532 0.515702 -0.346538  0.242188 2.265625 1 24 1.000000
0  32.648438 -51.377018 4.116023  0.672475 0.613605 -0.413770  0.250000 2.265625 1 24 1.000000
0  32.460938 -51.377018 4.116023  -0.670705 0.611316 -0.419965  0.250000 2.273438 1 24 1.000000
out70_mast03_2
0  32.460938 -51.377018 4.116023  -0.670705 0.611316 -0.419965  0.250000 2.273438 1 24 1.000000
0  32.203125 -22.422159 46.675743  -0.786981 0.507859 -0.350261  0.242188 2.273438 1 24 1.000000
0  32.414062 -22.422159 46.675743  0.783532 0.515702 -0.346538  0.242188 2.265625 1 24 1.000000
out70_mast03_2
0  32.414062 -22.535555 46.859676  0.589923 -0.666311 0.456008  0.242188 2.265625 1 24 1.000000
0  32.648438 -51.501350 4.230498  0.739219 -0.555101 0.381237  0.250000 2.265625 1 24 1.000000
0  32.648438 -51.377018 4.116023  0.672475 0.613605 -0.413770  0.250000 2.273438 1 24 1.000000
out70_mast03_2
0  32.648438 -51.377018 4.116023  0.672475 0.613605 -0.413770  0.250000 2.273438 1 24 1.000000
0  32.414062 -22.422159 46.675743  0.783532 0.515702 -0.346538  0.242188 2.273438 1 24 1.000000
0  32.414062 -22.535555 46.859676  0.589923 -0.666311 0.456008  0.242188 2.265625 1 24 1.000000
out70_mast03_2
0  32.203125 -22.535555 46.859676  -0.591052 -0.668813 0.450880  0.242188 2.265625 1 24 1.000000
0  32.460938 -51.501350 4.230498  -0.736686 -0.561388 0.376965  0.250000 2.265625 1 24 1.000000
0  32.648438 -51.501350 4.230498  0.739219 -0.555101 0.381237  0.250000 2.273438 1 24 1.000000
out70_mast03_2
0  32.648438 -51.501350 4.230498  0.739219 -0.555101 0.381237  0.250000 2.273438 1 24 1.000000
0  32.414062 -22.535555 46.859676  0.589923 -0.666311 0.456008  0.242188 2.273438 1 24 1.000000
0  32.203125 -22.535555 46.859676  -0.591052 -0.668813 0.450880  0.242188 2.265625 1 24 1.000000
out70_mast03_2
0  32.203125 -22.422159 46.675743  -0.786981 0.507859 -0.350261  0.242188 2.265625 1 24 1.000000
0  32.460938 -51.377018 4.116023  -0.670705 0.611316 -0.419965  0.250000 2.265625 1 24 1.000000
0  32.460938 -51.501350 4.230498  -0.736686 -0.561388 0.376965  0.250000 2.273438 1 24 1.000000
out70_mast03_2
0  32.460938 -51.501350 4.230498  -0.736686 -0.561388 0.376965  0.250000 2.273438 1 24 1.000000
0  32.203125 -22.535555 46.859676  -0.591052 -0.668813 0.450880  0.242188 2.273438 1 24 1.000000
0  32.203125 -22.422159 46.675743  -0.786981 0.507859 -0.350261  0.242188 2.265625 1 24 1.000000
out70_mast03_2
0  32.554688 -51.036640 3.113424  -1.000000 0.000000 0.000000  1.000000 0.000000 1 24 1.000000
0  32.554688 -59.534286 4.142859  -1.000000 0.000000 0.000000  0.000000 0.000000 1 24 1.000000
0  32.554688 -58.198147 10.670471  -0.999969 0.000000 0.000000  0.500000 1.000000 1 24 1.000000
out70_mast03_2
0  32.554688 -58.198147 10.670471  -0.999969 0.000000 0.000000  0.500000 1.000000 1 24 1.000000
0  32.554688 -53.335960 9.003411  -1.000000 0.000000 0.000000  1.000000 1.000000 1 24 1.000000
0  32.554688 -51.036640 3.113424  -1.000000 0.000000 0.000000  1.000000 0.000000 1 24 1.000000
out70_mast03_2
0  32.343750 -17.078550 9.036582  -0.388409 -0.093509 -0.916715  0.242188 2.265625 1 24 1.000000
0  27.210938 -2.381176 9.712021  -0.687185 -0.211371 -0.695029  0.250000 2.265625 1 24 1.000000
0  27.445312 -2.381176 9.712021  0.574023 0.238289 -0.783349  0.250000 2.273438 1 24 1.000000
out70_mast03_2
0  27.445312 -2.381176 9.712021  0.574023 0.238289 -0.783349  0.250000 2.273438 1 24 1.000000
0  32.625000 -17.078550 9.036582  0.413862 0.188391 -0.890622  0.242188 2.273438 1 24 1.000000
0  32.343750 -17.078550 9.036582  -0.388409 -0.093509 -0.916715  0.242188 2.265625 1 24 1.000000
out70_mast03_2
0  32.343750 -16.910482 9.199924  -0.593921 -0.241523 0.767388  0.242188 2.265625 1 24 1.000000
0  27.210938 -2.409254 9.835068  -0.791375 -0.303354 0.530717  0.250000 2.265625 1 24 1.000000
0  27.210938 -2.381176 9.712021  -0.687185 -0.211371 -0.695029  0.250000 2.273438 1 24 1.000000
out70_mast03_2
0  27.210938 -2.381176 9.712021  -0.687185 -0.211371 -0.695029  0.250000 2.273438 1 24 1.000000
0  32.343750 -17.078550 9.036582  -0.388409 -0.093509 -0.916715  0.242188 2.273438 1 24 1.000000
0  32.343750 -16.910482 9.199924  -0.593921 -0.241523 0.767388  0.242188 2.265625 1 24 1.000000
out70_mast03_2
0  32.625000 -16.910482 9.199924  0.926786 0.322611 0.192175  0.242188 2.265625 1 24 1.000000
0  27.445312 -2.409254 9.835068  0.616138 0.183508 0.765923  0.250000 2.265625 1 24 1.000000
0  27.210938 -2.409254 9.835068  -0.791375 -0.303354 0.530717  0.250000 2.273438 1 24 1.000000
out70_mast03_2
0  27.210938 -2.409254 9.835068  -0.791375 -0.303354 0.530717  0.250000 2.273438 1 24 1.000000
0  32.343750 -16.910482 9.199924  -0.593921 -0.241523 0.767388  0.242188 2.273438 1 24 1.000000
0  32.625000 -16.910482 9.199924  0.926786 0.322611 0.192175  0.242188 2.265625 1 24 1.000000
out70_mast03_2
0  32.625000 -17.078550 9.036582  0.413862 0.188391 -0.890622  0.242188 2.265625 1 24 1.000000
0  27.445312 -2.381176 9.712021  0.574023 0.238289 -0.783349  0.250000 2.265625 1 24 1.000000
0  27.445312 -2.409254 9.835068  0.616138 0.183508 0.765923  0.250000 2.273438 1 24 1.000000
out70_mast03_2
0  27.445312 -2.409254 9.835068  0.616138 0.183508 0.765923  0.250000 2.273438 1 24 1.000000
0  32.625000 -16.910482 9.199924  0.926786 0.322611 0.192175  0.242188 2.273438 1 24 1.000000
0  32.625000 -17.078550 9.036582  0.413862 0.188391 -0.890622  0.242188 2.265625 1 24 1.000000
out70_mast03_2
0  32.460938 -17.234400 8.800141  -0.378979 0.107059 -0.919156  0.242188 2.265625 1 24 1.000000
0  25.968750 -1.023054 13.365416  -0.791498 -0.153783 -0.591479  0.250000 2.265625 1 24 1.000000
0  26.179688 -1.023054 13.365416  0.602130 0.431227 -0.671896  0.250000 2.273438 1 24 1.000000
out70_mast03_2
0  26.179688 -1.023054 13.365416  0.602130 0.431227 -0.671896  0.250000 2.273438 1 24 1.000000
0  32.695312 -17.234400 8.800141  0.405774 0.395947 -0.823725  0.242188 2.273438 1 24 1.000000
0  32.460938 -17.234400 8.800141  -0.378979 0.107059 -0.919156  0.242188 2.265625 1 24 1.000000
out70_mast03_2
0  32.460938 -17.078550 9.036582  -0.566393 -0.422956 0.707297  0.242188 2.265625 1 24 1.000000
0  25.968750 -1.031626 13.461666  -0.684713 -0.437696 0.582690  0.250000 2.265625 1 24 1.000000
0  25.968750 -1.023054 13.365416  -0.791498 -0.153783 -0.591479  0.250000 2.273438 1 24 1.000000
out70_mast03_2
0  25.968750 -1.023054 13.365416  -0.791498 -0.153783 -0.591479  0.250000 2.273438 1 24 1.000000
0  32.460938 -17.234400 8.800141  -0.378979 0.107059 -0.919156  0.242188 2.273438 1 24 1.000000
0  32.460938 -17.078550 9.036582  -0.566393 -0.422956 0.707297  0.242188 2.265625 1 24 1.000000
out70_mast03_2
0  32.695312 -17.078550 9.036582  0.922666 0.312235 0.226173  0.242188 2.265625 1 24 1.000000
0  26.179688 -1.031626 13.461666  0.563005 -0.001679 0.826411  0.250000 2.265625 1 24 1.000000
0  25.968750 -1.031626 13.461666  -0.684713 -0.437696 0.582690  0.250000 2.273438 1 24 1.000000
out70_mast03_2
0  25.968750 -1.031626 13.461666  -0.684713 -0.437696 0.582690  0.250000 2.273438 1 24 1.000000
0  32.460938 -17.078550 9.036582  -0.566393 -0.422956 0.707297  0.242188 2.273438 1 24 1.000000
0  32.695312 -17.078550 9.036582  0.922666 0.312235 0.226173  0.242188 2.265625 1 24 1.000000
out70_mast03_2
0  32.695312 -17.234400 8.800141  0.405774 0.395947 -0.823725  0.242188 2.265625 1 24 1.000000
0  26.179688 -1.023054 13.365416  0.602130 0.431227 -0.671896  0.250000 2.265625 1 24 1.000000
0  26.179688 -1.031626 13.461666  0.563005 -0.001679 0.826411  0.250000 2.273438 1 24 1.000000
out70_mast03_2
0  26.179688 -1.031626 13.461666  0.563005 -0.001679 0.826411  0.250000 2.273438 1 24 1.000000
0  32.695312 -17.078550 9.036582  0.922666 0.312235 0.226173  0.242188 2.273438 1 24 1.000000
0  32.695312 -17.234400 8.800141  0.405774 0.395947 -0.823725  0.242188 2.265625 1 24 1.000000
out70_mast03_2
0  32.296875 -20.774004 36.499104  -0.749840 -0.462050 -0.473525  0.070312 0.828125 1 24 1.000000
0  32.250000 14.979851 1.687981  -0.670400 -0.518052 -0.531175  0.070312 0.828125 1 24 1.000000
0  32.390625 14.979851 1.687981  0.669942 -0.517197 -0.532548  0.070312 0.828125 1 24 1.000000
out70_mast03_2
0  32.390625 14.979851 1.687981  0.669942 -0.517197 -0.532548  0.070312 0.828125 1 24 1.000000
0  32.460938 -20.774004 36.499104  0.750511 -0.460219 -0.474197  0.070312 0.828125 1 24 1.000000
0  32.296875 -20.774004 36.499104  -0.749840 -0.462050 -0.473525  0.070312 0.828125 1 24 1.000000
out70_mast03_2
0  32.296875 -20.679035 36.650227  -0.654225 0.527329 0.542100  0.070312 0.828125 1 24 1.000000
0  32.250000 15.071175 1.815955  -0.739311 0.469405 0.482742  0.070312 0.828125 1 24 1.000000
0  32.250000 14.979851 1.687981  -0.670400 -0.518052 -0.531175  0.070312 0.828125 1 24 1.000000
out70_mast03_2
0  32.250000 14.979851 1.687981  -0.670400 -0.518052 -0.531175  0.070312 0.828125 1 24 1.000000
0  32.296875 -20.774004 36.499104  -0.749840 -0.462050 -0.473525  0.070312 0.828125 1 24 1.000000
0  32.296875 -20.679035 36.650227  -0.654225 0.527329 0.542100  0.070312 0.828125 1 24 1.000000
out70_mast03_2
0  32.460938 -20.679035 36.650227  0.654622 0.528184 0.540757  0.070312 0.828125 1 24 1.000000
0  32.390625 15.071175 1.815955  0.738670 0.471145 0.482009  0.070312 0.828125 1 24 1.000000
0  32.250000 15.071175 1.815955  -0.739311 0.469405 0.482742  0.070312 0.828125 1 24 1.000000
out70_mast03_2
0  32.250000 15.071175 1.815955  -0.739311 0.469405 0.482742  0.070312 0.828125 1 24 1.000000
0  32.296875 -20.679035 36.650227  -0.654225 0.527329 0.542100  0.070312 0.828125 1 24 1.000000
0  32.460938 -20.679035 36.650227  0.654622 0.528184 0.540757  0.070312 0.828125 1 24 1.000000
out70_mast03_2
0  32.460938 -20.774004 36.499104  0.750511 -0.460219 -0.474197  0.070312 0.828125 1 24 1.000000
0  32.390625 14.979851 1.687981  0.669942 -0.517197 -0.532548  0.070312 0.828125 1 24 1.000000
0  32.390625 15.071175 1.815955  0.738670 0.471145 0.482009  0.070312 0.828125 1 24 1.000000
out70_mast03_2
0  32.390625 15.071175 1.815955  0.738670 0.471145 0.482009  0.070312 0.828125 1 24 1.000000
0  32.460938 -20.679035 36.650227  0.654622 0.528184 0.540757  0.070312 0.828125 1 24 1.000000
0  32.460938 -20.774004 36.499104  0.750511 -0.460219 -0.474197  0.070312 0.828125 1 24 1.000000
out70_mast03_2
0  32.273438 -22.020496 44.856834  -0.721915 -0.468307 -0.509415  0.070312 0.828125 1 24 1.000000
0  31.945312 22.437723 4.452211  -0.716941 -0.471725 -0.513260  0.070312 0.828125 1 24 1.000000
0  32.132812 22.437723 4.452211  0.714255 -0.467574 -0.520737  0.070312 0.828125 1 24 1.000000
out70_mast03_2
0  32.132812 22.437723 4.452211  0.714255 -0.467574 -0.520737  0.070312 0.828125 1 24 1.000000
0  32.484375 -22.020496 44.856834  0.724693 -0.460280 -0.512742  0.070312 0.828125 1 24 1.000000
0  32.273438 -22.020496 44.856834  -0.721915 -0.468307 -0.509415  0.070312 0.828125 1 24 1.000000
out70_mast03_2
0  32.273438 -21.871935 45.046974  -0.688437 0.485336 0.538926  0.070312 0.828125 1 24 1.000000
0  31.945312 22.578997 4.596046  -0.699515 0.478103 0.531053  0.070312 0.828125 1 24 1.000000
0  31.945312 22.437723 4.452211  -0.716941 -0.471725 -0.513260  0.070312 0.828125 1 24 1.000000
out70_mast03_2
0  31.945312 22.437723 4.452211  -0.716941 -0.471725 -0.513260  0.070312 0.828125 1 24 1.000000
0  32.273438 -22.020496 44.856834  -0.721915 -0.468307 -0.509415  0.070312 0.828125 1 24 1.000000
0  32.273438 -21.871935 45.046974  -0.688437 0.485336 0.538926  0.070312 0.828125 1 24 1.000000
out70_mast03_2
0  32.484375 -21.871935 45.046974  0.690756 0.489639 0.532029  0.070312 0.828125 1 24 1.000000
0  32.132812 22.578997 4.596046  0.697104 0.485549 0.527482  0.070312 0.828125 1 24 1.000000
0  31.945312 22.578997 4.596046  -0.699515 0.478103 0.531053  0.070312 0.828125 1 24 1.000000
out70_mast03_2
0  31.945312 22.578997 4.596046  -0.699515 0.478103 0.531053  0.070312 0.828125 1 24 1.000000
0  32.273438 -21.871935 45.046974  -0.688437 0.485336 0.538926  0.070312 0.828125 1 24 1.000000
0  32.484375 -21.871935 45.046974  0.690756 0.489639 0.532029  0.070312 0.828125 1 24 1.000000
out70_mast03_2
0  32.484375 -22.020496 44.856834  0.724693 -0.460280 -0.512742  0.070312 0.828125 1 24 1.000000
0  32.132812 22.437723 4.452211  0.714255 -0.467574 -0.520737  0.070312 0.828125 1 24 1.000000
0  32.132812 22.578997 4.596046  0.697104 0.485549 0.527482  0.070312 0.828125 1 24 1.000000
out70_mast03_2
0  32.132812 22.578997 4.596046  0.697104 0.485549 0.527482  0.070312 0.828125 1 24 1.000000
0  32.484375 -21.871935 45.046974  0.690756 0.489639 0.532029  0.070312 0.828125 1 24 1.000000
0  32.484375 -22.020496 44.856834  0.724693 -0.460280 -0.512742  0.070312 0.828125 1 24 1.000000
out70_mast03_2
0  32.554688 -53.321377 9.096016  1.000000 0.000000 0.000000  1.000000 0.000000 1 24 1.000000
0  32.554688 -55.808674 15.751081  1.000000 0.000000 0.000000  1.000000 1.000000 1 24 1.000000
0  32.554688 -58.071457 10.721701  0.999969 0.000000 0.000000  0.500000 0.000000 1 24 1.000000
out70_mast03_2
0  32.250000 12.584601 4.105459  -0.783959 0.431837 0.445967  -0.773438 0.015625 1 24 1.000000
0  27.140623 -2.559097 9.787483  -0.783959 0.431837 0.445967  0.742188 1.734375 1 24 1.000000
0  32.273438 0.258723 16.081820  -0.783959 0.431837 0.445967  0.742188 0.015625 1 24 1.000000
out70_mast03_2
0  32.039062 18.392117 8.292058  -0.837794 0.366710 0.404431  -0.773438 0.015625 1 24 1.000000
0  25.968750 -1.112015 13.403147  -0.837794 0.366710 0.404431  0.742188 1.734375 1 24 1.000000
0  32.085938 3.228951 22.138634  -0.837794 0.366710 0.404431  0.742188 0.015625 1 24 1.000000
out70_ha01_1
0  31.968750 23.380524 5.015535  -0.005768 -0.304788 0.952391  0.917969 0.742188 1 24 1.000000
0  32.296875 23.490273 4.808455  0.985626 0.149052 0.079165  0.925781 0.734375 1 24 1.000000
0  31.921875 24.695026 5.377987  -0.035218 0.900998 0.432356  1.000000 0.765625 1 24 1.000000
out70_ha01_1
0  31.968750 23.569580 4.558716  0.009552 0.512101 -0.858852  0.931641 0.718750 1 24 1.000000
0  31.921875 24.695026 5.377987  -0.035218 0.900998 0.432356  1.000000 0.765625 1 24 1.000000
0  32.296875 23.490273 4.808455  0.985626 0.149052 0.079165  0.925781 0.734375 1 24 1.000000
out70_ha01_1
0  31.640623 23.463476 4.788948  -0.991363 0.119205 0.054353  0.923828 0.726562 1 24 1.000000
0  31.921875 24.695026 5.377987  -0.035218 0.900998 0.432356  1.000000 0.765625 1 24 1.000000
0  31.968750 23.569580 4.558716  0.009552 0.512101 -0.858852  0.931641 0.718750 1 24 1.000000
out70_ha01_1
0  22.406250 -3.574311 -3.291375  -0.699301 -0.570452 -0.430708  0.148438 0.500000 1 24 1.000000
0  23.789064 5.138104 -5.066381  -0.831294 0.555193 0.025849  0.679688 0.335938 1 24 1.000000
0  23.484375 -2.104238 -4.803986  -0.667379 -0.459059 -0.586383  0.236328 0.359375 1 24 1.000000
out70_ha01_1
0  24.210938 0.658670 -6.543865  -0.691275 0.027833 -0.722037  0.406250 0.203125 1 24 1.000000
0  23.484375 -2.104238 -4.803986  -0.667379 -0.459059 -0.586383  0.236328 0.359375 1 24 1.000000
0  23.789064 5.138104 -5.066381  -0.831294 0.555193 0.025849  0.679688 0.335938 1 24 1.000000
out70_ha01_1
0  40.007812 4.794799 -8.452493  0.305612 0.107517 -0.946043  0.658203 0.031250 1 24 1.000000
0  41.695312 5.138104 -5.066381  0.834223 0.548601 0.055635  0.679688 0.335938 1 24 1.000000
0  41.039062 0.658670 -6.543865  0.719321 -0.029572 -0.694021  0.406250 0.203125 1 24 1.000000
out70_ha01_1
0  41.390625 -2.104238 -4.803986  0.680319 -0.410779 -0.606922  0.236328 0.359375 1 24 1.000000
0  41.039062 0.658670 -6.543865  0.719321 -0.029572 -0.694021  0.406250 0.203125 1 24 1.000000
0  41.695312 5.138104 -5.066381  0.834223 0.548601 0.055635  0.679688 0.335938 1 24 1.000000
out70_ha01_1
0  22.875002 -1.243351 1.869625  -0.572069 0.363933 0.735008  0.291016 0.968750 1 24 1.000000
0  25.312500 4.987660 -3.761531  0.315531 0.492111 0.811304  0.669922 0.460938 1 24 1.000000
0  23.789064 5.138104 -5.066381  -0.831294 0.555193 0.025849  0.679688 0.335938 1 24 1.000000
out70_ha01_1
0  30.328123 10.246593 -7.128096  0.521317 0.795618 -0.308481  0.992188 0.148438 1 24 1.000000
0  23.789064 5.138104 -5.066381  -0.831294 0.555193 0.025849  0.679688 0.335938 1 24 1.000000
0  25.312500 4.987660 -3.761531  0.315531 0.492111 0.811304  0.669922 0.460938 1 24 1.000000
out70_ha01_1
0  41.390625 -2.104238 -4.803986  0.680319 -0.410779 -0.606922  0.236328 0.359375 1 24 1.000000
0  40.289062 -3.036382 -7.409359  0.575854 -0.706656 -0.411084  0.179688 0.125000 1 24 1.000000
0  39.937500 -1.583651 -8.278658  0.317545 0.137974 -0.938139  0.267578 0.046875 1 24 1.000000
out70_ha01_1
0  39.937500 -1.583651 -8.278658  0.317545 0.137974 -0.938139  0.267578 0.046875 1 24 1.000000
0  41.039062 0.658670 -6.543865  0.719321 -0.029572 -0.694021  0.406250 0.203125 1 24 1.000000
0  41.390625 -2.104238 -4.803986  0.680319 -0.410779 -0.606922  0.236328 0.359375 1 24 1.000000
out70_ha01_1
0  40.242188 0.573354 -6.482983  -0.848262 -0.024018 -0.528977  0.400391 0.210938 1 24 1.000000
0  39.257812 4.906711 -8.043057  -0.672567 -0.478835 -0.564196  0.666016 0.070312 1 24 1.000000
0  40.007812 4.794799 -8.452493  0.305612 0.107517 -0.946043  0.658203 0.031250 1 24 1.000000
out70_ha01_1
0  40.007812 4.794799 -8.452493  0.305612 0.107517 -0.946043  0.658203 0.031250 1 24 1.000000
0  41.039062 0.658670 -6.543865  0.719321 -0.029572 -0.694021  0.406250 0.203125 1 24 1.000000
0  40.242188 0.573354 -6.482983  -0.848262 -0.024018 -0.528977  0.400391 0.210938 1 24 1.000000
out70_ha01_1
0  39.890625 -3.125342 -7.371628  -0.556505 -0.811975 -0.175909  0.175781 0.125000 1 24 1.000000
0  39.632812 -1.672612 -8.240927  -0.756066 -0.012391 -0.654347  0.263672 0.046875 1 24 1.000000
0  39.937500 -1.583651 -8.278658  0.317545 0.137974 -0.938139  0.267578 0.046875 1 24 1.000000
out70_ha01_1
0  39.937500 -1.583651 -8.278658  0.317545 0.137974 -0.938139  0.267578 0.046875 1 24 1.000000
0  40.289062 -3.036382 -7.409359  0.575854 -0.706656 -0.411084  0.179688 0.125000 1 24 1.000000
0  39.890625 -3.125342 -7.371628  -0.556505 -0.811975 -0.175909  0.175781 0.125000 1 24 1.000000
out70_ha01_1
0  42.398441 -4.803699 -3.263898  0.639699 -0.646779 -0.415204  0.072266 0.500000 1 24 1.000000
0  41.671875 -4.803699 -3.263898  -0.390606 -0.810175 -0.437056  0.072266 0.500000 1 24 1.000000
0  40.500000 -2.170047 -4.769900  -0.819422 -0.565813 -0.091494  0.232422 0.367188 1 24 1.000000
out70_ha01_1
0  40.500000 -2.170047 -4.769900  -0.819422 -0.565813 -0.091494  0.232422 0.367188 1 24 1.000000
0  41.390625 -2.104238 -4.803986  0.680319 -0.410779 -0.606922  0.236328 0.359375 1 24 1.000000
0  42.398441 -4.803699 -3.263898  0.639699 -0.646779 -0.415204  0.072266 0.500000 1 24 1.000000
out70_ha01_1
0  40.898441 -4.803540 1.860732  -0.519791 -0.633747 0.572832  0.041016 0.968750 1 24 1.000000
0  40.125000 -1.243351 1.869625  -0.672445 0.189001 0.715567  0.041016 0.968750 1 24 1.000000
0  40.500000 -2.170047 -4.769900  -0.819422 -0.565813 -0.091494  0.041016 0.968750 1 24 1.000000
out70_ha01_1
0  40.500000 -2.170047 -4.769900  -0.819422 -0.565813 -0.091494  0.041016 0.968750 1 24 1.000000
0  41.671875 -4.803699 -3.263898  -0.390606 -0.810175 -0.437056  0.041016 0.968750 1 24 1.000000
0  40.898441 -4.803540 1.860732  -0.519791 -0.633747 0.572832  0.041016 0.968750 1 24 1.000000
out70_ha01_1
0  42.398441 -4.803540 1.860732  0.610370 -0.539048 0.580370  0.072266 0.968750 1 24 1.000000
0  41.625004 -1.243351 1.869625  0.521470 0.352489 0.777032  0.291016 0.968750 1 24 1.000000
0  40.125000 -1.243351 1.869625  -0.672445 0.189001 0.715567  0.289062 0.968750 1 24 1.000000
out70_ha01_1
0  40.125000 -1.243351 1.869625  -0.672445 0.189001 0.715567  0.289062 0.968750 1 24 1.000000
0  40.898441 -4.803540 1.860732  -0.519791 -0.633747 0.572832  0.072266 0.968750 1 24 1.000000
0  42.398441 -4.803540 1.860732  0.610370 -0.539048 0.580370  0.072266 0.968750 1 24 1.000000
out70_ha01_1
0  40.898441 -4.803540 1.860732  -0.519791 -0.633747 0.572832  0.072266 0.968750 1 24 1.000000
0  41.671875 -4.803699 -3.263898  -0.390606 -0.810175 -0.437056  0.072266 0.500000 1 24 1.000000
0  42.398441 -4.803699 -3.263898  0.639699 -0.646779 -0.415204  0.072266 0.500000 1 24 1.000000
out70_ha01_1
0  42.398441 -4.803699 -3.263898  0.639699 -0.646779 -0.415204  0.072266 0.500000 1 24 1.000000
0  42.398441 -4.803540 1.860732  0.610370 -0.539048 0.580370  0.072266 0.968750 1 24 1.000000
0  40.898441 -4.803540 1.860732  -0.519791 -0.633747 0.572832  0.072266 0.968750 1 24 1.000000
out70_ha01_1
0  24.375002 -1.243351 1.869625  0.631642 0.192480 0.750969  0.041016 0.968750 1 24 1.000000
0  25.007812 0.573354 -6.482983  0.866115 -0.030061 -0.498917  0.041016 0.968750 1 24 1.000000
0  26.250000 4.910556 -8.470717  0.474136 -0.283456 -0.833552  0.041016 0.968750 1 24 1.000000
out70_ha01_1
0  26.250000 4.910556 -8.470717  0.474136 -0.283456 -0.833552  0.041016 0.968750 1 24 1.000000
0  25.312500 4.987660 -3.761531  0.315531 0.492111 0.811304  0.041016 0.968750 1 24 1.000000
0  24.375002 -1.243351 1.869625  0.631642 0.192480 0.750969  0.041016 0.968750 1 24 1.000000
out70_ha01_1
0  24.210938 0.658670 -6.543865  -0.691275 0.027833 -0.722037  0.406250 0.203125 1 24 1.000000
0  25.007812 0.573354 -6.482983  0.866115 -0.030061 -0.498917  0.400391 0.210938 1 24 1.000000
0  25.617188 -1.672612 -8.240927  0.753838 -0.013764 -0.656880  0.263672 0.046875 1 24 1.000000
out70_ha01_1
0  25.617188 -1.672612 -8.240927  0.753838 -0.013764 -0.656880  0.263672 0.046875 1 24 1.000000
0  25.335938 -1.583651 -8.278658  -0.275918 0.147374 -0.949797  0.267578 0.046875 1 24 1.000000
0  24.210938 0.658670 -6.543865  -0.691275 0.027833 -0.722037  0.406250 0.203125 1 24 1.000000
out70_ha01_1
0  23.484375 -2.104238 -4.803986  -0.667379 -0.459059 -0.586383  0.236328 0.359375 1 24 1.000000
0  24.210938 0.658670 -6.543865  -0.691275 0.027833 -0.722037  0.406250 0.203125 1 24 1.000000
0  25.335938 -1.583651 -8.278658  -0.275918 0.147374 -0.949797  0.267578 0.046875 1 24 1.000000
out70_ha01_1
0  25.335938 -1.583651 -8.278658  -0.275918 0.147374 -0.949797  0.267578 0.046875 1 24 1.000000
0  24.960938 -3.036382 -7.409359  -0.532334 -0.731956 -0.425214  0.179688 0.125000 1 24 1.000000
0  23.484375 -2.104238 -4.803986  -0.667379 -0.459059 -0.586383  0.236328 0.359375 1 24 1.000000
out70_ha01_1
0  23.601564 -4.803540 1.860732  0.465041 -0.702719 0.538377  0.041016 0.968750 1 24 1.000000
0  23.625002 -3.574311 -3.291375  0.293466 -0.868068 -0.400311  0.041016 0.968750 1 24 1.000000
0  24.773438 -2.170047 -4.769900  0.802393 -0.596026 0.029267  0.041016 0.968750 1 24 1.000000
out70_ha01_1
0  24.773438 -2.170047 -4.769900  0.802393 -0.596026 0.029267  0.041016 0.968750 1 24 1.000000
0  24.375002 -1.243351 1.869625  0.631642 0.192480 0.750969  0.041016 0.968750 1 24 1.000000
0  23.601564 -4.803540 1.860732  0.465041 -0.702719 0.538377  0.041016 0.968750 1 24 1.000000
out70_ha01_1
0  24.773438 -2.170047 -4.769900  0.802393 -0.596026 0.029267  0.232422 0.367188 1 24 1.000000
0  23.484375 -2.104238 -4.803986  -0.667379 -0.459059 -0.586383  0.236328 0.359375 1 24 1.000000
0  24.960938 -3.036382 -7.409359  -0.532334 -0.731956 -0.425214  0.179688 0.125000 1 24 1.000000
out70_ha01_1
0  24.960938 -3.036382 -7.409359  -0.532334 -0.731956 -0.425214  0.179688 0.125000 1 24 1.000000
0  25.382812 -3.125342 -7.371628  0.563891 -0.806330 -0.178350  0.175781 0.125000 1 24 1.000000
0  24.773438 -2.170047 -4.769900  0.802393 -0.596026 0.029267  0.232422 0.367188 1 24 1.000000
out70_ha01_1
0  22.406250 -3.574311 -3.291375  -0.699301 -0.570452 -0.430708  0.148438 0.500000 1 24 1.000000
0  23.484375 -2.104238 -4.803986  -0.667379 -0.459059 -0.586383  0.236328 0.359375 1 24 1.000000
0  24.773438 -2.170047 -4.769900  0.802393 -0.596026 0.029267  0.232422 0.367188 1 24 1.000000
out70_ha01_1
0  24.773438 -2.170047 -4.769900  0.802393 -0.596026 0.029267  0.232422 0.367188 1 24 1.000000
0  23.625002 -3.574311 -3.291375  0.293466 -0.868068 -0.400311  0.148438 0.500000 1 24 1.000000
0  22.406250 -3.574311 -3.291375  -0.699301 -0.570452 -0.430708  0.148438 0.500000 1 24 1.000000
out70_ha01_1
0  22.101564 -4.803540 1.860732  -0.631611 -0.595660 0.496170  0.072266 0.968750 1 24 1.000000
0  23.601564 -4.803540 1.860732  0.465041 -0.702719 0.538377  0.072266 0.968750 1 24 1.000000
0  24.375002 -1.243351 1.869625  0.631642 0.192480 0.750969  0.289062 0.968750 1 24 1.000000
out70_ha01_1
0  24.375002 -1.243351 1.869625  0.631642 0.192480 0.750969  0.289062 0.968750 1 24 1.000000
0  22.875002 -1.243351 1.869625  -0.572069 0.363933 0.735008  0.291016 0.968750 1 24 1.000000
0  22.101564 -4.803540 1.860732  -0.631611 -0.595660 0.496170  0.072266 0.968750 1 24 1.000000
out70_ha01_1
0  23.601564 -4.803540 1.860732  0.465041 -0.702719 0.538377  0.072266 0.968750 1 24 1.000000
0  22.101564 -4.803540 1.860732  -0.631611 -0.595660 0.496170  0.072266 0.968750 1 24 1.000000
0  22.406250 -3.574311 -3.291375  -0.699301 -0.570452 -0.430708  0.148438 0.500000 1 24 1.000000
out70_ha01_1
0  22.406250 -3.574311 -3.291375  -0.699301 -0.570452 -0.430708  0.148438 0.500000 1 24 1.000000
0  23.625002 -3.574311 -3.291375  0.293466 -0.868068 -0.400311  0.148438 0.500000 1 24 1.000000
0  23.601564 -4.803540 1.860732  0.465041 -0.702719 0.538377  0.072266 0.968750 1 24 1.000000
out70_ha01_1
0  40.500000 -2.170047 -4.769900  -0.819422 -0.565813 -0.091494  0.232422 0.367188 1 24 1.000000
0  39.890625 -3.125342 -7.371628  -0.556505 -0.811975 -0.175909  0.175781 0.125000 1 24 1.000000
0  40.289062 -3.036382 -7.409359  0.575854 -0.706656 -0.411084  0.179688 0.125000 1 24 1.000000
out70_ha01_1
0  40.289062 -3.036382 -7.409359  0.575854 -0.706656 -0.411084  0.179688 0.125000 1 24 1.000000
0  41.390625 -2.104238 -4.803986  0.680319 -0.410779 -0.606922  0.236328 0.359375 1 24 1.000000
0  40.500000 -2.170047 -4.769900  -0.819422 -0.565813 -0.091494  0.232422 0.367188 1 24 1.000000
out70_ha01_1
0  25.007812 0.573354 -6.482983  0.866115 -0.030061 -0.498917  0.400391 0.210938 1 24 1.000000
0  24.210938 0.658670 -6.543865  -0.691275 0.027833 -0.722037  0.406250 0.203125 1 24 1.000000
0  25.500000 4.794799 -8.452493  -0.483779 0.123325 -0.866451  0.658203 0.031250 1 24 1.000000
out70_ha01_1
0  25.500000 4.794799 -8.452493  -0.483779 0.123325 -0.866451  0.658203 0.031250 1 24 1.000000
0  26.250000 4.910556 -8.470717  0.474136 -0.283456 -0.833552  0.666016 0.031250 1 24 1.000000
0  25.007812 0.573354 -6.482983  0.866115 -0.030061 -0.498917  0.400391 0.210938 1 24 1.000000
out70_ha01_1
0  25.382812 -3.125342 -7.371628  0.563891 -0.806330 -0.178350  0.175781 0.125000 1 24 1.000000
0  24.960938 -3.036382 -7.409359  -0.532334 -0.731956 -0.425214  0.179688 0.125000 1 24 1.000000
0  25.335938 -1.583651 -8.278658  -0.275918 0.147374 -0.949797  0.267578 0.046875 1 24 1.000000
out70_ha01_1
0  25.335938 -1.583651 -8.278658  -0.275918 0.147374 -0.949797  0.267578 0.046875 1 24 1.000000
0  25.617188 -1.672612 -8.240927  0.753838 -0.013764 -0.656880  0.263672 0.046875 1 24 1.000000
0  25.382812 -3.125342 -7.371628  0.563891 -0.806330 -0.178350  0.175781 0.125000 1 24 1.000000
out70_ha01_1
0  33.773441 8.585659 -1.101363  0.993774 0.110508 -0.012116  0.083984 0.367188 1 24 1.000000
0  32.390625 8.581735 -3.236018  0.004730 0.456008 -0.889950  0.083984 0.234375 1 24 1.000000
0  31.968750 23.569580 4.558716  0.009552 0.512101 -0.858852  0.931641 0.718750 1 24 1.000000
out70_ha01_1
0  31.968750 23.569580 4.558716  0.009552 0.512101 -0.858852  0.931641 0.718750 1 24 1.000000
0  32.296875 23.490273 4.808455  0.985626 0.149052 0.079165  0.925781 0.734375 1 24 1.000000
0  33.773441 8.585659 -1.101363  0.993774 0.110508 -0.012116  0.083984 0.367188 1 24 1.000000
out70_ha01_1
0  32.390625 9.026417 -0.411547  0.005646 -0.350047 0.936705  0.111328 0.406250 1 24 1.000000
0  33.773441 8.585659 -1.101363  0.993774 0.110508 -0.012116  0.083984 0.367188 1 24 1.000000
0  32.296875 23.490273 4.808455  0.985626 0.149052 0.079165  0.925781 0.734375 1 24 1.000000
out70_ha01_1
0  32.296875 23.490273 4.808455  0.985626 0.149052 0.079165  0.925781 0.734375 1 24 1.000000
0  31.968750 23.380524 5.015535  -0.005768 -0.304788 0.952391  0.917969 0.742188 1 24 1.000000
0  32.390625 9.026417 -0.411547  0.005646 -0.350047 0.936705  0.111328 0.406250 1 24 1.000000
out70_ha01_1
0  31.054688 8.585659 -1.101363  -0.999359 0.035646 -0.001587  0.083984 0.367188 1 24 1.000000
0  32.390625 9.026417 -0.411547  0.005646 -0.350047 0.936705  0.111328 0.406250 1 24 1.000000
0  31.968750 23.380524 5.015535  -0.005768 -0.304788 0.952391  0.917969 0.742188 1 24 1.000000
out70_ha01_1
0  31.968750 23.380524 5.015535  -0.005768 -0.304788 0.952391  0.917969 0.742188 1 24 1.000000
0  31.640623 23.463476 4.788948  -0.991363 0.119205 0.054353  0.923828 0.726562 1 24 1.000000
0  31.054688 8.585659 -1.101363  -0.999359 0.035646 -0.001587  0.083984 0.367188 1 24 1.000000
out70_ha01_1
0  32.390625 8.581735 -3.236018  0.004730 0.456008 -0.889950  0.083984 0.234375 1 24 1.000000
0  31.054688 8.585659 -1.101363  -0.999359 0.035646 -0.001587  0.083984 0.367188 1 24 1.000000
0  31.640623 23.463476 4.788948  -0.991363 0.119205 0.054353  0.923828 0.726562 1 24 1.000000
out70_ha01_1
0  31.640623 23.463476 4.788948  -0.991363 0.119205 0.054353  0.923828 0.726562 1 24 1.000000
0  31.968750 23.569580 4.558716  0.009552 0.512101 -0.858852  0.931641 0.718750 1 24 1.000000
0  32.390625 8.581735 -3.236018  0.004730 0.456008 -0.889950  0.083984 0.234375 1 24 1.000000
out70_ha01_1
0  25.007812 0.573354 -6.482983  0.866115 -0.030061 -0.498917  0.041016 0.968750 1 24 1.000000
0  24.773438 -2.170047 -4.769900  0.802393 -0.596026 0.029267  0.041016 0.968750 1 24 1.000000
0  25.382812 -3.125342 -7.371628  0.563891 -0.806330 -0.178350  0.041016 0.968750 1 24 1.000000
out70_ha01_1
0  25.382812 -3.125342 -7.371628  0.563891 -0.806330 -0.178350  0.041016 0.968750 1 24 1.000000
0  25.617188 -1.672612 -8.240927  0.753838 -0.013764 -0.656880  0.041016 0.968750 1 24 1.000000
0  25.007812 0.573354 -6.482983  0.866115 -0.030061 -0.498917  0.041016 0.968750 1 24 1.000000
out70_ha01_1
0  40.125000 -1.243351 1.869625  -0.672445 0.189001 0.715567  0.041016 0.968750 1 24 1.000000
0  39.796875 4.987660 -3.761531  -0.351299 0.494369 0.795068  0.041016 0.968750 1 24 1.000000
0  39.257812 4.906711 -8.043057  -0.672567 -0.478835 -0.564196  0.041016 0.968750 1 24 1.000000
out70_ha01_1
0  39.257812 4.906711 -8.043057  -0.672567 -0.478835 -0.564196  0.041016 0.968750 1 24 1.000000
0  40.242188 0.573354 -6.482983  -0.848262 -0.024018 -0.528977  0.041016 0.968750 1 24 1.000000
0  40.125000 -1.243351 1.869625  -0.672445 0.189001 0.715567  0.041016 0.968750 1 24 1.000000
out70_ha01_1
0  40.242188 0.573354 -6.482983  -0.848262 -0.024018 -0.528977  0.041016 0.968750 1 24 1.000000
0  39.632812 -1.672612 -8.240927  -0.756066 -0.012391 -0.654347  0.041016 0.968750 1 24 1.000000
0  39.890625 -3.125342 -7.371628  -0.556505 -0.811975 -0.175909  0.041016 0.968750 1 24 1.000000
out70_ha01_1
0  39.890625 -3.125342 -7.371628  -0.556505 -0.811975 -0.175909  0.041016 0.968750 1 24 1.000000
0  40.500000 -2.170047 -4.769900  -0.819422 -0.565813 -0.091494  0.041016 0.968750 1 24 1.000000
0  40.242188 0.573354 -6.482983  -0.848262 -0.024018 -0.528977  0.041016 0.968750 1 24 1.000000
out70_ha01_1
0  41.039062 0.658670 -6.543865  0.719321 -0.029572 -0.694021  0.406250 0.203125 1 24 1.000000
0  39.937500 -1.583651 -8.278658  0.317545 0.137974 -0.938139  0.267578 0.046875 1 24 1.000000
0  39.632812 -1.672612 -8.240927  -0.756066 -0.012391 -0.654347  0.263672 0.046875 1 24 1.000000
out70_ha01_1
0  39.632812 -1.672612 -8.240927  -0.756066 -0.012391 -0.654347  0.263672 0.046875 1 24 1.000000
0  40.242188 0.573354 -6.482983  -0.848262 -0.024018 -0.528977  0.400391 0.210938 1 24 1.000000
0  41.039062 0.658670 -6.543865  0.719321 -0.029572 -0.694021  0.406250 0.203125 1 24 1.000000
out70_ha01_1
0  22.875002 -1.243351 1.869625  -0.572069 0.363933 0.735008  0.291016 0.968750 1 24 1.000000
0  24.375002 -1.243351 1.869625  0.631642 0.192480 0.750969  0.289062 0.968750 1 24 1.000000
0  25.312500 4.987660 -3.761531  0.315531 0.492111 0.811304  0.669922 0.460938 1 24 1.000000
out70_ha01_1
0  30.328123 7.328314 -3.963965  0.728477 -0.017853 0.684805  0.812500 0.437500 1 24 1.000000
0  30.328123 10.246593 -7.128096  0.521317 0.795618 -0.308481  0.992188 0.148438 1 24 1.000000
0  25.312500 4.987660 -3.761531  0.315531 0.492111 0.811304  0.669922 0.460938 1 24 1.000000
out70_ha01_1
0  39.796875 4.987660 -3.761531  -0.351299 0.494369 0.795068  0.669922 0.460938 1 24 1.000000
0  41.695312 5.138104 -5.066381  0.834223 0.548601 0.055635  0.679688 0.335938 1 24 1.000000
0  34.171875 10.246593 -7.128096  -0.571795 0.752464 -0.326792  0.992188 0.148438 1 24 1.000000
out70_ha01_1
0  25.312500 4.987660 -3.761531  0.315531 0.492111 0.811304  0.041016 0.968750 1 24 1.000000
0  26.250000 4.910556 -8.470717  0.474136 -0.283456 -0.833552  0.041016 0.968750 1 24 1.000000
0  30.328123 7.328314 -3.963965  0.728477 -0.017853 0.684805  0.041016 0.968750 1 24 1.000000
out70_ha01_1
0  25.500000 4.794799 -8.452493  -0.483779 0.123325 -0.866451  0.658203 0.031250 1 24 1.000000
0  23.789064 5.138104 -5.066381  -0.831294 0.555193 0.025849  0.679688 0.335938 1 24 1.000000
0  30.328123 10.246593 -7.128096  0.521317 0.795618 -0.308481  0.992188 0.148438 1 24 1.000000
out70_ha01_1
0  39.257812 4.906711 -8.043057  -0.672567 -0.478835 -0.564196  0.041016 0.968750 1 24 1.000000
0  34.171875 7.328314 -3.963965  -0.763451 -0.053194 0.643635  0.041016 0.968750 1 24 1.000000
0  34.171875 10.246593 -7.128096  -0.571795 0.752464 -0.326792  0.041016 0.968750 1 24 1.000000
out70_ha01_1
0  25.500000 4.794799 -8.452493  -0.483779 0.123325 -0.866451  0.658203 0.031250 1 24 1.000000
0  30.328123 10.246593 -7.128096  0.521317 0.795618 -0.308481  0.992188 0.148438 1 24 1.000000
0  26.250000 4.910556 -8.470717  0.474136 -0.283456 -0.833552  0.666016 0.031250 1 24 1.000000
out70_ha01_1
0  40.125000 -1.243351 1.869625  -0.672445 0.189001 0.715567  0.041016 0.968750 1 24 1.000000
0  40.242188 0.573354 -6.482983  -0.848262 -0.024018 -0.528977  0.041016 0.968750 1 24 1.000000
0  40.500000 -2.170047 -4.769900  -0.819422 -0.565813 -0.091494  0.041016 0.968750 1 24 1.000000
out70_ha01_1
0  42.398441 -4.803540 1.860732  0.610370 -0.539048 0.580370  0.072266 0.968750 1 24 1.000000
0  42.398441 -4.803699 -3.263898  0.639699 -0.646779 -0.415204  0.072266 0.500000 1 24 1.000000
0  41.695312 5.138104 -5.066381  0.834223 0.548601 0.055635  0.679688 0.335938 1 24 1.000000
out70_ha01_1
0  23.789064 5.138104 -5.066381  -0.831294 0.555193 0.025849  0.679688 0.335938 1 24 1.000000
0  22.101564 -4.803540 1.860732  -0.631611 -0.595660 0.496170  0.072266 0.968750 1 24 1.000000
0  22.875002 -1.243351 1.869625  -0.572069 0.363933 0.735008  0.291016 0.968750 1 24 1.000000
out70_ha01_1
0  41.625004 -1.243351 1.869625  0.521470 0.352489 0.777032  0.291016 0.968750 1 24 1.000000
0  39.796875 4.987660 -3.761531  -0.351299 0.494369 0.795068  0.669922 0.460938 1 24 1.000000
0  40.125000 -1.243351 1.869625  -0.672445 0.189001 0.715567  0.289062 0.968750 1 24 1.000000
out70_ha01_1
0  34.171875 7.328314 -3.963965  -0.763451 -0.053194 0.643635  0.812500 0.437500 1 24 1.000000
0  39.796875 4.987660 -3.761531  -0.351299 0.494369 0.795068  0.669922 0.460938 1 24 1.000000
0  34.171875 10.246593 -7.128096  -0.571795 0.752464 -0.326792  0.992188 0.148438 1 24 1.000000
out70_ha01_1
0  42.398441 -4.803699 -3.263898  0.639699 -0.646779 -0.415204  0.072266 0.500000 1 24 1.000000
0  41.390625 -2.104238 -4.803986  0.680319 -0.410779 -0.606922  0.236328 0.359375 1 24 1.000000
0  41.695312 5.138104 -5.066381  0.834223 0.548601 0.055635  0.679688 0.335938 1 24 1.000000
out70_ha01_1
0  40.007812 4.794799 -8.452493  0.305612 0.107517 -0.946043  0.658203 0.031250 1 24 1.000000
0  34.171875 10.246593 -7.128096  -0.571795 0.752464 -0.326792  0.992188 0.148438 1 24 1.000000
0  41.695312 5.138104 -5.066381  0.834223 0.548601 0.055635  0.679688 0.335938 1 24 1.000000
out70_ha01_1
0  40.007812 4.794799 -8.452493  0.305612 0.107517 -0.946043  0.658203 0.031250 1 24 1.000000
0  39.257812 4.906711 -8.043057  -0.672567 -0.478835 -0.564196  0.666016 0.070312 1 24 1.000000
0  34.171875 10.246593 -7.128096  -0.571795 0.752464 -0.326792  0.992188 0.148438 1 24 1.000000
out70_ha01_1
0  22.101564 -4.803540 1.860732  -0.631611 -0.595660 0.496170  0.072266 0.968750 1 24 1.000000
0  23.789064 5.138104 -5.066381  -0.831294 0.555193 0.025849  0.679688 0.335938 1 24 1.000000
0  22.406250 -3.574311 -3.291375  -0.699301 -0.570452 -0.430708  0.148438 0.500000 1 24 1.000000
out70_ha01_1
0  41.695312 5.138104 -5.066381  0.834223 0.548601 0.055635  0.679688 0.335938 1 24 1.000000
0  41.625004 -1.243351 1.869625  0.521470 0.352489 0.777032  0.291016 0.968750 1 24 1.000000
0  42.398441 -4.803540 1.860732  0.610370 -0.539048 0.580370  0.072266 0.968750 1 24 1.000000
out70_ha01_1
0  41.625004 -1.243351 1.869625  0.521470 0.352489 0.777032  0.291016 0.968750 1 24 1.000000
0  41.695312 5.138104 -5.066381  0.834223 0.548601 0.055635  0.679688 0.335938 1 24 1.000000
0  39.796875 4.987660 -3.761531  -0.351299 0.494369 0.795068  0.669922 0.460938 1 24 1.000000
out70_ha01_1
0  26.250000 4.910556 -8.470717  0.474136 -0.283456 -0.833552  0.041016 0.968750 1 24 1.000000
0  30.328123 10.246593 -7.128096  0.521317 0.795618 -0.308481  0.041016 0.968750 1 24 1.000000
0  30.328123 7.328314 -3.963965  0.728477 -0.017853 0.684805  0.041016 0.968750 1 24 1.000000
out70_ha01_1
0  24.210938 0.658670 -6.543865  -0.691275 0.027833 -0.722037  0.406250 0.203125 1 24 1.000000
0  23.789064 5.138104 -5.066381  -0.831294 0.555193 0.025849  0.679688 0.335938 1 24 1.000000
0  25.500000 4.794799 -8.452493  -0.483779 0.123325 -0.866451  0.658203 0.031250 1 24 1.000000
out70_ha01_1
0  24.375002 -1.243351 1.869625  0.631642 0.192480 0.750969  0.041016 0.968750 1 24 1.000000
0  24.773438 -2.170047 -4.769900  0.802393 -0.596026 0.029267  0.041016 0.968750 1 24 1.000000
0  25.007812 0.573354 -6.482983  0.866115 -0.030061 -0.498917  0.041016 0.968750 1 24 1.000000
out70_ha01_1
0  39.796875 4.987660 -3.761531  -0.351299 0.494369 0.795068  0.041016 0.968750 1 24 1.000000
0  34.171875 7.328314 -3.963965  -0.763451 -0.053194 0.643635  0.041016 0.968750 1 24 1.000000
0  39.257812 4.906711 -8.043057  -0.672567 -0.478835 -0.564196  0.041016 0.968750 1 24 1.000000
out70_ha01_1
0  31.640623 23.463476 4.788948  -0.991363 0.119205 0.054353  0.923828 0.726562 1 24 1.000000
0  31.968750 23.380524 5.015535  -0.005768 -0.304788 0.952391  0.917969 0.742188 1 24 1.000000
0  31.921875 24.695026 5.377987  -0.035218 0.900998 0.432356  1.000000 0.765625 1 24 1.000000
out70_hane01_1
0  36.140625 -32.401241 -12.940585  0.999969 -0.001312 0.000153  0.000000 0.000000 1 24 1.000000
0  34.265625 -29.149315 -12.930612  0.501022 0.865413 -0.002258  0.000000 0.500000 1 24 1.000000
0  34.265625 -29.144108 -10.938510  0.500381 0.865780 -0.002411  0.699219 0.500000 1 24 1.000000
out70_hane01_1
0  34.265625 -29.144108 -10.938510  0.500381 0.865780 -0.002411  0.699219 0.500000 1 24 1.000000
0  36.140625 -32.392395 -10.925333  0.999969 0.001312 -0.000153  0.699219 0.000000 1 24 1.000000
0  36.140625 -32.401241 -12.940585  0.999969 -0.001312 0.000153  0.000000 0.000000 1 24 1.000000
out70_hane01_1
0  34.265625 -35.649529 -12.927408  0.500381 -0.865780 0.002411  0.000000 0.500000 1 24 1.000000
0  36.140625 -32.401241 -12.940585  0.999969 -0.001312 0.000153  0.000000 0.000000 1 24 1.000000
0  36.140625 -32.392395 -10.925333  0.999969 0.001312 -0.000153  0.699219 0.000000 1 24 1.000000
out70_hane01_1
0  36.140625 -32.392395 -10.925333  0.999969 0.001312 -0.000153  0.699219 0.000000 1 24 1.000000
0  34.265625 -35.644325 -10.935307  0.501022 -0.865413 0.002258  0.699219 0.500000 1 24 1.000000
0  34.265625 -35.649529 -12.927408  0.500381 -0.865780 0.002411  0.000000 0.500000 1 24 1.000000
out70_hane01_1
0  30.515623 -35.649529 -12.927408  -0.500229 -0.865871 0.002258  0.000000 0.500000 1 24 1.000000
0  34.265625 -35.649529 -12.927408  0.500381 -0.865780 0.002411  0.000000 0.000000 1 24 1.000000
0  34.265625 -35.644325 -10.935307  0.501022 -0.865413 0.002258  0.699219 0.000000 1 24 1.000000
out70_hane01_1
0  34.265625 -35.644325 -10.935307  0.501022 -0.865413 0.002258  0.699219 0.000000 1 24 1.000000
0  30.515623 -35.644325 -10.935307  -0.500870 -0.865505 0.002411  0.699219 0.500000 1 24 1.000000
0  30.515623 -35.649529 -12.927408  -0.500229 -0.865871 0.002258  0.000000 0.500000 1 24 1.000000
out70_hane01_1
0  28.640623 -32.401241 -12.940585  -0.999969 -0.001312 -0.000153  0.000000 0.000000 1 24 1.000000
0  30.515623 -35.649529 -12.927408  -0.500229 -0.865871 0.002258  0.000000 0.500000 1 24 1.000000
0  30.515623 -35.644325 -10.935307  -0.500870 -0.865505 0.002411  0.699219 0.500000 1 24 1.000000
out70_hane01_1
0  30.515623 -35.644325 -10.935307  -0.500870 -0.865505 0.002411  0.699219 0.500000 1 24 1.000000
0  28.640623 -32.392395 -10.925333  -0.999969 0.001312 0.000153  0.699219 0.000000 1 24 1.000000
0  28.640623 -32.401241 -12.940585  -0.999969 -0.001312 -0.000153  0.000000 0.000000 1 24 1.000000
out70_hane01_1
0  30.515623 -29.149315 -12.930612  -0.500870 0.865505 -0.002411  0.000000 0.500000 1 24 1.000000
0  28.640623 -32.401241 -12.940585  -0.999969 -0.001312 -0.000153  0.000000 0.000000 1 24 1.000000
0  28.640623 -32.392395 -10.925333  -0.999969 0.001312 0.000153  0.699219 0.000000 1 24 1.000000
out70_hane01_1
0  28.640623 -32.392395 -10.925333  -0.999969 0.001312 0.000153  0.699219 0.000000 1 24 1.000000
0  30.515623 -29.144108 -10.938510  -0.500229 0.865871 -0.002258  0.699219 0.500000 1 24 1.000000
0  30.515623 -29.149315 -12.930612  -0.500870 0.865505 -0.002411  0.000000 0.500000 1 24 1.000000
out70_hane01_1
0  34.265625 -29.149315 -12.930612  0.501022 0.865413 -0.002258  0.000000 0.500000 1 24 1.000000
0  30.515623 -29.149315 -12.930612  -0.500870 0.865505 -0.002411  0.000000 0.000000 1 24 1.000000
0  30.515623 -29.144108 -10.938510  -0.500229 0.865871 -0.002258  0.699219 0.000000 1 24 1.000000
out70_hane01_1
0  30.515623 -29.144108 -10.938510  -0.500229 0.865871 -0.002258  0.699219 0.000000 1 24 1.000000
0  34.265625 -29.144108 -10.938510  0.500381 0.865780 -0.002411  0.699219 0.500000 1 24 1.000000
0  34.265625 -29.149315 -12.930612  0.501022 0.865413 -0.002258  0.000000 0.500000 1 24 1.000000
out70_hane01_1
0  36.609375 -35.998886 -10.926934  0.000000 0.000732 -0.999969  1.191406 2.527344 1 24 1.000000
0  28.171875 -35.998886 -10.926934  0.000000 0.000732 -0.999969  2.851562 2.527344 1 24 1.000000
0  28.218750 -27.599173 -10.920766  0.000000 0.000732 -0.999969  2.867188 1.531250 1 24 1.000000
out70_hane01_1
0  28.218750 -27.599173 -10.920766  0.000000 0.000732 -0.999969  2.867188 1.531250 1 24 1.000000
0  36.585938 -27.599173 -10.920766  0.000000 0.000732 -0.999969  1.179688 1.531250 1 24 1.000000
0  36.609375 -35.998886 -10.926934  0.000000 0.000732 -0.999969  1.191406 2.527344 1 24 1.000000
out70_hane01_1
0  36.351562 -10.206385 -10.906944  0.000000 0.000885 -0.999969  1.191406 -0.500000 1 24 1.000000
0  36.562500 -23.992682 -10.919163  0.000000 0.000885 -0.999969  1.167969 1.214844 1 24 1.000000
0  28.242188 -23.992682 -10.919163  0.000000 0.000885 -0.999969  2.875000 1.214844 1 24 1.000000
out70_hane01_1
0  28.242188 -23.992682 -10.919163  0.000000 0.000885 -0.999969  2.875000 1.214844 1 24 1.000000
0  28.429688 -10.206385 -10.906944  0.000000 0.000885 -0.999969  2.851562 -0.500000 1 24 1.000000
0  36.351562 -10.206385 -10.906944  0.000000 0.000885 -0.999969  1.191406 -0.500000 1 24 1.000000
out70_hane01_1
0  27.257812 -6.596048 -11.333001  0.000000 -0.999939 -0.008972  1.191406 -0.042969 1 24 1.000000
0  37.546875 -6.596048 -11.333001  0.000000 -0.999939 -0.008972  1.191406 2.062500 1 24 1.000000
0  36.328125 -6.599894 -10.905341  0.000000 -0.999939 -0.008972  2.851562 2.062500 1 24 1.000000
out70_hane01_1
0  36.328125 -6.599894 -10.905341  0.000000 -0.999939 -0.008972  2.851562 2.062500 1 24 1.000000
0  28.476564 -6.599894 -10.905341  0.000000 -0.999939 -0.008972  2.851562 -0.042969 1 24 1.000000
0  27.257812 -6.596048 -11.333001  0.000000 -0.999939 -0.008972  1.191406 -0.042969 1 24 1.000000
out70_hane01_1
0  35.390625 -12.970053 -12.939260  0.999969 0.004639 -0.001404  0.000000 0.000000 1 24 1.000000
0  33.890625 -10.384586 -12.942986  0.499222 0.866451 -0.002258  0.000000 0.500000 1 24 1.000000
0  33.890625 -10.379379 -10.950884  0.498611 0.866817 -0.000793  0.699219 0.500000 1 24 1.000000
out70_hane01_1
0  33.890625 -10.379379 -10.950884  0.498611 0.866817 -0.000793  0.699219 0.500000 1 24 1.000000
0  35.390625 -12.991642 -10.966665  0.999969 -0.003754 0.001190  0.699219 0.000000 1 24 1.000000
0  35.390625 -12.970053 -12.939260  0.999969 0.004639 -0.001404  0.000000 0.000000 1 24 1.000000
out70_hane01_1
0  33.890625 -15.578671 -12.931891  0.499985 -0.866024 -0.000549  0.000000 0.500000 1 24 1.000000
0  35.390625 -12.970053 -12.939260  0.999969 0.004639 -0.001404  0.000000 0.000000 1 24 1.000000
0  35.390625 -12.991642 -10.966665  0.999969 -0.003754 0.001190  0.699219 0.000000 1 24 1.000000
out70_hane01_1
0  35.390625 -12.991642 -10.966665  0.999969 -0.003754 0.001190  0.699219 0.000000 1 24 1.000000
0  33.890625 -15.577107 -10.962941  0.498978 -0.866573 0.000671  0.699219 0.500000 1 24 1.000000
0  33.890625 -15.578671 -12.931891  0.499985 -0.866024 -0.000549  0.000000 0.500000 1 24 1.000000
out70_hane01_1
0  30.890623 -15.578671 -12.931891  -0.501022 -0.865413 0.000671  0.000000 0.500000 1 24 1.000000
0  33.890625 -15.578671 -12.931891  0.499985 -0.866024 -0.000549  0.000000 0.000000 1 24 1.000000
0  33.890625 -15.577107 -10.962941  0.498978 -0.866573 0.000671  0.699219 0.000000 1 24 1.000000
out70_hane01_1
0  33.890625 -15.577107 -10.962941  0.498978 -0.866573 0.000671  0.699219 0.000000 1 24 1.000000
0  30.890623 -15.577107 -10.962941  -0.500046 -0.865993 -0.000549  0.699219 0.500000 1 24 1.000000
0  30.890623 -15.578671 -12.931891  -0.501022 -0.865413 0.000671  0.000000 0.500000 1 24 1.000000
out70_hane01_1
0  29.390623 -12.970053 -12.939260  -0.999969 0.004883 0.001282  0.000000 0.000000 1 24 1.000000
0  30.890623 -15.578671 -12.931891  -0.501022 -0.865413 0.000671  0.000000 0.500000 1 24 1.000000
0  30.890623 -15.577107 -10.962941  -0.500046 -0.865993 -0.000549  0.699219 0.500000 1 24 1.000000
out70_hane01_1
0  30.890623 -15.577107 -10.962941  -0.500046 -0.865993 -0.000549  0.699219 0.500000 1 24 1.000000
0  29.390623 -12.991642 -10.966665  -0.999969 -0.003571 -0.001465  0.699219 0.000000 1 24 1.000000
0  29.390623 -12.970053 -12.939260  -0.999969 0.004883 0.001282  0.000000 0.000000 1 24 1.000000
out70_hane01_1
0  30.890623 -10.384586 -12.942986  -0.500443 0.865749 -0.000793  0.000000 0.500000 1 24 1.000000
0  29.390623 -12.970053 -12.939260  -0.999969 0.004883 0.001282  0.000000 0.000000 1 24 1.000000
0  29.390623 -12.991642 -10.966665  -0.999969 -0.003571 -0.001465  0.699219 0.000000 1 24 1.000000
out70_hane01_1
0  29.390623 -12.991642 -10.966665  -0.999969 -0.003571 -0.001465  0.699219 0.000000 1 24 1.000000
0  30.890623 -10.379379 -10.950884  -0.499802 0.866115 -0.002258  0.699219 0.500000 1 24 1.000000
0  30.890623 -10.384586 -12.942986  -0.500443 0.865749 -0.000793  0.000000 0.500000 1 24 1.000000
out70_hane01_1
0  33.890625 -10.384586 -12.942986  0.499222 0.866451 -0.002258  0.000000 0.500000 1 24 1.000000
0  30.890623 -10.384586 -12.942986  -0.500443 0.865749 -0.000793  0.000000 0.000000 1 24 1.000000
0  30.890623 -10.379379 -10.950884  -0.499802 0.866115 -0.002258  0.699219 0.000000 1 24 1.000000
out70_hane01_1
0  30.890623 -10.379379 -10.950884  -0.499802 0.866115 -0.002258  0.699219 0.000000 1 24 1.000000
0  33.890625 -10.379379 -10.950884  0.498611 0.866817 -0.000793  0.699219 0.500000 1 24 1.000000
0  33.890625 -10.384586 -12.942986  0.499222 0.866451 -0.002258  0.000000 0.500000 1 24 1.000000
out70_hane01_1
0  35.390625 -21.034710 -12.927006  0.999969 0.001221 0.000000  0.000000 0.000000 1 24 1.000000
0  33.890625 -18.449242 -12.930730  0.498978 0.866573 -0.000671  0.000000 0.500000 1 24 1.000000
0  33.890625 -18.447681 -10.961780  0.499161 0.866482 -0.000671  0.699219 0.500000 1 24 1.000000
out70_hane01_1
0  33.890625 -18.447681 -10.961780  0.499161 0.866482 -0.000671  0.699219 0.500000 1 24 1.000000
0  35.390625 -21.033148 -10.958055  0.999969 0.001679 0.000183  0.699219 0.000000 1 24 1.000000
0  35.390625 -21.034710 -12.927006  0.999969 0.001221 0.000000  0.000000 0.000000 1 24 1.000000
out70_hane01_1
0  33.890625 -23.646975 -12.942787  0.499649 -0.866207 0.002045  0.000000 0.500000 1 24 1.000000
0  35.390625 -21.034710 -12.927006  0.999969 0.001221 0.000000  0.000000 0.000000 1 24 1.000000
0  35.390625 -21.033148 -10.958055  0.999969 0.001679 0.000183  0.699219 0.000000 1 24 1.000000
out70_hane01_1
0  35.390625 -21.033148 -10.958055  0.999969 0.001679 0.000183  0.699219 0.000000 1 24 1.000000
0  33.890625 -23.641766 -10.950686  0.500717 -0.865596 0.002258  0.699219 0.500000 1 24 1.000000
0  33.890625 -23.646975 -12.942787  0.499649 -0.866207 0.002045  0.000000 0.500000 1 24 1.000000
out70_hane01_1
0  30.890623 -23.646975 -12.942787  -0.499802 -0.866115 0.002258  0.000000 0.500000 1 24 1.000000
0  33.890625 -23.646975 -12.942787  0.499649 -0.866207 0.002045  0.000000 0.000000 1 24 1.000000
0  33.890625 -23.641766 -10.950686  0.500717 -0.865596 0.002258  0.699219 0.000000 1 24 1.000000
out70_hane01_1
0  33.890625 -23.641766 -10.950686  0.500717 -0.865596 0.002258  0.699219 0.000000 1 24 1.000000
0  30.890623 -23.641766 -10.950686  -0.500870 -0.865505 0.002045  0.699219 0.500000 1 24 1.000000
0  30.890623 -23.646975 -12.942787  -0.499802 -0.866115 0.002258  0.000000 0.500000 1 24 1.000000
out70_hane01_1
0  29.390623 -21.034710 -12.927006  -0.999969 0.001038 0.000183  0.000000 0.000000 1 24 1.000000
0  30.890623 -23.646975 -12.942787  -0.499802 -0.866115 0.002258  0.000000 0.500000 1 24 1.000000
0  30.890623 -23.641766 -10.950686  -0.500870 -0.865505 0.002045  0.699219 0.500000 1 24 1.000000
out70_hane01_1
0  30.890623 -23.641766 -10.950686  -0.500870 -0.865505 0.002045  0.699219 0.500000 1 24 1.000000
0  29.390623 -21.033148 -10.958055  -0.999969 0.001495 0.000000  0.699219 0.000000 1 24 1.000000
0  29.390623 -21.034710 -12.927006  -0.999969 0.001038 0.000183  0.000000 0.000000 1 24 1.000000
out70_hane01_1
0  30.890623 -18.449242 -12.930730  -0.498978 0.866573 -0.000671  0.000000 0.500000 1 24 1.000000
0  29.390623 -21.034710 -12.927006  -0.999969 0.001038 0.000183  0.000000 0.000000 1 24 1.000000
0  29.390623 -21.033148 -10.958055  -0.999969 0.001495 0.000000  0.699219 0.000000 1 24 1.000000
out70_hane01_1
0  29.390623 -21.033148 -10.958055  -0.999969 0.001495 0.000000  0.699219 0.000000 1 24 1.000000
0  30.890623 -18.447681 -10.961780  -0.499161 0.866482 -0.000671  0.699219 0.500000 1 24 1.000000
0  30.890623 -18.449242 -12.930730  -0.498978 0.866573 -0.000671  0.000000 0.500000 1 24 1.000000
out70_hane01_1
0  33.890625 -18.449242 -12.930730  0.498978 0.866573 -0.000671  0.000000 0.500000 1 24 1.000000
0  30.890623 -18.449242 -12.930730  -0.498978 0.866573 -0.000671  0.000000 0.000000 1 24 1.000000
0  30.890623 -18.447681 -10.961780  -0.499161 0.866482 -0.000671  0.699219 0.000000 1 24 1.000000
out70_hane01_1
0  30.890623 -18.447681 -10.961780  -0.499161 0.866482 -0.000671  0.699219 0.000000 1 24 1.000000
0  33.890625 -18.447681 -10.961780  0.499161 0.866482 -0.000671  0.699219 0.500000 1 24 1.000000
0  33.890625 -18.449242 -12.930730  0.498978 0.866573 -0.000671  0.000000 0.500000 1 24 1.000000
out70_yuka04_1
0  30.515623 -21.133606 -1.499588  -0.012665 0.014069 0.999817  -3.386719 -3.238281 1 24 1.000000
0  34.218750 -21.133606 -1.499588  0.013794 0.013276 0.999786  3.335938 -3.238281 1 24 1.000000
0  34.664062 -20.732742 -1.515249  0.581591 0.577502 0.572893  4.175781 -2.750000 1 24 1.000000
out70_yuka04_1
0  34.664062 -20.732742 -1.515249  0.581591 0.577502 0.572893  4.175781 -2.750000 1 24 1.000000
0  30.070312 -20.732742 -1.515249  -0.581500 0.577837 0.572619  -4.238281 -2.750000 1 24 1.000000
0  30.515623 -21.133606 -1.499588  -0.012665 0.014069 0.999817  -3.386719 -3.238281 1 24 1.000000
out70_yuka04_1
0  34.218750 -24.836348 -1.509762  0.006378 -0.007965 0.999939  -3.355469 -0.761719 1 24 1.000000
0  34.664062 -25.240856 -1.517252  0.578600 -0.581835 0.571490  -4.105469 -1.250000 1 24 1.000000
0  34.664062 -20.732742 -1.515249  0.581591 0.577502 0.572893  4.152344 -1.250000 1 24 1.000000
out70_yuka04_1
0  34.664062 -20.732742 -1.515249  0.581591 0.577502 0.572893  4.152344 -1.250000 1 24 1.000000
0  34.218750 -21.133606 -1.499588  0.013794 0.013276 0.999786  3.406250 -0.761719 1 24 1.000000
0  34.218750 -24.836348 -1.509762  0.006378 -0.007965 0.999939  -3.355469 -0.761719 1 24 1.000000
out70_yuka04_1
0  30.070312 -20.726334 -2.228015  -0.705161 0.708975 0.006348  0.894531 0.476562 1 24 1.000000
0  30.070312 -25.234447 -2.230019  -0.709006 -0.705130 -0.006317  1.144531 0.476562 1 24 1.000000
0  30.070312 -25.240856 -1.517252  -0.578539 -0.582171 0.571215  1.144531 0.867188 1 24 1.000000
out70_yuka04_1
0  30.070312 -25.240856 -1.517252  -0.578539 -0.582171 0.571215  1.144531 0.867188 1 24 1.000000
0  30.070312 -20.732742 -1.515249  -0.581500 0.577837 0.572619  0.894531 0.867188 1 24 1.000000
0  30.070312 -20.726334 -2.228015  -0.705161 0.708975 0.006348  0.894531 0.476562 1 24 1.000000
out70_yuka04_1
0  34.664062 -25.234447 -2.230019  0.709006 -0.705130 -0.006317  0.894531 0.476562 1 24 1.000000
0  34.664062 -20.726334 -2.228015  0.705161 0.708975 0.006348  1.144531 0.476562 1 24 1.000000
0  34.664062 -20.732742 -1.515249  0.581591 0.577502 0.572893  1.144531 0.867188 1 24 1.000000
out70_yuka04_1
0  34.664062 -20.732742 -1.515249  0.581591 0.577502 0.572893  1.144531 0.867188 1 24 1.000000
0  34.664062 -25.240856 -1.517252  0.578600 -0.581835 0.571490  0.894531 0.867188 1 24 1.000000
0  34.664062 -25.234447 -2.230019  0.709006 -0.705130 -0.006317  0.894531 0.476562 1 24 1.000000
out70_yuka04_1
0  30.070312 -25.234447 -2.230019  -0.709006 -0.705130 -0.006317  0.894531 0.476562 1 24 1.000000
0  34.664062 -25.234447 -2.230019  0.709006 -0.705130 -0.006317  1.144531 0.476562 1 24 1.000000
0  34.664062 -25.240856 -1.517252  0.578600 -0.581835 0.571490  1.144531 0.867188 1 24 1.000000
out70_yuka04_1
0  34.664062 -25.240856 -1.517252  0.578600 -0.581835 0.571490  1.144531 0.867188 1 24 1.000000
0  30.070312 -25.240856 -1.517252  -0.578539 -0.582171 0.571215  0.894531 0.867188 1 24 1.000000
0  30.070312 -25.234447 -2.230019  -0.709006 -0.705130 -0.006317  0.894531 0.476562 1 24 1.000000
out70_yuka04_1
0  33.445312 -4.960151 -2.147904  1.000000 0.000000 0.000000  2.714844 -1.253906 1 24 1.000000
0  33.445312 -4.951099 -0.583463  0.704489 -0.004028 0.709677  2.914062 -1.253906 1 24 1.000000
0  33.445312 -6.114678 -0.590072  0.579852 -0.574389 0.577746  2.914062 -0.781250 1 24 1.000000
out70_yuka04_1
0  33.445312 -6.114678 -0.590072  0.579852 -0.574389 0.577746  2.914062 -0.781250 1 24 1.000000
0  33.445312 -6.120084 -2.131362  0.709494 -0.704672 0.002441  2.714844 -0.781250 1 24 1.000000
0  33.445312 -4.960151 -2.147904  1.000000 0.000000 0.000000  2.714844 -1.253906 1 24 1.000000
out70_yuka04_1
0  31.289064 -4.951099 -0.583463  -0.704489 -0.004028 0.709677  3.074219 -1.253906 1 24 1.000000
0  31.289064 -4.960151 -2.147904  -1.000000 0.000000 0.000000  3.312500 -1.253906 1 24 1.000000
0  31.289064 -6.120084 -2.131362  -0.710807 -0.703360 -0.000977  3.312500 -0.781250 1 24 1.000000
out70_yuka04_1
0  31.289064 -6.120084 -2.131362  -0.710807 -0.703360 -0.000977  3.312500 -0.781250 1 24 1.000000
0  31.289064 -6.114678 -0.590072  -0.579760 -0.573840 0.578417  3.074219 -0.781250 1 24 1.000000
0  31.289064 -4.951099 -0.583463  -0.704489 -0.004028 0.709677  3.074219 -1.253906 1 24 1.000000
out70_yuka04_1
0  31.640623 -6.123049 -0.944633  -0.008911 -0.999847 0.013153  -3.894531 3.000000 1 24 1.000000
0  31.289064 -6.114678 -0.590072  -0.579760 -0.573840 0.578417  -3.781250 2.812500 1 24 1.000000
0  31.289064 -6.120084 -2.131362  -0.710807 -0.703360 -0.000977  -4.230469 2.812500 1 24 1.000000
out70_yuka04_1
0  31.289064 -6.120084 -2.131362  -0.710807 -0.703360 -0.000977  -4.230469 2.812500 1 24 1.000000
0  31.640623 -6.120084 -2.131362  0.000000 -0.999969 -0.002472  -4.230469 3.000000 1 24 1.000000
0  31.640623 -6.123049 -0.944633  -0.008911 -0.999847 0.013153  -3.894531 3.000000 1 24 1.000000
out70_yuka04_1
0  33.445312 -6.114678 -0.590072  0.579852 -0.574389 0.577746  -3.781250 2.812500 1 24 1.000000
0  33.093750 -6.123049 -0.944633  0.013184 -0.999847 0.010529  -3.894531 3.000000 1 24 1.000000
0  33.093750 -6.120084 -2.131362  0.003754 -0.999969 0.002625  -4.230469 3.000000 1 24 1.000000
out70_yuka04_1
0  33.093750 -6.120084 -2.131362  0.003754 -0.999969 0.002625  -4.230469 3.000000 1 24 1.000000
0  33.445312 -6.120084 -2.131362  0.709494 -0.704672 0.002441  -4.230469 2.812500 1 24 1.000000
0  33.445312 -6.114678 -0.590072  0.579852 -0.574389 0.577746  -3.781250 2.812500 1 24 1.000000
out70_yuka04_1
0  33.445312 -6.114678 -0.590072  0.579852 -0.574389 0.577746  0.707031 2.812500 1 24 1.000000
0  31.289064 -6.114678 -0.590072  -0.579760 -0.573840 0.578417  3.316406 2.812500 1 24 1.000000
0  31.640623 -6.123049 -0.944633  -0.008911 -0.999847 0.013153  2.871094 3.000000 1 24 1.000000
out70_yuka04_1
0  31.640623 -6.123049 -0.944633  -0.008911 -0.999847 0.013153  2.871094 3.000000 1 24 1.000000
0  33.093750 -6.123049 -0.944633  0.013184 -0.999847 0.010529  1.152344 3.000000 1 24 1.000000
0  33.445312 -6.114678 -0.590072  0.579852 -0.574389 0.577746  0.707031 2.812500 1 24 1.000000
out70_yuka04_1
0  33.445312 -4.951099 -0.583463  0.704489 -0.004028 0.709677  3.292969 0.953125 1 24 1.000000
0  31.289064 -4.951099 -0.583463  -0.704489 -0.004028 0.709677  0.707031 0.953125 1 24 1.000000
0  31.289064 -6.114678 -0.590072  -0.579760 -0.573840 0.578417  0.707031 1.140625 1 24 1.000000
out70_yuka04_1
0  31.289064 -6.114678 -0.590072  -0.579760 -0.573840 0.578417  0.707031 1.140625 1 24 1.000000
0  33.445312 -6.114678 -0.590072  0.579852 -0.574389 0.577746  3.292969 1.140625 1 24 1.000000
0  33.445312 -4.951099 -0.583463  0.704489 -0.004028 0.709677  3.292969 0.953125 1 24 1.000000
out70_yuka04_1
0  23.578123 -40.936623 1.713086  -0.707144 -0.707053 -0.000732  1.054688 -1.132812 1 24 1.000000
0  23.578123 -40.932457 -2.178512  -0.706473 -0.707694 -0.000732  1.054688 -2.359375 1 24 1.000000
0  24.679688 -40.932457 -2.178512  0.709372 -0.704825 -0.000732  0.816406 -2.359375 1 24 1.000000
out70_yuka04_1
0  24.679688 -40.932457 -2.178512  0.709372 -0.704825 -0.000732  0.816406 -2.359375 1 24 1.000000
0  24.679688 -40.936623 1.713086  0.704794 -0.709372 -0.000732  0.816406 -1.132812 1 24 1.000000
0  23.578123 -40.936623 1.713086  -0.707144 -0.707053 -0.000732  1.054688 -1.132812 1 24 1.000000
out70_yuka04_1
0  40.687500 -14.998364 -5.478623  0.778710 -0.001129 -0.627338  2.101562 1.351562 1 24 1.000000
0  36.351562 -10.206385 -10.906944  0.504990 0.003662 -0.863094  0.000000 1.351562 1 24 1.000000
0  36.328125 -6.599894 -10.905341  0.910398 0.052126 -0.410413  0.000000 -1.300781 1 24 1.000000
out70_yuka04_1
0  36.328125 -6.599894 -10.905341  0.910398 0.052126 -0.410413  0.000000 -1.300781 1 24 1.000000
0  40.687500 -11.395518 -5.500172  0.776727 -0.003754 -0.629780  2.101562 -1.300781 1 24 1.000000
0  40.687500 -14.998364 -5.478623  0.778710 -0.001129 -0.627338  2.101562 1.351562 1 24 1.000000
out70_yuka04_1
0  26.695312 -40.296955 1.707278  0.708853 -0.705313 -0.000732  2.835938 -1.132812 1 24 1.000000
0  24.679688 -40.296955 1.707278  0.709372 -0.704825 -0.000732  3.175781 -1.132812 1 24 1.000000
0  24.679688 -40.292789 -2.184319  0.704794 -0.709372 -0.000732  3.175781 -2.359375 1 24 1.000000
out70_yuka04_1
0  24.679688 -40.292789 -2.184319  0.704794 -0.709372 -0.000732  3.175781 -2.359375 1 24 1.000000
0  26.695312 -40.292789 -2.184319  0.704245 -0.709922 -0.000732  2.835938 -2.359375 1 24 1.000000
0  26.695312 -40.296955 1.707278  0.708853 -0.705313 -0.000732  2.835938 -1.132812 1 24 1.000000
out70_yuka04_1
0  24.679688 -40.296955 1.707278  0.709372 -0.704825 -0.000732  3.105469 -1.132812 1 24 1.000000
0  24.679688 -40.936623 1.713086  0.704794 -0.709372 -0.000732  3.175781 -1.132812 1 24 1.000000
0  24.679688 -40.932457 -2.178512  0.709372 -0.704825 -0.000732  3.175781 -2.359375 1 24 1.000000
out70_yuka04_1
0  24.679688 -40.932457 -2.178512  0.709372 -0.704825 -0.000732  3.175781 -2.359375 1 24 1.000000
0  24.679688 -40.292789 -2.184319  0.704794 -0.709372 -0.000732  3.105469 -2.359375 1 24 1.000000
0  24.679688 -40.296955 1.707278  0.709372 -0.704825 -0.000732  3.105469 -1.132812 1 24 1.000000
out70_yuka04_1
0  26.695312 -39.460621 -2.172984  0.711234 0.702933 -0.003418  0.816406 -2.359375 1 24 1.000000
0  23.578123 -39.460621 -2.172984  -0.709037 0.705130 -0.003418  1.054688 -2.359375 1 24 1.000000
0  23.578123 -39.441635 1.714969  -0.705710 0.708457 -0.003449  1.054688 -1.132812 1 24 1.000000
out70_yuka04_1
0  23.578123 -39.441635 1.714969  -0.705710 0.708457 -0.003449  1.054688 -1.132812 1 24 1.000000
0  26.695312 -39.441635 1.714969  0.703940 0.710227 -0.003449  0.816406 -1.132812 1 24 1.000000
0  26.695312 -39.460621 -2.172984  0.711234 0.702933 -0.003418  0.816406 -2.359375 1 24 1.000000
out70_yuka04_1
0  23.578123 -39.460621 -2.172984  -0.709037 0.705130 -0.003418  0.964844 -2.359375 1 24 1.000000
0  23.578123 -40.932457 -2.178512  -0.706473 -0.707694 -0.000732  1.054688 -2.359375 1 24 1.000000
0  23.578123 -40.936623 1.713086  -0.707144 -0.707053 -0.000732  1.054688 -1.132812 1 24 1.000000
out70_yuka04_1
0  23.578123 -40.936623 1.713086  -0.707144 -0.707053 -0.000732  1.054688 -1.132812 1 24 1.000000
0  23.578123 -39.441635 1.714969  -0.705710 0.708457 -0.003449  0.964844 -1.132812 1 24 1.000000
0  23.578123 -39.460621 -2.172984  -0.709037 0.705130 -0.003418  0.964844 -2.359375 1 24 1.000000
out70_yuka04_1
0  31.148438 -42.400650 -2.160888  -0.999969 0.000000 0.000000  2.777344 -4.449219 1 24 1.000000
0  31.148438 -42.525974 0.207644  -0.694845 0.000092 0.719108  2.914062 -2.773438 1 24 1.000000
0  31.148438 -40.414471 0.207364  -0.619556 0.333537 0.710532  2.914062 -0.781250 1 24 1.000000
out70_yuka04_1
0  31.148438 -40.414471 0.207364  -0.619556 0.333537 0.710532  2.914062 -0.781250 1 24 1.000000
0  31.148438 -38.320190 -2.162730  -0.474441 0.659627 0.582873  2.777344 -0.781250 1 24 1.000000
0  31.148438 -42.400650 -2.160888  -0.999969 0.000000 0.000000  2.777344 -4.449219 1 24 1.000000
out70_yuka04_1
0  33.656250 -42.525974 0.207644  0.694845 0.000092 0.719108  3.058594 -2.773438 1 24 1.000000
0  33.656250 -42.400650 -2.160888  1.000000 0.000000 0.000000  3.156250 -4.449219 1 24 1.000000
0  33.656250 -38.320190 -2.162730  0.469222 0.655354 0.591845  3.156250 -0.781250 1 24 1.000000
out70_yuka04_1
0  33.656250 -38.320190 -2.162730  0.469222 0.655354 0.591845  3.156250 -0.781250 1 24 1.000000
0  33.656250 -40.414471 0.207364  0.619617 0.335063 0.709769  3.058594 -0.781250 1 24 1.000000
0  33.656250 -42.525974 0.207644  0.694845 0.000092 0.719108  3.058594 -2.773438 1 24 1.000000
out70_yuka04_1
0  33.234375 -40.098724 -0.198226  -0.036805 0.767998 0.639332  -3.859375 3.000000 1 24 1.000000
0  33.656250 -40.414471 0.207364  0.619617 0.335063 0.709769  -3.781250 2.812500 1 24 1.000000
0  33.656250 -38.320190 -2.162730  0.469222 0.655354 0.591845  -4.230469 2.812500 1 24 1.000000
out70_yuka04_1
0  33.656250 -38.320190 -2.162730  0.469222 0.655354 0.591845  -4.230469 2.812500 1 24 1.000000
0  33.234375 -38.320190 -2.162730  0.000000 0.741325 0.671133  -4.230469 3.000000 1 24 1.000000
0  33.234375 -40.098724 -0.198226  -0.036805 0.767998 0.639332  -3.859375 3.000000 1 24 1.000000
out70_yuka04_1
0  31.148438 -40.414471 0.207364  -0.619556 0.333537 0.710532  -3.781250 2.812500 1 24 1.000000
0  31.570312 -40.098724 -0.198226  0.046937 0.763939 0.643544  -3.859375 3.000000 1 24 1.000000
0  31.570312 -38.320190 -2.162730  0.007630 0.748650 0.662893  -4.230469 3.000000 1 24 1.000000
out70_yuka04_1
0  31.570312 -38.320190 -2.162730  0.007630 0.748650 0.662893  -4.230469 3.000000 1 24 1.000000
0  31.148438 -38.320190 -2.162730  -0.474441 0.659627 0.582873  -4.230469 2.812500 1 24 1.000000
0  31.148438 -40.414471 0.207364  -0.619556 0.333537 0.710532  -3.781250 2.812500 1 24 1.000000
out70_yuka04_1
0  31.148438 -40.414471 0.207364  -0.619556 0.333537 0.710532  0.664062 2.828125 1 24 1.000000
0  33.656250 -40.414471 0.207364  0.619617 0.335063 0.709769  3.332031 2.828125 1 24 1.000000
0  33.234375 -40.098724 -0.198226  -0.036805 0.767998 0.639332  2.882812 3.000000 1 24 1.000000
out70_yuka04_1
0  33.234375 -40.098724 -0.198226  -0.036805 0.767998 0.639332  2.882812 3.000000 1 24 1.000000
0  31.570312 -40.098724 -0.198226  0.046937 0.763939 0.643544  1.109375 3.000000 1 24 1.000000
0  31.148438 -40.414471 0.207364  -0.619556 0.333537 0.710532  0.664062 2.828125 1 24 1.000000
out70_yuka04_1
0  31.148438 -42.525974 0.207644  -0.694845 0.000092 0.719108  0.296875 -0.800781 1 24 1.000000
0  33.656250 -42.525974 0.207644  0.694845 0.000092 0.719108  -2.300781 -0.800781 1 24 1.000000
0  33.656250 -40.414471 0.207364  0.619617 0.335063 0.709769  -2.300781 1.214844 1 24 1.000000
out70_yuka04_1
0  33.656250 -40.414471 0.207364  0.619617 0.335063 0.709769  -2.300781 1.214844 1 24 1.000000
0  31.148438 -40.414471 0.207364  -0.619556 0.333537 0.710532  0.296875 1.214844 1 24 1.000000
0  31.148438 -42.525974 0.207644  -0.694845 0.000092 0.719108  0.296875 -0.800781 1 24 1.000000
out70_yuka04_1
0  41.226562 -40.932457 -2.178512  0.706473 -0.707694 -0.000732  0.816406 -2.359375 1 24 1.000000
0  41.226562 -40.936623 1.713086  0.707144 -0.707053 -0.000732  0.816406 -1.132812 1 24 1.000000
0  40.125000 -40.936623 1.713086  -0.704794 -0.709372 -0.000732  1.054688 -1.132812 1 24 1.000000
out70_yuka04_1
0  40.125000 -40.936623 1.713086  -0.704794 -0.709372 -0.000732  1.054688 -1.132812 1 24 1.000000
0  40.125000 -40.932457 -2.178512  -0.709372 -0.704825 -0.000732  1.054688 -2.359375 1 24 1.000000
0  41.226562 -40.932457 -2.178512  0.706473 -0.707694 -0.000732  0.816406 -2.359375 1 24 1.000000
out70_yuka04_1
0  38.109375 -40.292789 -2.184319  -0.704245 -0.709922 -0.000732  0.816406 -2.359375 1 24 1.000000
0  38.109375 -40.296955 1.707278  -0.708884 -0.705313 -0.000732  0.816406 -1.132812 1 24 1.000000
0  38.109375 -39.441635 1.714969  -0.703940 0.710227 -0.003449  1.054688 -1.132812 1 24 1.000000
out70_yuka04_1
0  38.109375 -39.441635 1.714969  -0.703940 0.710227 -0.003449  1.054688 -1.132812 1 24 1.000000
0  38.109375 -39.460621 -2.172984  -0.711234 0.702933 -0.003418  1.054688 -2.359375 1 24 1.000000
0  38.109375 -40.292789 -2.184319  -0.704245 -0.709922 -0.000732  0.816406 -2.359375 1 24 1.000000
out70_yuka04_1
0  40.125000 -40.296955 1.707278  -0.709372 -0.704825 -0.000732  2.835938 -1.132812 1 24 1.000000
0  38.109375 -40.296955 1.707278  -0.708884 -0.705313 -0.000732  3.175781 -1.132812 1 24 1.000000
0  38.109375 -40.292789 -2.184319  -0.704245 -0.709922 -0.000732  3.175781 -2.359375 1 24 1.000000
out70_yuka04_1
0  38.109375 -40.292789 -2.184319  -0.704245 -0.709922 -0.000732  3.175781 -2.359375 1 24 1.000000
0  40.125000 -40.292789 -2.184319  -0.704794 -0.709372 -0.000732  2.835938 -2.359375 1 24 1.000000
0  40.125000 -40.296955 1.707278  -0.709372 -0.704825 -0.000732  2.835938 -1.132812 1 24 1.000000
out70_yuka04_1
0  40.125000 -40.936623 1.713086  -0.704794 -0.709372 -0.000732  2.835938 -1.132812 1 24 1.000000
0  40.125000 -40.296955 1.707278  -0.709372 -0.704825 -0.000732  3.175781 -1.132812 1 24 1.000000
0  40.125000 -40.292789 -2.184319  -0.704794 -0.709372 -0.000732  3.175781 -2.359375 1 24 1.000000
out70_yuka04_1
0  40.125000 -40.292789 -2.184319  -0.704794 -0.709372 -0.000732  3.175781 -2.359375 1 24 1.000000
0  40.125000 -40.932457 -2.178512  -0.709372 -0.704825 -0.000732  2.835938 -2.359375 1 24 1.000000
0  40.125000 -40.936623 1.713086  -0.704794 -0.709372 -0.000732  2.835938 -1.132812 1 24 1.000000
out70_yuka04_1
0  41.226562 -39.460621 -2.172984  0.709037 0.705130 -0.003418  0.816406 -2.359375 1 24 1.000000
0  38.109375 -39.460621 -2.172984  -0.711234 0.702933 -0.003418  1.054688 -2.359375 1 24 1.000000
0  38.109375 -39.441635 1.714969  -0.703940 0.710227 -0.003449  1.054688 -1.132812 1 24 1.000000
out70_yuka04_1
0  38.109375 -39.441635 1.714969  -0.703940 0.710227 -0.003449  1.054688 -1.132812 1 24 1.000000
0  41.226562 -39.441635 1.714969  0.705710 0.708457 -0.003449  0.816406 -1.132812 1 24 1.000000
0  41.226562 -39.460621 -2.172984  0.709037 0.705130 -0.003418  0.816406 -2.359375 1 24 1.000000
out70_yuka04_1
0  41.226562 -40.932457 -2.178512  0.706473 -0.707694 -0.000732  0.816406 -2.359375 1 24 1.000000
0  41.226562 -39.460621 -2.172984  0.709037 0.705130 -0.003418  1.054688 -2.359375 1 24 1.000000
0  41.226562 -39.441635 1.714969  0.705710 0.708457 -0.003449  1.054688 -1.132812 1 24 1.000000
out70_yuka04_1
0  41.226562 -39.441635 1.714969  0.705710 0.708457 -0.003449  1.054688 -1.132812 1 24 1.000000
0  41.226562 -40.936623 1.713086  0.707144 -0.707053 -0.000732  0.816406 -1.132812 1 24 1.000000
0  41.226562 -40.932457 -2.178512  0.706473 -0.707694 -0.000732  0.816406 -2.359375 1 24 1.000000
out70_yuka04_1
0  36.328125 -6.599894 -10.905341  0.910398 0.052126 -0.410413  0.000000 1.351562 1 24 1.000000
0  36.351562 -10.206385 -10.906944  0.504990 0.003662 -0.863094  0.000000 -1.300781 1 24 1.000000
0  28.429688 -10.206385 -10.906944  -0.503952 0.005097 -0.863704  2.101562 -1.300781 1 24 1.000000
out70_yuka04_1
0  28.429688 -10.206385 -10.906944  -0.503952 0.005097 -0.863704  2.101562 -1.300781 1 24 1.000000
0  28.476564 -6.599894 -10.905341  -0.907926 0.056276 -0.415296  2.101562 1.351562 1 24 1.000000
0  36.328125 -6.599894 -10.905341  0.910398 0.052126 -0.410413  0.000000 1.351562 1 24 1.000000
out70_yuka04_1
0  28.218750 -27.599173 -10.920766  -0.510910 0.002960 -0.859615  2.101562 1.351562 1 24 1.000000
0  24.093750 -31.797789 -5.490963  -0.796350 0.000244 -0.604785  0.000000 1.351562 1 24 1.000000
0  24.093750 -28.191298 -5.489360  -0.796411 0.001373 -0.604694  0.000000 -1.300781 1 24 1.000000
out70_yuka04_1
0  24.093750 -28.191298 -5.489360  -0.796411 0.001373 -0.604694  0.000000 -1.300781 1 24 1.000000
0  28.242188 -23.992682 -10.919163  -0.346507 0.002655 -0.938017  2.101562 -1.300781 1 24 1.000000
0  28.218750 -27.599173 -10.920766  -0.510910 0.002960 -0.859615  2.101562 1.351562 1 24 1.000000
out70_yuka04_1
0  28.429688 -10.206385 -10.906944  -0.503952 0.005097 -0.863704  2.101562 1.351562 1 24 1.000000
0  24.093750 -14.998364 -5.478623  -0.779717 -0.003723 -0.626087  0.000000 1.351562 1 24 1.000000
0  24.093750 -11.395518 -5.500172  -0.780023 -0.000916 -0.625721  0.000000 -1.300781 1 24 1.000000
out70_yuka04_1
0  24.093750 -11.395518 -5.500172  -0.780023 -0.000916 -0.625721  0.000000 -1.300781 1 24 1.000000
0  28.476564 -6.599894 -10.905341  -0.907926 0.056276 -0.415296  2.101562 -1.300781 1 24 1.000000
0  28.429688 -10.206385 -10.906944  -0.503952 0.005097 -0.863704  2.101562 1.351562 1 24 1.000000
out70_yuka04_1
0  36.585938 -27.599173 -10.920766  0.513871 0.003693 -0.857845  2.101562 1.351562 1 24 1.000000
0  28.218750 -27.599173 -10.920766  -0.510910 0.002960 -0.859615  0.000000 1.351562 1 24 1.000000
0  28.242188 -23.992682 -10.919163  -0.346507 0.002655 -0.938017  0.000000 -1.300781 1 24 1.000000
out70_yuka04_1
0  28.242188 -23.992682 -10.919163  -0.346507 0.002655 -0.938017  0.000000 -1.300781 1 24 1.000000
0  36.562500 -23.992682 -10.919163  0.347606 0.001984 -0.937620  2.101562 -1.300781 1 24 1.000000
0  36.585938 -27.599173 -10.920766  0.513871 0.003693 -0.857845  2.101562 1.351562 1 24 1.000000
out70_yuka04_1
0  32.390625 5.132859 -15.196238  -0.001251 0.521592 -0.853175  3.457031 0.445312 1 24 1.000000
0  32.390625 -3.004898 -15.196200  -0.000946 -0.250313 -0.968139  3.457031 0.445312 1 24 1.000000
0  27.257812 -6.596048 -11.333001  -0.917478 -0.388958 0.083193  3.464844 0.664062 1 24 1.000000
out70_yuka04_1
0  27.257812 -6.596048 -11.333001  -0.917478 -0.388958 0.083193  3.464844 0.664062 1 24 1.000000
0  28.898438 2.539581 -11.324068  -0.945463 0.283608 0.160070  3.457031 0.664062 1 24 1.000000
0  32.390625 5.132859 -15.196238  -0.001251 0.521592 -0.853175  3.457031 0.445312 1 24 1.000000
out70_yuka04_1
0  32.390625 5.996029 -10.919238  -0.001251 0.251473 0.967834  3.457031 0.664062 1 24 1.000000
0  32.390625 7.737311 -11.312011  -0.001129 0.961547 0.274545  3.457031 0.664062 1 24 1.000000
0  28.898438 2.539581 -11.324068  -0.945463 0.283608 0.160070  3.464844 0.664062 1 24 1.000000
out70_yuka04_1
0  28.898438 2.539581 -11.324068  -0.945463 0.283608 0.160070  3.464844 0.664062 1 24 1.000000
0  29.718750 3.599418 -10.921521  -0.679281 0.656575 -0.327830  3.464844 0.664062 1 24 1.000000
0  32.390625 5.996029 -10.919238  -0.001251 0.251473 0.967834  3.457031 0.664062 1 24 1.000000
out70_yuka04_1
0  32.390625 -44.406445 -15.202415  -0.000793 0.006592 -0.999969  3.457031 0.445312 1 24 1.000000
0  28.078123 -44.394947 -10.909954  -0.705405 0.006439 -0.708731  3.464844 0.664062 1 24 1.000000
0  28.171875 -35.998886 -10.926934  -0.498825 0.442793 -0.745018  3.457031 0.664062 1 24 1.000000
out70_yuka04_1
0  28.171875 -35.998886 -10.926934  -0.498825 0.442793 -0.745018  3.457031 0.664062 1 24 1.000000
0  32.390625 -38.403343 -15.198529  0.000000 0.339061 -0.940733  3.457031 0.445312 1 24 1.000000
0  32.390625 -44.406445 -15.202415  -0.000793 0.006592 -0.999969  3.457031 0.445312 1 24 1.000000
out70_yuka04_1
0  35.062500 3.599418 -10.921521  0.685110 0.664602 -0.298074  3.457031 0.664062 1 24 1.000000
0  36.328125 -6.599894 -10.905341  0.910398 0.052126 -0.410413  3.464844 0.664062 1 24 1.000000
0  37.546875 -6.596048 -11.333001  0.918027 -0.387707 0.082888  3.464844 0.664062 1 24 1.000000
out70_yuka04_1
0  37.546875 -6.596048 -11.333001  0.918027 -0.387707 0.082888  3.464844 0.664062 1 24 1.000000
0  35.906250 2.539581 -11.324068  0.944060 0.284585 0.166448  3.457031 0.664062 1 24 1.000000
0  35.062500 3.599418 -10.921521  0.685110 0.664602 -0.298074  3.457031 0.664062 1 24 1.000000
out70_yuka04_1
0  32.390625 5.996029 -10.919238  -0.001251 0.251473 0.967834  3.457031 0.664062 1 24 1.000000
0  35.062500 3.599418 -10.921521  0.685110 0.664602 -0.298074  3.464844 0.664062 1 24 1.000000
0  35.906250 2.539581 -11.324068  0.944060 0.284585 0.166448  3.464844 0.664062 1 24 1.000000
out70_yuka04_1
0  35.906250 2.539581 -11.324068  0.944060 0.284585 0.166448  3.464844 0.664062 1 24 1.000000
0  32.390625 7.737311 -11.312011  -0.001129 0.961547 0.274545  3.457031 0.664062 1 24 1.000000
0  32.390625 5.996029 -10.919238  -0.001251 0.251473 0.967834  3.457031 0.664062 1 24 1.000000
out70_yuka04_1
0  26.695312 -39.460621 -2.172984  0.711234 0.702933 -0.003418  1.500000 -2.359375 1 24 1.000000
0  26.695312 -39.441635 1.714969  0.703940 0.710227 -0.003449  1.500000 -1.132812 1 24 1.000000
0  26.695312 -40.296955 1.707278  0.708853 -0.705313 -0.000732  1.738281 -1.132812 1 24 1.000000
out70_yuka04_1
0  26.695312 -40.296955 1.707278  0.708853 -0.705313 -0.000732  1.738281 -1.132812 1 24 1.000000
0  26.695312 -40.292789 -2.184319  0.704245 -0.709922 -0.000732  1.738281 -2.359375 1 24 1.000000
0  26.695312 -39.460621 -2.172984  0.711234 0.702933 -0.003418  1.500000 -2.359375 1 24 1.000000
out70_yuka04_1
0  32.390625 -44.406445 -15.202415  -0.000793 0.006592 -0.999969  3.457031 0.445312 1 24 1.000000
0  32.390625 -38.403343 -15.198529  0.000000 0.339061 -0.940733  3.457031 0.445312 1 24 1.000000
0  36.609375 -35.998886 -10.926934  0.498184 0.442824 -0.745415  3.464844 0.664062 1 24 1.000000
out70_yuka04_1
0  36.609375 -35.998886 -10.926934  0.498184 0.442824 -0.745415  3.464844 0.664062 1 24 1.000000
0  36.726562 -44.394947 -10.909954  0.703482 0.008362 -0.710624  3.457031 0.664062 1 24 1.000000
0  32.390625 -44.406445 -15.202415  -0.000793 0.006592 -0.999969  3.457031 0.445312 1 24 1.000000
out70_yuka04_1
0  32.390625 5.132859 -15.196238  -0.001251 0.521592 -0.853175  3.460938 0.445312 1 24 1.000000
0  35.906250 2.539581 -11.324068  0.944060 0.284585 0.166448  3.457031 0.664062 1 24 1.000000
0  37.546875 -6.596048 -11.333001  0.918027 -0.387707 0.082888  3.457031 0.664062 1 24 1.000000
out70_yuka04_1
0  37.546875 -6.596048 -11.333001  0.918027 -0.387707 0.082888  3.457031 0.664062 1 24 1.000000
0  32.390625 -3.004898 -15.196200  -0.000946 -0.250313 -0.968139  3.457031 0.445312 1 24 1.000000
0  32.390625 5.132859 -15.196238  -0.001251 0.521592 -0.853175  3.460938 0.445312 1 24 1.000000
out70_yuka04_1
0  29.718750 3.599418 -10.921521  -0.679281 0.656575 -0.327830  3.457031 0.664062 1 24 1.000000
0  28.898438 2.539581 -11.324068  -0.945463 0.283608 0.160070  3.457031 0.664062 1 24 1.000000
0  27.257812 -6.596048 -11.333001  -0.917478 -0.388958 0.083193  3.464844 0.664062 1 24 1.000000
out70_yuka04_1
0  27.257812 -6.596048 -11.333001  -0.917478 -0.388958 0.083193  3.464844 0.664062 1 24 1.000000
0  28.476564 -6.599894 -10.905341  -0.907926 0.056276 -0.415296  3.464844 0.664062 1 24 1.000000
0  29.718750 3.599418 -10.921521  -0.679281 0.656575 -0.327830  3.457031 0.664062 1 24 1.000000
out70_yuka04_1
0  40.687500 -31.797789 -5.490963  0.797418 0.001770 -0.603381  2.101562 1.351562 1 24 1.000000
0  36.585938 -27.599173 -10.920766  0.513871 0.003693 -0.857845  0.000000 1.351562 1 24 1.000000
0  36.562500 -23.992682 -10.919163  0.347606 0.001984 -0.937620  0.000000 -1.300781 1 24 1.000000
out70_yuka04_1
0  36.562500 -23.992682 -10.919163  0.347606 0.001984 -0.937620  0.000000 -1.300781 1 24 1.000000
0  40.687500 -28.191298 -5.489360  0.796350 0.000244 -0.604785  2.101562 -1.300781 1 24 1.000000
0  40.687500 -31.797789 -5.490963  0.797418 0.001770 -0.603381  2.101562 1.351562 1 24 1.000000
out70_yuka04_1
0  30.070312 -20.732742 -1.515249  -0.581500 0.577837 0.572619  0.894531 0.867188 1 24 1.000000
0  34.664062 -20.732742 -1.515249  0.581591 0.577502 0.572893  1.144531 0.867188 1 24 1.000000
0  34.664062 -20.726334 -2.228015  0.705161 0.708975 0.006348  1.144531 0.476562 1 24 1.000000
out70_yuka04_1
0  34.664062 -20.726334 -2.228015  0.705161 0.708975 0.006348  1.144531 0.476562 1 24 1.000000
0  30.070312 -20.726334 -2.228015  -0.705161 0.708975 0.006348  0.894531 0.476562 1 24 1.000000
0  30.070312 -20.732742 -1.515249  -0.581500 0.577837 0.572619  0.894531 0.867188 1 24 1.000000
out70_yuka04_1
0  30.070312 -25.240856 -1.517252  -0.578539 -0.582171 0.571215  -4.238281 -3.238281 1 24 1.000000
0  34.664062 -25.240856 -1.517252  0.578600 -0.581835 0.571490  4.175781 -3.238281 1 24 1.000000
0  34.218750 -24.836348 -1.509762  0.006378 -0.007965 0.999939  3.347656 -2.750000 1 24 1.000000
out70_yuka04_1
0  34.218750 -24.836348 -1.509762  0.006378 -0.007965 0.999939  3.347656 -2.750000 1 24 1.000000
0  30.515623 -24.836348 -1.509762  -0.005249 -0.008759 0.999939  -3.398438 -2.750000 1 24 1.000000
0  30.070312 -25.240856 -1.517252  -0.578539 -0.582171 0.571215  -4.238281 -3.238281 1 24 1.000000
out70_yuka04_1
0  30.070312 -25.240856 -1.517252  -0.578539 -0.582171 0.571215  -4.105469 -0.761719 1 24 1.000000
0  30.515623 -24.836348 -1.509762  -0.005249 -0.008759 0.999939  -3.355469 -1.250000 1 24 1.000000
0  30.515623 -21.133606 -1.499588  -0.012665 0.014069 0.999817  3.406250 -1.250000 1 24 1.000000
out70_yuka04_1
0  30.515623 -21.133606 -1.499588  -0.012665 0.014069 0.999817  3.406250 -1.250000 1 24 1.000000
0  30.070312 -20.732742 -1.515249  -0.581500 0.577837 0.572619  4.152344 -0.761719 1 24 1.000000
0  30.070312 -25.240856 -1.517252  -0.578539 -0.582171 0.571215  -4.105469 -0.761719 1 24 1.000000
out70_yuka04_1
0  30.515623 -24.836348 -1.509762  -0.005249 -0.008759 0.999939  -0.277344 -2.003906 1 24 1.000000
0  34.218750 -24.836348 -1.509762  0.006378 -0.007965 0.999939  0.210938 -2.003906 1 24 1.000000
0  34.218750 -21.133606 -1.499588  0.013794 0.013276 0.999786  0.210938 -1.839844 1 24 1.000000
out70_yuka04_1
0  34.218750 -21.133606 -1.499588  0.013794 0.013276 0.999786  0.210938 -1.839844 1 24 1.000000
0  30.515623 -21.133606 -1.499588  -0.012665 0.014069 0.999817  -0.277344 -1.839844 1 24 1.000000
0  30.515623 -24.836348 -1.509762  -0.005249 -0.008759 0.999939  -0.277344 -2.003906 1 24 1.000000
out70_yuka04_1
0  35.906250 2.539581 -11.324068  0.944060 0.284585 0.166448  3.464844 0.664062 1 24 1.000000
0  32.390625 5.132859 -15.196238  -0.001251 0.521592 -0.853175  3.460938 0.445312 1 24 1.000000
0  32.390625 7.737311 -11.312011  -0.001129 0.961547 0.274545  3.457031 0.664062 1 24 1.000000
out70_yuka04_1
0  32.390625 -3.004898 -15.196200  -0.000946 -0.250313 -0.968139  3.460938 0.445312 1 24 1.000000
0  37.546875 -6.596048 -11.333001  0.918027 -0.387707 0.082888  3.464844 0.664062 1 24 1.000000
0  27.257812 -6.596048 -11.333001  -0.917478 -0.388958 0.083193  3.457031 0.664062 1 24 1.000000
out70_yuka04_1
0  30.890623 -23.646975 -12.942787  0.000000 0.006012 -0.999969  2.101562 1.351562 1 24 1.000000
0  29.390623 -21.034710 -12.927006  0.000000 0.002289 -0.999969  0.000000 1.351562 1 24 1.000000
0  32.390625 -21.034710 -12.927006  0.000000 0.002289 -0.999969  1.050781 -0.398438 1 24 1.000000
out70_yuka04_1
0  28.898438 2.539581 -11.324068  -0.945463 0.283608 0.160070  3.464844 0.664062 1 24 1.000000
0  32.390625 7.737311 -11.312011  -0.001129 0.961547 0.274545  3.457031 0.664062 1 24 1.000000
0  32.390625 5.132859 -15.196238  -0.001251 0.521592 -0.853175  3.460938 0.445312 1 24 1.000000
out70_yuka04_1
0  28.171875 -35.998886 -10.926934  -0.498825 0.442793 -0.745018  3.457031 0.664062 1 24 1.000000
0  36.609375 -35.998886 -10.926934  0.498184 0.442824 -0.745415  3.457031 0.664062 1 24 1.000000
0  32.390625 -38.403343 -15.198529  0.000000 0.339061 -0.940733  3.460938 0.445312 1 24 1.000000
out70_yuka04_1
0  33.890625 -10.384586 -12.942986  0.000000 -0.001434 -0.999969  2.101562 1.351562 1 24 1.000000
0  35.390625 -12.970053 -12.939260  0.000000 -0.002106 -0.999969  0.000000 1.351562 1 24 1.000000
0  32.390625 -12.970053 -12.939260  0.000000 -0.002106 -0.999969  1.050781 -0.398438 1 24 1.000000
out70_yuka04_1
0  35.390625 -12.970053 -12.939260  0.000000 -0.002106 -0.999969  2.101562 1.351562 1 24 1.000000
0  33.890625 -15.578671 -12.931891  0.000000 -0.002808 -0.999969  0.000000 1.351562 1 24 1.000000
0  32.390625 -12.970053 -12.939260  0.000000 -0.002106 -0.999969  1.050781 -0.398438 1 24 1.000000
out70_yuka04_1
0  33.890625 -15.578671 -12.931891  0.000000 -0.002808 -0.999969  2.101562 1.351562 1 24 1.000000
0  30.890623 -15.578671 -12.931891  0.000000 -0.002808 -0.999969  0.000000 1.351562 1 24 1.000000
0  32.390625 -12.970053 -12.939260  0.000000 -0.002106 -0.999969  1.050781 -0.398438 1 24 1.000000
out70_yuka04_1
0  30.890623 -15.578671 -12.931891  0.000000 -0.002808 -0.999969  2.101562 1.351562 1 24 1.000000
0  29.390623 -12.970053 -12.939260  0.000000 -0.002106 -0.999969  0.000000 1.351562 1 24 1.000000
0  32.390625 -12.970053 -12.939260  0.000000 -0.002106 -0.999969  1.050781 -0.398438 1 24 1.000000
out70_yuka04_1
0  29.390623 -12.970053 -12.939260  0.000000 -0.002106 -0.999969  2.101562 1.351562 1 24 1.000000
0  30.890623 -10.384586 -12.942986  0.000000 -0.001434 -0.999969  0.000000 1.351562 1 24 1.000000
0  32.390625 -12.970053 -12.939260  0.000000 -0.002106 -0.999969  1.050781 -0.398438 1 24 1.000000
out70_yuka04_1
0  30.890623 -10.384586 -12.942986  0.000000 -0.001434 -0.999969  2.101562 1.351562 1 24 1.000000
0  33.890625 -10.384586 -12.942986  0.000000 -0.001434 -0.999969  0.000000 1.351562 1 24 1.000000
0  32.390625 -12.970053 -12.939260  0.000000 -0.002106 -0.999969  1.050781 -0.398438 1 24 1.000000
out70_yuka04_1
0  33.890625 -18.449242 -12.930730  0.000000 -0.001434 -0.999969  2.101562 1.351562 1 24 1.000000
0  35.390625 -21.034710 -12.927006  0.000000 0.002289 -0.999969  0.000000 1.351562 1 24 1.000000
0  32.390625 -21.034710 -12.927006  0.000000 0.002289 -0.999969  1.050781 -0.398438 1 24 1.000000
out70_yuka04_1
0  35.390625 -21.034710 -12.927006  0.000000 0.002289 -0.999969  2.101562 1.351562 1 24 1.000000
0  33.890625 -23.646975 -12.942787  0.000000 0.006012 -0.999969  0.000000 1.351562 1 24 1.000000
0  32.390625 -21.034710 -12.927006  0.000000 0.002289 -0.999969  1.050781 -0.398438 1 24 1.000000
out70_yuka04_1
0  33.890625 -23.646975 -12.942787  0.000000 0.006012 -0.999969  2.101562 1.351562 1 24 1.000000
0  30.890623 -23.646975 -12.942787  0.000000 0.006012 -0.999969  0.000000 1.351562 1 24 1.000000
0  32.390625 -21.034710 -12.927006  0.000000 0.002289 -0.999969  1.050781 -0.398438 1 24 1.000000
out70_yuka04_1
0  29.390623 -21.034710 -12.927006  0.000000 0.002289 -0.999969  2.101562 1.351562 1 24 1.000000
0  30.890623 -18.449242 -12.930730  0.000000 -0.001434 -0.999969  0.000000 1.351562 1 24 1.000000
0  32.390625 -21.034710 -12.927006  0.000000 0.002289 -0.999969  1.050781 -0.398438 1 24 1.000000
out70_yuka04_1
0  30.890623 -18.449242 -12.930730  0.000000 -0.001434 -0.999969  2.101562 1.351562 1 24 1.000000
0  33.890625 -18.449242 -12.930730  0.000000 -0.001434 -0.999969  0.000000 1.351562 1 24 1.000000
0  32.390625 -21.034710 -12.927006  0.000000 0.002289 -0.999969  1.050781 -0.398438 1 24 1.000000
out70_yuka04_1
0  34.265625 -29.149315 -12.930612  0.000000 0.003052 -0.999969  2.101562 1.351562 1 24 1.000000
0  36.140625 -32.401241 -12.940585  0.000000 -0.000488 -0.999969  0.000000 1.351562 1 24 1.000000
0  32.390625 -32.401241 -12.940585  0.000000 -0.000488 -0.999969  1.050781 -0.398438 1 24 1.000000
out70_yuka04_1
0  36.140625 -32.401241 -12.940585  0.000000 -0.000488 -0.999969  2.101562 1.351562 1 24 1.000000
0  34.265625 -35.649529 -12.927408  0.000000 -0.004028 -0.999969  0.000000 1.351562 1 24 1.000000
0  32.390625 -32.401241 -12.940585  0.000000 -0.000488 -0.999969  1.050781 -0.398438 1 24 1.000000
out70_yuka04_1
0  34.265625 -35.649529 -12.927408  0.000000 -0.004028 -0.999969  2.101562 1.351562 1 24 1.000000
0  30.515623 -35.649529 -12.927408  0.000000 -0.004028 -0.999969  0.000000 1.351562 1 24 1.000000
0  32.390625 -32.401241 -12.940585  0.000000 -0.000488 -0.999969  1.050781 -0.398438 1 24 1.000000
out70_yuka04_1
0  30.515623 -35.649529 -12.927408  0.000000 -0.004028 -0.999969  2.101562 1.351562 1 24 1.000000
0  28.640623 -32.401241 -12.940585  0.000000 -0.000488 -0.999969  0.000000 1.351562 1 24 1.000000
0  32.390625 -32.401241 -12.940585  0.000000 -0.000488 -0.999969  1.050781 -0.398438 1 24 1.000000
out70_yuka04_1
0  28.640623 -32.401241 -12.940585  0.000000 -0.000488 -0.999969  2.101562 1.351562 1 24 1.000000
0  30.515623 -29.149315 -12.930612  0.000000 0.003052 -0.999969  0.000000 1.351562 1 24 1.000000
0  32.390625 -32.401241 -12.940585  0.000000 -0.000488 -0.999969  1.050781 -0.398438 1 24 1.000000
out70_yuka04_1
0  30.515623 -29.149315 -12.930612  0.000000 0.003052 -0.999969  2.101562 1.351562 1 24 1.000000
0  34.265625 -29.149315 -12.930612  0.000000 0.003052 -0.999969  0.000000 1.351562 1 24 1.000000
0  32.390625 -32.401241 -12.940585  0.000000 -0.000488 -0.999969  1.050781 -0.398438 1 24 1.000000
jet_01_1
0  36.384277 -51.852364 -123.721367  0.999969 -0.000549 -0.003113  0.992188 0.007812 1 10 1.000000
0  35.212399 -49.082439 -124.209572  0.707053 0.695853 -0.125767  0.007812 0.007812 1 10 1.000000
0  35.470215 -29.638052 -15.238198  0.706168 0.696738 -0.125950  0.007812 0.992188 1 10 1.000000
jet_01_1
0  35.470215 -29.638052 -15.238198  0.706168 0.696738 -0.125950  0.007812 0.992188 1 10 1.000000
0  36.735840 -32.638805 -14.709311  0.999969 0.000732 -0.003388  0.992188 0.992188 1 10 1.000000
0  36.384277 -51.852364 -123.721367  0.999969 -0.000549 -0.003113  0.992188 0.007812 1 10 1.000000
jet_01_1
0  35.212399 -54.622292 -123.233162  0.707114 -0.696890 0.119541  0.992188 0.007812 1 10 1.000000
0  36.384277 -51.852364 -123.721367  0.999969 -0.000549 -0.003113  0.007812 0.007812 1 10 1.000000
0  36.735840 -32.638805 -14.709311  0.999969 0.000732 -0.003388  0.007812 0.992188 1 10 1.000000
jet_01_1
0  36.735840 -32.638805 -14.709311  0.999969 0.000732 -0.003388  0.007812 0.992188 1 10 1.000000
0  35.470215 -35.662643 -14.176353  0.707114 -0.696890 0.119541  0.992188 0.992188 1 10 1.000000
0  35.212399 -54.622292 -123.233162  0.707114 -0.696890 0.119541  0.992188 0.007812 1 10 1.000000
jet_01_1
0  32.399902 -55.776428 -123.029747  -0.000031 -0.985351 0.170385  0.992188 0.007812 1 10 1.000000
0  35.212399 -54.622292 -123.233162  0.707114 -0.696890 0.119541  0.007812 0.007812 1 10 1.000000
0  35.470215 -35.662643 -14.176353  0.707114 -0.696890 0.119541  0.007812 0.992188 1 10 1.000000
jet_01_1
0  35.470215 -35.662643 -14.176353  0.707114 -0.696890 0.119541  0.007812 0.992188 1 10 1.000000
0  32.399902 -36.909111 -13.956662  -0.000031 -0.985351 0.170385  0.992188 0.992188 1 10 1.000000
0  32.399902 -55.776428 -123.029747  -0.000031 -0.985351 0.170385  0.992188 0.007812 1 10 1.000000
jet_01_1
0  29.587402 -54.622292 -123.233162  -0.707083 -0.696921 0.119541  0.992188 0.007812 1 10 1.000000
0  32.399902 -55.776428 -123.029747  -0.000031 -0.985351 0.170385  0.007812 0.007812 1 10 1.000000
0  32.399902 -36.909111 -13.956662  -0.000031 -0.985351 0.170385  0.007812 0.992188 1 10 1.000000
jet_01_1
0  32.399902 -36.909111 -13.956662  -0.000031 -0.985351 0.170385  0.007812 0.992188 1 10 1.000000
0  29.329590 -35.662643 -14.176353  -0.707083 -0.696921 0.119541  0.992188 0.992188 1 10 1.000000
0  29.587402 -54.622292 -123.233162  -0.707083 -0.696921 0.119541  0.992188 0.007812 1 10 1.000000
jet_01_1
0  28.415527 -51.852364 -123.721367  -0.999969 -0.000519 -0.003174  0.992188 0.007812 1 10 1.000000
0  29.587402 -54.622292 -123.233162  -0.707083 -0.696921 0.119541  0.007812 0.007812 1 10 1.000000
0  29.329590 -35.662643 -14.176353  -0.707083 -0.696921 0.119541  0.007812 0.992188 1 10 1.000000
jet_01_1
0  29.329590 -35.662643 -14.176353  -0.707083 -0.696921 0.119541  0.007812 0.992188 1 10 1.000000
0  28.063965 -32.638805 -14.709311  -0.999969 0.000763 -0.003357  0.992188 0.992188 1 10 1.000000
0  28.415527 -51.852364 -123.721367  -0.999969 -0.000519 -0.003174  0.992188 0.007812 1 10 1.000000
jet_01_1
0  29.587402 -49.082439 -124.209572  -0.707083 0.695822 -0.125797  0.992188 0.007812 1 10 1.000000
0  28.415527 -51.852364 -123.721367  -0.999969 -0.000519 -0.003174  0.007812 0.007812 1 10 1.000000
0  28.063965 -32.638805 -14.709311  -0.999969 0.000763 -0.003357  0.007812 0.992188 1 10 1.000000
jet_01_1
0  28.063965 -32.638805 -14.709311  -0.999969 0.000763 -0.003357  0.007812 0.992188 1 10 1.000000
0  29.329590 -29.638052 -15.238198  -0.706198 0.696707 -0.125919  0.992188 0.992188 1 10 1.000000
0  29.587402 -49.082439 -124.209572  -0.707083 0.695822 -0.125797  0.992188 0.007812 1 10 1.000000
jet_01_1
0  32.399902 -47.928299 -124.412987  0.000031 0.984283 -0.176550  0.992188 0.007812 1 10 1.000000
0  29.587402 -49.082439 -124.209572  -0.707083 0.695822 -0.125797  0.007812 0.007812 1 10 1.000000
0  29.329590 -29.638052 -15.238198  -0.706198 0.696707 -0.125919  0.007812 0.992188 1 10 1.000000
jet_01_1
0  29.329590 -29.638052 -15.238198  -0.706198 0.696707 -0.125919  0.007812 0.992188 1 10 1.000000
0  32.399902 -28.391584 -15.457891  0.000031 0.984283 -0.176550  0.992188 0.992188 1 10 1.000000
0  32.399902 -47.928299 -124.412987  0.000031 0.984283 -0.176550  0.992188 0.007812 1 10 1.000000
jet_01_1
0  35.212399 -49.082439 -124.209572  0.707053 0.695853 -0.125767  0.992188 0.007812 1 10 1.000000
0  32.399902 -47.928299 -124.412987  0.000031 0.984283 -0.176550  0.007812 0.007812 1 10 1.000000
0  32.399902 -28.391584 -15.457891  0.000031 0.984283 -0.176550  0.007812 0.992188 1 10 1.000000
jet_01_1
0  32.399902 -28.391584 -15.457891  0.000031 0.984283 -0.176550  0.007812 0.992188 1 10 1.000000
0  35.470215 -29.638052 -15.238198  0.706168 0.696738 -0.125950  0.992188 0.992188 1 10 1.000000
0  35.212399 -49.082439 -124.209572  0.707053 0.695853 -0.125767  0.992188 0.007812 1 10 1.000000
jet_01_2
0  45.571777 -23.967932 -41.401878  0.619587 0.694266 0.366161  0.007812 0.007812 1 10 1.000000
0  35.962399 -29.130232 -15.327703  0.620228 0.693411 0.366649  0.007812 0.992188 1 10 1.000000
0  37.415527 -32.638805 -14.709311  0.876858 0.084323 0.473220  0.992188 0.992188 1 10 1.000000
jet_01_2
0  37.415527 -32.638805 -14.709311  0.876858 0.084323 0.473220  0.992188 0.992188 1 10 1.000000
0  51.032715 -36.940430 -39.115456  0.876553 0.083712 0.473922  0.992188 0.007812 1 10 1.000000
0  45.571777 -23.967932 -41.401878  0.619587 0.694266 0.366161  0.007812 0.007812 1 10 1.000000
jet_01_2
0  51.032715 -36.940430 -39.115456  0.876553 0.083712 0.473922  0.007812 0.007812 1 10 1.000000
0  37.415527 -32.638805 -14.709311  0.876858 0.084323 0.473220  0.007812 0.992188 1 10 1.000000
0  35.962399 -36.147381 -14.090918  0.621021 -0.525285 0.581683  0.992188 0.992188 1 10 1.000000
jet_01_2
0  35.962399 -36.147381 -14.090918  0.621021 -0.525285 0.581683  0.992188 0.992188 1 10 1.000000
0  45.571777 -49.912926 -36.829025  0.619983 -0.527116 0.581133  0.992188 0.007812 1 10 1.000000
0  51.032715 -36.940430 -39.115456  0.876553 0.083712 0.473922  0.007812 0.007812 1 10 1.000000
jet_01_2
0  45.571777 -49.912926 -36.829025  0.619983 -0.527116 0.581133  0.007812 0.007812 1 10 1.000000
0  35.962399 -36.147381 -14.090918  0.621021 -0.525285 0.581683  0.007812 0.992188 1 10 1.000000
0  32.399902 -37.601593 -13.834610  0.000000 -0.779962 0.625782  0.992188 0.992188 1 10 1.000000
jet_01_2
0  32.399902 -37.601593 -13.834610  0.000000 -0.779962 0.625782  0.992188 0.992188 1 10 1.000000
0  32.399902 -55.291203 -35.881096  0.000000 -0.779962 0.625813  0.992188 0.007812 1 10 1.000000
0  45.571777 -49.912926 -36.829025  0.619983 -0.527116 0.581133  0.007812 0.007812 1 10 1.000000
jet_01_2
0  32.399902 -55.291203 -35.881096  0.000000 -0.779962 0.625813  0.007812 0.007812 1 10 1.000000
0  32.399902 -37.601593 -13.834610  0.000000 -0.779962 0.625782  0.007812 0.992188 1 10 1.000000
0  28.837402 -36.147381 -14.090918  -0.621998 -0.525132 0.580798  0.992188 0.992188 1 10 1.000000
jet_01_2
0  28.837402 -36.147381 -14.090918  -0.621998 -0.525132 0.580798  0.992188 0.992188 1 10 1.000000
0  19.228027 -49.912926 -36.829025  -0.620014 -0.526811 0.581378  0.992188 0.007812 1 10 1.000000
0  32.399902 -55.291203 -35.881096  0.000000 -0.779962 0.625813  0.007812 0.007812 1 10 1.000000
jet_01_2
0  19.228027 -49.912926 -36.829025  -0.620014 -0.526811 0.581378  0.007812 0.007812 1 10 1.000000
0  28.837402 -36.147381 -14.090918  -0.621998 -0.525132 0.580798  0.007812 0.992188 1 10 1.000000
0  27.384275 -32.638805 -14.709311  -0.876858 0.082522 0.473556  0.992188 0.992188 1 10 1.000000
jet_01_2
0  27.384275 -32.638805 -14.709311  -0.876858 0.082522 0.473556  0.992188 0.992188 1 10 1.000000
0  13.767090 -36.940430 -39.115456  -0.876553 0.083346 0.473983  0.992188 0.007812 1 10 1.000000
0  19.228027 -49.912926 -36.829025  -0.620014 -0.526811 0.581378  0.007812 0.007812 1 10 1.000000
jet_01_2
0  13.767090 -36.940430 -39.115456  -0.876553 0.083346 0.473983  0.007812 0.007812 1 10 1.000000
0  27.384275 -32.638805 -14.709311  -0.876858 0.082522 0.473556  0.007812 0.992188 1 10 1.000000
0  28.837402 -29.130232 -15.327703  -0.619007 0.694479 0.366680  0.992188 0.992188 1 10 1.000000
jet_01_2
0  28.837402 -29.130232 -15.327703  -0.619007 0.694479 0.366680  0.992188 0.992188 1 10 1.000000
0  19.228027 -23.967932 -41.401878  -0.619404 0.694510 0.366039  0.992188 0.007812 1 10 1.000000
0  13.767090 -36.940430 -39.115456  -0.876553 0.083346 0.473983  0.007812 0.007812 1 10 1.000000
jet_01_2
0  19.228027 -23.967932 -41.401878  -0.619404 0.694510 0.366039  0.007812 0.007812 1 10 1.000000
0  28.837402 -29.130232 -15.327703  -0.619007 0.694479 0.366680  0.007812 0.992188 1 10 1.000000
0  32.399902 -27.699102 -15.579942  -0.000641 0.947142 0.320750  0.992188 0.992188 1 10 1.000000
jet_01_2
0  32.399902 -27.699102 -15.579942  -0.000641 0.947142 0.320750  0.992188 0.992188 1 10 1.000000
0  32.399902 -18.612740 -42.345741  -0.000122 0.946989 0.321207  0.992188 0.007812 1 10 1.000000
0  19.228027 -23.967932 -41.401878  -0.619404 0.694510 0.366039  0.007812 0.007812 1 10 1.000000
jet_01_2
0  32.399902 -18.612740 -42.345741  -0.000122 0.946989 0.321207  0.007812 0.007812 1 10 1.000000
0  32.399902 -27.699102 -15.579942  -0.000641 0.947142 0.320750  0.007812 0.992188 1 10 1.000000
0  35.962399 -29.130232 -15.327703  0.620228 0.693411 0.366649  0.992188 0.992188 1 10 1.000000
jet_01_2
0  35.962399 -29.130232 -15.327703  0.620228 0.693411 0.366649  0.992188 0.992188 1 10 1.000000
0  45.571777 -23.967932 -41.401878  0.619587 0.694266 0.366161  0.992188 0.007812 1 10 1.000000
0  32.399902 -18.612740 -42.345741  -0.000122 0.946989 0.321207  0.007812 0.007812 1 10 1.000000
jet_01_1
0  36.384277 -40.490795 -123.721367  0.999969 -0.000549 -0.003113  0.992188 0.007812 1 11 1.000000
0  35.212399 -37.720867 -124.209572  0.707053 0.695853 -0.125767  0.007812 0.007812 1 11 1.000000
0  35.470215 -18.276480 -15.238196  0.706168 0.696738 -0.125950  0.007812 0.992188 1 11 1.000000
jet_01_1
0  35.470215 -18.276480 -15.238196  0.706168 0.696738 -0.125950  0.007812 0.992188 1 11 1.000000
0  36.735840 -21.277233 -14.709309  0.999969 0.000732 -0.003388  0.992188 0.992188 1 11 1.000000
0  36.384277 -40.490795 -123.721367  0.999969 -0.000549 -0.003113  0.992188 0.007812 1 11 1.000000
jet_01_1
0  35.212399 -43.260723 -123.233162  0.707114 -0.696890 0.119541  0.992188 0.007812 1 11 1.000000
0  36.384277 -40.490795 -123.721367  0.999969 -0.000549 -0.003113  0.007812 0.007812 1 11 1.000000
0  36.735840 -21.277233 -14.709309  0.999969 0.000732 -0.003388  0.007812 0.992188 1 11 1.000000
jet_01_1
0  36.735840 -21.277233 -14.709309  0.999969 0.000732 -0.003388  0.007812 0.992188 1 11 1.000000
0  35.470215 -24.301075 -14.176352  0.707114 -0.696890 0.119541  0.992188 0.992188 1 11 1.000000
0  35.212399 -43.260723 -123.233162  0.707114 -0.696890 0.119541  0.992188 0.007812 1 11 1.000000
jet_01_1
0  32.399902 -44.414860 -123.029747  -0.000031 -0.985351 0.170385  0.992188 0.007812 1 11 1.000000
0  35.212399 -43.260723 -123.233162  0.707114 -0.696890 0.119541  0.007812 0.007812 1 11 1.000000
0  35.470215 -24.301075 -14.176352  0.707114 -0.696890 0.119541  0.007812 0.992188 1 11 1.000000
jet_01_1
0  35.470215 -24.301075 -14.176352  0.707114 -0.696890 0.119541  0.007812 0.992188 1 11 1.000000
0  32.399902 -25.547543 -13.956660  -0.000031 -0.985351 0.170385  0.992188 0.992188 1 11 1.000000
0  32.399902 -44.414860 -123.029747  -0.000031 -0.985351 0.170385  0.992188 0.007812 1 11 1.000000
jet_01_1
0  29.587402 -43.260723 -123.233162  -0.707083 -0.696921 0.119541  0.992188 0.007812 1 11 1.000000
0  32.399902 -44.414860 -123.029747  -0.000031 -0.985351 0.170385  0.007812 0.007812 1 11 1.000000
0  32.399902 -25.547543 -13.956660  -0.000031 -0.985351 0.170385  0.007812 0.992188 1 11 1.000000
jet_01_1
0  32.399902 -25.547543 -13.956660  -0.000031 -0.985351 0.170385  0.007812 0.992188 1 11 1.000000
0  29.329590 -24.301075 -14.176352  -0.707083 -0.696921 0.119541  0.992188 0.992188 1 11 1.000000
0  29.587402 -43.260723 -123.233162  -0.707083 -0.696921 0.119541  0.992188 0.007812 1 11 1.000000
jet_01_1
0  28.415527 -40.490795 -123.721367  -0.999969 -0.000519 -0.003174  0.992188 0.007812 1 11 1.000000
0  29.587402 -43.260723 -123.233162  -0.707083 -0.696921 0.119541  0.007812 0.007812 1 11 1.000000
0  29.329590 -24.301075 -14.176352  -0.707083 -0.696921 0.119541  0.007812 0.992188 1 11 1.000000
jet_01_1
0  29.329590 -24.301075 -14.176352  -0.707083 -0.696921 0.119541  0.007812 0.992188 1 11 1.000000
0  28.063965 -21.277233 -14.709309  -0.999969 0.000763 -0.003357  0.992188 0.992188 1 11 1.000000
0  28.415527 -40.490795 -123.721367  -0.999969 -0.000519 -0.003174  0.992188 0.007812 1 11 1.000000
jet_01_1
0  29.587402 -37.720867 -124.209572  -0.707083 0.695822 -0.125797  0.992188 0.007812 1 11 1.000000
0  28.415527 -40.490795 -123.721367  -0.999969 -0.000519 -0.003174  0.007812 0.007812 1 11 1.000000
0  28.063965 -21.277233 -14.709309  -0.999969 0.000763 -0.003357  0.007812 0.992188 1 11 1.000000
jet_01_1
0  28.063965 -21.277233 -14.709309  -0.999969 0.000763 -0.003357  0.007812 0.992188 1 11 1.000000
0  29.329590 -18.276480 -15.238196  -0.706198 0.696707 -0.125919  0.992188 0.992188 1 11 1.000000
0  29.587402 -37.720867 -124.209572  -0.707083 0.695822 -0.125797  0.992188 0.007812 1 11 1.000000
jet_01_1
0  32.399902 -36.566730 -124.412987  0.000031 0.984283 -0.176550  0.992188 0.007812 1 11 1.000000
0  29.587402 -37.720867 -124.209572  -0.707083 0.695822 -0.125797  0.007812 0.007812 1 11 1.000000
0  29.329590 -18.276480 -15.238196  -0.706198 0.696707 -0.125919  0.007812 0.992188 1 11 1.000000
jet_01_1
0  29.329590 -18.276480 -15.238196  -0.706198 0.696707 -0.125919  0.007812 0.992188 1 11 1.000000
0  32.399902 -17.030012 -15.457889  0.000031 0.984283 -0.176550  0.992188 0.992188 1 11 1.000000
0  32.399902 -36.566730 -124.412987  0.000031 0.984283 -0.176550  0.992188 0.007812 1 11 1.000000
jet_01_1
0  35.212399 -37.720867 -124.209572  0.707053 0.695853 -0.125767  0.992188 0.007812 1 11 1.000000
0  32.399902 -36.566730 -124.412987  0.000031 0.984283 -0.176550  0.007812 0.007812 1 11 1.000000
0  32.399902 -17.030012 -15.457889  0.000031 0.984283 -0.176550  0.007812 0.992188 1 11 1.000000
jet_01_1
0  32.399902 -17.030012 -15.457889  0.000031 0.984283 -0.176550  0.007812 0.992188 1 11 1.000000
0  35.470215 -18.276480 -15.238196  0.706168 0.696738 -0.125950  0.992188 0.992188 1 11 1.000000
0  35.212399 -37.720867 -124.209572  0.707053 0.695853 -0.125767  0.992188 0.007812 1 11 1.000000
jet_01_2
0  45.571777 -12.606362 -41.401878  0.619587 0.694266 0.366161  0.007812 0.007812 1 11 1.000000
0  35.962399 -17.768658 -15.327701  0.620228 0.693411 0.366649  0.007812 0.992188 1 11 1.000000
0  37.415527 -21.277233 -14.709309  0.876858 0.084323 0.473220  0.992188 0.992188 1 11 1.000000
jet_01_2
0  37.415527 -21.277233 -14.709309  0.876858 0.084323 0.473220  0.992188 0.992188 1 11 1.000000
0  51.032715 -25.578857 -39.115452  0.876553 0.083712 0.473922  0.992188 0.007812 1 11 1.000000
0  45.571777 -12.606362 -41.401878  0.619587 0.694266 0.366161  0.007812 0.007812 1 11 1.000000
jet_01_2
0  51.032715 -25.578857 -39.115452  0.876553 0.083712 0.473922  0.007812 0.007812 1 11 1.000000
0  37.415527 -21.277233 -14.709309  0.876858 0.084323 0.473220  0.007812 0.992188 1 11 1.000000
0  35.962399 -24.785810 -14.090916  0.621021 -0.525285 0.581683  0.992188 0.992188 1 11 1.000000
jet_01_2
0  35.962399 -24.785810 -14.090916  0.621021 -0.525285 0.581683  0.992188 0.992188 1 11 1.000000
0  45.571777 -38.551350 -36.829025  0.619983 -0.527116 0.581133  0.992188 0.007812 1 11 1.000000
0  51.032715 -25.578857 -39.115452  0.876553 0.083712 0.473922  0.007812 0.007812 1 11 1.000000
jet_01_2
0  45.571777 -38.551350 -36.829025  0.619983 -0.527116 0.581133  0.007812 0.007812 1 11 1.000000
0  35.962399 -24.785810 -14.090916  0.621021 -0.525285 0.581683  0.007812 0.992188 1 11 1.000000
0  32.399902 -26.240023 -13.834608  0.000000 -0.779962 0.625782  0.992188 0.992188 1 11 1.000000
jet_01_2
0  32.399902 -26.240023 -13.834608  0.000000 -0.779962 0.625782  0.992188 0.992188 1 11 1.000000
0  32.399902 -43.929634 -35.881096  0.000000 -0.779962 0.625813  0.992188 0.007812 1 11 1.000000
0  45.571777 -38.551350 -36.829025  0.619983 -0.527116 0.581133  0.007812 0.007812 1 11 1.000000
jet_01_2
0  32.399902 -43.929634 -35.881096  0.000000 -0.779962 0.625813  0.007812 0.007812 1 11 1.000000
0  32.399902 -26.240023 -13.834608  0.000000 -0.779962 0.625782  0.007812 0.992188 1 11 1.000000
0  28.837402 -24.785810 -14.090916  -0.621998 -0.525132 0.580798  0.992188 0.992188 1 11 1.000000
jet_01_2
0  28.837402 -24.785810 -14.090916  -0.621998 -0.525132 0.580798  0.992188 0.992188 1 11 1.000000
0  19.228027 -38.551350 -36.829025  -0.620014 -0.526811 0.581378  0.992188 0.007812 1 11 1.000000
0  32.399902 -43.929634 -35.881096  0.000000 -0.779962 0.625813  0.007812 0.007812 1 11 1.000000
jet_01_2
0  19.228027 -38.551350 -36.829025  -0.620014 -0.526811 0.581378  0.007812 0.007812 1 11 1.000000
0  28.837402 -24.785810 -14.090916  -0.621998 -0.525132 0.580798  0.007812 0.992188 1 11 1.000000
0  27.384275 -21.277233 -14.709309  -0.876858 0.082522 0.473556  0.992188 0.992188 1 11 1.000000
jet_01_2
0  27.384275 -21.277233 -14.709309  -0.876858 0.082522 0.473556  0.992188 0.992188 1 11 1.000000
0  13.767090 -25.578857 -39.115452  -0.876553 0.083346 0.473983  0.992188 0.007812 1 11 1.000000
0  19.228027 -38.551350 -36.829025  -0.620014 -0.526811 0.581378  0.007812 0.007812 1 11 1.000000
jet_01_2
0  13.767090 -25.578857 -39.115452  -0.876553 0.083346 0.473983  0.007812 0.007812 1 11 1.000000
0  27.384275 -21.277233 -14.709309  -0.876858 0.082522 0.473556  0.007812 0.992188 1 11 1.000000
0  28.837402 -17.768658 -15.327701  -0.619007 0.694479 0.366680  0.992188 0.992188 1 11 1.000000
jet_01_2
0  28.837402 -17.768658 -15.327701  -0.619007 0.694479 0.366680  0.992188 0.992188 1 11 1.000000
0  19.228027 -12.606362 -41.401878  -0.619404 0.694510 0.366039  0.992188 0.007812 1 11 1.000000
0  13.767090 -25.578857 -39.115452  -0.876553 0.083346 0.473983  0.007812 0.007812 1 11 1.000000
jet_01_2
0  19.228027 -12.606362 -41.401878  -0.619404 0.694510 0.366039  0.007812 0.007812 1 11 1.000000
0  28.837402 -17.768658 -15.327701  -0.619007 0.694479 0.366680  0.007812 0.992188 1 11 1.000000
0  32.399902 -16.337530 -15.579940  -0.000641 0.947142 0.320750  0.992188 0.992188 1 11 1.000000
jet_01_2
0  32.399902 -16.337530 -15.579940  -0.000641 0.947142 0.320750  0.992188 0.992188 1 11 1.000000
0  32.399902 -7.251168 -42.345737  -0.000122 0.946989 0.321207  0.992188 0.007812 1 11 1.000000
0  19.228027 -12.606362 -41.401878  -0.619404 0.694510 0.366039  0.007812 0.007812 1 11 1.000000
jet_01_2
0  32.399902 -7.251168 -42.345737  -0.000122 0.946989 0.321207  0.007812 0.007812 1 11 1.000000
0  32.399902 -16.337530 -15.579940  -0.000641 0.947142 0.320750  0.007812 0.992188 1 11 1.000000
0  35.962399 -17.768658 -15.327701  0.620228 0.693411 0.366649  0.992188 0.992188 1 11 1.000000
jet_01_2
0  35.962399 -17.768658 -15.327701  0.620228 0.693411 0.366649  0.992188 0.992188 1 11 1.000000
0  45.571777 -12.606362 -41.401878  0.619587 0.694266 0.366161  0.992188 0.007812 1 11 1.000000
0  32.399902 -7.251168 -42.345737  -0.000122 0.946989 0.321207  0.007812 0.007812 1 11 1.000000
jet_01_1
0  36.384277 -31.844217 -123.753914  0.999969 -0.000580 -0.003174  0.992188 0.007812 1 12 1.000000
0  35.212399 -29.074287 -124.242111  0.707083 0.695822 -0.125919  0.007812 0.007812 1 12 1.000000
0  35.470215 -9.606820 -15.274811  0.707083 0.695791 -0.125919  0.007812 0.992188 1 12 1.000000
jet_01_1
0  35.470215 -9.606820 -15.274811  0.707083 0.695791 -0.125919  0.007812 0.992188 1 12 1.000000
0  36.735840 -12.630658 -14.741854  0.999969 -0.000580 -0.003174  0.992188 0.992188 1 12 1.000000
0  36.384277 -31.844217 -123.753914  0.999969 -0.000580 -0.003174  0.992188 0.007812 1 12 1.000000
jet_01_1
0  35.212399 -34.614147 -123.265701  0.707114 -0.696890 0.119541  0.992188 0.007812 1 12 1.000000
0  36.384277 -31.844217 -123.753914  0.999969 -0.000580 -0.003174  0.007812 0.007812 1 12 1.000000
0  36.735840 -12.630658 -14.741854  0.999969 -0.000580 -0.003174  0.007812 0.992188 1 12 1.000000
jet_01_1
0  36.735840 -12.630658 -14.741854  0.999969 -0.000580 -0.003174  0.007812 0.992188 1 12 1.000000
0  35.470215 -15.654497 -14.208898  0.707114 -0.696890 0.119541  0.992188 0.992188 1 12 1.000000
0  35.212399 -34.614147 -123.265701  0.707114 -0.696890 0.119541  0.992188 0.007812 1 12 1.000000
jet_01_1
0  32.399902 -35.768284 -123.062294  -0.000031 -0.985351 0.170385  0.992188 0.007812 1 12 1.000000
0  35.212399 -34.614147 -123.265701  0.707114 -0.696890 0.119541  0.007812 0.007812 1 12 1.000000
0  35.470215 -15.654497 -14.208898  0.707114 -0.696890 0.119541  0.007812 0.992188 1 12 1.000000
jet_01_1
0  35.470215 -15.654497 -14.208898  0.707114 -0.696890 0.119541  0.007812 0.992188 1 12 1.000000
0  32.399902 -16.900967 -13.989206  -0.000031 -0.985351 0.170385  0.992188 0.992188 1 12 1.000000
0  32.399902 -35.768284 -123.062294  -0.000031 -0.985351 0.170385  0.992188 0.007812 1 12 1.000000
jet_01_1
0  29.587402 -34.614147 -123.265701  -0.707083 -0.696921 0.119541  0.992188 0.007812 1 12 1.000000
0  32.399902 -35.768284 -123.062294  -0.000031 -0.985351 0.170385  0.007812 0.007812 1 12 1.000000
0  32.399902 -16.900967 -13.989206  -0.000031 -0.985351 0.170385  0.007812 0.992188 1 12 1.000000
jet_01_1
0  32.399902 -16.900967 -13.989206  -0.000031 -0.985351 0.170385  0.007812 0.992188 1 12 1.000000
0  29.329590 -15.654497 -14.208898  -0.707083 -0.696921 0.119541  0.992188 0.992188 1 12 1.000000
0  29.587402 -34.614147 -123.265701  -0.707083 -0.696921 0.119541  0.992188 0.007812 1 12 1.000000
jet_01_1
0  28.415527 -31.844217 -123.753914  -0.999969 -0.000519 -0.003174  0.992188 0.007812 1 12 1.000000
0  29.587402 -34.614147 -123.265701  -0.707083 -0.696921 0.119541  0.007812 0.007812 1 12 1.000000
0  29.329590 -15.654497 -14.208898  -0.707083 -0.696921 0.119541  0.007812 0.992188 1 12 1.000000
jet_01_1
0  29.329590 -15.654497 -14.208898  -0.707083 -0.696921 0.119541  0.007812 0.992188 1 12 1.000000
0  28.063965 -12.630658 -14.741854  -0.999969 -0.000519 -0.003174  0.992188 0.992188 1 12 1.000000
0  28.415527 -31.844217 -123.753914  -0.999969 -0.000519 -0.003174  0.992188 0.007812 1 12 1.000000
jet_01_1
0  29.587402 -29.074287 -124.242111  -0.707114 0.695761 -0.125889  0.992188 0.007812 1 12 1.000000
0  28.415527 -31.844217 -123.753914  -0.999969 -0.000519 -0.003174  0.007812 0.007812 1 12 1.000000
0  28.063965 -12.630658 -14.741854  -0.999969 -0.000519 -0.003174  0.007812 0.992188 1 12 1.000000
jet_01_1
0  28.063965 -12.630658 -14.741854  -0.999969 -0.000519 -0.003174  0.007812 0.992188 1 12 1.000000
0  29.329590 -9.606820 -15.274811  -0.707114 0.695761 -0.125919  0.992188 0.992188 1 12 1.000000
0  29.587402 -29.074287 -124.242111  -0.707114 0.695761 -0.125889  0.992188 0.007812 1 12 1.000000
jet_01_1
0  32.399902 -27.920153 -124.445534  0.000031 0.984252 -0.176733  0.992188 0.007812 1 12 1.000000
0  29.587402 -29.074287 -124.242111  -0.707114 0.695761 -0.125889  0.007812 0.007812 1 12 1.000000
0  29.329590 -9.606820 -15.274811  -0.707114 0.695761 -0.125919  0.007812 0.992188 1 12 1.000000
jet_01_1
0  29.329590 -9.606820 -15.274811  -0.707114 0.695761 -0.125919  0.007812 0.992188 1 12 1.000000
0  32.399902 -8.360353 -15.494502  0.000031 0.984252 -0.176733  0.992188 0.992188 1 12 1.000000
0  32.399902 -27.920153 -124.445534  0.000031 0.984252 -0.176733  0.992188 0.007812 1 12 1.000000
jet_01_1
0  35.212399 -29.074287 -124.242111  0.707083 0.695822 -0.125919  0.992188 0.007812 1 12 1.000000
0  32.399902 -27.920153 -124.445534  0.000031 0.984252 -0.176733  0.007812 0.007812 1 12 1.000000
0  32.399902 -8.360353 -15.494502  0.000031 0.984252 -0.176733  0.007812 0.992188 1 12 1.000000
jet_01_1
0  32.399902 -8.360353 -15.494502  0.000031 0.984252 -0.176733  0.007812 0.992188 1 12 1.000000
0  35.470215 -9.606820 -15.274811  0.707083 0.695791 -0.125919  0.992188 0.992188 1 12 1.000000
0  35.212399 -29.074287 -124.242111  0.707083 0.695822 -0.125919  0.992188 0.007812 1 12 1.000000
jet_01_2
0  45.571777 -3.959786 -41.434418  0.620014 0.693838 0.366222  0.007812 0.007812 1 12 1.000000
0  35.962399 -9.122083 -15.360247  0.620319 0.693197 0.366924  0.007812 0.992188 1 12 1.000000
0  37.415527 -12.630658 -14.741854  0.876858 0.084323 0.473220  0.992188 0.992188 1 12 1.000000
jet_01_2
0  37.415527 -12.630658 -14.741854  0.876858 0.084323 0.473220  0.992188 0.992188 1 12 1.000000
0  51.032715 -16.932283 -39.147999  0.876553 0.083712 0.473922  0.992188 0.007812 1 12 1.000000
0  45.571777 -3.959786 -41.434418  0.620014 0.693838 0.366222  0.007812 0.007812 1 12 1.000000
jet_01_2
0  51.032715 -16.932283 -39.147999  0.876553 0.083712 0.473922  0.007812 0.007812 1 12 1.000000
0  37.415527 -12.630658 -14.741854  0.876858 0.084323 0.473220  0.007812 0.992188 1 12 1.000000
0  35.962399 -16.139235 -14.123462  0.619007 -0.527268 0.582018  0.992188 0.992188 1 12 1.000000
jet_01_2
0  35.962399 -16.139235 -14.123462  0.619007 -0.527268 0.582018  0.992188 0.992188 1 12 1.000000
0  45.571777 -29.904778 -36.861572  0.619739 -0.527085 0.581408  0.992188 0.007812 1 12 1.000000
0  51.032715 -16.932283 -39.147999  0.876553 0.083712 0.473922  0.007812 0.007812 1 12 1.000000
jet_01_2
0  45.571777 -29.904778 -36.861572  0.619739 -0.527085 0.581408  0.007812 0.007812 1 12 1.000000
0  35.962399 -16.139235 -14.123462  0.619007 -0.527268 0.582018  0.007812 0.992188 1 12 1.000000
0  32.399902 -17.570364 -13.871222  0.000885 -0.780114 0.625599  0.992188 0.992188 1 12 1.000000
jet_01_2
0  32.399902 -17.570364 -13.871222  0.000885 -0.780114 0.625599  0.992188 0.992188 1 12 1.000000
0  32.399902 -35.283058 -35.913643  0.000183 -0.779717 0.626118  0.992188 0.007812 1 12 1.000000
0  45.571777 -29.904778 -36.861572  0.619739 -0.527085 0.581408  0.007812 0.007812 1 12 1.000000
jet_01_2
0  32.399902 -35.283058 -35.913643  0.000183 -0.779717 0.626118  0.007812 0.007812 1 12 1.000000
0  32.399902 -17.570364 -13.871222  0.000885 -0.780114 0.625599  0.007812 0.992188 1 12 1.000000
0  28.837402 -16.139235 -14.123462  -0.620319 -0.525986 0.581805  0.992188 0.992188 1 12 1.000000
jet_01_2
0  28.837402 -16.139235 -14.123462  -0.620319 -0.525986 0.581805  0.992188 0.992188 1 12 1.000000
0  19.228027 -29.904778 -36.861572  -0.620014 -0.526811 0.581378  0.992188 0.007812 1 12 1.000000
0  32.399902 -35.283058 -35.913643  0.000183 -0.779717 0.626118  0.007812 0.007812 1 12 1.000000
jet_01_2
0  19.228027 -29.904778 -36.861572  -0.620014 -0.526811 0.581378  0.007812 0.007812 1 12 1.000000
0  28.837402 -16.139235 -14.123462  -0.620319 -0.525986 0.581805  0.007812 0.992188 1 12 1.000000
0  27.384275 -12.630658 -14.741854  -0.876858 0.082522 0.473556  0.992188 0.992188 1 12 1.000000
jet_01_2
0  27.384275 -12.630658 -14.741854  -0.876858 0.082522 0.473556  0.992188 0.992188 1 12 1.000000
0  13.767090 -16.932283 -39.147999  -0.876553 0.083346 0.473983  0.992188 0.007812 1 12 1.000000
0  19.228027 -29.904778 -36.861572  -0.620014 -0.526811 0.581378  0.007812 0.007812 1 12 1.000000
jet_01_2
0  13.767090 -16.932283 -39.147999  -0.876553 0.083346 0.473983  0.007812 0.007812 1 12 1.000000
0  27.384275 -12.630658 -14.741854  -0.876858 0.082522 0.473556  0.007812 0.992188 1 12 1.000000
0  28.837402 -9.122083 -15.360247  -0.619007 0.694479 0.366680  0.992188 0.992188 1 12 1.000000
jet_01_2
0  28.837402 -9.122083 -15.360247  -0.619007 0.694479 0.366680  0.992188 0.992188 1 12 1.000000
0  19.228027 -3.959786 -41.434418  -0.619739 0.694082 0.366192  0.992188 0.007812 1 12 1.000000
0  13.767090 -16.932283 -39.147999  -0.876553 0.083346 0.473983  0.007812 0.007812 1 12 1.000000
jet_01_2
0  19.228027 -3.959786 -41.434418  -0.619739 0.694082 0.366192  0.007812 0.007812 1 12 1.000000
0  28.837402 -9.122083 -15.360247  -0.619007 0.694479 0.366680  0.007812 0.992188 1 12 1.000000
0  32.399902 -7.690954 -15.612485  -0.000885 0.946989 0.321207  0.992188 0.992188 1 12 1.000000
jet_01_2
0  32.399902 -7.690954 -15.612485  -0.000885 0.946989 0.321207  0.992188 0.992188 1 12 1.000000
0  32.399902 1.418491 -42.382355  -0.000183 0.946776 0.321818  0.992188 0.007812 1 12 1.000000
0  19.228027 -3.959786 -41.434418  -0.619739 0.694082 0.366192  0.007812 0.007812 1 12 1.000000
jet_01_2
0  32.399902 1.418491 -42.382355  -0.000183 0.946776 0.321818  0.007812 0.007812 1 12 1.000000
0  32.399902 -7.690954 -15.612485  -0.000885 0.946989 0.321207  0.007812 0.992188 1 12 1.000000
0  35.962399 -9.122083 -15.360247  0.620319 0.693197 0.366924  0.992188 0.992188 1 12 1.000000
jet_01_2
0  35.962399 -9.122083 -15.360247  0.620319 0.693197 0.366924  0.992188 0.992188 1 12 1.000000
0  45.571777 -3.959786 -41.434418  0.620014 0.693838 0.366222  0.992188 0.007812 1 12 1.000000
0  32.399902 1.418491 -42.382355  -0.000183 0.946776 0.321818  0.007812 0.007812 1 12 1.000000
jet_01_1
0  3.361328 -21.939449 -12.874271  0.211310 0.589862 -0.779321  0.007812 0.007812 1 6 1.000000
0  1.408203 -19.001949 -6.905520  -0.075045 0.996399 0.038820  0.992188 0.007812 1 6 1.000000
0  11.955078 -18.236326 -6.796145  -0.071444 0.997406 0.004700  0.992188 0.992188 1 6 1.000000
jet_01_1
0  11.955078 -18.236326 -6.796145  -0.071444 0.997406 0.004700  0.992188 0.992188 1 6 1.000000
0  12.345703 -18.908201 -8.139895  0.176366 0.629139 -0.756981  0.007812 0.992188 1 6 1.000000
0  3.361328 -21.939449 -12.874271  0.211310 0.589862 -0.779321  0.007812 0.007812 1 6 1.000000
jet_01_1
0  6.392578 -28.158201 -12.827397  0.696921 -0.178320 -0.694601  0.007812 0.007812 1 6 1.000000
0  3.361328 -21.939449 -12.874271  0.211310 0.589862 -0.779321  0.992188 0.007812 1 6 1.000000
0  12.345703 -18.908201 -8.139895  0.176366 0.629139 -0.756981  0.992188 0.992188 1 6 1.000000
jet_01_1
0  12.345703 -18.908201 -8.139895  0.176366 0.629139 -0.756981  0.992188 0.992188 1 6 1.000000
0  13.126953 -20.251949 -8.139895  0.644154 -0.118656 -0.755608  0.007812 0.992188 1 6 1.000000
0  6.392578 -28.158201 -12.827397  0.696921 -0.178320 -0.694601  0.007812 0.007812 1 6 1.000000
jet_01_1
0  7.470703 -31.439449 -6.843023  0.867092 -0.494766 0.057588  0.007812 0.007812 1 6 1.000000
0  6.392578 -28.158201 -12.827397  0.696921 -0.178320 -0.694601  0.992188 0.007812 1 6 1.000000
0  13.126953 -20.251949 -8.139895  0.644154 -0.118656 -0.755608  0.992188 0.992188 1 6 1.000000
jet_01_1
0  13.126953 -20.251949 -8.139895  0.644154 -0.118656 -0.755608  0.992188 0.992188 1 6 1.000000
0  13.517578 -20.923826 -6.796146  0.864711 -0.502182 0.005493  0.007812 0.992188 1 6 1.000000
0  7.470703 -31.439449 -6.843023  0.867092 -0.494766 0.057588  0.007812 0.007812 1 6 1.000000
jet_01_1
0  5.533203 -28.501951 -0.874272  0.635304 -0.164068 0.754601  0.007812 0.007812 1 6 1.000000
0  7.470703 -31.439449 -6.843023  0.867092 -0.494766 0.057588  0.992188 0.007812 1 6 1.000000
0  13.517578 -20.923826 -6.796146  0.864711 -0.502182 0.005493  0.992188 0.992188 1 6 1.000000
jet_01_1
0  13.517578 -20.923826 -6.796146  0.864711 -0.502182 0.005493  0.992188 0.992188 1 6 1.000000
0  13.126953 -20.251951 -5.452396  0.621693 -0.136570 0.771233  0.007812 0.992188 1 6 1.000000
0  5.533203 -28.501951 -0.874272  0.635304 -0.164068 0.754601  0.007812 0.007812 1 6 1.000000
jet_01_1
0  2.501953 -22.283203 -0.921146  0.181371 0.555010 0.811823  0.007812 0.007812 1 6 1.000000
0  5.533203 -28.501951 -0.874272  0.635304 -0.164068 0.754601  0.992188 0.007812 1 6 1.000000
0  13.126953 -20.251951 -5.452396  0.621693 -0.136570 0.771233  0.992188 0.992188 1 6 1.000000
jet_01_1
0  13.126953 -20.251951 -5.452396  0.621693 -0.136570 0.771233  0.992188 0.992188 1 6 1.000000
0  12.345703 -18.908203 -5.452396  0.152318 0.616443 0.772485  0.007812 0.992188 1 6 1.000000
0  2.501953 -22.283203 -0.921146  0.181371 0.555010 0.811823  0.007812 0.007812 1 6 1.000000
jet_01_1
0  1.408203 -19.001949 -6.905520  -0.075045 0.996399 0.038820  0.007812 0.007812 1 6 1.000000
0  2.501953 -22.283203 -0.921146  0.181371 0.555010 0.811823  0.992188 0.007812 1 6 1.000000
0  12.345703 -18.908203 -5.452396  0.152318 0.616443 0.772485  0.992188 0.992188 1 6 1.000000
jet_01_1
0  12.345703 -18.908203 -5.452396  0.152318 0.616443 0.772485  0.992188 0.992188 1 6 1.000000
0  11.955078 -18.236326 -6.796145  -0.071444 0.997406 0.004700  0.007812 0.992188 1 6 1.000000
0  1.408203 -19.001949 -6.905520  -0.075045 0.996399 0.038820  0.007812 0.007812 1 6 1.000000
jet_01_2
0  13.517578 -20.923826 -6.796146  0.462600 -0.886471 0.011902  0.992188 0.992188 1 6 1.000000
0  13.126953 -20.251951 -5.452396  0.192877 -0.464736 0.864162  0.007812 0.992188 1 6 1.000000
0  3.673828 -26.064449 -7.218022  0.462996 -0.886349 0.003204  0.992188 0.500000 1 6 1.000000
jet_01_2
0  3.673828 -26.064449 -7.218022  0.462996 -0.886349 0.003204  0.992188 0.500000 1 6 1.000000
0  13.126953 -20.251951 -5.452396  0.192877 -0.464736 0.864162  0.007812 0.992188 1 6 1.000000
0  3.330078 -25.501949 -6.093022  0.191656 -0.461928 0.865932  0.007812 0.500000 1 6 1.000000
jet_01_2
0  3.673828 -26.064449 -7.218022  0.462996 -0.886349 0.003204  0.992188 0.500000 1 6 1.000000
0  3.330078 -25.501949 -6.093022  0.191656 -0.461928 0.865932  0.007812 0.500000 1 6 1.000000
0  -6.154297 -31.205076 -7.639898  0.462844 -0.886258 0.016785  0.992188 0.007812 1 6 1.000000
jet_01_2
0  -6.154297 -31.205076 -7.639898  0.462844 -0.886258 0.016785  0.992188 0.007812 1 6 1.000000
0  3.330078 -25.501949 -6.093022  0.191656 -0.461928 0.865932  0.007812 0.500000 1 6 1.000000
0  -6.451172 -30.751949 -6.718023  0.190893 -0.460982 0.866604  0.007812 0.007812 1 6 1.000000
jet_01_2
0  13.126953 -20.251949 -8.139895  0.256142 -0.441694 -0.859798  0.992188 0.992188 1 6 1.000000
0  13.517578 -20.923826 -6.796146  0.462600 -0.886471 0.011902  0.007812 0.992188 1 6 1.000000
0  3.392578 -25.470701 -8.358646  0.251717 -0.433027 -0.865505  0.992188 0.500000 1 6 1.000000
jet_01_2
0  3.392578 -25.470701 -8.358646  0.251717 -0.433027 -0.865505  0.992188 0.500000 1 6 1.000000
0  13.517578 -20.923826 -6.796146  0.462600 -0.886471 0.011902  0.007812 0.992188 1 6 1.000000
0  3.673828 -26.064449 -7.218022  0.462996 -0.886349 0.003204  0.007812 0.500000 1 6 1.000000
jet_01_2
0  3.392578 -25.470701 -8.358646  0.251717 -0.433027 -0.865505  0.992188 0.500000 1 6 1.000000
0  3.673828 -26.064449 -7.218022  0.462996 -0.886349 0.003204  0.007812 0.500000 1 6 1.000000
0  -6.326172 -30.689449 -8.577397  0.260170 -0.449171 -0.854701  0.992188 0.007812 1 6 1.000000
jet_01_2
0  -6.326172 -30.689449 -8.577397  0.260170 -0.449171 -0.854701  0.992188 0.007812 1 6 1.000000
0  3.673828 -26.064449 -7.218022  0.462996 -0.886349 0.003204  0.007812 0.500000 1 6 1.000000
0  -6.154297 -31.205076 -7.639898  0.462844 -0.886258 0.016785  0.007812 0.007812 1 6 1.000000
jet_01_2
0  12.345703 -18.908201 -8.139895  -0.230110 0.443434 -0.866237  0.992188 0.992188 1 6 1.000000
0  13.126953 -20.251949 -8.139895  0.256142 -0.441694 -0.859798  0.007812 0.992188 1 6 1.000000
0  2.767578 -24.314449 -8.358646  -0.229560 0.441450 -0.867397  0.992188 0.500000 1 6 1.000000
jet_01_2
0  2.767578 -24.314449 -8.358646  -0.229560 0.441450 -0.867397  0.992188 0.500000 1 6 1.000000
0  13.126953 -20.251949 -8.139895  0.256142 -0.441694 -0.859798  0.007812 0.992188 1 6 1.000000
0  3.392578 -25.470701 -8.358646  0.251717 -0.433027 -0.865505  0.007812 0.500000 1 6 1.000000
jet_01_2
0  2.767578 -24.314449 -8.358646  -0.229560 0.441450 -0.867397  0.992188 0.500000 1 6 1.000000
0  3.392578 -25.470701 -8.358646  0.251717 -0.433027 -0.865505  0.007812 0.500000 1 6 1.000000
0  -6.794922 -29.736326 -8.577397  -0.223670 0.429670 -0.874813  0.992188 0.007812 1 6 1.000000
jet_01_2
0  -6.794922 -29.736326 -8.577397  -0.223670 0.429670 -0.874813  0.992188 0.007812 1 6 1.000000
0  3.392578 -25.470701 -8.358646  0.251717 -0.433027 -0.865505  0.007812 0.500000 1 6 1.000000
0  -6.326172 -30.689449 -8.577397  0.260170 -0.449171 -0.854701  0.007812 0.007812 1 6 1.000000
jet_01_2
0  11.955078 -18.236326 -6.796145  -0.501022 0.865322 0.012513  0.992188 0.992188 1 6 1.000000
0  12.345703 -18.908201 -8.139895  -0.230110 0.443434 -0.866237  0.007812 0.992188 1 6 1.000000
0  2.423828 -23.751949 -7.233646  -0.501053 0.865383 -0.004852  0.992188 0.500000 1 6 1.000000
jet_01_2
0  2.423828 -23.751949 -7.233646  -0.501053 0.865383 -0.004852  0.992188 0.500000 1 6 1.000000
0  12.345703 -18.908201 -8.139895  -0.230110 0.443434 -0.866237  0.007812 0.992188 1 6 1.000000
0  2.767578 -24.314449 -8.358646  -0.229560 0.441450 -0.867397  0.007812 0.500000 1 6 1.000000
jet_01_2
0  2.423828 -23.751949 -7.233646  -0.501053 0.865383 -0.004852  0.992188 0.500000 1 6 1.000000
0  2.767578 -24.314449 -8.358646  -0.229560 0.441450 -0.867397  0.007812 0.500000 1 6 1.000000
0  -7.091797 -29.267576 -7.655522  -0.502091 0.864803 0.000000  0.992188 0.007812 1 6 1.000000
jet_01_2
0  -7.091797 -29.267576 -7.655522  -0.502091 0.864803 0.000000  0.992188 0.007812 1 6 1.000000
0  2.767578 -24.314449 -8.358646  -0.229560 0.441450 -0.867397  0.007812 0.500000 1 6 1.000000
0  -6.794922 -29.736326 -8.577397  -0.223670 0.429670 -0.874813  0.007812 0.007812 1 6 1.000000
jet_01_2
0  12.345703 -18.908203 -5.452396  -0.283425 0.400098 0.871517  0.992188 0.992188 1 6 1.000000
0  11.955078 -18.236326 -6.796145  -0.501022 0.865322 0.012513  0.007812 0.992188 1 6 1.000000
0  2.705078 -24.345701 -6.093021  -0.289712 0.412488 0.863643  0.992188 0.500000 1 6 1.000000
jet_01_2
0  2.705078 -24.345701 -6.093021  -0.289712 0.412488 0.863643  0.992188 0.500000 1 6 1.000000
0  11.955078 -18.236326 -6.796145  -0.501022 0.865322 0.012513  0.007812 0.992188 1 6 1.000000
0  2.423828 -23.751949 -7.233646  -0.501053 0.865383 -0.004852  0.007812 0.500000 1 6 1.000000
jet_01_2
0  2.705078 -24.345701 -6.093021  -0.289712 0.412488 0.863643  0.992188 0.500000 1 6 1.000000
0  2.423828 -23.751949 -7.233646  -0.501053 0.865383 -0.004852  0.007812 0.500000 1 6 1.000000
0  -6.935547 -29.783201 -6.733647  -0.286447 0.404950 0.868282  0.992188 0.007812 1 6 1.000000
jet_01_2
0  -6.935547 -29.783201 -6.733647  -0.286447 0.404950 0.868282  0.992188 0.007812 1 6 1.000000
0  2.423828 -23.751949 -7.233646  -0.501053 0.865383 -0.004852  0.007812 0.500000 1 6 1.000000
0  -7.091797 -29.267576 -7.655522  -0.502091 0.864803 0.000000  0.007812 0.007812 1 6 1.000000
jet_01_2
0  13.126953 -20.251951 -5.452396  0.192877 -0.464736 0.864162  0.992188 0.992188 1 6 1.000000
0  12.345703 -18.908203 -5.452396  -0.283425 0.400098 0.871517  0.007812 0.992188 1 6 1.000000
0  3.330078 -25.501949 -6.093022  0.191656 -0.461928 0.865932  0.992188 0.500000 1 6 1.000000
jet_01_2
0  3.330078 -25.501949 -6.093022  0.191656 -0.461928 0.865932  0.992188 0.500000 1 6 1.000000
0  12.345703 -18.908203 -5.452396  -0.283425 0.400098 0.871517  0.007812 0.992188 1 6 1.000000
0  2.705078 -24.345701 -6.093021  -0.289712 0.412488 0.863643  0.007812 0.500000 1 6 1.000000
jet_01_2
0  3.330078 -25.501949 -6.093022  0.191656 -0.461928 0.865932  0.992188 0.500000 1 6 1.000000
0  2.705078 -24.345701 -6.093021  -0.289712 0.412488 0.863643  0.007812 0.500000 1 6 1.000000
0  -6.451172 -30.751949 -6.718023  0.190893 -0.460982 0.866604  0.992188 0.007812 1 6 1.000000
jet_01_2
0  -6.451172 -30.751949 -6.718023  0.190893 -0.460982 0.866604  0.992188 0.007812 1 6 1.000000
0  2.705078 -24.345701 -6.093021  -0.289712 0.412488 0.863643  0.007812 0.500000 1 6 1.000000
0  -6.935547 -29.783201 -6.733647  -0.286447 0.404950 0.868282  0.007812 0.007812 1 6 1.000000
jet_01_1
0  -1.361816 -39.154293 -12.858649  0.052248 0.564226 -0.823939  0.007812 0.007812 1 7 1.000000
0  -3.299316 -36.216797 -6.905523  -0.177129 0.983581 0.034272  0.992188 0.007812 1 7 1.000000
0  14.263184 -33.076168 -6.796148  -0.175970 0.984375 0.002228  0.992188 0.992188 1 7 1.000000
jet_01_1
0  14.263184 -33.076168 -6.796148  -0.175970 0.984375 0.002228  0.992188 0.992188 1 7 1.000000
0  14.653809 -33.748047 -8.139898  0.049593 0.560503 -0.826624  0.007812 0.992188 1 7 1.000000
0  -1.361816 -39.154293 -12.858649  0.052248 0.564226 -0.823939  0.007812 0.007812 1 7 1.000000
jet_01_1
0  1.653809 -45.373043 -12.827400  0.506729 -0.310648 -0.804163  0.007812 0.007812 1 7 1.000000
0  -1.361816 -39.154293 -12.858649  0.052248 0.564226 -0.823939  0.992188 0.007812 1 7 1.000000
0  14.653809 -33.748047 -8.139898  0.049593 0.560503 -0.826624  0.992188 0.992188 1 7 1.000000
jet_01_1
0  14.653809 -33.748047 -8.139898  0.049593 0.560503 -0.826624  0.992188 0.992188 1 7 1.000000
0  15.435059 -35.091797 -8.139898  0.488052 -0.288736 -0.823634  0.007812 0.992188 1 7 1.000000
0  1.653809 -45.373043 -12.827400  0.506729 -0.310648 -0.804163  0.007812 0.007812 1 7 1.000000
jet_01_1
0  2.747559 -48.638668 -6.843026  0.701743 -0.710898 0.046022  0.007812 0.007812 1 7 1.000000
0  1.653809 -45.373043 -12.827400  0.506729 -0.310648 -0.804163  0.992188 0.007812 1 7 1.000000
0  15.435059 -35.091797 -8.139898  0.488052 -0.288736 -0.823634  0.992188 0.992188 1 7 1.000000
jet_01_1
0  15.435059 -35.091797 -8.139898  0.488052 -0.288736 -0.823634  0.992188 0.992188 1 7 1.000000
0  15.825684 -35.763668 -6.796148  0.699942 -0.714164 0.002594  0.007812 0.992188 1 7 1.000000
0  2.747559 -48.638668 -6.843026  0.701743 -0.710898 0.046022  0.007812 0.007812 1 7 1.000000
jet_01_1
0  0.810059 -45.716797 -0.889900  0.468307 -0.284371 0.836512  0.007812 0.007812 1 7 1.000000
0  2.747559 -48.638668 -6.843026  0.701743 -0.710898 0.046022  0.992188 0.007812 1 7 1.000000
0  15.825684 -35.763668 -6.796148  0.699942 -0.714164 0.002594  0.992188 0.992188 1 7 1.000000
jet_01_1
0  15.825684 -35.763668 -6.796148  0.699942 -0.714164 0.002594  0.992188 0.992188 1 7 1.000000
0  15.435059 -35.091797 -5.452399  0.475997 -0.295572 0.828242  0.007812 0.992188 1 7 1.000000
0  0.810059 -45.716797 -0.889900  0.468307 -0.284371 0.836512  0.007812 0.007812 1 7 1.000000
jet_01_1
0  -2.221191 -39.498047 -0.921149  0.043458 0.535173 0.843593  0.007812 0.007812 1 7 1.000000
0  0.810059 -45.716797 -0.889900  0.468307 -0.284371 0.836512  0.992188 0.007812 1 7 1.000000
0  15.435059 -35.091797 -5.452399  0.475997 -0.295572 0.828242  0.992188 0.992188 1 7 1.000000
jet_01_1
0  15.435059 -35.091797 -5.452399  0.475997 -0.295572 0.828242  0.992188 0.992188 1 7 1.000000
0  14.653809 -33.748047 -5.452399  0.038392 0.553697 0.831813  0.007812 0.992188 1 7 1.000000
0  -2.221191 -39.498047 -0.921149  0.043458 0.535173 0.843593  0.007812 0.007812 1 7 1.000000
jet_01_1
0  -3.299316 -36.216797 -6.905523  -0.177129 0.983581 0.034272  0.007812 0.007812 1 7 1.000000
0  -2.221191 -39.498047 -0.921149  0.043458 0.535173 0.843593  0.992188 0.007812 1 7 1.000000
0  14.653809 -33.748047 -5.452399  0.038392 0.553697 0.831813  0.992188 0.992188 1 7 1.000000
jet_01_1
0  14.653809 -33.748047 -5.452399  0.038392 0.553697 0.831813  0.992188 0.992188 1 7 1.000000
0  14.263184 -33.076168 -6.796148  -0.175970 0.984375 0.002228  0.007812 0.992188 1 7 1.000000
0  -3.299316 -36.216797 -6.905523  -0.177129 0.983581 0.034272  0.007812 0.007812 1 7 1.000000
jet_01_2
0  14.653809 -33.748047 -5.452399  -0.290933 0.405744 0.866421  0.992188 0.992188 1 7 1.000000
0  14.263184 -33.076168 -6.796148  -0.524949 0.851039 0.009430  0.007812 0.992188 1 7 1.000000
0  2.528809 -41.076168 -6.093024  -0.294992 0.412030 0.862056  0.992188 0.500000 1 7 1.000000
jet_01_2
0  2.528809 -41.076168 -6.093024  -0.294992 0.412030 0.862056  0.992188 0.500000 1 7 1.000000
0  14.263184 -33.076168 -6.796148  -0.524949 0.851039 0.009430  0.007812 0.992188 1 7 1.000000
0  2.263184 -40.482418 -7.233649  -0.525437 0.850703 -0.012543  0.007812 0.500000 1 7 1.000000
jet_01_2
0  2.528809 -41.076168 -6.093024  -0.294992 0.412030 0.862056  0.992188 0.500000 1 7 1.000000
0  2.263184 -40.482418 -7.233649  -0.525437 0.850703 -0.012543  0.007812 0.500000 1 7 1.000000
0  -9.580566 -48.419918 -6.733651  -0.284951 0.394177 0.873714  0.992188 0.007812 1 7 1.000000
jet_01_2
0  -9.580566 -48.419918 -6.733651  -0.284951 0.394177 0.873714  0.992188 0.007812 1 7 1.000000
0  2.263184 -40.482418 -7.233649  -0.525437 0.850703 -0.012543  0.007812 0.500000 1 7 1.000000
0  -9.752441 -47.904297 -7.655525  -0.525346 0.850826 0.007965  0.007812 0.007812 1 7 1.000000
jet_01_2
0  15.435059 -35.091797 -5.452399  0.214148 -0.445784 0.869106  0.992188 0.992188 1 7 1.000000
0  14.653809 -33.748047 -5.452399  -0.290933 0.405744 0.866421  0.007812 0.992188 1 7 1.000000
0  3.153809 -42.232418 -6.093024  0.216407 -0.448469 0.867183  0.992188 0.500000 1 7 1.000000
jet_01_2
0  3.153809 -42.232418 -6.093024  0.216407 -0.448469 0.867183  0.992188 0.500000 1 7 1.000000
0  14.653809 -33.748047 -5.452399  -0.290933 0.405744 0.866421  0.007812 0.992188 1 7 1.000000
0  2.528809 -41.076168 -6.093024  -0.294992 0.412030 0.862056  0.007812 0.500000 1 7 1.000000
jet_01_2
0  3.153809 -42.232418 -6.093024  0.216407 -0.448469 0.867183  0.992188 0.500000 1 7 1.000000
0  2.528809 -41.076168 -6.093024  -0.294992 0.412030 0.862056  0.007812 0.500000 1 7 1.000000
0  -9.111816 -49.373047 -6.718026  0.217475 -0.450911 0.865627  0.992188 0.007812 1 7 1.000000
jet_01_2
0  -9.111816 -49.373047 -6.718026  0.217475 -0.450911 0.865627  0.992188 0.007812 1 7 1.000000
0  2.528809 -41.076168 -6.093024  -0.294992 0.412030 0.862056  0.007812 0.500000 1 7 1.000000
0  -9.580566 -48.419918 -6.733651  -0.284951 0.394177 0.873714  0.007812 0.007812 1 7 1.000000
jet_01_2
0  15.825684 -35.763668 -6.796148  0.495895 -0.868313 0.009949  0.992188 0.992188 1 7 1.000000
0  15.435059 -35.091797 -5.452399  0.214148 -0.445784 0.869106  0.007812 0.992188 1 7 1.000000
0  3.497558 -42.794918 -7.218025  0.495560 -0.868465 0.011414  0.992188 0.500000 1 7 1.000000
jet_01_2
0  3.497558 -42.794918 -7.218025  0.495560 -0.868465 0.011414  0.992188 0.500000 1 7 1.000000
0  15.435059 -35.091797 -5.452399  0.214148 -0.445784 0.869106  0.007812 0.992188 1 7 1.000000
0  3.153809 -42.232418 -6.093024  0.216407 -0.448469 0.867183  0.007812 0.500000 1 7 1.000000
jet_01_2
0  3.497558 -42.794918 -7.218025  0.495560 -0.868465 0.011414  0.992188 0.500000 1 7 1.000000
0  3.153809 -42.232418 -6.093024  0.216407 -0.448469 0.867183  0.007812 0.500000 1 7 1.000000
0  -8.814941 -49.841797 -7.639901  0.495163 -0.868221 0.031434  0.992188 0.007812 1 7 1.000000
jet_01_2
0  -8.814941 -49.841797 -7.639901  0.495163 -0.868221 0.031434  0.992188 0.007812 1 7 1.000000
0  3.153809 -42.232418 -6.093024  0.216407 -0.448469 0.867183  0.007812 0.500000 1 7 1.000000
0  -9.111816 -49.373047 -6.718026  0.217475 -0.450911 0.865627  0.007812 0.007812 1 7 1.000000
jet_01_2
0  15.435059 -35.091797 -8.139898  0.264351 -0.426191 -0.865108  0.992188 0.992188 1 7 1.000000
0  15.825684 -35.763668 -6.796148  0.495895 -0.868313 0.009949  0.007812 0.992188 1 7 1.000000
0  3.231934 -42.216797 -8.358649  0.266701 -0.431867 -0.861568  0.992188 0.500000 1 7 1.000000
jet_01_2
0  3.231934 -42.216797 -8.358649  0.266701 -0.431867 -0.861568  0.992188 0.500000 1 7 1.000000
0  15.825684 -35.763668 -6.796148  0.495895 -0.868313 0.009949  0.007812 0.992188 1 7 1.000000
0  3.497558 -42.794918 -7.218025  0.495560 -0.868465 0.011414  0.007812 0.500000 1 7 1.000000
jet_01_2
0  3.231934 -42.216797 -8.358649  0.266701 -0.431867 -0.861568  0.992188 0.500000 1 7 1.000000
0  3.497558 -42.794918 -7.218025  0.495560 -0.868465 0.011414  0.007812 0.500000 1 7 1.000000
0  -8.971191 -49.326168 -8.577400  0.279672 -0.453780 -0.846065  0.992188 0.007812 1 7 1.000000
jet_01_2
0  -8.971191 -49.326168 -8.577400  0.279672 -0.453780 -0.846065  0.992188 0.007812 1 7 1.000000
0  3.497558 -42.794918 -7.218025  0.495560 -0.868465 0.011414  0.007812 0.500000 1 7 1.000000
0  -8.814941 -49.841797 -7.639901  0.495163 -0.868221 0.031434  0.007812 0.007812 1 7 1.000000
jet_01_2
0  14.653809 -33.748047 -8.139898  -0.250343 0.439680 -0.862545  0.992188 0.992188 1 7 1.000000
0  15.435059 -35.091797 -8.139898  0.264351 -0.426191 -0.865108  0.007812 0.992188 1 7 1.000000
0  2.606934 -41.060547 -8.358649  -0.244057 0.428449 -0.869961  0.992188 0.500000 1 7 1.000000
jet_01_2
0  2.606934 -41.060547 -8.358649  -0.244057 0.428449 -0.869961  0.992188 0.500000 1 7 1.000000
0  15.435059 -35.091797 -8.139898  0.264351 -0.426191 -0.865108  0.007812 0.992188 1 7 1.000000
0  3.231934 -42.216797 -8.358649  0.266701 -0.431867 -0.861568  0.007812 0.500000 1 7 1.000000
jet_01_2
0  2.606934 -41.060547 -8.358649  -0.244057 0.428449 -0.869961  0.992188 0.500000 1 7 1.000000
0  3.231934 -42.216797 -8.358649  0.266701 -0.431867 -0.861568  0.007812 0.500000 1 7 1.000000
0  -9.455566 -48.357418 -8.577400  -0.239235 0.421644 -0.874599  0.992188 0.007812 1 7 1.000000
jet_01_2
0  -9.455566 -48.357418 -8.577400  -0.239235 0.421644 -0.874599  0.992188 0.007812 1 7 1.000000
0  3.231934 -42.216797 -8.358649  0.266701 -0.431867 -0.861568  0.007812 0.500000 1 7 1.000000
0  -8.971191 -49.326168 -8.577400  0.279672 -0.453780 -0.846065  0.007812 0.007812 1 7 1.000000
jet_01_2
0  14.263184 -33.076168 -6.796148  -0.524949 0.851039 0.009430  0.992188 0.992188 1 7 1.000000
0  14.653809 -33.748047 -8.139898  -0.250343 0.439680 -0.862545  0.007812 0.992188 1 7 1.000000
0  2.263184 -40.482418 -7.233649  -0.525437 0.850703 -0.012543  0.992188 0.500000 1 7 1.000000
jet_01_2
0  2.263184 -40.482418 -7.233649  -0.525437 0.850703 -0.012543  0.992188 0.500000 1 7 1.000000
0  14.653809 -33.748047 -8.139898  -0.250343 0.439680 -0.862545  0.007812 0.992188 1 7 1.000000
0  2.606934 -41.060547 -8.358649  -0.244057 0.428449 -0.869961  0.007812 0.500000 1 7 1.000000
jet_01_2
0  2.263184 -40.482418 -7.233649  -0.525437 0.850703 -0.012543  0.992188 0.500000 1 7 1.000000
0  2.606934 -41.060547 -8.358649  -0.244057 0.428449 -0.869961  0.007812 0.500000 1 7 1.000000
0  -9.752441 -47.904297 -7.655525  -0.525346 0.850826 0.007965  0.992188 0.007812 1 7 1.000000
jet_01_2
0  -9.752441 -47.904297 -7.655525  -0.525346 0.850826 0.007965  0.992188 0.007812 1 7 1.000000
0  2.606934 -41.060547 -8.358649  -0.244057 0.428449 -0.869961  0.007812 0.500000 1 7 1.000000
0  -9.455566 -48.357418 -8.577400  -0.239235 0.421644 -0.874599  0.007812 0.007812 1 7 1.000000
jet_01_4
0  52.374580 -123.152077 -17.005392  -0.974517 -0.222633 0.026917  1.000000 0.001953 1 8 1.000000
0  42.112236 -122.908585 -1.255391  -0.471969 -0.134159 -0.871334  -0.976562 0.001953 1 8 1.000000
0  38.942833 -63.914173 -12.106944  -0.968780 -0.246895 -0.021302  1.000000 0.869141 1 8 1.000000
jet_01_4
0  38.942833 -63.914173 -12.106944  -0.968780 -0.246895 -0.021302  1.000000 0.869141 1 8 1.000000
0  42.112236 -122.908585 -1.255391  -0.471969 -0.134159 -0.871334  -0.976562 0.001953 1 8 1.000000
0  35.512543 -64.361649 -6.692882  -0.460005 -0.160985 -0.873165  -0.976562 0.869141 1 8 1.000000
jet_01_4
0  38.942833 -63.914173 -12.106944  -0.968780 -0.246895 -0.021302  1.000000 0.869141 1 8 1.000000
0  35.512543 -64.361649 -6.692882  -0.460005 -0.160985 -0.873165  -0.976562 0.869141 1 8 1.000000
0  36.460472 -55.453163 -11.380380  -0.959746 -0.280343 -0.016480  1.000000 0.992188 1 8 1.000000
jet_01_4
0  36.460472 -55.453163 -11.380380  -0.959746 -0.280343 -0.016480  1.000000 0.992188 1 8 1.000000
0  35.512543 -64.361649 -6.692882  -0.460005 -0.160985 -0.873165  -0.976562 0.869141 1 8 1.000000
0  34.327747 -55.899033 -7.958505  -0.461989 -0.192969 -0.865627  -0.976562 0.992188 1 8 1.000000
jet_01_4
0  42.934891 -124.006157 -32.614765  -0.457839 -0.269295 0.847224  1.000000 0.001953 1 8 1.000000
0  52.374580 -123.152077 -17.005392  -0.974517 -0.222633 0.026917  -0.976562 0.001953 1 8 1.000000
0  35.658951 -63.616783 -17.380381  -0.472304 -0.297586 0.829646  1.000000 0.869141 1 8 1.000000
jet_01_4
0  35.658951 -63.616783 -17.380381  -0.472304 -0.297586 0.829646  1.000000 0.869141 1 8 1.000000
0  52.374580 -123.152077 -17.005392  -0.974517 -0.222633 0.026917  -0.976562 0.001953 1 8 1.000000
0  38.942833 -63.914173 -12.106944  -0.968780 -0.246895 -0.021302  -0.976562 0.869141 1 8 1.000000
jet_01_4
0  35.658951 -63.616783 -17.380381  -0.472304 -0.297586 0.829646  1.000000 0.869141 1 8 1.000000
0  38.942833 -63.914173 -12.106944  -0.968780 -0.246895 -0.021302  -0.976562 0.869141 1 8 1.000000
0  34.350037 -55.084049 -14.708505  -0.461196 -0.329936 0.823634  1.000000 0.992188 1 8 1.000000
jet_01_4
0  34.350037 -55.084049 -14.708505  -0.461196 -0.329936 0.823634  1.000000 0.992188 1 8 1.000000
0  38.942833 -63.914173 -12.106944  -0.968780 -0.246895 -0.021302  -0.976562 0.869141 1 8 1.000000
0  36.460472 -55.453163 -11.380380  -0.959746 -0.280343 -0.016480  -0.976562 0.992188 1 8 1.000000
jet_01_4
0  26.935362 -124.517776 -33.013203  0.433485 -0.246498 0.866787  1.000000 0.001953 1 8 1.000000
0  42.934891 -124.006157 -32.614765  -0.457839 -0.269295 0.847224  -0.976562 0.001953 1 8 1.000000
0  30.184294 -63.719204 -17.450693  0.463698 -0.271462 0.843349  1.000000 0.869141 1 8 1.000000
jet_01_4
0  30.184294 -63.719204 -17.450693  0.463698 -0.271462 0.843349  1.000000 0.869141 1 8 1.000000
0  42.934891 -124.006157 -32.614765  -0.457839 -0.269295 0.847224  -0.976562 0.001953 1 8 1.000000
0  35.658951 -63.616783 -17.380381  -0.472304 -0.297586 0.829646  -0.976562 0.869141 1 8 1.000000
jet_01_4
0  30.184294 -63.719204 -17.450693  0.463698 -0.271462 0.843349  1.000000 0.869141 1 8 1.000000
0  35.658951 -63.616783 -17.380381  -0.472304 -0.297586 0.829646  -0.976562 0.869141 1 8 1.000000
0  30.915863 -55.131035 -14.731942  0.467330 -0.301828 0.830927  1.000000 0.992188 1 8 1.000000
jet_01_4
0  30.915863 -55.131035 -14.731942  0.467330 -0.301828 0.830927  1.000000 0.992188 1 8 1.000000
0  35.658951 -63.616783 -17.380381  -0.472304 -0.297586 0.829646  -0.976562 0.869141 1 8 1.000000
0  34.350037 -55.084049 -14.708505  -0.461196 -0.329936 0.823634  -0.976562 0.992188 1 8 1.000000
jet_01_4
0  16.695040 -124.282295 -17.896017  0.982208 -0.170934 0.077364  1.000000 0.001953 1 8 1.000000
0  26.935362 -124.517776 -33.013203  0.433485 -0.246498 0.866787  -0.976562 0.001953 1 8 1.000000
0  26.754002 -64.166672 -12.247569  0.980743 -0.193640 0.025208  1.000000 0.869141 1 8 1.000000
jet_01_4
0  26.754002 -64.166672 -12.247569  0.980743 -0.193640 0.025208  1.000000 0.869141 1 8 1.000000
0  26.935362 -124.517776 -33.013203  0.433485 -0.246498 0.866787  -0.976562 0.001953 1 8 1.000000
0  30.184294 -63.719204 -17.450693  0.463698 -0.271462 0.843349  -0.976562 0.869141 1 8 1.000000
jet_01_4
0  26.754002 -64.166672 -12.247569  0.980743 -0.193640 0.025208  1.000000 0.869141 1 8 1.000000
0  30.184294 -63.719204 -17.450693  0.463698 -0.271462 0.843349  -0.976562 0.869141 1 8 1.000000
0  28.761118 -55.568893 -11.450692  0.973266 -0.227271 0.032258  1.000000 0.992188 1 8 1.000000
jet_01_4
0  28.761118 -55.568893 -11.450692  0.973266 -0.227271 0.032258  1.000000 0.992188 1 8 1.000000
0  30.184294 -63.719204 -17.450693  0.463698 -0.271462 0.843349  -0.976562 0.869141 1 8 1.000000
0  30.915863 -55.131035 -14.731942  0.467330 -0.301828 0.830927  -0.976562 0.992188 1 8 1.000000
jet_01_4
0  26.112707 -123.420197 -1.653829  0.524216 -0.106510 -0.844874  1.000000 0.001953 1 8 1.000000
0  16.695040 -124.282295 -17.896017  0.982208 -0.170934 0.077364  -0.976562 0.001953 1 8 1.000000
0  29.763552 -64.463974 -6.786632  0.508225 -0.137486 -0.850154  1.000000 0.869141 1 8 1.000000
jet_01_4
0  29.763552 -64.463974 -6.786632  0.508225 -0.137486 -0.850154  1.000000 0.869141 1 8 1.000000
0  16.695040 -124.282295 -17.896017  0.982208 -0.170934 0.077364  -0.976562 0.001953 1 8 1.000000
0  26.754002 -64.166672 -12.247569  0.980743 -0.193640 0.025208  -0.976562 0.869141 1 8 1.000000
jet_01_4
0  29.763552 -64.463974 -6.786632  0.508225 -0.137486 -0.850154  1.000000 0.869141 1 8 1.000000
0  26.754002 -64.166672 -12.247569  0.980743 -0.193640 0.025208  -0.976562 0.869141 1 8 1.000000
0  30.597223 -55.937916 -8.005381  0.514573 -0.172094 -0.839961  1.000000 0.992188 1 8 1.000000
jet_01_4
0  30.597223 -55.937916 -8.005381  0.514573 -0.172094 -0.839961  1.000000 0.992188 1 8 1.000000
0  26.754002 -64.166672 -12.247569  0.980743 -0.193640 0.025208  -0.976562 0.869141 1 8 1.000000
0  28.761118 -55.568893 -11.450692  0.973266 -0.227271 0.032258  -0.976562 0.992188 1 8 1.000000
jet_01_4
0  42.112236 -122.908585 -1.255391  -0.471969 -0.134159 -0.871334  1.000000 0.001953 1 8 1.000000
0  26.112707 -123.420197 -1.653829  0.524216 -0.106510 -0.844874  -0.976562 0.001953 1 8 1.000000
0  35.512543 -64.361649 -6.692882  -0.460005 -0.160985 -0.873165  1.000000 0.869141 1 8 1.000000
jet_01_4
0  35.512543 -64.361649 -6.692882  -0.460005 -0.160985 -0.873165  1.000000 0.869141 1 8 1.000000
0  26.112707 -123.420197 -1.653829  0.524216 -0.106510 -0.844874  -0.976562 0.001953 1 8 1.000000
0  29.763552 -64.463974 -6.786632  0.508225 -0.137486 -0.850154  -0.976562 0.869141 1 8 1.000000
jet_01_4
0  35.512543 -64.361649 -6.692882  -0.460005 -0.160985 -0.873165  1.000000 0.869141 1 8 1.000000
0  29.763552 -64.463974 -6.786632  0.508225 -0.137486 -0.850154  -0.976562 0.869141 1 8 1.000000
0  34.327747 -55.899033 -7.958505  -0.461989 -0.192969 -0.865627  1.000000 0.992188 1 8 1.000000
jet_01_4
0  34.327747 -55.899033 -7.958505  -0.461989 -0.192969 -0.865627  1.000000 0.992188 1 8 1.000000
0  29.763552 -64.463974 -6.786632  0.508225 -0.137486 -0.850154  -0.976562 0.869141 1 8 1.000000
0  30.597223 -55.937916 -8.005381  0.514573 -0.172094 -0.839961  -0.976562 0.992188 1 8 1.000000
jet_03_1
0  33.409313 -83.616295 -12.856947  -0.469069 0.123173 -0.874508  1.000000 0.058594 1 9 1.000000
0  32.637707 -83.634750 -12.872572  0.490738 0.143986 -0.859310  0.000000 0.058594 1 9 1.000000
0  33.639408 -60.736675 -9.747568  -0.485549 0.087680 -0.869778  1.000000 0.917969 1 9 1.000000
jet_03_1
0  33.639408 -60.736675 -9.747568  -0.485549 0.087680 -0.869778  1.000000 0.917969 1 9 1.000000
0  32.637707 -83.634750 -12.872572  0.490738 0.143986 -0.859310  0.000000 0.058594 1 9 1.000000
0  31.344616 -60.782677 -9.763193  0.494644 0.107120 -0.862453  0.000000 0.917969 1 9 1.000000
jet_03_1
0  33.639408 -60.736675 -9.747568  -0.485549 0.087680 -0.869778  1.000000 0.917969 1 9 1.000000
0  31.344616 -60.782677 -9.763193  0.494644 0.107120 -0.862453  0.000000 0.917969 1 9 1.000000
0  33.444733 -55.743904 -9.341318  -0.480697 0.052187 -0.875301  1.000000 1.000000 1 9 1.000000
jet_03_1
0  33.444733 -55.743904 -9.341318  -0.480697 0.052187 -0.875301  1.000000 1.000000 1 9 1.000000
0  31.344616 -60.782677 -9.763193  0.494644 0.107120 -0.862453  0.000000 0.917969 1 9 1.000000
0  31.358200 -55.765945 -9.356943  0.494705 0.067904 -0.866359  0.000000 1.000000 1 9 1.000000
jet_03_1
0  33.896603 -83.510986 -13.622572  -0.998627 0.050844 -0.011597  1.000000 0.058594 1 9 1.000000
0  33.409313 -83.616295 -12.856947  -0.469069 0.123173 -0.874508  0.000000 0.058594 1 9 1.000000
0  35.061222 -60.439419 -12.013193  -0.999878 -0.007691 0.012024  1.000000 0.917969 1 9 1.000000
jet_03_1
0  35.061222 -60.439419 -12.013193  -0.999878 -0.007691 0.012024  1.000000 0.917969 1 9 1.000000
0  33.409313 -83.616295 -12.856947  -0.469069 0.123173 -0.874508  0.000000 0.058594 1 9 1.000000
0  33.639408 -60.736675 -9.747568  -0.485549 0.087680 -0.869778  0.000000 0.917969 1 9 1.000000
jet_03_1
0  35.061222 -60.439419 -12.013193  -0.999878 -0.007691 0.012024  1.000000 0.917969 1 9 1.000000
0  33.639408 -60.736675 -9.747568  -0.485549 0.087680 -0.869778  0.000000 0.917969 1 9 1.000000
0  34.742390 -55.467976 -11.403817  -0.997925 -0.063906 -0.002686  1.000000 1.000000 1 9 1.000000
jet_03_1
0  34.742390 -55.467976 -11.403817  -0.997925 -0.063906 -0.002686  1.000000 1.000000 1 9 1.000000
0  33.639408 -60.736675 -9.747568  -0.485549 0.087680 -0.869778  0.000000 0.917969 1 9 1.000000
0  33.444733 -55.743904 -9.341318  -0.480697 0.052187 -0.875301  0.000000 1.000000 1 9 1.000000
jet_03_1
0  33.424053 -83.438751 -14.372572  -0.491440 -0.000610 0.870876  1.000000 0.058594 1 9 1.000000
0  33.896603 -83.510986 -13.622572  -0.998627 0.050844 -0.011597  0.000000 0.058594 1 9 1.000000
0  33.654263 -60.193352 -14.216318  -0.479720 -0.081484 0.873592  1.000000 0.917969 1 9 1.000000
jet_03_1
0  33.654263 -60.193352 -14.216318  -0.479720 -0.081484 0.873592  1.000000 0.917969 1 9 1.000000
0  33.896603 -83.510986 -13.622572  -0.998627 0.050844 -0.011597  0.000000 0.058594 1 9 1.000000
0  35.061222 -60.439419 -12.013193  -0.999878 -0.007691 0.012024  0.000000 0.917969 1 9 1.000000
jet_03_1
0  33.654263 -60.193352 -14.216318  -0.479720 -0.081484 0.873592  1.000000 0.917969 1 9 1.000000
0  35.061222 -60.439419 -12.013193  -0.999878 -0.007691 0.012024  0.000000 0.917969 1 9 1.000000
0  33.463577 -55.235291 -13.403817  -0.482772 -0.159642 0.861049  1.000000 1.000000 1 9 1.000000
jet_03_1
0  33.463577 -55.235291 -13.403817  -0.482772 -0.159642 0.861049  1.000000 1.000000 1 9 1.000000
0  35.061222 -60.439419 -12.013193  -0.999878 -0.007691 0.012024  0.000000 0.917969 1 9 1.000000
0  34.742390 -55.467976 -11.403817  -0.997925 -0.063906 -0.002686  0.000000 1.000000 1 9 1.000000
jet_03_1
0  32.657787 -83.442520 -14.372572  0.475234 0.020539 0.879604  1.000000 0.058594 1 9 1.000000
0  33.424053 -83.438751 -14.372572  -0.491440 -0.000610 0.870876  0.000000 0.058594 1 9 1.000000
0  31.359468 -60.239353 -14.231943  0.473739 -0.062624 0.878414  1.000000 0.917969 1 9 1.000000
jet_03_1
0  31.359468 -60.239353 -14.231943  0.473739 -0.062624 0.878414  1.000000 0.917969 1 9 1.000000
0  33.424053 -83.438751 -14.372572  -0.491440 -0.000610 0.870876  0.000000 0.058594 1 9 1.000000
0  33.654263 -60.193352 -14.216318  -0.479720 -0.081484 0.873592  0.000000 0.917969 1 9 1.000000
jet_03_1
0  31.359468 -60.239353 -14.231943  0.473739 -0.062624 0.878414  1.000000 0.917969 1 9 1.000000
0  33.654263 -60.193352 -14.216318  -0.479720 -0.081484 0.873592  0.000000 0.917969 1 9 1.000000
0  31.386389 -55.277359 -13.419442  0.475936 -0.144749 0.867458  1.000000 1.000000 1 9 1.000000
jet_03_1
0  31.386389 -55.277359 -13.419442  0.475936 -0.144749 0.867458  1.000000 1.000000 1 9 1.000000
0  33.654263 -60.193352 -14.216318  -0.479720 -0.081484 0.873592  0.000000 0.917969 1 9 1.000000
0  33.463577 -55.235291 -13.403817  -0.482772 -0.159642 0.861049  0.000000 1.000000 1 9 1.000000
jet_03_1
0  32.170498 -83.547829 -13.638197  0.995361 0.095370 0.010193  1.000000 0.058594 1 9 1.000000
0  32.657787 -83.442520 -14.372572  0.475234 0.020539 0.879604  0.000000 0.058594 1 9 1.000000
0  29.943001 -60.521923 -12.044443  0.999207 0.031251 0.023865  1.000000 0.917969 1 9 1.000000
jet_03_1
0  29.943001 -60.521923 -12.044443  0.999207 0.031251 0.023865  1.000000 0.917969 1 9 1.000000
0  32.657787 -83.442520 -14.372572  0.475234 0.020539 0.879604  0.000000 0.058594 1 9 1.000000
0  31.359468 -60.239353 -14.231943  0.473739 -0.062624 0.878414  0.000000 0.917969 1 9 1.000000
jet_03_1
0  29.943001 -60.521923 -12.044443  0.999207 0.031251 0.023865  1.000000 0.917969 1 9 1.000000
0  31.359468 -60.239353 -14.231943  0.473739 -0.062624 0.878414  0.000000 0.917969 1 9 1.000000
0  30.094074 -55.538609 -11.435067  0.999420 -0.032044 0.010102  1.000000 1.000000 1 9 1.000000
jet_03_1
0  30.094074 -55.538609 -11.435067  0.999420 -0.032044 0.010102  1.000000 1.000000 1 9 1.000000
0  31.359468 -60.239353 -14.231943  0.473739 -0.062624 0.878414  0.000000 0.917969 1 9 1.000000
0  31.386389 -55.277359 -13.419442  0.475936 -0.144749 0.867458  0.000000 1.000000 1 9 1.000000
jet_03_1
0  32.637707 -83.634750 -12.872572  0.490738 0.143986 -0.859310  1.000000 0.058594 1 9 1.000000
0  32.170498 -83.547829 -13.638197  0.995361 0.095370 0.010193  0.000000 0.058594 1 9 1.000000
0  31.344616 -60.782677 -9.763193  0.494644 0.107120 -0.862453  1.000000 0.917969 1 9 1.000000
jet_03_1
0  31.344616 -60.782677 -9.763193  0.494644 0.107120 -0.862453  1.000000 0.917969 1 9 1.000000
0  32.170498 -83.547829 -13.638197  0.995361 0.095370 0.010193  0.000000 0.058594 1 9 1.000000
0  29.943001 -60.521923 -12.044443  0.999207 0.031251 0.023865  0.000000 0.917969 1 9 1.000000
jet_03_1
0  31.344616 -60.782677 -9.763193  0.494644 0.107120 -0.862453  1.000000 0.917969 1 9 1.000000
0  29.943001 -60.521923 -12.044443  0.999207 0.031251 0.023865  0.000000 0.917969 1 9 1.000000
0  31.358200 -55.765945 -9.356943  0.494705 0.067904 -0.866359  1.000000 1.000000 1 9 1.000000
jet_03_1
0  31.358200 -55.765945 -9.356943  0.494705 0.067904 -0.866359  1.000000 1.000000 1 9 1.000000
0  29.943001 -60.521923 -12.044443  0.999207 0.031251 0.023865  0.000000 0.917969 1 9 1.000000
0  30.094074 -55.538609 -11.435067  0.999420 -0.032044 0.010102  0.000000 1.000000 1 9 1.000000
jet_02_1
0  39.370728 -60.223145 -6.098467  -0.288430 -0.946013 -0.147679  0.494141 0.144531 1 16 1.000000
0  33.183594 -57.238766 -13.130136  -0.073977 -0.993439 0.086856  0.164062 0.001953 1 16 1.000000
0  42.231361 -60.926270 -11.252329  -0.382641 -0.923368 0.030488  0.048828 0.443359 1 16 1.000000
jet_02_1
0  33.988449 -59.613770 -3.617487  -0.104892 -0.966887 -0.232521  0.494141 0.144531 1 16 1.000000
0  33.183594 -57.238766 -13.130136  -0.073977 -0.993439 0.086856  0.164062 0.001953 1 16 1.000000
0  39.370728 -60.223145 -6.098467  -0.288430 -0.946013 -0.147679  0.048828 0.443359 1 16 1.000000
jet_02_1
0  28.166689 -59.316895 -4.775160  0.091311 -0.977813 -0.188360  0.494141 0.144531 1 16 1.000000
0  33.183594 -57.238766 -13.130136  -0.073977 -0.993439 0.086856  0.164062 0.001953 1 16 1.000000
0  33.988449 -59.613770 -3.617487  -0.104892 -0.966887 -0.232521  0.048828 0.443359 1 16 1.000000
jet_02_1
0  24.114670 -59.457520 -9.137587  0.221870 -0.974334 -0.037446  0.494141 0.144531 1 16 1.000000
0  33.183594 -57.238766 -13.130136  -0.073977 -0.993439 0.086856  0.164062 0.001953 1 16 1.000000
0  28.166689 -59.316895 -4.775160  0.091311 -0.977813 -0.188360  0.048828 0.443359 1 16 1.000000
jet_02_1
0  23.396791 -59.988766 -15.007322  0.239601 -0.958434 0.154851  0.494141 0.144531 1 16 1.000000
0  33.183594 -57.238766 -13.130136  -0.073977 -0.993439 0.086856  0.164062 0.001953 1 16 1.000000
0  24.114670 -59.457520 -9.137587  0.221870 -0.974334 -0.037446  0.048828 0.443359 1 16 1.000000
jet_02_1
0  26.253777 -60.691891 -20.176378  0.143254 -0.937071 0.318339  0.494141 0.144531 1 16 1.000000
0  33.183594 -57.238766 -13.130136  -0.073977 -0.993439 0.086856  0.164062 0.001953 1 16 1.000000
0  23.396791 -59.988766 -15.007322  0.239601 -0.958434 0.154851  0.048828 0.443359 1 16 1.000000
jet_02_1
0  31.639702 -61.316891 -22.642166  -0.027375 -0.917112 0.397626  0.494141 0.144531 1 16 1.000000
0  33.183594 -57.238766 -13.130136  -0.073977 -0.993439 0.086856  0.164062 0.001953 1 16 1.000000
0  26.253777 -60.691891 -20.176378  0.143254 -0.937071 0.318339  0.048828 0.443359 1 16 1.000000
jet_02_1
0  37.461460 -61.598141 -21.484491  -0.214362 -0.906644 0.363323  0.494141 0.144531 1 16 1.000000
0  33.183594 -57.238766 -13.130136  -0.073977 -0.993439 0.086856  0.164062 0.001953 1 16 1.000000
0  31.639702 -61.316891 -22.642166  -0.027375 -0.917112 0.397626  0.048828 0.443359 1 16 1.000000
jet_02_1
0  41.513477 -61.457516 -17.122065  -0.352031 -0.908414 0.225440  0.494141 0.144531 1 16 1.000000
0  33.183594 -57.238766 -13.130136  -0.073977 -0.993439 0.086856  0.164062 0.001953 1 16 1.000000
0  37.461460 -61.598141 -21.484491  -0.214362 -0.906644 0.363323  0.048828 0.443359 1 16 1.000000
jet_02_1
0  42.231361 -60.926270 -11.252329  -0.382641 -0.923368 0.030488  0.494141 0.144531 1 16 1.000000
0  33.183594 -57.238766 -13.130136  -0.073977 -0.993439 0.086856  0.164062 0.001953 1 16 1.000000
0  41.513477 -61.457516 -17.122065  -0.352031 -0.908414 0.225440  0.048828 0.443359 1 16 1.000000
jet_02_1
0  32.213135 -55.952145 -15.817636  0.209113 -0.963836 0.165044  0.330078 0.121094 1 17 1.000000
0  30.689695 -56.202145 -15.122323  0.585650 0.128178 0.800317  0.880859 0.121094 1 17 1.000000
0  27.869385 -57.038086 -12.161386  0.187414 -0.976257 -0.108341  1.085938 0.207031 1 17 1.000000
jet_02_1
0  27.869385 -57.038086 -12.161386  0.187414 -0.976257 -0.108341  1.085938 0.207031 1 17 1.000000
0  28.205322 -56.772453 -15.098886  0.209510 -0.977783 -0.001312  0.121094 0.207031 1 17 1.000000
0  32.213135 -55.952145 -15.817636  0.209113 -0.963836 0.165044  0.330078 0.121094 1 17 1.000000
jet_02_1
0  30.689695 -56.202145 -15.122323  0.585650 0.128178 0.800317  0.330078 0.121094 1 17 1.000000
0  29.853760 -56.272453 -13.661386  0.946287 0.018403 0.322794  0.880859 0.121094 1 17 1.000000
0  29.330322 -57.108398 -9.567636  0.232704 -0.951292 -0.202185  1.085938 0.207031 1 17 1.000000
jet_02_1
0  29.330322 -57.108398 -9.567636  0.232704 -0.951292 -0.202185  1.085938 0.207031 1 17 1.000000
0  27.869385 -57.038086 -12.161386  0.187414 -0.976257 -0.108341  0.121094 0.207031 1 17 1.000000
0  30.689695 -56.202145 -15.122323  0.585650 0.128178 0.800317  0.330078 0.121094 1 17 1.000000
jet_02_1
0  29.853760 -56.272453 -13.661386  0.946287 0.018403 0.322794  0.330078 0.121094 1 17 1.000000
0  30.017822 -56.139645 -11.981698  0.955351 -0.105838 -0.275765  0.880859 0.121094 1 17 1.000000
0  32.025635 -56.967773 -8.325449  0.110691 -0.945860 -0.305063  1.085938 0.207031 1 17 1.000000
jet_02_1
0  32.025635 -56.967773 -8.325449  0.110691 -0.945860 -0.305063  1.085938 0.207031 1 17 1.000000
0  29.330322 -57.108398 -9.567636  0.232704 -0.951292 -0.202185  0.121094 0.207031 1 17 1.000000
0  29.853760 -56.272453 -13.661386  0.946287 0.018403 0.322794  0.330078 0.121094 1 17 1.000000
jet_02_1
0  30.017822 -56.139645 -11.981698  0.955351 -0.105838 -0.275765  0.330078 0.121094 1 17 1.000000
0  31.119385 -55.850582 -10.739511  0.616443 -0.222236 -0.755364  0.880859 0.121094 1 17 1.000000
0  34.931885 -56.655273 -8.895761  -0.058779 -0.917600 -0.393048  1.085938 0.207031 1 17 1.000000
jet_02_1
0  34.931885 -56.655273 -8.895761  -0.058779 -0.917600 -0.393048  1.085938 0.207031 1 17 1.000000
0  32.025635 -56.967773 -8.325449  0.110691 -0.945860 -0.305063  0.121094 0.207031 1 17 1.000000
0  30.017822 -56.139645 -11.981698  0.955351 -0.105838 -0.275765  0.330078 0.121094 1 17 1.000000
jet_02_1
0  31.119385 -55.850582 -10.739511  0.616443 -0.222236 -0.755364  0.330078 0.121094 1 17 1.000000
0  32.736572 -55.514648 -10.395761  0.065218 -0.311899 -0.947844  0.880859 0.121094 1 17 1.000000
0  36.924072 -56.303707 -11.075448  -0.240242 -0.941649 -0.235664  1.085938 0.207031 1 17 1.000000
jet_02_1
0  36.924072 -56.303707 -11.075448  -0.240242 -0.941649 -0.235664  1.085938 0.207031 1 17 1.000000
0  34.931885 -56.655273 -8.895761  -0.058779 -0.917600 -0.393048  0.121094 0.207031 1 17 1.000000
0  31.119385 -55.850582 -10.739511  0.616443 -0.222236 -0.755364  0.330078 0.121094 1 17 1.000000
jet_02_1
0  32.736572 -55.514648 -10.395761  0.065218 -0.311899 -0.947844  0.330078 0.121094 1 17 1.000000
0  34.260010 -55.264648 -11.091072  -0.511185 -0.341288 -0.788781  0.880859 0.121094 1 17 1.000000
0  37.260010 -56.038086 -14.012948  -0.318125 -0.947386 -0.035127  1.085938 0.207031 1 17 1.000000
jet_02_1
0  37.260010 -56.038086 -14.012948  -0.318125 -0.947386 -0.035127  1.085938 0.207031 1 17 1.000000
0  36.924072 -56.303707 -11.075448  -0.240242 -0.941649 -0.235664  0.121094 0.207031 1 17 1.000000
0  32.736572 -55.514648 -10.395761  0.065218 -0.311899 -0.947844  0.330078 0.121094 1 17 1.000000
jet_02_1
0  34.260010 -55.264648 -11.091072  -0.511185 -0.341288 -0.788781  0.330078 0.121094 1 17 1.000000
0  35.095947 -55.194332 -12.552011  -0.910642 -0.269601 -0.313059  0.880859 0.121094 1 17 1.000000
0  35.799072 -55.967770 -16.606699  -0.146458 -0.976714 0.156682  1.085938 0.207031 1 17 1.000000
jet_02_1
0  35.799072 -55.967770 -16.606699  -0.146458 -0.976714 0.156682  1.085938 0.207031 1 17 1.000000
0  37.260010 -56.038086 -14.012948  -0.318125 -0.947386 -0.035127  0.121094 0.207031 1 17 1.000000
0  34.260010 -55.264648 -11.091072  -0.511185 -0.341288 -0.788781  0.330078 0.121094 1 17 1.000000
jet_02_1
0  35.095947 -55.194332 -12.552011  -0.910642 -0.269601 -0.313059  0.330078 0.121094 1 17 1.000000
0  34.931885 -55.327145 -14.231697  -0.935362 -0.105319 0.337626  0.880859 0.121094 1 17 1.000000
0  33.103760 -56.116203 -17.848885  0.019013 -0.978820 0.203681  1.085938 0.207031 1 17 1.000000
jet_02_1
0  33.103760 -56.116203 -17.848885  0.019013 -0.978820 0.203681  1.085938 0.207031 1 17 1.000000
0  35.799072 -55.967770 -16.606699  -0.146458 -0.976714 0.156682  0.121094 0.207031 1 17 1.000000
0  35.095947 -55.194332 -12.552011  -0.910642 -0.269601 -0.313059  0.330078 0.121094 1 17 1.000000
jet_02_1
0  34.931885 -55.327145 -14.231697  -0.935362 -0.105319 0.337626  0.330078 0.121094 1 17 1.000000
0  33.830318 -55.616203 -15.481698  -0.505753 0.080630 0.858882  0.880859 0.121094 1 17 1.000000
0  30.197510 -56.420895 -17.270761  0.168187 -0.983947 0.059236  1.085938 0.207031 1 17 1.000000
jet_02_1
0  30.197510 -56.420895 -17.270761  0.168187 -0.983947 0.059236  1.085938 0.207031 1 17 1.000000
0  33.103760 -56.116203 -17.848885  0.019013 -0.978820 0.203681  0.121094 0.207031 1 17 1.000000
0  34.931885 -55.327145 -14.231697  -0.935362 -0.105319 0.337626  0.330078 0.121094 1 17 1.000000
jet_02_1
0  32.213135 -55.952145 -15.817636  0.209113 -0.963836 0.165044  0.880859 0.121094 1 17 1.000000
0  28.205322 -56.772453 -15.098886  0.209510 -0.977783 -0.001312  1.085938 0.207031 1 17 1.000000
0  30.197510 -56.420895 -17.270761  0.168187 -0.983947 0.059236  0.121094 0.207031 1 17 1.000000
jet_02_1
0  30.197510 -56.420895 -17.270761  0.168187 -0.983947 0.059236  0.121094 0.207031 1 17 1.000000
0  33.830318 -55.616203 -15.481698  -0.505753 0.080630 0.858882  0.330078 0.121094 1 17 1.000000
0  32.213135 -55.952145 -15.817636  0.209113 -0.963836 0.165044  0.880859 0.121094 1 17 1.000000
jet_02_1
0  32.385010 -54.928703 -13.130136  0.182714 -0.981475 0.057436  0.595703 -0.037109 1 17 1.000000
0  32.213135 -55.952145 -15.817636  0.209113 -0.963836 0.165044  0.880859 0.121094 1 17 1.000000
0  33.830318 -55.616203 -15.481698  -0.505753 0.080630 0.858882  0.330078 0.121094 1 17 1.000000
jet_02_1
0  32.385010 -54.928703 -13.130136  0.182714 -0.981475 0.057436  0.595703 -0.037109 1 17 1.000000
0  33.830318 -55.616203 -15.481698  -0.505753 0.080630 0.858882  0.880859 0.121094 1 17 1.000000
0  34.931885 -55.327145 -14.231697  -0.935362 -0.105319 0.337626  0.330078 0.121094 1 17 1.000000
jet_02_1
0  32.385010 -54.928703 -13.130136  0.182714 -0.981475 0.057436  0.595703 -0.037109 1 17 1.000000
0  34.931885 -55.327145 -14.231697  -0.935362 -0.105319 0.337626  0.880859 0.121094 1 17 1.000000
0  35.095947 -55.194332 -12.552011  -0.910642 -0.269601 -0.313059  0.330078 0.121094 1 17 1.000000
jet_02_1
0  32.385010 -54.928703 -13.130136  0.182714 -0.981475 0.057436  0.595703 -0.037109 1 17 1.000000
0  35.095947 -55.194332 -12.552011  -0.910642 -0.269601 -0.313059  0.880859 0.121094 1 17 1.000000
0  34.260010 -55.264648 -11.091072  -0.511185 -0.341288 -0.788781  0.330078 0.121094 1 17 1.000000
jet_02_1
0  32.385010 -54.928703 -13.130136  0.182714 -0.981475 0.057436  0.595703 -0.037109 1 17 1.000000
0  34.260010 -55.264648 -11.091072  -0.511185 -0.341288 -0.788781  0.880859 0.121094 1 17 1.000000
0  32.736572 -55.514648 -10.395761  0.065218 -0.311899 -0.947844  0.330078 0.121094 1 17 1.000000
jet_02_1
0  32.385010 -54.928703 -13.130136  0.182714 -0.981475 0.057436  0.595703 -0.037109 1 17 1.000000
0  32.736572 -55.514648 -10.395761  0.065218 -0.311899 -0.947844  0.880859 0.121094 1 17 1.000000
0  31.119385 -55.850582 -10.739511  0.616443 -0.222236 -0.755364  0.330078 0.121094 1 17 1.000000
jet_02_1
0  32.385010 -54.928703 -13.130136  0.182714 -0.981475 0.057436  0.595703 -0.037109 1 17 1.000000
0  31.119385 -55.850582 -10.739511  0.616443 -0.222236 -0.755364  0.880859 0.121094 1 17 1.000000
0  30.017822 -56.139645 -11.981698  0.955351 -0.105838 -0.275765  0.330078 0.121094 1 17 1.000000
jet_02_1
0  32.385010 -54.928703 -13.130136  0.182714 -0.981475 0.057436  0.595703 -0.037109 1 17 1.000000
0  30.017822 -56.139645 -11.981698  0.955351 -0.105838 -0.275765  0.880859 0.121094 1 17 1.000000
0  29.853760 -56.272453 -13.661386  0.946287 0.018403 0.322794  0.330078 0.121094 1 17 1.000000
jet_02_1
0  32.385010 -54.928703 -13.130136  0.182714 -0.981475 0.057436  0.595703 -0.037109 1 17 1.000000
0  29.853760 -56.272453 -13.661386  0.946287 0.018403 0.322794  0.880859 0.121094 1 17 1.000000
0  30.689695 -56.202145 -15.122323  0.585650 0.128178 0.800317  0.330078 0.121094 1 17 1.000000
jet_02_1
0  32.385010 -54.928703 -13.130136  0.182714 -0.981475 0.057436  0.595703 -0.037109 1 17 1.000000
0  30.689695 -56.202145 -15.122323  0.585650 0.128178 0.800317  0.880859 0.121094 1 17 1.000000
0  32.213135 -55.952145 -15.817636  0.209113 -0.963836 0.165044  0.330078 0.121094 1 17 1.000000
jet_02_1
0  27.869385 -57.038086 -12.161386  0.187414 -0.976257 -0.108341  1.085938 0.207031 1 17 1.000000
0  19.697510 -58.280273 -10.473886  0.134922 -0.988067 -0.073916  0.535156 0.455078 1 17 1.000000
0  28.205322 -56.772453 -15.098886  0.209510 -0.977783 -0.001312  0.121094 0.207031 1 17 1.000000
jet_02_1
0  29.330322 -57.108398 -9.567636  0.232704 -0.951292 -0.202185  1.085938 0.207031 1 17 1.000000
0  26.885010 -58.764648 -6.739511  0.354961 -0.907498 -0.224525  0.535156 0.455078 1 17 1.000000
0  27.869385 -57.038086 -12.161386  0.187414 -0.976257 -0.108341  0.121094 0.207031 1 17 1.000000
jet_02_1
0  32.025635 -56.967773 -8.325449  0.110691 -0.945860 -0.305063  1.085938 0.207031 1 17 1.000000
0  30.408447 -59.358398 -0.567637  0.168523 -0.951323 -0.258003  0.535156 0.455078 1 17 1.000000
0  29.330322 -57.108398 -9.567636  0.232704 -0.951292 -0.202185  0.121094 0.207031 1 17 1.000000
jet_02_1
0  34.931885 -56.655273 -8.895761  -0.058779 -0.917600 -0.393048  1.085938 0.207031 1 17 1.000000
0  36.955318 -59.030273 -5.536386  -0.022950 -0.822779 -0.567858  0.535156 0.455078 1 17 1.000000
0  32.025635 -56.967773 -8.325449  0.110691 -0.945860 -0.305063  0.121094 0.207031 1 17 1.000000
jet_02_1
0  36.924072 -56.303707 -11.075448  -0.240242 -0.941649 -0.235664  1.085938 0.207031 1 17 1.000000
0  43.189697 -58.913090 -7.669199  -0.202246 -0.920835 -0.333354  0.535156 0.455078 1 17 1.000000
0  34.931885 -56.655273 -8.895761  -0.058779 -0.917600 -0.393048  0.121094 0.207031 1 17 1.000000
jet_02_1
0  37.260010 -56.038086 -14.012948  -0.318125 -0.947386 -0.035127  1.085938 0.207031 1 17 1.000000
0  41.228760 -58.264645 -14.700448  -0.502457 -0.854030 -0.134678  0.535156 0.455078 1 17 1.000000
0  36.924072 -56.303707 -11.075448  -0.240242 -0.941649 -0.235664  0.121094 0.207031 1 17 1.000000
jet_02_1
0  35.799072 -55.967770 -16.606699  -0.146458 -0.976714 0.156682  1.085938 0.207031 1 17 1.000000
0  40.377197 -57.561520 -21.958261  -0.222144 -0.969970 0.098819  0.535156 0.455078 1 17 1.000000
0  37.260010 -56.038086 -14.012948  -0.318125 -0.947386 -0.035127  0.121094 0.207031 1 17 1.000000
jet_02_1
0  33.103760 -56.116203 -17.848885  0.019013 -0.978820 0.203681  1.085938 0.207031 1 17 1.000000
0  33.799072 -57.514645 -21.575449  -0.101749 -0.937468 0.332804  0.535156 0.455078 1 17 1.000000
0  35.799072 -55.967770 -16.606699  -0.146458 -0.976714 0.156682  0.121094 0.207031 1 17 1.000000
jet_02_1
0  30.197510 -56.420895 -17.270761  0.168187 -0.983947 0.059236  1.085938 0.207031 1 17 1.000000
0  25.861572 -57.170895 -23.692638  0.112094 -0.992859 0.040254  0.535156 0.455078 1 17 1.000000
0  33.103760 -56.116203 -17.848885  0.019013 -0.978820 0.203681  0.121094 0.207031 1 17 1.000000
jet_02_1
0  30.197510 -56.420895 -17.270761  0.168187 -0.983947 0.059236  0.121094 0.207031 1 17 1.000000
0  28.205322 -56.772453 -15.098886  0.209510 -0.977783 -0.001312  1.085938 0.207031 1 17 1.000000
0  24.931885 -57.827145 -16.645761  0.266884 -0.959563 0.089480  0.535156 0.455078 1 17 1.000000
jet_02_1
0  30.744385 -56.053707 -9.606698  -0.119053 -0.977630 -0.173376  -0.101562 0.097656 1 18 1.000000
0  33.080322 -56.444336 -9.403573  -0.125553 0.054720 -0.990570  0.292969 0.097656 1 18 1.000000
0  38.533447 -57.874023 -11.036386  -0.237953 -0.967925 0.080233  0.337891 0.400391 1 18 1.000000
jet_02_1
0  38.533447 -57.874023 -11.036386  -0.237953 -0.967925 0.080233  0.337891 0.400391 1 18 1.000000
0  36.142822 -57.186523 -7.684824  -0.205695 -0.978271 -0.024628  -0.451172 0.400391 1 18 1.000000
0  30.744385 -56.053707 -9.606698  -0.119053 -0.977630 -0.173376  -0.101562 0.097656 1 18 1.000000
jet_02_1
0  33.080322 -56.444336 -9.403573  -0.125553 0.054720 -0.990570  0.080078 -0.431641 1 18 1.000000
0  35.095947 -56.686523 -10.622323  -0.672628 -0.022340 -0.739616  0.517578 -0.431641 1 18 1.000000
0  38.478760 -58.295895 -15.192636  -0.322459 -0.936460 0.137883  0.742188 0.443359 1 18 1.000000
jet_02_1
0  38.478760 -58.295895 -15.192636  -0.322459 -0.936460 0.137883  0.742188 0.443359 1 18 1.000000
0  38.533447 -57.874023 -11.036386  -0.237953 -0.967925 0.080233  -0.130859 0.443359 1 18 1.000000
0  33.080322 -56.444336 -9.403573  -0.125553 0.054720 -0.990570  0.080078 -0.431641 1 18 1.000000
jet_02_1
0  35.095947 -56.686523 -10.622323  -0.672628 -0.022340 -0.739616  -0.101562 0.097656 1 18 1.000000
0  36.033447 -56.686520 -12.802011  -0.972045 -0.101596 -0.211615  0.292969 0.097656 1 18 1.000000
0  36.010010 -58.295895 -18.559824  -0.263894 -0.921354 0.285318  0.337891 0.400391 1 18 1.000000
jet_02_1
0  36.010010 -58.295895 -18.559824  -0.263894 -0.921354 0.285318  0.337891 0.400391 1 18 1.000000
0  38.478760 -58.295895 -15.192636  -0.322459 -0.936460 0.137883  -0.451172 0.400391 1 18 1.000000
0  35.095947 -56.686523 -10.622323  -0.672628 -0.022340 -0.739616  -0.101562 0.097656 1 18 1.000000
jet_02_1
0  36.033447 -56.686520 -12.802011  -0.972045 -0.101596 -0.211615  0.080078 -0.431641 1 18 1.000000
0  35.533447 -56.452145 -15.106698  -0.909635 -0.169988 0.378948  0.517578 -0.431641 1 18 1.000000
0  32.064697 -57.881832 -19.848885  -0.157109 -0.882656 0.442915  0.742188 0.443359 1 18 1.000000
jet_02_1
0  32.064697 -57.881832 -19.848885  -0.157109 -0.882656 0.442915  0.742188 0.443359 1 18 1.000000
0  36.010010 -58.295895 -18.559824  -0.263894 -0.921354 0.285318  -0.130859 0.443359 1 18 1.000000
0  36.033447 -56.686520 -12.802011  -0.972045 -0.101596 -0.211615  0.080078 -0.431641 1 18 1.000000
jet_02_1
0  35.533447 -56.452145 -15.106698  -0.909635 -0.169988 0.378948  -0.101562 0.097656 1 18 1.000000
0  33.783447 -56.061520 -16.653574  -0.519547 -0.238746 0.820399  0.292969 0.097656 1 18 1.000000
0  28.142822 -57.194332 -18.575449  0.075320 -0.916074 0.393841  0.337891 0.400391 1 18 1.000000
jet_02_1
0  28.142822 -57.194332 -18.575449  0.075320 -0.916074 0.393841  0.337891 0.400391 1 18 1.000000
0  32.064697 -57.881832 -19.848885  -0.157109 -0.882656 0.442915  -0.451172 0.400391 1 18 1.000000
0  35.533447 -56.452145 -15.106698  -0.909635 -0.169988 0.378948  -0.101562 0.097656 1 18 1.000000
jet_02_1
0  33.783447 -56.061520 -16.653574  -0.519547 -0.238746 0.820399  0.080078 -0.431641 1 18 1.000000
0  31.447510 -55.670895 -16.856699  0.060823 -0.272317 0.960265  0.517578 -0.431641 1 18 1.000000
0  25.752195 -56.514645 -15.223886  0.241585 -0.935728 0.256905  0.742188 0.443359 1 18 1.000000
jet_02_1
0  25.752195 -56.514645 -15.223886  0.241585 -0.935728 0.256905  0.742188 0.443359 1 18 1.000000
0  28.142822 -57.194332 -18.575449  0.075320 -0.916074 0.393841  -0.130859 0.443359 1 18 1.000000
0  33.783447 -56.061520 -16.653574  -0.519547 -0.238746 0.820399  0.080078 -0.431641 1 18 1.000000
jet_02_1
0  31.447510 -55.670895 -16.856699  0.060823 -0.272317 0.960265  -0.101562 0.097656 1 18 1.000000
0  29.431885 -55.436520 -15.637947  0.641438 -0.224464 0.733573  0.292969 0.097656 1 18 1.000000
0  25.806885 -56.084957 -11.067636  0.183233 -0.983001 0.010285  0.337891 0.400391 1 18 1.000000
jet_02_1
0  25.806885 -56.084957 -11.067636  0.183233 -0.983001 0.010285  0.337891 0.400391 1 18 1.000000
0  25.752195 -56.514645 -15.223886  0.241585 -0.935728 0.256905  -0.451172 0.400391 1 18 1.000000
0  31.447510 -55.670895 -16.856699  0.060823 -0.272317 0.960265  -0.101562 0.097656 1 18 1.000000
jet_02_1
0  29.431885 -55.436520 -15.637947  0.641438 -0.224464 0.733573  0.080078 -0.431641 1 18 1.000000
0  28.494385 -55.428703 -13.458261  0.979736 -0.116276 0.162877  0.517578 -0.431641 1 18 1.000000
0  28.275637 -56.084957 -7.700449  0.059908 -0.991974 -0.111148  0.742188 0.443359 1 18 1.000000
jet_02_1
0  28.275637 -56.084957 -7.700449  0.059908 -0.991974 -0.111148  0.742188 0.443359 1 18 1.000000
0  25.806885 -56.084957 -11.067636  0.183233 -0.983001 0.010285  -0.130859 0.443359 1 18 1.000000
0  29.431885 -55.436520 -15.637947  0.641438 -0.224464 0.733573  0.080078 -0.431641 1 18 1.000000
jet_02_1
0  28.494385 -55.428703 -13.458261  0.979736 -0.116276 0.162877  -0.101562 0.097656 1 18 1.000000
0  28.994385 -55.670898 -11.153573  0.861690 0.024232 -0.506821  0.292969 0.097656 1 18 1.000000
0  32.220947 -56.506836 -6.411386  -0.140873 -0.988342 -0.057649  0.337891 0.400391 1 18 1.000000
jet_02_1
0  32.220947 -56.506836 -6.411386  -0.140873 -0.988342 -0.057649  0.337891 0.400391 1 18 1.000000
0  28.275637 -56.084957 -7.700449  0.059908 -0.991974 -0.111148  -0.451172 0.400391 1 18 1.000000
0  28.494385 -55.428703 -13.458261  0.979736 -0.116276 0.162877  -0.101562 0.097656 1 18 1.000000
jet_02_1
0  30.744385 -56.053707 -9.606698  -0.119053 -0.977630 -0.173376  0.517578 -0.431641 1 18 1.000000
0  36.142822 -57.186523 -7.684824  -0.205695 -0.978271 -0.024628  0.742188 0.443359 1 18 1.000000
0  32.220947 -56.506836 -6.411386  -0.140873 -0.988342 -0.057649  -0.130859 0.443359 1 18 1.000000
jet_02_1
0  32.220947 -56.506836 -6.411386  -0.140873 -0.988342 -0.057649  -0.130859 0.443359 1 18 1.000000
0  28.994385 -55.670898 -11.153573  0.861690 0.024232 -0.506821  0.080078 -0.431641 1 18 1.000000
0  30.744385 -56.053707 -9.606698  -0.119053 -0.977630 -0.173376  0.517578 -0.431641 1 18 1.000000
jet_02_1
0  32.385010 -54.928703 -13.130136  -0.153905 -0.986145 -0.061495  0.292969 -1.306641 1 18 1.000000
0  30.744385 -56.053707 -9.606698  -0.119053 -0.977630 -0.173376  0.517578 -0.431641 1 18 1.000000
0  28.994385 -55.670898 -11.153573  0.861690 0.024232 -0.506821  0.080078 -0.431641 1 18 1.000000
jet_02_1
0  32.385010 -54.928703 -13.130136  -0.153905 -0.986145 -0.061495  0.246094 -0.207031 1 18 1.000000
0  28.994385 -55.670898 -11.153573  0.861690 0.024232 -0.506821  0.292969 0.097656 1 18 1.000000
0  28.494385 -55.428703 -13.458261  0.979736 -0.116276 0.162877  -0.101562 0.097656 1 18 1.000000
jet_02_1
0  32.385010 -54.928703 -13.130136  -0.153905 -0.986145 -0.061495  0.292969 -1.306641 1 18 1.000000
0  28.494385 -55.428703 -13.458261  0.979736 -0.116276 0.162877  0.517578 -0.431641 1 18 1.000000
0  29.431885 -55.436520 -15.637947  0.641438 -0.224464 0.733573  0.080078 -0.431641 1 18 1.000000
jet_02_1
0  32.385010 -54.928703 -13.130136  -0.153905 -0.986145 -0.061495  0.246094 -0.207031 1 18 1.000000
0  29.431885 -55.436520 -15.637947  0.641438 -0.224464 0.733573  0.292969 0.097656 1 18 1.000000
0  31.447510 -55.670895 -16.856699  0.060823 -0.272317 0.960265  -0.101562 0.097656 1 18 1.000000
jet_02_1
0  32.385010 -54.928703 -13.130136  -0.153905 -0.986145 -0.061495  0.292969 -1.306641 1 18 1.000000
0  31.447510 -55.670895 -16.856699  0.060823 -0.272317 0.960265  0.517578 -0.431641 1 18 1.000000
0  33.783447 -56.061520 -16.653574  -0.519547 -0.238746 0.820399  0.080078 -0.431641 1 18 1.000000
jet_02_1
0  32.385010 -54.928703 -13.130136  -0.153905 -0.986145 -0.061495  0.246094 -0.207031 1 18 1.000000
0  33.783447 -56.061520 -16.653574  -0.519547 -0.238746 0.820399  0.292969 0.097656 1 18 1.000000
0  35.533447 -56.452145 -15.106698  -0.909635 -0.169988 0.378948  -0.101562 0.097656 1 18 1.000000
jet_02_1
0  32.385010 -54.928703 -13.130136  -0.153905 -0.986145 -0.061495  0.292969 -1.306641 1 18 1.000000
0  35.533447 -56.452145 -15.106698  -0.909635 -0.169988 0.378948  0.517578 -0.431641 1 18 1.000000
0  36.033447 -56.686520 -12.802011  -0.972045 -0.101596 -0.211615  0.080078 -0.431641 1 18 1.000000
jet_02_1
0  32.385010 -54.928703 -13.130136  -0.153905 -0.986145 -0.061495  0.246094 -0.207031 1 18 1.000000
0  36.033447 -56.686520 -12.802011  -0.972045 -0.101596 -0.211615  0.292969 0.097656 1 18 1.000000
0  35.095947 -56.686523 -10.622323  -0.672628 -0.022340 -0.739616  -0.101562 0.097656 1 18 1.000000
jet_02_1
0  32.385010 -54.928703 -13.130136  -0.153905 -0.986145 -0.061495  0.292969 -1.306641 1 18 1.000000
0  35.095947 -56.686523 -10.622323  -0.672628 -0.022340 -0.739616  0.517578 -0.431641 1 18 1.000000
0  33.080322 -56.444336 -9.403573  -0.125553 0.054720 -0.990570  0.080078 -0.431641 1 18 1.000000
jet_02_1
0  32.385010 -54.928703 -13.130136  -0.153905 -0.986145 -0.061495  0.246094 -0.207031 1 18 1.000000
0  33.080322 -56.444336 -9.403573  -0.125553 0.054720 -0.990570  0.292969 0.097656 1 18 1.000000
0  30.744385 -56.053707 -9.606698  -0.119053 -0.977630 -0.173376  -0.101562 0.097656 1 18 1.000000
jet_02_1
0  38.533447 -57.874023 -11.036386  -0.237953 -0.967925 0.080233  0.337891 0.400391 1 18 1.000000
0  49.689697 -59.592773 -7.434824  -0.175726 -0.981475 0.075961  0.039062 0.916016 1 18 1.000000
0  36.142822 -57.186523 -7.684824  -0.205695 -0.978271 -0.024628  -0.451172 0.400391 1 18 1.000000
jet_02_1
0  38.478760 -58.295895 -15.192636  -0.322459 -0.936460 0.137883  0.742188 0.443359 1 18 1.000000
0  43.361572 -60.858395 -16.825449  -0.437025 -0.894253 0.096500  -0.556641 2.193359 1 18 1.000000
0  38.533447 -57.874023 -11.036386  -0.237953 -0.967925 0.080233  -0.130859 0.443359 1 18 1.000000
jet_02_1
0  36.010010 -58.295895 -18.559824  -0.263894 -0.921354 0.285318  0.337891 0.400391 1 18 1.000000
0  43.181885 -62.459953 -26.708261  -0.294809 -0.930754 0.216132  0.039062 0.916016 1 18 1.000000
0  38.478760 -58.295895 -15.192636  -0.322459 -0.936460 0.137883  -0.451172 0.400391 1 18 1.000000
jet_02_1
0  32.064697 -57.881832 -19.848885  -0.157109 -0.882656 0.442915  0.742188 0.443359 1 18 1.000000
0  31.775637 -61.624020 -25.083261  -0.267769 -0.776696 0.570055  -0.556641 2.193359 1 18 1.000000
0  36.010010 -58.295895 -18.559824  -0.263894 -0.921354 0.285318  -0.130859 0.443359 1 18 1.000000
jet_02_1
0  28.142822 -57.194332 -18.575449  0.075320 -0.916074 0.393841  0.337891 0.400391 1 18 1.000000
0  22.666260 -61.381832 -26.708261  -0.005890 -0.887417 0.460891  0.039062 0.916016 1 18 1.000000
0  32.064697 -57.881832 -19.848885  -0.157109 -0.882656 0.442915  -0.451172 0.400391 1 18 1.000000
jet_02_1
0  25.752195 -56.514645 -15.223886  0.241585 -0.935728 0.256905  0.742188 0.443359 1 18 1.000000
0  20.338137 -59.647453 -16.825449  0.356670 -0.832789 0.423292  -0.556641 2.193359 1 18 1.000000
0  28.142822 -57.194332 -18.575449  0.075320 -0.916074 0.393841  -0.130859 0.443359 1 18 1.000000
jet_02_1
0  25.806885 -56.084957 -11.067636  0.183233 -0.983001 0.010285  0.337891 0.400391 1 18 1.000000
0  16.502197 -57.850582 -7.434824  0.222083 -0.970122 0.097354  0.039062 0.916016 1 18 1.000000
0  25.752195 -56.514645 -15.223886  0.241585 -0.935728 0.256905  -0.451172 0.400391 1 18 1.000000
jet_02_1
0  28.275637 -56.084957 -7.700449  0.059908 -0.991974 -0.111148  0.742188 0.443359 1 18 1.000000
0  24.853760 -57.663090 -3.458261  0.231422 -0.957915 -0.169652  -0.556641 2.193359 1 18 1.000000
0  25.806885 -56.084957 -11.067636  0.183233 -0.983001 0.010285  -0.130859 0.443359 1 18 1.000000
jet_02_1
0  32.220947 -56.506836 -6.411386  -0.140873 -0.988342 -0.057649  0.337891 0.400391 1 18 1.000000
0  33.197510 -56.741207 4.471426  -0.102359 -0.994659 -0.012207  0.039062 0.916016 1 18 1.000000
0  28.275637 -56.084957 -7.700449  0.059908 -0.991974 -0.111148  -0.451172 0.400391 1 18 1.000000
jet_02_1
0  32.220947 -56.506836 -6.411386  -0.140873 -0.988342 -0.057649  -0.130859 0.443359 1 18 1.000000
0  36.142822 -57.186523 -7.684824  -0.205695 -0.978271 -0.024628  0.742188 0.443359 1 18 1.000000
0  39.080318 -58.405273 -3.458261  -0.210913 -0.968444 -0.132664  -0.556641 2.193359 1 18 1.000000
jet_01_5
0  23.984924 -74.257118 -6.129651  -0.310068 -0.936338 0.164617  0.046875 0.562500 1 19 1.000000
0  24.299711 -74.361717 -6.129651  -0.310984 -0.935575 0.167089  0.046875 0.763672 1 19 1.000000
0  24.026089 -74.235489 -5.927891  -0.310282 -0.936460 0.163518  0.046875 0.562500 1 19 1.000000
jet_01_5
0  24.026089 -74.235489 -5.927891  -0.310282 -0.936460 0.163518  0.046875 0.562500 1 19 1.000000
0  24.299711 -74.361717 -6.129651  -0.310984 -0.935575 0.167089  0.046875 0.763672 1 19 1.000000
0  24.320295 -74.350899 -6.027989  -0.312906 -0.936064 0.160741  0.046875 0.763672 1 19 1.000000
jet_01_5
0  24.026089 -74.235489 -5.927891  -0.310282 -0.936460 0.163518  0.046875 0.562500 1 19 1.000000
0  24.320295 -74.350899 -6.027989  -0.312906 -0.936064 0.160741  0.046875 0.763672 1 19 1.000000
0  24.125504 -74.236717 -5.744900  -0.311991 -0.935911 0.163305  0.046875 0.562500 1 19 1.000000
jet_01_5
0  24.125504 -74.236717 -5.744900  -0.311991 -0.935911 0.163305  0.046875 0.562500 1 19 1.000000
0  24.320295 -74.350899 -6.027989  -0.312906 -0.936064 0.160741  0.046875 0.763672 1 19 1.000000
0  24.369736 -74.352249 -5.937275  -0.313059 -0.936003 0.160863  0.046875 0.763672 1 19 1.000000
jet_01_5
0  24.125504 -74.236717 -5.744900  -0.311991 -0.935911 0.163305  0.046875 0.562500 1 19 1.000000
0  24.369736 -74.352249 -5.937275  -0.313059 -0.936003 0.160863  0.046875 0.763672 1 19 1.000000
0  24.271818 -74.260017 -5.599446  -0.311930 -0.935759 0.164342  0.046875 0.562500 1 19 1.000000
jet_01_5
0  24.271818 -74.260017 -5.599446  -0.311930 -0.935759 0.164342  0.046875 0.562500 1 19 1.000000
0  24.369736 -74.352249 -5.937275  -0.313059 -0.936003 0.160863  0.046875 0.763672 1 19 1.000000
0  24.443626 -74.364166 -5.865330  -0.308847 -0.936796 0.164220  0.046875 0.763672 1 19 1.000000
jet_01_5
0  24.271818 -74.260017 -5.599446  -0.311930 -0.935759 0.164342  0.046875 0.562500 1 19 1.000000
0  24.443626 -74.364166 -5.865330  -0.308847 -0.936796 0.164220  0.046875 0.763672 1 19 1.000000
0  24.452198 -74.304039 -5.507168  -0.309275 -0.936613 0.164464  0.046875 0.562500 1 19 1.000000
jet_01_5
0  24.452198 -74.304039 -5.507168  -0.309275 -0.936613 0.164464  0.046875 0.562500 1 19 1.000000
0  24.443626 -74.364166 -5.865330  -0.308847 -0.936796 0.164220  0.046875 0.763672 1 19 1.000000
0  24.534084 -74.385437 -5.818409  -0.305094 -0.937925 0.164769  0.046875 0.763672 1 19 1.000000
jet_01_5
0  24.452198 -74.304039 -5.507168  -0.309275 -0.936613 0.164464  0.046875 0.562500 1 19 1.000000
0  24.534084 -74.385437 -5.818409  -0.305094 -0.937925 0.164769  0.046875 0.763672 1 19 1.000000
0  24.649010 -74.362358 -5.474324  -0.308542 -0.936949 0.164037  0.046875 0.562500 1 19 1.000000
jet_01_5
0  24.649010 -74.362358 -5.474324  -0.308542 -0.936949 0.164037  0.046875 0.562500 1 19 1.000000
0  24.534084 -74.385437 -5.818409  -0.305094 -0.937925 0.164769  0.046875 0.763672 1 19 1.000000
0  24.631756 -74.414337 -5.802769  -0.308725 -0.936705 0.164953  0.046875 0.763672 1 19 1.000000
jet_01_5
0  24.649010 -74.362358 -5.474324  -0.308542 -0.936949 0.164037  0.046875 0.562500 1 19 1.000000
0  24.631756 -74.414337 -5.802769  -0.308725 -0.936705 0.164953  0.046875 0.763672 1 19 1.000000
0  24.841539 -74.432442 -5.507168  -0.310648 -0.936277 0.163823  0.046875 0.562500 1 19 1.000000
jet_01_5
0  24.841539 -74.432442 -5.507168  -0.310648 -0.936277 0.163823  0.046875 0.562500 1 19 1.000000
0  24.631756 -74.414337 -5.802769  -0.308725 -0.936705 0.164953  0.046875 0.763672 1 19 1.000000
0  24.728756 -74.449638 -5.818409  -0.310312 -0.936369 0.163945  0.046875 0.763672 1 19 1.000000
jet_01_5
0  24.841539 -74.432442 -5.507168  -0.310648 -0.936277 0.163823  0.046875 0.562500 1 19 1.000000
0  24.728756 -74.449638 -5.818409  -0.310312 -0.936369 0.163945  0.046875 0.763672 1 19 1.000000
0  25.013227 -74.504921 -5.599446  -0.309671 -0.936613 0.163701  0.046875 0.562500 1 19 1.000000
jet_01_5
0  25.013227 -74.504921 -5.599446  -0.309671 -0.936613 0.163701  0.046875 0.562500 1 19 1.000000
0  24.728756 -74.449638 -5.818409  -0.310312 -0.936369 0.163945  0.046875 0.763672 1 19 1.000000
0  24.813866 -74.485611 -5.865330  -0.310892 -0.935667 0.166845  0.046875 0.763672 1 19 1.000000
jet_01_5
0  25.013227 -74.504921 -5.599446  -0.309671 -0.936613 0.163701  0.046875 0.562500 1 19 1.000000
0  24.813866 -74.485611 -5.865330  -0.310892 -0.935667 0.166845  0.046875 0.763672 1 19 1.000000
0  25.144426 -74.574310 -5.744900  -0.310404 -0.935911 0.166448  0.046875 0.562500 1 19 1.000000
jet_01_5
0  25.144426 -74.574310 -5.744900  -0.310404 -0.935911 0.166448  0.046875 0.562500 1 19 1.000000
0  24.813866 -74.485611 -5.865330  -0.310892 -0.935667 0.166845  0.046875 0.763672 1 19 1.000000
0  24.879196 -74.521042 -5.937275  -0.311686 -0.935850 0.164312  0.046875 0.763672 1 19 1.000000
jet_01_5
0  25.144426 -74.574310 -5.744900  -0.310404 -0.935911 0.166448  0.046875 0.562500 1 19 1.000000
0  24.879196 -74.521042 -5.937275  -0.311686 -0.935850 0.164312  0.046875 0.763672 1 19 1.000000
0  25.224449 -74.633400 -5.927891  -0.310007 -0.936216 0.165319  0.046875 0.562500 1 19 1.000000
jet_01_5
0  25.224449 -74.633400 -5.927891  -0.310007 -0.936216 0.165319  0.046875 0.562500 1 19 1.000000
0  24.879196 -74.521042 -5.937275  -0.311686 -0.935850 0.164312  0.046875 0.763672 1 19 1.000000
0  24.919008 -74.548851 -6.027989  -0.309519 -0.937101 0.161290  0.046875 0.763672 1 19 1.000000
jet_01_5
0  25.224449 -74.633400 -5.927891  -0.310007 -0.936216 0.165319  0.046875 0.562500 1 19 1.000000
0  24.919008 -74.548851 -6.027989  -0.309519 -0.937101 0.161290  0.046875 0.763672 1 19 1.000000
0  25.244080 -74.675499 -6.129651  -0.310068 -0.936338 0.164617  0.046875 0.562500 1 19 1.000000
jet_01_5
0  25.244080 -74.675499 -6.129651  -0.310068 -0.936338 0.164617  0.046875 0.562500 1 19 1.000000
0  24.919008 -74.548851 -6.027989  -0.309519 -0.937101 0.161290  0.046875 0.763672 1 19 1.000000
0  24.929289 -74.570900 -6.129651  -0.311014 -0.935575 0.167058  0.046875 0.763672 1 19 1.000000
jet_01_5
0  25.244080 -74.675499 -6.129651  -0.310068 -0.936338 0.164617  0.046875 0.562500 1 19 1.000000
0  24.929289 -74.570900 -6.129651  -0.311014 -0.935575 0.167058  0.046875 0.763672 1 19 1.000000
0  25.202915 -74.697128 -6.331410  -0.310251 -0.936460 0.163518  0.046875 0.562500 1 19 1.000000
jet_01_5
0  25.202915 -74.697128 -6.331410  -0.310251 -0.936460 0.163518  0.046875 0.562500 1 19 1.000000
0  24.929289 -74.570900 -6.129651  -0.311014 -0.935575 0.167058  0.046875 0.763672 1 19 1.000000
0  24.908709 -74.581718 -6.231312  -0.312906 -0.936064 0.160710  0.046875 0.763672 1 19 1.000000
jet_01_5
0  25.202915 -74.697128 -6.331410  -0.310251 -0.936460 0.163518  0.046875 0.562500 1 19 1.000000
0  24.908709 -74.581718 -6.231312  -0.312906 -0.936064 0.160710  0.046875 0.763672 1 19 1.000000
0  25.103498 -74.695900 -6.514401  -0.311991 -0.935911 0.163305  0.046875 0.562500 1 19 1.000000
jet_01_5
0  25.103498 -74.695900 -6.514401  -0.311991 -0.935911 0.163305  0.046875 0.562500 1 19 1.000000
0  24.908709 -74.581718 -6.231312  -0.312906 -0.936064 0.160710  0.046875 0.763672 1 19 1.000000
0  24.859268 -74.580368 -6.322026  -0.313059 -0.936003 0.160863  0.046875 0.763672 1 19 1.000000
jet_01_5
0  25.103498 -74.695900 -6.514401  -0.311991 -0.935911 0.163305  0.046875 0.562500 1 19 1.000000
0  24.859268 -74.580368 -6.322026  -0.313059 -0.936003 0.160863  0.046875 0.763672 1 19 1.000000
0  24.957186 -74.672600 -6.659856  -0.311930 -0.935759 0.164342  0.046875 0.562500 1 19 1.000000
jet_01_5
0  24.957186 -74.672600 -6.659856  -0.311930 -0.935759 0.164342  0.046875 0.562500 1 19 1.000000
0  24.859268 -74.580368 -6.322026  -0.313059 -0.936003 0.160863  0.046875 0.763672 1 19 1.000000
0  24.785378 -74.568451 -6.393971  -0.308847 -0.936796 0.164251  0.046875 0.763672 1 19 1.000000
jet_01_5
0  24.957186 -74.672600 -6.659856  -0.311930 -0.935759 0.164342  0.046875 0.562500 1 19 1.000000
0  24.785378 -74.568451 -6.393971  -0.308847 -0.936796 0.164251  0.046875 0.763672 1 19 1.000000
0  24.776806 -74.628578 -6.752133  -0.309275 -0.936613 0.164464  0.046875 0.562500 1 19 1.000000
jet_01_5
0  24.776806 -74.628578 -6.752133  -0.309275 -0.936613 0.164464  0.046875 0.562500 1 19 1.000000
0  24.785378 -74.568451 -6.393971  -0.308847 -0.936796 0.164251  0.046875 0.763672 1 19 1.000000
0  24.694920 -74.547180 -6.440892  -0.305094 -0.937925 0.164769  0.046875 0.763672 1 19 1.000000
jet_01_5
0  24.776806 -74.628578 -6.752133  -0.309275 -0.936613 0.164464  0.046875 0.562500 1 19 1.000000
0  24.694920 -74.547180 -6.440892  -0.305094 -0.937925 0.164769  0.046875 0.763672 1 19 1.000000
0  24.579994 -74.570259 -6.784977  -0.308542 -0.936949 0.164037  0.046875 0.562500 1 19 1.000000
jet_01_5
0  24.579994 -74.570259 -6.784977  -0.308542 -0.936949 0.164037  0.046875 0.562500 1 19 1.000000
0  24.694920 -74.547180 -6.440892  -0.305094 -0.937925 0.164769  0.046875 0.763672 1 19 1.000000
0  24.597248 -74.518280 -6.456532  -0.308725 -0.936705 0.164953  0.046875 0.763672 1 19 1.000000
jet_01_5
0  24.579994 -74.570259 -6.784977  -0.308542 -0.936949 0.164037  0.046875 0.562500 1 19 1.000000
0  24.597248 -74.518280 -6.456532  -0.308725 -0.936705 0.164953  0.046875 0.763672 1 19 1.000000
0  24.387465 -74.500175 -6.752133  -0.310648 -0.936277 0.163823  0.046875 0.562500 1 19 1.000000
jet_01_5
0  24.387465 -74.500175 -6.752133  -0.310648 -0.936277 0.163823  0.046875 0.562500 1 19 1.000000
0  24.597248 -74.518280 -6.456532  -0.308725 -0.936705 0.164953  0.046875 0.763672 1 19 1.000000
0  24.500248 -74.482979 -6.440892  -0.310312 -0.936369 0.163976  0.046875 0.763672 1 19 1.000000
jet_01_5
0  24.387465 -74.500175 -6.752133  -0.310648 -0.936277 0.163823  0.046875 0.562500 1 19 1.000000
0  24.500248 -74.482979 -6.440892  -0.310312 -0.936369 0.163976  0.046875 0.763672 1 19 1.000000
0  24.215776 -74.427696 -6.659855  -0.309671 -0.936613 0.163671  0.046875 0.562500 1 19 1.000000
jet_01_5
0  24.215776 -74.427696 -6.659855  -0.309671 -0.936613 0.163671  0.046875 0.562500 1 19 1.000000
0  24.500248 -74.482979 -6.440892  -0.310312 -0.936369 0.163976  0.046875 0.763672 1 19 1.000000
0  24.415138 -74.447006 -6.393971  -0.310923 -0.935667 0.166814  0.046875 0.763672 1 19 1.000000
jet_01_5
0  24.215776 -74.427696 -6.659855  -0.309671 -0.936613 0.163671  0.046875 0.562500 1 19 1.000000
0  24.415138 -74.447006 -6.393971  -0.310923 -0.935667 0.166814  0.046875 0.763672 1 19 1.000000
0  24.084578 -74.358307 -6.514401  -0.310404 -0.935911 0.166417  0.046875 0.562500 1 19 1.000000
jet_01_5
0  24.084578 -74.358307 -6.514401  -0.310404 -0.935911 0.166417  0.046875 0.562500 1 19 1.000000
0  24.415138 -74.447006 -6.393971  -0.310923 -0.935667 0.166814  0.046875 0.763672 1 19 1.000000
0  24.349808 -74.411575 -6.322026  -0.311686 -0.935850 0.164312  0.046875 0.763672 1 19 1.000000
jet_01_5
0  24.084578 -74.358307 -6.514401  -0.310404 -0.935911 0.166417  0.046875 0.562500 1 19 1.000000
0  24.349808 -74.411575 -6.322026  -0.311686 -0.935850 0.164312  0.046875 0.763672 1 19 1.000000
0  24.004557 -74.299217 -6.331410  -0.310007 -0.936216 0.165319  0.046875 0.562500 1 19 1.000000
jet_01_5
0  24.004557 -74.299217 -6.331410  -0.310007 -0.936216 0.165319  0.046875 0.562500 1 19 1.000000
0  24.349808 -74.411575 -6.322026  -0.311686 -0.935850 0.164312  0.046875 0.763672 1 19 1.000000
0  24.309996 -74.383766 -6.231312  -0.309519 -0.937071 0.161351  0.046875 0.763672 1 19 1.000000
jet_01_5
0  24.004557 -74.299217 -6.331410  -0.310007 -0.936216 0.165319  0.046875 0.562500 1 19 1.000000
0  24.309996 -74.383766 -6.231312  -0.309519 -0.937071 0.161351  0.046875 0.763672 1 19 1.000000
0  23.984924 -74.257118 -6.129651  -0.310068 -0.936338 0.164617  0.046875 0.562500 1 19 1.000000
jet_01_5
0  23.984924 -74.257118 -6.129651  -0.310068 -0.936338 0.164617  0.046875 0.562500 1 19 1.000000
0  24.309996 -74.383766 -6.231312  -0.309519 -0.937071 0.161351  0.046875 0.763672 1 19 1.000000
0  24.299711 -74.361717 -6.129651  -0.310984 -0.935575 0.167089  0.046875 0.763672 1 19 1.000000
jet_01_5
0  25.833462 -74.798485 -5.724568  -0.309244 -0.936644 0.164495  0.046875 0.160156 1 19 1.000000
0  25.224449 -74.633400 -5.927891  -0.310007 -0.936216 0.165319  0.046875 0.562500 1 19 1.000000
0  25.874191 -74.883209 -6.129651  -0.308878 -0.936857 0.163884  0.046875 0.160156 1 19 1.000000
jet_01_5
0  25.874191 -74.883209 -6.129651  -0.308878 -0.936857 0.163884  0.046875 0.160156 1 19 1.000000
0  25.224449 -74.633400 -5.927891  -0.310007 -0.936216 0.165319  0.046875 0.562500 1 19 1.000000
0  25.244080 -74.675499 -6.129651  -0.310068 -0.936338 0.164617  0.046875 0.562500 1 19 1.000000
jet_01_5
0  25.874191 -74.883209 -6.129651  -0.308878 -0.936857 0.163884  0.046875 0.160156 1 19 1.000000
0  25.244080 -74.675499 -6.129651  -0.310068 -0.936338 0.164617  0.046875 0.562500 1 19 1.000000
0  25.791864 -74.926476 -6.534734  -0.308176 -0.936979 0.164403  0.046875 0.160156 1 19 1.000000
jet_01_5
0  25.791864 -74.926476 -6.534734  -0.308176 -0.936979 0.164403  0.046875 0.160156 1 19 1.000000
0  25.244080 -74.675499 -6.129651  -0.310068 -0.936338 0.164617  0.046875 0.562500 1 19 1.000000
0  25.202915 -74.697128 -6.331410  -0.310251 -0.936460 0.163518  0.046875 0.562500 1 19 1.000000
jet_01_5
0  25.791864 -74.926476 -6.534734  -0.308176 -0.936979 0.164403  0.046875 0.160156 1 19 1.000000
0  25.202915 -74.697128 -6.331410  -0.310251 -0.936460 0.163518  0.046875 0.562500 1 19 1.000000
0  25.593966 -74.926018 -6.899152  -0.309641 -0.936491 0.164403  0.046875 0.160156 1 19 1.000000
jet_01_5
0  25.593966 -74.926018 -6.899152  -0.309641 -0.936491 0.164403  0.046875 0.160156 1 19 1.000000
0  25.202915 -74.697128 -6.331410  -0.310251 -0.936460 0.163518  0.046875 0.562500 1 19 1.000000
0  25.103498 -74.695900 -6.514401  -0.311991 -0.935911 0.163305  0.046875 0.562500 1 19 1.000000
jet_01_5
0  25.593966 -74.926018 -6.899152  -0.309641 -0.936491 0.164403  0.046875 0.160156 1 19 1.000000
0  25.103498 -74.695900 -6.514401  -0.311991 -0.935911 0.163305  0.046875 0.562500 1 19 1.000000
0  25.299871 -74.878891 -7.188497  -0.310190 -0.936369 0.164220  0.046875 0.160156 1 19 1.000000
jet_01_5
0  25.299871 -74.878891 -7.188497  -0.310190 -0.936369 0.164220  0.046875 0.160156 1 19 1.000000
0  25.103498 -74.695900 -6.514401  -0.311991 -0.935911 0.163305  0.046875 0.562500 1 19 1.000000
0  24.957186 -74.672600 -6.659856  -0.311930 -0.935759 0.164342  0.046875 0.562500 1 19 1.000000
jet_01_5
0  25.299871 -74.878891 -7.188497  -0.310190 -0.936369 0.164220  0.046875 0.160156 1 19 1.000000
0  24.957186 -74.672600 -6.659856  -0.311930 -0.935759 0.164342  0.046875 0.562500 1 19 1.000000
0  24.938576 -74.792320 -7.374616  -0.310984 -0.935972 0.164953  0.046875 0.160156 1 19 1.000000
jet_01_5
0  24.938576 -74.792320 -7.374616  -0.310984 -0.935972 0.164953  0.046875 0.160156 1 19 1.000000
0  24.957186 -74.672600 -6.659856  -0.311930 -0.935759 0.164342  0.046875 0.562500 1 19 1.000000
0  24.776806 -74.628578 -6.752133  -0.309275 -0.936613 0.164464  0.046875 0.562500 1 19 1.000000
jet_01_5
0  24.938576 -74.792320 -7.374616  -0.310984 -0.935972 0.164953  0.046875 0.160156 1 19 1.000000
0  24.776806 -74.628578 -6.752133  -0.309275 -0.936613 0.164464  0.046875 0.562500 1 19 1.000000
0  24.546019 -74.672737 -7.438740  -0.310190 -0.936430 0.163762  0.046875 0.160156 1 19 1.000000
jet_01_5
0  24.546019 -74.672737 -7.438740  -0.310190 -0.936430 0.163762  0.046875 0.160156 1 19 1.000000
0  24.776806 -74.628578 -6.752133  -0.309275 -0.936613 0.164464  0.046875 0.562500 1 19 1.000000
0  24.579994 -74.570259 -6.784977  -0.308542 -0.936949 0.164037  0.046875 0.562500 1 19 1.000000
jet_01_5
0  24.546019 -74.672737 -7.438740  -0.310190 -0.936430 0.163762  0.046875 0.160156 1 19 1.000000
0  24.579994 -74.570259 -6.784977  -0.308542 -0.936949 0.164037  0.046875 0.562500 1 19 1.000000
0  24.160419 -74.534050 -7.374615  -0.310465 -0.936338 0.163762  0.046875 0.160156 1 19 1.000000
jet_01_5
0  24.160419 -74.534050 -7.374615  -0.310465 -0.936338 0.163762  0.046875 0.160156 1 19 1.000000
0  24.579994 -74.570259 -6.784977  -0.308542 -0.936949 0.164037  0.046875 0.562500 1 19 1.000000
0  24.387465 -74.500175 -6.752133  -0.310648 -0.936277 0.163823  0.046875 0.562500 1 19 1.000000
jet_01_5
0  24.160419 -74.534050 -7.374615  -0.310465 -0.936338 0.163762  0.046875 0.160156 1 19 1.000000
0  24.387465 -74.500175 -6.752133  -0.310648 -0.936277 0.163823  0.046875 0.562500 1 19 1.000000
0  23.819056 -74.388145 -7.188496  -0.310221 -0.936521 0.163213  0.046875 0.160156 1 19 1.000000
jet_01_5
0  23.819056 -74.388145 -7.188496  -0.310221 -0.936521 0.163213  0.046875 0.160156 1 19 1.000000
0  24.387465 -74.500175 -6.752133  -0.310648 -0.936277 0.163823  0.046875 0.562500 1 19 1.000000
0  24.215776 -74.427696 -6.659855  -0.309671 -0.936613 0.163671  0.046875 0.562500 1 19 1.000000
jet_01_5
0  23.819056 -74.388145 -7.188496  -0.310221 -0.936521 0.163213  0.046875 0.160156 1 19 1.000000
0  24.215776 -74.427696 -6.659855  -0.309671 -0.936613 0.163671  0.046875 0.562500 1 19 1.000000
0  23.554651 -74.250305 -6.899151  -0.309976 -0.936583 0.163396  0.046875 0.160156 1 19 1.000000
jet_01_5
0  23.554651 -74.250305 -6.899151  -0.309976 -0.936583 0.163396  0.046875 0.160156 1 19 1.000000
0  24.215776 -74.427696 -6.659855  -0.309671 -0.936613 0.163671  0.046875 0.562500 1 19 1.000000
0  24.084578 -74.358307 -6.514401  -0.310404 -0.935911 0.166417  0.046875 0.562500 1 19 1.000000
jet_01_5
0  23.554651 -74.250305 -6.899151  -0.309976 -0.936583 0.163396  0.046875 0.160156 1 19 1.000000
0  24.084578 -74.358307 -6.514401  -0.310404 -0.935911 0.166417  0.046875 0.562500 1 19 1.000000
0  23.395542 -74.134125 -6.534734  -0.309244 -0.936613 0.164464  0.046875 0.160156 1 19 1.000000
jet_01_5
0  23.395542 -74.134125 -6.534734  -0.309244 -0.936613 0.164464  0.046875 0.160156 1 19 1.000000
0  24.084578 -74.358307 -6.514401  -0.310404 -0.935911 0.166417  0.046875 0.562500 1 19 1.000000
0  24.004557 -74.299217 -6.331410  -0.310007 -0.936216 0.165319  0.046875 0.562500 1 19 1.000000
jet_01_5
0  23.395542 -74.134125 -6.534734  -0.309244 -0.936613 0.164464  0.046875 0.160156 1 19 1.000000
0  24.004557 -74.299217 -6.331410  -0.310007 -0.936216 0.165319  0.046875 0.562500 1 19 1.000000
0  23.354813 -74.049408 -6.129651  -0.308878 -0.936857 0.163915  0.046875 0.160156 1 19 1.000000
jet_01_5
0  23.354813 -74.049408 -6.129651  -0.308878 -0.936857 0.163915  0.046875 0.160156 1 19 1.000000
0  24.004557 -74.299217 -6.331410  -0.310007 -0.936216 0.165319  0.046875 0.562500 1 19 1.000000
0  23.984924 -74.257118 -6.129651  -0.310068 -0.936338 0.164617  0.046875 0.562500 1 19 1.000000
jet_01_5
0  23.354813 -74.049408 -6.129651  -0.308878 -0.936857 0.163915  0.046875 0.160156 1 19 1.000000
0  23.984924 -74.257118 -6.129651  -0.310068 -0.936338 0.164617  0.046875 0.562500 1 19 1.000000
0  23.437140 -74.006134 -5.724568  -0.308206 -0.936979 0.164403  0.046875 0.160156 1 19 1.000000
jet_01_5
0  23.437140 -74.006134 -5.724568  -0.308206 -0.936979 0.164403  0.046875 0.160156 1 19 1.000000
0  23.984924 -74.257118 -6.129651  -0.310068 -0.936338 0.164617  0.046875 0.562500 1 19 1.000000
0  24.026089 -74.235489 -5.927891  -0.310282 -0.936460 0.163518  0.046875 0.562500 1 19 1.000000
jet_01_5
0  23.437140 -74.006134 -5.724568  -0.308206 -0.936979 0.164403  0.046875 0.160156 1 19 1.000000
0  24.026089 -74.235489 -5.927891  -0.310282 -0.936460 0.163518  0.046875 0.562500 1 19 1.000000
0  23.635038 -74.006599 -5.360150  -0.309671 -0.936491 0.164403  0.046875 0.160156 1 19 1.000000
jet_01_5
0  23.635038 -74.006599 -5.360150  -0.309671 -0.936491 0.164403  0.046875 0.160156 1 19 1.000000
0  24.026089 -74.235489 -5.927891  -0.310282 -0.936460 0.163518  0.046875 0.562500 1 19 1.000000
0  24.125504 -74.236717 -5.744900  -0.311991 -0.935911 0.163305  0.046875 0.562500 1 19 1.000000
jet_01_5
0  23.635038 -74.006599 -5.360150  -0.309671 -0.936491 0.164403  0.046875 0.160156 1 19 1.000000
0  24.125504 -74.236717 -5.744900  -0.311991 -0.935911 0.163305  0.046875 0.562500 1 19 1.000000
0  23.929132 -74.053726 -5.070805  -0.310190 -0.936369 0.164220  0.046875 0.160156 1 19 1.000000
jet_01_5
0  23.929132 -74.053726 -5.070805  -0.310190 -0.936369 0.164220  0.046875 0.160156 1 19 1.000000
0  24.125504 -74.236717 -5.744900  -0.311991 -0.935911 0.163305  0.046875 0.562500 1 19 1.000000
0  24.271818 -74.260017 -5.599446  -0.311930 -0.935759 0.164342  0.046875 0.562500 1 19 1.000000
jet_01_5
0  23.929132 -74.053726 -5.070805  -0.310190 -0.936369 0.164220  0.046875 0.160156 1 19 1.000000
0  24.271818 -74.260017 -5.599446  -0.311930 -0.935759 0.164342  0.046875 0.562500 1 19 1.000000
0  24.290428 -74.140297 -4.884686  -0.310984 -0.935972 0.164953  0.046875 0.160156 1 19 1.000000
jet_01_5
0  24.290428 -74.140297 -4.884686  -0.310984 -0.935972 0.164953  0.046875 0.160156 1 19 1.000000
0  24.271818 -74.260017 -5.599446  -0.311930 -0.935759 0.164342  0.046875 0.562500 1 19 1.000000
0  24.452198 -74.304039 -5.507168  -0.309275 -0.936613 0.164464  0.046875 0.562500 1 19 1.000000
jet_01_5
0  24.290428 -74.140297 -4.884686  -0.310984 -0.935972 0.164953  0.046875 0.160156 1 19 1.000000
0  24.452198 -74.304039 -5.507168  -0.309275 -0.936613 0.164464  0.046875 0.562500 1 19 1.000000
0  24.682983 -74.259880 -4.820561  -0.310190 -0.936430 0.163762  0.046875 0.160156 1 19 1.000000
jet_01_5
0  24.682983 -74.259880 -4.820561  -0.310190 -0.936430 0.163762  0.046875 0.160156 1 19 1.000000
0  24.452198 -74.304039 -5.507168  -0.309275 -0.936613 0.164464  0.046875 0.562500 1 19 1.000000
0  24.649010 -74.362358 -5.474324  -0.308542 -0.936949 0.164037  0.046875 0.562500 1 19 1.000000
jet_01_5
0  24.682983 -74.259880 -4.820561  -0.310190 -0.936430 0.163762  0.046875 0.160156 1 19 1.000000
0  24.649010 -74.362358 -5.474324  -0.308542 -0.936949 0.164037  0.046875 0.562500 1 19 1.000000
0  25.068584 -74.398567 -4.884686  -0.310465 -0.936338 0.163762  0.046875 0.160156 1 19 1.000000
jet_01_5
0  25.068584 -74.398567 -4.884686  -0.310465 -0.936338 0.163762  0.046875 0.160156 1 19 1.000000
0  24.649010 -74.362358 -5.474324  -0.308542 -0.936949 0.164037  0.046875 0.562500 1 19 1.000000
0  24.841539 -74.432442 -5.507168  -0.310648 -0.936277 0.163823  0.046875 0.562500 1 19 1.000000
jet_01_5
0  25.068584 -74.398567 -4.884686  -0.310465 -0.936338 0.163762  0.046875 0.160156 1 19 1.000000
0  24.841539 -74.432442 -5.507168  -0.310648 -0.936277 0.163823  0.046875 0.562500 1 19 1.000000
0  25.409948 -74.544464 -5.070805  -0.310221 -0.936521 0.163213  0.046875 0.160156 1 19 1.000000
jet_01_5
0  25.409948 -74.544464 -5.070805  -0.310221 -0.936521 0.163213  0.046875 0.160156 1 19 1.000000
0  24.841539 -74.432442 -5.507168  -0.310648 -0.936277 0.163823  0.046875 0.562500 1 19 1.000000
0  25.013227 -74.504921 -5.599446  -0.309671 -0.936613 0.163701  0.046875 0.562500 1 19 1.000000
jet_01_5
0  25.409948 -74.544464 -5.070805  -0.310221 -0.936521 0.163213  0.046875 0.160156 1 19 1.000000
0  25.013227 -74.504921 -5.599446  -0.309671 -0.936613 0.163701  0.046875 0.562500 1 19 1.000000
0  25.674349 -74.682304 -5.360150  -0.309976 -0.936583 0.163396  0.046875 0.160156 1 19 1.000000
jet_01_5
0  25.674349 -74.682304 -5.360150  -0.309976 -0.936583 0.163396  0.046875 0.160156 1 19 1.000000
0  25.013227 -74.504921 -5.599446  -0.309671 -0.936613 0.163701  0.046875 0.562500 1 19 1.000000
0  25.144426 -74.574310 -5.744900  -0.310404 -0.935911 0.166448  0.046875 0.562500 1 19 1.000000
jet_01_5
0  25.674349 -74.682304 -5.360150  -0.309976 -0.936583 0.163396  0.046875 0.160156 1 19 1.000000
0  25.144426 -74.574310 -5.744900  -0.310404 -0.935911 0.166448  0.046875 0.562500 1 19 1.000000
0  25.833462 -74.798485 -5.724568  -0.309244 -0.936644 0.164495  0.046875 0.160156 1 19 1.000000
jet_01_5
0  25.833462 -74.798485 -5.724568  -0.309244 -0.936644 0.164495  0.046875 0.160156 1 19 1.000000
0  25.144426 -74.574310 -5.744900  -0.310404 -0.935911 0.166448  0.046875 0.562500 1 19 1.000000
0  25.224449 -74.633400 -5.927891  -0.310007 -0.936216 0.165319  0.046875 0.562500 1 19 1.000000
jet_01_5
0  24.320295 -74.350899 -6.027989  -0.312906 -0.936064 0.160741  0.046875 0.763672 1 19 1.000000
0  24.299711 -74.361717 -6.129651  -0.310984 -0.935575 0.167089  0.046875 0.763672 1 19 1.000000
0  24.614502 -74.466309 -6.129651  -0.309763 -0.936613 0.163579  0.046875 0.966797 1 19 1.000000
jet_01_5
0  24.309996 -74.383766 -6.231312  -0.309519 -0.937071 0.161351  0.046875 0.763672 1 19 1.000000
0  24.614502 -74.466309 -6.129651  -0.309763 -0.936613 0.163579  0.046875 0.966797 1 19 1.000000
0  24.299711 -74.361717 -6.129651  -0.310984 -0.935575 0.167089  0.046875 0.763672 1 19 1.000000
jet_01_5
0  24.349808 -74.411575 -6.322026  -0.311686 -0.935850 0.164312  0.046875 0.763672 1 19 1.000000
0  24.614502 -74.466309 -6.129651  -0.309763 -0.936613 0.163579  0.046875 0.966797 1 19 1.000000
0  24.309996 -74.383766 -6.231312  -0.309519 -0.937071 0.161351  0.046875 0.763672 1 19 1.000000
jet_01_5
0  24.349808 -74.411575 -6.322026  -0.311686 -0.935850 0.164312  0.046875 0.763672 1 19 1.000000
0  24.415138 -74.447006 -6.393971  -0.310923 -0.935667 0.166814  0.046875 0.763672 1 19 1.000000
0  24.614502 -74.466309 -6.129651  -0.309763 -0.936613 0.163579  0.046875 0.966797 1 19 1.000000
jet_01_5
0  24.500248 -74.482979 -6.440892  -0.310312 -0.936369 0.163976  0.046875 0.763672 1 19 1.000000
0  24.614502 -74.466309 -6.129651  -0.309763 -0.936613 0.163579  0.046875 0.966797 1 19 1.000000
0  24.415138 -74.447006 -6.393971  -0.310923 -0.935667 0.166814  0.046875 0.763672 1 19 1.000000
jet_01_5
0  24.597248 -74.518280 -6.456532  -0.308725 -0.936705 0.164953  0.046875 0.763672 1 19 1.000000
0  24.614502 -74.466309 -6.129651  -0.309763 -0.936613 0.163579  0.046875 0.966797 1 19 1.000000
0  24.500248 -74.482979 -6.440892  -0.310312 -0.936369 0.163976  0.046875 0.763672 1 19 1.000000
jet_01_5
0  24.597248 -74.518280 -6.456532  -0.308725 -0.936705 0.164953  0.046875 0.763672 1 19 1.000000
0  24.694920 -74.547180 -6.440892  -0.305094 -0.937925 0.164769  0.046875 0.763672 1 19 1.000000
0  24.614502 -74.466309 -6.129651  -0.309763 -0.936613 0.163579  0.046875 0.966797 1 19 1.000000
jet_01_5
0  24.785378 -74.568451 -6.393971  -0.308847 -0.936796 0.164251  0.046875 0.763672 1 19 1.000000
0  24.614502 -74.466309 -6.129651  -0.309763 -0.936613 0.163579  0.046875 0.966797 1 19 1.000000
0  24.694920 -74.547180 -6.440892  -0.305094 -0.937925 0.164769  0.046875 0.763672 1 19 1.000000
jet_01_5
0  24.859268 -74.580368 -6.322026  -0.313059 -0.936003 0.160863  0.046875 0.763672 1 19 1.000000
0  24.614502 -74.466309 -6.129651  -0.309763 -0.936613 0.163579  0.046875 0.966797 1 19 1.000000
0  24.785378 -74.568451 -6.393971  -0.308847 -0.936796 0.164251  0.046875 0.763672 1 19 1.000000
jet_01_5
0  24.859268 -74.580368 -6.322026  -0.313059 -0.936003 0.160863  0.046875 0.763672 1 19 1.000000
0  24.908709 -74.581718 -6.231312  -0.312906 -0.936064 0.160710  0.046875 0.763672 1 19 1.000000
0  24.614502 -74.466309 -6.129651  -0.309763 -0.936613 0.163579  0.046875 0.966797 1 19 1.000000
jet_01_5
0  24.929289 -74.570900 -6.129651  -0.311014 -0.935575 0.167058  0.046875 0.763672 1 19 1.000000
0  24.614502 -74.466309 -6.129651  -0.309763 -0.936613 0.163579  0.046875 0.966797 1 19 1.000000
0  24.908709 -74.581718 -6.231312  -0.312906 -0.936064 0.160710  0.046875 0.763672 1 19 1.000000
jet_01_5
0  24.919008 -74.548851 -6.027989  -0.309519 -0.937101 0.161290  0.046875 0.763672 1 19 1.000000
0  24.614502 -74.466309 -6.129651  -0.309763 -0.936613 0.163579  0.046875 0.966797 1 19 1.000000
0  24.929289 -74.570900 -6.129651  -0.311014 -0.935575 0.167058  0.046875 0.763672 1 19 1.000000
jet_01_5
0  24.320295 -74.350899 -6.027989  -0.312906 -0.936064 0.160741  0.046875 0.763672 1 19 1.000000
0  24.614502 -74.466309 -6.129651  -0.309763 -0.936613 0.163579  0.046875 0.966797 1 19 1.000000
0  24.369736 -74.352249 -5.937275  -0.313059 -0.936003 0.160863  0.046875 0.763672 1 19 1.000000
jet_01_5
0  24.443626 -74.364166 -5.865330  -0.308847 -0.936796 0.164220  0.046875 0.763672 1 19 1.000000
0  24.369736 -74.352249 -5.937275  -0.313059 -0.936003 0.160863  0.046875 0.763672 1 19 1.000000
0  24.614502 -74.466309 -6.129651  -0.309763 -0.936613 0.163579  0.046875 0.966797 1 19 1.000000
jet_01_5
0  24.443626 -74.364166 -5.865330  -0.308847 -0.936796 0.164220  0.046875 0.763672 1 19 1.000000
0  24.614502 -74.466309 -6.129651  -0.309763 -0.936613 0.163579  0.046875 0.966797 1 19 1.000000
0  24.534084 -74.385437 -5.818409  -0.305094 -0.937925 0.164769  0.046875 0.763672 1 19 1.000000
jet_01_5
0  24.631756 -74.414337 -5.802769  -0.308725 -0.936705 0.164953  0.046875 0.763672 1 19 1.000000
0  24.534084 -74.385437 -5.818409  -0.305094 -0.937925 0.164769  0.046875 0.763672 1 19 1.000000
0  24.614502 -74.466309 -6.129651  -0.309763 -0.936613 0.163579  0.046875 0.966797 1 19 1.000000
jet_01_5
0  24.631756 -74.414337 -5.802769  -0.308725 -0.936705 0.164953  0.046875 0.763672 1 19 1.000000
0  24.614502 -74.466309 -6.129651  -0.309763 -0.936613 0.163579  0.046875 0.966797 1 19 1.000000
0  24.728756 -74.449638 -5.818409  -0.310312 -0.936369 0.163945  0.046875 0.763672 1 19 1.000000
jet_01_5
0  24.813866 -74.485611 -5.865330  -0.310892 -0.935667 0.166845  0.046875 0.763672 1 19 1.000000
0  24.728756 -74.449638 -5.818409  -0.310312 -0.936369 0.163945  0.046875 0.763672 1 19 1.000000
0  24.614502 -74.466309 -6.129651  -0.309763 -0.936613 0.163579  0.046875 0.966797 1 19 1.000000
jet_01_5
0  24.813866 -74.485611 -5.865330  -0.310892 -0.935667 0.166845  0.046875 0.763672 1 19 1.000000
0  24.614502 -74.466309 -6.129651  -0.309763 -0.936613 0.163579  0.046875 0.966797 1 19 1.000000
0  24.879196 -74.521042 -5.937275  -0.311686 -0.935850 0.164312  0.046875 0.763672 1 19 1.000000
jet_01_5
0  24.919008 -74.548851 -6.027989  -0.309519 -0.937101 0.161290  0.046875 0.763672 1 19 1.000000
0  24.879196 -74.521042 -5.937275  -0.311686 -0.935850 0.164312  0.046875 0.763672 1 19 1.000000
0  24.614502 -74.466309 -6.129651  -0.309763 -0.936613 0.163579  0.046875 0.966797 1 19 1.000000
hikari_day_1
0  34.074463 -60.809326 -0.645762  -0.106265 -0.966918 -0.231758  0.136719 0.476562 1 22 1.000000
0  30.121338 -60.543697 -0.731699  -0.003265 -0.974517 -0.224281  0.136719 0.476562 1 22 1.000000
0  33.011963 -57.699944 -13.130136  -0.073519 -0.993439 0.087558  0.871094 0.476562 1 22 1.000000
hikari_day_1
0  26.426023 -60.426514 -2.177012  0.091525 -0.977813 -0.188360  0.136719 0.476562 1 22 1.000000
0  33.011963 -57.699944 -13.130136  -0.073519 -0.993439 0.087558  0.871094 0.476562 1 22 1.000000
0  30.121338 -60.543697 -0.731699  -0.003265 -0.974517 -0.224281  0.136719 0.476562 1 22 1.000000
hikari_day_1
0  23.261965 -60.442139 -4.559824  0.168187 -0.978210 -0.121647  0.136719 0.476562 1 22 1.000000
0  33.011963 -57.699944 -13.130136  -0.073519 -0.993439 0.087558  0.871094 0.476562 1 22 1.000000
0  26.426023 -60.426514 -2.177012  0.091525 -0.977813 -0.188360  0.136719 0.476562 1 22 1.000000
hikari_day_1
0  23.261965 -60.442139 -4.559824  0.168187 -0.978210 -0.121647  0.136719 0.476562 1 22 1.000000
0  21.113523 -60.621822 -7.887949  0.222297 -0.974212 -0.038423  0.136719 0.476562 1 22 1.000000
0  33.011963 -57.699944 -13.130136  -0.073519 -0.993439 0.087558  0.871094 0.476562 1 22 1.000000
hikari_day_1
0  19.949465 -60.910889 -11.661386  0.244362 -0.967986 0.057009  0.136719 0.476562 1 22 1.000000
0  33.011963 -57.699944 -13.130136  -0.073519 -0.993439 0.087558  0.871094 0.476562 1 22 1.000000
0  21.113523 -60.621822 -7.887949  0.222297 -0.974212 -0.038423  0.136719 0.476562 1 22 1.000000
hikari_day_1
0  20.160400 -61.309322 -15.598886  0.239692 -0.958586 0.153600  0.136719 0.476562 1 22 1.000000
0  33.011963 -57.699944 -13.130136  -0.073519 -0.993439 0.087558  0.871094 0.476562 1 22 1.000000
0  19.949465 -60.910889 -11.661386  0.244362 -0.967986 0.057009  0.136719 0.476562 1 22 1.000000
hikari_day_1
0  20.160400 -61.309322 -15.598886  0.239692 -0.958586 0.153600  0.136719 0.476562 1 22 1.000000
0  21.433838 -61.762444 -19.325449  0.202521 -0.948515 0.243446  0.136719 0.476562 1 22 1.000000
0  33.011963 -57.699944 -13.130136  -0.073519 -0.993439 0.087558  0.871094 0.476562 1 22 1.000000
hikari_day_1
0  23.926023 -62.239014 -22.372324  0.143712 -0.936827 0.318796  0.136719 0.476562 1 22 1.000000
0  33.011963 -57.699944 -13.130136  -0.073519 -0.993439 0.087558  0.871094 0.476562 1 22 1.000000
0  21.433838 -61.762444 -19.325449  0.202521 -0.948515 0.243446  0.136719 0.476562 1 22 1.000000
hikari_day_1
0  27.160398 -62.684322 -24.622324  0.064028 -0.927030 0.369457  0.136719 0.476562 1 22 1.000000
0  33.011963 -57.699944 -13.130136  -0.073519 -0.993439 0.087558  0.871094 0.476562 1 22 1.000000
0  23.926023 -62.239014 -22.372324  0.143712 -0.936827 0.318796  0.136719 0.476562 1 22 1.000000
hikari_day_1
0  27.160398 -62.684322 -24.622324  0.064028 -0.927030 0.369457  0.136719 0.476562 1 22 1.000000
0  30.980711 -63.043694 -25.614511  -0.029023 -0.917203 0.397320  0.136719 0.476562 1 22 1.000000
0  33.011963 -57.699944 -13.130136  -0.073519 -0.993439 0.087558  0.871094 0.476562 1 22 1.000000
hikari_day_1
0  35.246334 -63.324944 -25.466074  -0.128391 -0.910886 0.392102  0.136719 0.476562 1 22 1.000000
0  33.011963 -57.699944 -13.130136  -0.073519 -0.993439 0.087558  0.871094 0.476562 1 22 1.000000
0  30.980711 -63.043694 -25.614511  -0.029023 -0.917203 0.397320  0.136719 0.476562 1 22 1.000000
hikari_day_1
0  38.621334 -63.426510 -24.083261  -0.219398 -0.906217 0.361400  0.136719 0.476562 1 22 1.000000
0  33.011963 -57.699944 -13.130136  -0.073519 -0.993439 0.087558  0.871094 0.476562 1 22 1.000000
0  35.246334 -63.324944 -25.466074  -0.128391 -0.910886 0.392102  0.136719 0.476562 1 22 1.000000
hikari_day_1
0  38.621334 -63.426510 -24.083261  -0.219398 -0.906217 0.361400  0.136719 0.476562 1 22 1.000000
0  42.004150 -63.403072 -21.466074  -0.295846 -0.906522 0.301065  0.136719 0.476562 1 22 1.000000
0  33.011963 -57.699944 -13.130136  -0.073519 -0.993439 0.087558  0.871094 0.476562 1 22 1.000000
hikari_day_1
0  43.933842 -63.231194 -18.372324  -0.352947 -0.908567 0.223304  0.136719 0.476562 1 22 1.000000
0  33.011963 -57.699944 -13.130136  -0.073519 -0.993439 0.087558  0.871094 0.476562 1 22 1.000000
0  42.004150 -63.403072 -21.466074  -0.295846 -0.906522 0.301065  0.136719 0.476562 1 22 1.000000
hikari_day_1
0  45.105713 -62.942135 -14.598887  -0.380963 -0.915372 0.130100  0.136719 0.476562 1 22 1.000000
0  33.011963 -57.699944 -13.130136  -0.073519 -0.993439 0.087558  0.871094 0.476562 1 22 1.000000
0  43.933842 -63.231194 -18.372324  -0.352947 -0.908567 0.223304  0.136719 0.476562 1 22 1.000000
hikari_day_1
0  34.074463 -60.809326 -0.645762  -0.106265 -0.966918 -0.231758  0.136719 0.476562 1 22 1.000000
0  33.011963 -57.699944 -13.130136  -0.073519 -0.993439 0.087558  0.871094 0.476562 1 22 1.000000
0  38.183842 -61.199947 -1.770762  -0.207282 -0.957457 -0.200629  0.136719 0.476562 1 22 1.000000
hikari_day_1
0  41.121334 -61.614017 -3.887950  -0.290628 -0.945677 -0.145451  0.136719 0.476562 1 22 1.000000
0  38.183842 -61.199947 -1.770762  -0.207282 -0.957457 -0.200629  0.136719 0.476562 1 22 1.000000
0  33.011963 -57.699944 -13.130136  -0.073519 -0.993439 0.087558  0.871094 0.476562 1 22 1.000000
hikari_day_1
0  41.121334 -61.614017 -3.887950  -0.290628 -0.945677 -0.145451  0.136719 0.476562 1 22 1.000000
0  33.011963 -57.699944 -13.130136  -0.073519 -0.993439 0.087558  0.871094 0.476562 1 22 1.000000
0  43.621334 -62.090576 -6.934824  -0.348827 -0.934904 -0.065188  0.136719 0.476562 1 22 1.000000
hikari_day_1
0  44.894775 -62.543697 -10.661387  -0.382488 -0.923460 0.029237  0.136719 0.476562 1 22 1.000000
0  43.621334 -62.090576 -6.934824  -0.348827 -0.934904 -0.065188  0.136719 0.476562 1 22 1.000000
0  33.011963 -57.699944 -13.130136  -0.073519 -0.993439 0.087558  0.871094 0.476562 1 22 1.000000
hikari_day_1
0  44.894775 -62.543697 -10.661387  -0.382488 -0.923460 0.029237  0.136719 0.476562 1 22 1.000000
0  33.011963 -57.699944 -13.130136  -0.073519 -0.993439 0.087558  0.871094 0.476562 1 22 1.000000
0  45.105713 -62.942135 -14.598887  -0.380963 -0.915372 0.130100  0.136719 0.476562 1 22 1.000000
jet_02_2
0  -561.487549 -153.603073 249.606644  0.461928 0.845882 0.266549  0.000000 1.000000 1 13 1.000000
0  -560.862549 -154.196823 249.903519  0.670461 0.653188 0.351817  0.000000 0.000000 1 13 1.000000
0  -561.284363 -154.618698 249.512909  -0.114750 -0.129368 -0.984924  1.000000 0.000000 1 13 1.000000
jet_02_2
0  -561.284363 -154.618698 249.512909  -0.114750 -0.129368 -0.984924  1.000000 0.000000 1 13 1.000000
0  -561.706299 -154.196823 249.309769  0.329173 -0.530961 -0.780816  1.000000 1.000000 1 13 1.000000
0  -561.487549 -153.603073 249.606644  0.461928 0.845882 0.266549  0.000000 1.000000 1 13 1.000000
jet_02_2
0  -560.862549 -154.196823 249.903519  0.670461 0.653188 0.351817  0.000000 1.000000 1 13 1.000000
0  -560.284363 -154.884323 249.653519  0.870083 0.405194 0.280557  0.000000 0.000000 1 13 1.000000
0  -560.893799 -155.071823 249.341019  -0.480758 0.325022 -0.814356  1.000000 0.000000 1 13 1.000000
jet_02_2
0  -560.893799 -155.071823 249.341019  -0.480758 0.325022 -0.814356  1.000000 0.000000 1 13 1.000000
0  -561.284363 -154.618698 249.512909  -0.114750 -0.129368 -0.984924  1.000000 1.000000 1 13 1.000000
0  -560.862549 -154.196823 249.903519  0.670461 0.653188 0.351817  0.000000 1.000000 1 13 1.000000
jet_02_2
0  -560.284363 -154.884323 249.653519  0.870083 0.405194 0.280557  0.000000 1.000000 1 13 1.000000
0  -559.987549 -155.368698 248.919159  0.966308 0.256142 0.024689  0.000000 0.000000 1 13 1.000000
0  -560.690674 -155.399948 248.841019  -0.674429 0.659291 -0.332316  1.000000 0.000000 1 13 1.000000
jet_02_2
0  -560.690674 -155.399948 248.841019  -0.674429 0.659291 -0.332316  1.000000 0.000000 1 13 1.000000
0  -560.893799 -155.071823 249.341019  -0.480758 0.325022 -0.814356  1.000000 1.000000 1 13 1.000000
0  -560.284363 -154.884323 249.653519  0.870083 0.405194 0.280557  0.000000 1.000000 1 13 1.000000
jet_02_2
0  -559.987549 -155.368698 248.919159  0.966308 0.256142 0.024689  0.000000 1.000000 1 13 1.000000
0  -560.081299 -155.493698 248.012909  0.936247 0.213385 -0.279000  0.000000 0.000000 1 13 1.000000
0  -560.753174 -155.493698 248.231644  -0.626881 0.730674 0.270394  1.000000 0.000000 1 13 1.000000
jet_02_2
0  -560.753174 -155.493698 248.231644  -0.626881 0.730674 0.270394  1.000000 0.000000 1 13 1.000000
0  -560.690674 -155.399948 248.841019  -0.674429 0.659291 -0.332316  1.000000 1.000000 1 13 1.000000
0  -559.987549 -155.368698 248.919159  0.966308 0.256142 0.024689  0.000000 1.000000 1 13 1.000000
jet_02_2
0  -560.081299 -155.493698 248.012909  0.936247 0.213385 -0.279000  0.000000 1.000000 1 13 1.000000
0  -560.518799 -155.196823 247.262909  0.795099 0.305826 -0.523667  0.000000 0.000000 1 13 1.000000
0  -561.050049 -155.290573 247.716019  -0.325816 0.525529 0.785882  1.000000 0.000000 1 13 1.000000
jet_02_2
0  -561.050049 -155.290573 247.716019  -0.325816 0.525529 0.785882  1.000000 0.000000 1 13 1.000000
0  -560.753174 -155.493698 248.231644  -0.626881 0.730674 0.270394  1.000000 1.000000 1 13 1.000000
0  -560.081299 -155.493698 248.012909  0.936247 0.213385 -0.279000  0.000000 1.000000 1 13 1.000000
jet_02_2
0  -560.518799 -155.196823 247.262909  0.795099 0.305826 -0.523667  0.000000 1.000000 1 13 1.000000
0  -561.143799 -154.587448 246.950409  0.567614 0.519608 -0.638539  0.000000 0.000000 1 13 1.000000
0  -561.471863 -154.868698 247.512909  0.104465 0.136723 0.985076  1.000000 0.000000 1 13 1.000000
jet_02_2
0  -561.471863 -154.868698 247.512909  0.104465 0.136723 0.985076  1.000000 0.000000 1 13 1.000000
0  -561.050049 -155.290573 247.716019  -0.325816 0.525529 0.785882  1.000000 1.000000 1 13 1.000000
0  -560.518799 -155.196823 247.262909  0.795099 0.305826 -0.523667  0.000000 1.000000 1 13 1.000000
jet_02_2
0  -561.143799 -154.587448 246.950409  0.567614 0.519608 -0.638539  0.000000 1.000000 1 13 1.000000
0  -561.721863 -153.915573 247.216019  0.387341 0.739921 -0.549944  0.000000 0.000000 1 13 1.000000
0  -561.862549 -154.415573 247.684769  0.481979 -0.330058 0.811609  1.000000 0.000000 1 13 1.000000
jet_02_2
0  -561.862549 -154.415573 247.684769  0.481979 -0.330058 0.811609  1.000000 0.000000 1 13 1.000000
0  -561.471863 -154.868698 247.512909  0.104465 0.136723 0.985076  1.000000 1.000000 1 13 1.000000
0  -561.143799 -154.587448 246.950409  0.567614 0.519608 -0.638539  0.000000 1.000000 1 13 1.000000
jet_02_2
0  -561.721863 -153.915573 247.216019  0.387341 0.739921 -0.549944  0.000000 1.000000 1 13 1.000000
0  -562.018799 -153.415573 247.934769  0.278939 0.910092 -0.306436  0.000000 0.000000 1 13 1.000000
0  -562.065674 -154.087448 248.184769  0.676412 -0.658895 0.329081  1.000000 0.000000 1 13 1.000000
jet_02_2
0  -562.065674 -154.087448 248.184769  0.676412 -0.658895 0.329081  1.000000 0.000000 1 13 1.000000
0  -561.862549 -154.415573 247.684769  0.481979 -0.330058 0.811609  1.000000 1.000000 1 13 1.000000
0  -561.721863 -153.915573 247.216019  0.387341 0.739921 -0.549944  0.000000 1.000000 1 13 1.000000
jet_02_2
0  -562.018799 -153.415573 247.934769  0.278939 0.910092 -0.306436  0.000000 1.000000 1 13 1.000000
0  -561.925049 -153.290573 248.841019  0.315561 0.948882 0.001862  0.000000 0.000000 1 13 1.000000
0  -562.003174 -153.993698 248.794159  0.629688 -0.728874 -0.268654  1.000000 0.000000 1 13 1.000000
jet_02_2
0  -562.003174 -153.993698 248.794159  0.629688 -0.728874 -0.268654  1.000000 0.000000 1 13 1.000000
0  -562.065674 -154.087448 248.184769  0.676412 -0.658895 0.329081  1.000000 1.000000 1 13 1.000000
0  -562.018799 -153.415573 247.934769  0.278939 0.910092 -0.306436  0.000000 1.000000 1 13 1.000000
jet_02_2
0  -561.925049 -153.290573 248.841019  0.315561 0.948882 0.001862  0.000000 1.000000 1 13 1.000000
0  -561.487549 -153.603073 249.606644  0.461928 0.845882 0.266549  0.000000 0.000000 1 13 1.000000
0  -561.706299 -154.196823 249.309769  0.329173 -0.530961 -0.780816  1.000000 0.000000 1 13 1.000000
jet_02_2
0  -561.706299 -154.196823 249.309769  0.329173 -0.530961 -0.780816  1.000000 0.000000 1 13 1.000000
0  -562.003174 -153.993698 248.794159  0.629688 -0.728874 -0.268654  1.000000 1.000000 1 13 1.000000
0  -561.925049 -153.290573 248.841019  0.315561 0.948882 0.001862  0.000000 1.000000 1 13 1.000000
jet_02_2
0  -562.237549 -154.290573 249.762909  -0.790735 -0.310648 0.527421  0.000000 1.000000 1 13 1.000000
0  -561.612549 -154.899948 250.075409  -0.579119 -0.509384 0.636494  0.000000 0.000000 1 13 1.000000
0  -560.862549 -154.196823 249.903519  0.670461 0.653188 0.351817  1.000000 0.000000 1 13 1.000000
jet_02_2
0  -560.862549 -154.196823 249.903519  0.670461 0.653188 0.351817  1.000000 0.000000 1 13 1.000000
0  -561.487549 -153.603073 249.606644  0.461928 0.845882 0.266549  1.000000 1.000000 1 13 1.000000
0  -562.237549 -154.290573 249.762909  -0.790735 -0.310648 0.527421  0.000000 1.000000 1 13 1.000000
jet_02_2
0  -561.612549 -154.899948 250.075409  -0.579119 -0.509384 0.636494  0.000000 1.000000 1 13 1.000000
0  -561.034363 -155.571823 249.809769  -0.379437 -0.749718 0.542100  0.000000 0.000000 1 13 1.000000
0  -560.284363 -154.884323 249.653519  0.870083 0.405194 0.280557  1.000000 0.000000 1 13 1.000000
jet_02_2
0  -560.284363 -154.884323 249.653519  0.870083 0.405194 0.280557  1.000000 0.000000 1 13 1.000000
0  -560.862549 -154.196823 249.903519  0.670461 0.653188 0.351817  1.000000 1.000000 1 13 1.000000
0  -561.612549 -154.899948 250.075409  -0.579119 -0.509384 0.636494  0.000000 1.000000 1 13 1.000000
jet_02_2
0  -561.034363 -155.571823 249.809769  -0.379437 -0.749718 0.542100  0.000000 1.000000 1 13 1.000000
0  -560.737549 -156.071823 249.091019  -0.278359 -0.907773 0.313761  0.000000 0.000000 1 13 1.000000
0  -559.987549 -155.368698 248.919159  0.966308 0.256142 0.024689  1.000000 0.000000 1 13 1.000000
jet_02_2
0  -559.987549 -155.368698 248.919159  0.966308 0.256142 0.024689  1.000000 0.000000 1 13 1.000000
0  -560.284363 -154.884323 249.653519  0.870083 0.405194 0.280557  1.000000 1.000000 1 13 1.000000
0  -561.034363 -155.571823 249.809769  -0.379437 -0.749718 0.542100  0.000000 1.000000 1 13 1.000000
jet_02_2
0  -560.737549 -156.071823 249.091019  -0.278359 -0.907773 0.313761  0.000000 1.000000 1 13 1.000000
0  -560.831299 -156.196823 248.184769  -0.315806 -0.948790 -0.002289  0.000000 0.000000 1 13 1.000000
0  -560.081299 -155.493698 248.012909  0.936247 0.213385 -0.279000  1.000000 0.000000 1 13 1.000000
jet_02_2
0  -560.081299 -155.493698 248.012909  0.936247 0.213385 -0.279000  1.000000 0.000000 1 13 1.000000
0  -559.987549 -155.368698 248.919159  0.966308 0.256142 0.024689  1.000000 1.000000 1 13 1.000000
0  -560.737549 -156.071823 249.091019  -0.278359 -0.907773 0.313761  0.000000 1.000000 1 13 1.000000
jet_02_2
0  -560.831299 -156.196823 248.184769  -0.315806 -0.948790 -0.002289  0.000000 1.000000 1 13 1.000000
0  -561.268799 -155.884323 247.419159  -0.458571 -0.848781 -0.263100  0.000000 0.000000 1 13 1.000000
0  -560.518799 -155.196823 247.262909  0.795099 0.305826 -0.523667  1.000000 0.000000 1 13 1.000000
jet_02_2
0  -560.518799 -155.196823 247.262909  0.795099 0.305826 -0.523667  1.000000 0.000000 1 13 1.000000
0  -560.081299 -155.493698 248.012909  0.936247 0.213385 -0.279000  1.000000 1.000000 1 13 1.000000
0  -560.831299 -156.196823 248.184769  -0.315806 -0.948790 -0.002289  0.000000 1.000000 1 13 1.000000
jet_02_2
0  -561.268799 -155.884323 247.419159  -0.458571 -0.848781 -0.263100  0.000000 1.000000 1 13 1.000000
0  -561.893799 -155.290573 247.122284  -0.680410 -0.642445 -0.352489  0.000000 0.000000 1 13 1.000000
0  -561.143799 -154.587448 246.950409  0.567614 0.519608 -0.638539  1.000000 0.000000 1 13 1.000000
jet_02_2
0  -561.143799 -154.587448 246.950409  0.567614 0.519608 -0.638539  1.000000 0.000000 1 13 1.000000
0  -560.518799 -155.196823 247.262909  0.795099 0.305826 -0.523667  1.000000 1.000000 1 13 1.000000
0  -561.268799 -155.884323 247.419159  -0.458571 -0.848781 -0.263100  0.000000 1.000000 1 13 1.000000
jet_02_2
0  -561.893799 -155.290573 247.122284  -0.680410 -0.642445 -0.352489  0.000000 1.000000 1 13 1.000000
0  -562.471863 -154.603073 247.372284  -0.862606 -0.416333 -0.287301  0.000000 0.000000 1 13 1.000000
0  -561.721863 -153.915573 247.216019  0.387341 0.739921 -0.549944  1.000000 0.000000 1 13 1.000000
jet_02_2
0  -561.721863 -153.915573 247.216019  0.387341 0.739921 -0.549944  1.000000 0.000000 1 13 1.000000
0  -561.143799 -154.587448 246.950409  0.567614 0.519608 -0.638539  1.000000 1.000000 1 13 1.000000
0  -561.893799 -155.290573 247.122284  -0.680410 -0.642445 -0.352489  0.000000 1.000000 1 13 1.000000
jet_02_2
0  -562.471863 -154.603073 247.372284  -0.862606 -0.416333 -0.287301  0.000000 1.000000 1 13 1.000000
0  -562.768799 -154.118698 248.106644  -0.966491 -0.255562 -0.022858  0.000000 0.000000 1 13 1.000000
0  -562.018799 -153.415573 247.934769  0.278939 0.910092 -0.306436  1.000000 0.000000 1 13 1.000000
jet_02_2
0  -562.018799 -153.415573 247.934769  0.278939 0.910092 -0.306436  1.000000 0.000000 1 13 1.000000
0  -561.721863 -153.915573 247.216019  0.387341 0.739921 -0.549944  1.000000 1.000000 1 13 1.000000
0  -562.471863 -154.603073 247.372284  -0.862606 -0.416333 -0.287301  0.000000 1.000000 1 13 1.000000
jet_02_2
0  -562.768799 -154.118698 248.106644  -0.966491 -0.255562 -0.022858  0.000000 1.000000 1 13 1.000000
0  -562.675049 -153.993698 249.012909  -0.935392 -0.211676 0.283212  0.000000 0.000000 1 13 1.000000
0  -561.925049 -153.290573 248.841019  0.315561 0.948882 0.001862  1.000000 0.000000 1 13 1.000000
jet_02_2
0  -561.925049 -153.290573 248.841019  0.315561 0.948882 0.001862  1.000000 0.000000 1 13 1.000000
0  -562.018799 -153.415573 247.934769  0.278939 0.910092 -0.306436  1.000000 1.000000 1 13 1.000000
0  -562.768799 -154.118698 248.106644  -0.966491 -0.255562 -0.022858  0.000000 1.000000 1 13 1.000000
jet_02_2
0  -562.675049 -153.993698 249.012909  -0.935392 -0.211676 0.283212  0.000000 1.000000 1 13 1.000000
0  -562.237549 -154.290573 249.762909  -0.790735 -0.310648 0.527421  0.000000 0.000000 1 13 1.000000
0  -561.487549 -153.603073 249.606644  0.461928 0.845882 0.266549  1.000000 0.000000 1 13 1.000000
jet_02_2
0  -561.487549 -153.603073 249.606644  0.461928 0.845882 0.266549  1.000000 0.000000 1 13 1.000000
0  -561.925049 -153.290573 248.841019  0.315561 0.948882 0.001862  1.000000 1.000000 1 13 1.000000
0  -562.675049 -153.993698 249.012909  -0.935392 -0.211676 0.283212  0.000000 1.000000 1 13 1.000000
jet_02_2
0  -561.706299 -154.196823 249.309769  0.329173 -0.530961 -0.780816  0.000000 1.000000 1 13 1.000000
0  -561.284363 -154.618698 249.512909  -0.114750 -0.129368 -0.984924  0.000000 0.000000 1 13 1.000000
0  -561.612549 -154.899948 250.075409  -0.579119 -0.509384 0.636494  1.000000 0.000000 1 13 1.000000
jet_02_2
0  -561.612549 -154.899948 250.075409  -0.579119 -0.509384 0.636494  1.000000 0.000000 1 13 1.000000
0  -562.237549 -154.290573 249.762909  -0.790735 -0.310648 0.527421  1.000000 1.000000 1 13 1.000000
0  -561.706299 -154.196823 249.309769  0.329173 -0.530961 -0.780816  0.000000 1.000000 1 13 1.000000
jet_02_2
0  -561.284363 -154.618698 249.512909  -0.114750 -0.129368 -0.984924  0.000000 1.000000 1 13 1.000000
0  -560.893799 -155.071823 249.341019  -0.480758 0.325022 -0.814356  0.000000 0.000000 1 13 1.000000
0  -561.034363 -155.571823 249.809769  -0.379437 -0.749718 0.542100  1.000000 0.000000 1 13 1.000000
jet_02_2
0  -561.034363 -155.571823 249.809769  -0.379437 -0.749718 0.542100  1.000000 0.000000 1 13 1.000000
0  -561.612549 -154.899948 250.075409  -0.579119 -0.509384 0.636494  1.000000 1.000000 1 13 1.000000
0  -561.284363 -154.618698 249.512909  -0.114750 -0.129368 -0.984924  0.000000 1.000000 1 13 1.000000
jet_02_2
0  -560.893799 -155.071823 249.341019  -0.480758 0.325022 -0.814356  0.000000 1.000000 1 13 1.000000
0  -560.690674 -155.399948 248.841019  -0.674429 0.659291 -0.332316  0.000000 0.000000 1 13 1.000000
0  -560.737549 -156.071823 249.091019  -0.278359 -0.907773 0.313761  1.000000 0.000000 1 13 1.000000
jet_02_2
0  -560.737549 -156.071823 249.091019  -0.278359 -0.907773 0.313761  1.000000 0.000000 1 13 1.000000
0  -561.034363 -155.571823 249.809769  -0.379437 -0.749718 0.542100  1.000000 1.000000 1 13 1.000000
0  -560.893799 -155.071823 249.341019  -0.480758 0.325022 -0.814356  0.000000 1.000000 1 13 1.000000
jet_02_2
0  -560.690674 -155.399948 248.841019  -0.674429 0.659291 -0.332316  0.000000 1.000000 1 13 1.000000
0  -560.753174 -155.493698 248.231644  -0.626881 0.730674 0.270394  0.000000 0.000000 1 13 1.000000
0  -560.831299 -156.196823 248.184769  -0.315806 -0.948790 -0.002289  1.000000 0.000000 1 13 1.000000
jet_02_2
0  -560.831299 -156.196823 248.184769  -0.315806 -0.948790 -0.002289  1.000000 0.000000 1 13 1.000000
0  -560.737549 -156.071823 249.091019  -0.278359 -0.907773 0.313761  1.000000 1.000000 1 13 1.000000
0  -560.690674 -155.399948 248.841019  -0.674429 0.659291 -0.332316  0.000000 1.000000 1 13 1.000000
jet_02_2
0  -560.753174 -155.493698 248.231644  -0.626881 0.730674 0.270394  0.000000 1.000000 1 13 1.000000
0  -561.050049 -155.290573 247.716019  -0.325816 0.525529 0.785882  0.000000 0.000000 1 13 1.000000
0  -561.268799 -155.884323 247.419159  -0.458571 -0.848781 -0.263100  1.000000 0.000000 1 13 1.000000
jet_02_2
0  -561.268799 -155.884323 247.419159  -0.458571 -0.848781 -0.263100  1.000000 0.000000 1 13 1.000000
0  -560.831299 -156.196823 248.184769  -0.315806 -0.948790 -0.002289  1.000000 1.000000 1 13 1.000000
0  -560.753174 -155.493698 248.231644  -0.626881 0.730674 0.270394  0.000000 1.000000 1 13 1.000000
jet_02_2
0  -561.050049 -155.290573 247.716019  -0.325816 0.525529 0.785882  0.000000 1.000000 1 13 1.000000
0  -561.471863 -154.868698 247.512909  0.104465 0.136723 0.985076  0.000000 0.000000 1 13 1.000000
0  -561.893799 -155.290573 247.122284  -0.680410 -0.642445 -0.352489  1.000000 0.000000 1 13 1.000000
jet_02_2
0  -561.893799 -155.290573 247.122284  -0.680410 -0.642445 -0.352489  1.000000 0.000000 1 13 1.000000
0  -561.268799 -155.884323 247.419159  -0.458571 -0.848781 -0.263100  1.000000 1.000000 1 13 1.000000
0  -561.050049 -155.290573 247.716019  -0.325816 0.525529 0.785882  0.000000 1.000000 1 13 1.000000
jet_02_2
0  -561.471863 -154.868698 247.512909  0.104465 0.136723 0.985076  0.000000 1.000000 1 13 1.000000
0  -561.862549 -154.415573 247.684769  0.481979 -0.330058 0.811609  0.000000 0.000000 1 13 1.000000
0  -562.471863 -154.603073 247.372284  -0.862606 -0.416333 -0.287301  1.000000 0.000000 1 13 1.000000
jet_02_2
0  -562.471863 -154.603073 247.372284  -0.862606 -0.416333 -0.287301  1.000000 0.000000 1 13 1.000000
0  -561.893799 -155.290573 247.122284  -0.680410 -0.642445 -0.352489  1.000000 1.000000 1 13 1.000000
0  -561.471863 -154.868698 247.512909  0.104465 0.136723 0.985076  0.000000 1.000000 1 13 1.000000
jet_02_2
0  -561.862549 -154.415573 247.684769  0.481979 -0.330058 0.811609  0.000000 1.000000 1 13 1.000000
0  -562.065674 -154.087448 248.184769  0.676412 -0.658895 0.329081  0.000000 0.000000 1 13 1.000000
0  -562.768799 -154.118698 248.106644  -0.966491 -0.255562 -0.022858  1.000000 0.000000 1 13 1.000000
jet_02_2
0  -562.768799 -154.118698 248.106644  -0.966491 -0.255562 -0.022858  1.000000 0.000000 1 13 1.000000
0  -562.471863 -154.603073 247.372284  -0.862606 -0.416333 -0.287301  1.000000 1.000000 1 13 1.000000
0  -561.862549 -154.415573 247.684769  0.481979 -0.330058 0.811609  0.000000 1.000000 1 13 1.000000
jet_02_2
0  -562.065674 -154.087448 248.184769  0.676412 -0.658895 0.329081  0.000000 1.000000 1 13 1.000000
0  -562.003174 -153.993698 248.794159  0.629688 -0.728874 -0.268654  0.000000 0.000000 1 13 1.000000
0  -562.675049 -153.993698 249.012909  -0.935392 -0.211676 0.283212  1.000000 0.000000 1 13 1.000000
jet_02_2
0  -562.675049 -153.993698 249.012909  -0.935392 -0.211676 0.283212  1.000000 0.000000 1 13 1.000000
0  -562.768799 -154.118698 248.106644  -0.966491 -0.255562 -0.022858  1.000000 1.000000 1 13 1.000000
0  -562.065674 -154.087448 248.184769  0.676412 -0.658895 0.329081  0.000000 1.000000 1 13 1.000000
jet_02_2
0  -562.003174 -153.993698 248.794159  0.629688 -0.728874 -0.268654  0.000000 1.000000 1 13 1.000000
0  -561.706299 -154.196823 249.309769  0.329173 -0.530961 -0.780816  0.000000 0.000000 1 13 1.000000
0  -562.237549 -154.290573 249.762909  -0.790735 -0.310648 0.527421  1.000000 0.000000 1 13 1.000000
jet_02_2
0  -562.237549 -154.290573 249.762909  -0.790735 -0.310648 0.527421  1.000000 0.000000 1 13 1.000000
0  -562.675049 -153.993698 249.012909  -0.935392 -0.211676 0.283212  1.000000 1.000000 1 13 1.000000
0  -562.003174 -153.993698 248.794159  0.629688 -0.728874 -0.268654  0.000000 1.000000 1 13 1.000000
jet_02_2
0  -558.979004 -168.612595 248.475296  0.687002 0.686605 0.237770  0.000000 1.000000 1 14 1.000000
0  -558.510254 -169.362595 248.756561  0.838862 0.445631 0.312540  0.000000 0.000000 1 14 1.000000
0  -559.057068 -169.643845 248.397186  -0.185034 -0.102695 -0.977325  1.000000 0.000000 1 14 1.000000
jet_02_2
0  -559.057068 -169.643845 248.397186  -0.185034 -0.102695 -0.977325  1.000000 0.000000 1 14 1.000000
0  -559.354004 -169.128204 248.194046  0.151585 -0.595508 -0.788873  1.000000 1.000000 1 14 1.000000
0  -558.979004 -168.612595 248.475296  0.687002 0.686605 0.237770  0.000000 1.000000 1 14 1.000000
jet_02_2
0  -558.510254 -169.362595 248.756561  0.838862 0.445631 0.312540  0.000000 1.000000 1 14 1.000000
0  -558.166504 -170.175079 248.490921  0.958312 0.160466 0.236366  0.000000 0.000000 1 14 1.000000
0  -558.807068 -170.190720 248.209686  -0.406690 0.444441 -0.798151  1.000000 0.000000 1 14 1.000000
jet_02_2
0  -558.807068 -170.190720 248.209686  -0.406690 0.444441 -0.798151  1.000000 0.000000 1 14 1.000000
0  -559.057068 -169.643845 248.397186  -0.185034 -0.102695 -0.977325  1.000000 1.000000 1 14 1.000000
0  -558.510254 -169.362595 248.756561  0.838862 0.445631 0.312540  0.000000 1.000000 1 14 1.000000
jet_02_2
0  -558.166504 -170.175079 248.490921  0.958312 0.160466 0.236366  0.000000 1.000000 1 14 1.000000
0  -558.041504 -170.721954 247.756561  0.999725 -0.016449 -0.016175  0.000000 0.000000 1 14 1.000000
0  -558.729004 -170.565720 247.709686  -0.489486 0.816645 -0.305673  1.000000 0.000000 1 14 1.000000
jet_02_2
0  -558.729004 -170.565720 247.709686  -0.489486 0.816645 -0.305673  1.000000 0.000000 1 14 1.000000
0  -558.807068 -170.190720 248.209686  -0.406690 0.444441 -0.798151  1.000000 1.000000 1 14 1.000000
0  -558.166504 -170.175079 248.490921  0.958312 0.160466 0.236366  0.000000 1.000000 1 14 1.000000
jet_02_2
0  -558.041504 -170.721954 247.756561  0.999725 -0.016449 -0.016175  0.000000 1.000000 1 14 1.000000
0  -558.197754 -170.815720 246.850296  0.944212 -0.052461 -0.325053  0.000000 0.000000 1 14 1.000000
0  -558.838379 -170.628204 247.100296  -0.388287 0.872402 0.296854  1.000000 0.000000 1 14 1.000000
jet_02_2
0  -558.838379 -170.628204 247.100296  -0.388287 0.872402 0.296854  1.000000 0.000000 1 14 1.000000
0  -558.729004 -170.565720 247.709686  -0.489486 0.816645 -0.305673  1.000000 1.000000 1 14 1.000000
0  -558.041504 -170.721954 247.756561  0.999725 -0.016449 -0.016175  0.000000 1.000000 1 14 1.000000
jet_02_2
0  -558.197754 -170.815720 246.850296  0.944212 -0.052461 -0.325053  0.000000 1.000000 1 14 1.000000
0  -558.588379 -170.393845 246.115921  0.821986 0.090396 -0.562243  0.000000 0.000000 1 14 1.000000
0  -559.104004 -170.346954 246.600296  -0.140263 0.588153 0.796472  1.000000 0.000000 1 14 1.000000
jet_02_2
0  -559.104004 -170.346954 246.600296  -0.140263 0.588153 0.796472  1.000000 0.000000 1 14 1.000000
0  -558.838379 -170.628204 247.100296  -0.388287 0.872402 0.296854  1.000000 1.000000 1 14 1.000000
0  -558.197754 -170.815720 246.850296  0.944212 -0.052461 -0.325053  0.000000 1.000000 1 14 1.000000
jet_02_2
0  -558.588379 -170.393845 246.115921  0.821986 0.090396 -0.562243  0.000000 1.000000 1 14 1.000000
0  -559.041504 -169.643845 245.819046  0.656178 0.341075 -0.673086  0.000000 0.000000 1 14 1.000000
0  -559.400879 -169.831345 246.397186  0.183660 0.122135 0.975341  1.000000 0.000000 1 14 1.000000
jet_02_2
0  -559.400879 -169.831345 246.397186  0.183660 0.122135 0.975341  1.000000 0.000000 1 14 1.000000
0  -559.104004 -170.346954 246.600296  -0.140263 0.588153 0.796472  1.000000 1.000000 1 14 1.000000
0  -558.588379 -170.393845 246.115921  0.821986 0.090396 -0.562243  0.000000 1.000000 1 14 1.000000
jet_02_2
0  -559.041504 -169.643845 245.819046  0.656178 0.341075 -0.673086  0.000000 1.000000 1 14 1.000000
0  -559.400879 -168.831345 246.100296  0.538377 0.615833 -0.575182  0.000000 0.000000 1 14 1.000000
0  -559.650879 -169.284454 246.584686  0.409284 -0.450728 0.793268  1.000000 0.000000 1 14 1.000000
jet_02_2
0  -559.650879 -169.284454 246.584686  0.409284 -0.450728 0.793268  1.000000 0.000000 1 14 1.000000
0  -559.400879 -169.831345 246.397186  0.183660 0.122135 0.975341  1.000000 1.000000 1 14 1.000000
0  -559.041504 -169.643845 245.819046  0.656178 0.341075 -0.673086  0.000000 1.000000 1 14 1.000000
jet_02_2
0  -559.400879 -168.831345 246.100296  0.538377 0.615833 -0.575182  0.000000 1.000000 1 14 1.000000
0  -559.510254 -168.284454 246.834686  0.509873 0.795068 -0.328410  0.000000 0.000000 1 14 1.000000
0  -559.729004 -168.909454 247.084686  0.490310 -0.816889 0.303720  1.000000 0.000000 1 14 1.000000
jet_02_2
0  -559.729004 -168.909454 247.084686  0.490310 -0.816889 0.303720  1.000000 0.000000 1 14 1.000000
0  -559.650879 -169.284454 246.584686  0.409284 -0.450728 0.793268  1.000000 1.000000 1 14 1.000000
0  -559.400879 -168.831345 246.100296  0.538377 0.615833 -0.575182  0.000000 1.000000 1 14 1.000000
jet_02_2
0  -559.510254 -168.284454 246.834686  0.509873 0.795068 -0.328410  0.000000 1.000000 1 14 1.000000
0  -559.354004 -168.190720 247.740921  0.554155 0.832209 -0.016999  0.000000 0.000000 1 14 1.000000
0  -559.619568 -168.846954 247.694046  0.386273 -0.872555 -0.299020  1.000000 0.000000 1 14 1.000000
jet_02_2
0  -559.619568 -168.846954 247.694046  0.386273 -0.872555 -0.299020  1.000000 0.000000 1 14 1.000000
0  -559.729004 -168.909454 247.084686  0.490310 -0.816889 0.303720  1.000000 1.000000 1 14 1.000000
0  -559.510254 -168.284454 246.834686  0.509873 0.795068 -0.328410  0.000000 1.000000 1 14 1.000000
jet_02_2
0  -559.354004 -168.190720 247.740921  0.554155 0.832209 -0.016999  0.000000 1.000000 1 14 1.000000
0  -558.979004 -168.612595 248.475296  0.687002 0.686605 0.237770  0.000000 0.000000 1 14 1.000000
0  -559.354004 -169.128204 248.194046  0.151585 -0.595508 -0.788873  1.000000 0.000000 1 14 1.000000
jet_02_2
0  -559.354004 -169.128204 248.194046  0.151585 -0.595508 -0.788873  1.000000 0.000000 1 14 1.000000
0  -559.619568 -168.846954 247.694046  0.386273 -0.872555 -0.299020  1.000000 1.000000 1 14 1.000000
0  -559.354004 -168.190720 247.740921  0.554155 0.832209 -0.016999  0.000000 1.000000 1 14 1.000000
jet_02_2
0  -559.869568 -169.081345 248.678436  -0.815302 -0.097751 0.570666  0.000000 1.000000 1 14 1.000000
0  -559.416504 -169.831345 248.959686  -0.668722 -0.339518 0.661428  0.000000 0.000000 1 14 1.000000
0  -558.510254 -169.362595 248.756561  0.838862 0.445631 0.312540  1.000000 0.000000 1 14 1.000000
jet_02_2
0  -558.510254 -169.362595 248.756561  0.838862 0.445631 0.312540  1.000000 0.000000 1 14 1.000000
0  -558.979004 -168.612595 248.475296  0.687002 0.686605 0.237770  1.000000 1.000000 1 14 1.000000
0  -559.869568 -169.081345 248.678436  -0.815302 -0.097751 0.570666  0.000000 1.000000 1 14 1.000000
jet_02_2
0  -559.416504 -169.831345 248.959686  -0.668722 -0.339518 0.661428  0.000000 1.000000 1 14 1.000000
0  -559.057068 -170.643845 248.694046  -0.538255 -0.611408 0.580004  0.000000 0.000000 1 14 1.000000
0  -558.166504 -170.175079 248.490921  0.958312 0.160466 0.236366  1.000000 0.000000 1 14 1.000000
jet_02_2
0  -558.166504 -170.175079 248.490921  0.958312 0.160466 0.236366  1.000000 0.000000 1 14 1.000000
0  -558.510254 -169.362595 248.756561  0.838862 0.445631 0.312540  1.000000 1.000000 1 14 1.000000
0  -559.416504 -169.831345 248.959686  -0.668722 -0.339518 0.661428  0.000000 1.000000 1 14 1.000000
jet_02_2
0  -559.057068 -170.643845 248.694046  -0.538255 -0.611408 0.580004  0.000000 1.000000 1 14 1.000000
0  -558.947754 -171.190720 247.959686  -0.510697 -0.796777 0.322916  0.000000 0.000000 1 14 1.000000
0  -558.041504 -170.721954 247.756561  0.999725 -0.016449 -0.016175  1.000000 0.000000 1 14 1.000000
jet_02_2
0  -558.041504 -170.721954 247.756561  0.999725 -0.016449 -0.016175  1.000000 0.000000 1 14 1.000000
0  -558.166504 -170.175079 248.490921  0.958312 0.160466 0.236366  1.000000 1.000000 1 14 1.000000
0  -559.057068 -170.643845 248.694046  -0.538255 -0.611408 0.580004  0.000000 1.000000 1 14 1.000000
jet_02_2
0  -558.947754 -171.190720 247.959686  -0.510697 -0.796777 0.322916  0.000000 1.000000 1 14 1.000000
0  -559.104004 -171.284454 247.053436  -0.556139 -0.830927 0.015442  0.000000 0.000000 1 14 1.000000
0  -558.197754 -170.815720 246.850296  0.944212 -0.052461 -0.325053  1.000000 0.000000 1 14 1.000000
jet_02_2
0  -558.197754 -170.815720 246.850296  0.944212 -0.052461 -0.325053  1.000000 0.000000 1 14 1.000000
0  -558.041504 -170.721954 247.756561  0.999725 -0.016449 -0.016175  1.000000 1.000000 1 14 1.000000
0  -558.947754 -171.190720 247.959686  -0.510697 -0.796777 0.322916  0.000000 1.000000 1 14 1.000000
jet_02_2
0  -559.104004 -171.284454 247.053436  -0.556139 -0.830927 0.015442  0.000000 1.000000 1 14 1.000000
0  -559.479004 -170.862595 246.319046  -0.677541 -0.698782 -0.229377  0.000000 0.000000 1 14 1.000000
0  -558.588379 -170.393845 246.115921  0.821986 0.090396 -0.562243  1.000000 0.000000 1 14 1.000000
jet_02_2
0  -558.588379 -170.393845 246.115921  0.821986 0.090396 -0.562243  1.000000 0.000000 1 14 1.000000
0  -558.197754 -170.815720 246.850296  0.944212 -0.052461 -0.325053  1.000000 1.000000 1 14 1.000000
0  -559.104004 -171.284454 247.053436  -0.556139 -0.830927 0.015442  0.000000 1.000000 1 14 1.000000
jet_02_2
0  -559.479004 -170.862595 246.319046  -0.677541 -0.698782 -0.229377  0.000000 1.000000 1 14 1.000000
0  -559.947754 -170.112595 246.037796  -0.847896 -0.431196 -0.308390  0.000000 0.000000 1 14 1.000000
0  -559.041504 -169.643845 245.819046  0.656178 0.341075 -0.673086  1.000000 0.000000 1 14 1.000000
jet_02_2
0  -559.041504 -169.643845 245.819046  0.656178 0.341075 -0.673086  1.000000 0.000000 1 14 1.000000
0  -558.588379 -170.393845 246.115921  0.821986 0.090396 -0.562243  1.000000 1.000000 1 14 1.000000
0  -559.479004 -170.862595 246.319046  -0.677541 -0.698782 -0.229377  0.000000 1.000000 1 14 1.000000
jet_02_2
0  -559.947754 -170.112595 246.037796  -0.847896 -0.431196 -0.308390  0.000000 1.000000 1 14 1.000000
0  -560.291504 -169.300079 246.303436  -0.957884 -0.163182 -0.236213  0.000000 0.000000 1 14 1.000000
0  -559.400879 -168.831345 246.100296  0.538377 0.615833 -0.575182  1.000000 0.000000 1 14 1.000000
jet_02_2
0  -559.400879 -168.831345 246.100296  0.538377 0.615833 -0.575182  1.000000 0.000000 1 14 1.000000
0  -559.041504 -169.643845 245.819046  0.656178 0.341075 -0.673086  1.000000 1.000000 1 14 1.000000
0  -559.947754 -170.112595 246.037796  -0.847896 -0.431196 -0.308390  0.000000 1.000000 1 14 1.000000
jet_02_2
0  -560.291504 -169.300079 246.303436  -0.957884 -0.163182 -0.236213  0.000000 1.000000 1 14 1.000000
0  -560.416504 -168.753204 247.037796  -0.999725 0.017365 0.014283  0.000000 0.000000 1 14 1.000000
0  -559.510254 -168.284454 246.834686  0.509873 0.795068 -0.328410  1.000000 0.000000 1 14 1.000000
jet_02_2
0  -559.510254 -168.284454 246.834686  0.509873 0.795068 -0.328410  1.000000 0.000000 1 14 1.000000
0  -559.400879 -168.831345 246.100296  0.538377 0.615833 -0.575182  1.000000 1.000000 1 14 1.000000
0  -560.291504 -169.300079 246.303436  -0.957884 -0.163182 -0.236213  0.000000 1.000000 1 14 1.000000
jet_02_2
0  -560.416504 -168.753204 247.037796  -0.999725 0.017365 0.014283  0.000000 1.000000 1 14 1.000000
0  -560.260254 -168.659454 247.944046  -0.945128 0.053682 0.322214  0.000000 0.000000 1 14 1.000000
0  -559.354004 -168.190720 247.740921  0.554155 0.832209 -0.016999  1.000000 0.000000 1 14 1.000000
jet_02_2
0  -559.354004 -168.190720 247.740921  0.554155 0.832209 -0.016999  1.000000 0.000000 1 14 1.000000
0  -559.510254 -168.284454 246.834686  0.509873 0.795068 -0.328410  1.000000 1.000000 1 14 1.000000
0  -560.416504 -168.753204 247.037796  -0.999725 0.017365 0.014283  0.000000 1.000000 1 14 1.000000
jet_02_2
0  -560.260254 -168.659454 247.944046  -0.945128 0.053682 0.322214  0.000000 1.000000 1 14 1.000000
0  -559.869568 -169.081345 248.678436  -0.815302 -0.097751 0.570666  0.000000 0.000000 1 14 1.000000
0  -558.979004 -168.612595 248.475296  0.687002 0.686605 0.237770  1.000000 0.000000 1 14 1.000000
jet_02_2
0  -558.979004 -168.612595 248.475296  0.687002 0.686605 0.237770  1.000000 0.000000 1 14 1.000000
0  -559.354004 -168.190720 247.740921  0.554155 0.832209 -0.016999  1.000000 1.000000 1 14 1.000000
0  -560.260254 -168.659454 247.944046  -0.945128 0.053682 0.322214  0.000000 1.000000 1 14 1.000000
jet_02_2
0  -559.354004 -169.128204 248.194046  0.151585 -0.595508 -0.788873  0.000000 1.000000 1 14 1.000000
0  -559.057068 -169.643845 248.397186  -0.185034 -0.102695 -0.977325  0.000000 0.000000 1 14 1.000000
0  -559.416504 -169.831345 248.959686  -0.668722 -0.339518 0.661428  1.000000 0.000000 1 14 1.000000
jet_02_2
0  -559.416504 -169.831345 248.959686  -0.668722 -0.339518 0.661428  1.000000 0.000000 1 14 1.000000
0  -559.869568 -169.081345 248.678436  -0.815302 -0.097751 0.570666  1.000000 1.000000 1 14 1.000000
0  -559.354004 -169.128204 248.194046  0.151585 -0.595508 -0.788873  0.000000 1.000000 1 14 1.000000
jet_02_2
0  -559.057068 -169.643845 248.397186  -0.185034 -0.102695 -0.977325  0.000000 1.000000 1 14 1.000000
0  -558.807068 -170.190720 248.209686  -0.406690 0.444441 -0.798151  0.000000 0.000000 1 14 1.000000
0  -559.057068 -170.643845 248.694046  -0.538255 -0.611408 0.580004  1.000000 0.000000 1 14 1.000000
jet_02_2
0  -559.057068 -170.643845 248.694046  -0.538255 -0.611408 0.580004  1.000000 0.000000 1 14 1.000000
0  -559.416504 -169.831345 248.959686  -0.668722 -0.339518 0.661428  1.000000 1.000000 1 14 1.000000
0  -559.057068 -169.643845 248.397186  -0.185034 -0.102695 -0.977325  0.000000 1.000000 1 14 1.000000
jet_02_2
0  -558.807068 -170.190720 248.209686  -0.406690 0.444441 -0.798151  0.000000 1.000000 1 14 1.000000
0  -558.729004 -170.565720 247.709686  -0.489486 0.816645 -0.305673  0.000000 0.000000 1 14 1.000000
0  -558.947754 -171.190720 247.959686  -0.510697 -0.796777 0.322916  1.000000 0.000000 1 14 1.000000
jet_02_2
0  -558.947754 -171.190720 247.959686  -0.510697 -0.796777 0.322916  1.000000 0.000000 1 14 1.000000
0  -559.057068 -170.643845 248.694046  -0.538255 -0.611408 0.580004  1.000000 1.000000 1 14 1.000000
0  -558.807068 -170.190720 248.209686  -0.406690 0.444441 -0.798151  0.000000 1.000000 1 14 1.000000
jet_02_2
0  -558.729004 -170.565720 247.709686  -0.489486 0.816645 -0.305673  0.000000 1.000000 1 14 1.000000
0  -558.838379 -170.628204 247.100296  -0.388287 0.872402 0.296854  0.000000 0.000000 1 14 1.000000
0  -559.104004 -171.284454 247.053436  -0.556139 -0.830927 0.015442  1.000000 0.000000 1 14 1.000000
jet_02_2
0  -559.104004 -171.284454 247.053436  -0.556139 -0.830927 0.015442  1.000000 0.000000 1 14 1.000000
0  -558.947754 -171.190720 247.959686  -0.510697 -0.796777 0.322916  1.000000 1.000000 1 14 1.000000
0  -558.729004 -170.565720 247.709686  -0.489486 0.816645 -0.305673  0.000000 1.000000 1 14 1.000000
jet_02_2
0  -558.838379 -170.628204 247.100296  -0.388287 0.872402 0.296854  0.000000 1.000000 1 14 1.000000
0  -559.104004 -170.346954 246.600296  -0.140263 0.588153 0.796472  0.000000 0.000000 1 14 1.000000
0  -559.479004 -170.862595 246.319046  -0.677541 -0.698782 -0.229377  1.000000 0.000000 1 14 1.000000
jet_02_2
0  -559.479004 -170.862595 246.319046  -0.677541 -0.698782 -0.229377  1.000000 0.000000 1 14 1.000000
0  -559.104004 -171.284454 247.053436  -0.556139 -0.830927 0.015442  1.000000 1.000000 1 14 1.000000
0  -558.838379 -170.628204 247.100296  -0.388287 0.872402 0.296854  0.000000 1.000000 1 14 1.000000
jet_02_2
0  -559.104004 -170.346954 246.600296  -0.140263 0.588153 0.796472  0.000000 1.000000 1 14 1.000000
0  -559.400879 -169.831345 246.397186  0.183660 0.122135 0.975341  0.000000 0.000000 1 14 1.000000
0  -559.947754 -170.112595 246.037796  -0.847896 -0.431196 -0.308390  1.000000 0.000000 1 14 1.000000
jet_02_2
0  -559.947754 -170.112595 246.037796  -0.847896 -0.431196 -0.308390  1.000000 0.000000 1 14 1.000000
0  -559.479004 -170.862595 246.319046  -0.677541 -0.698782 -0.229377  1.000000 1.000000 1 14 1.000000
0  -559.104004 -170.346954 246.600296  -0.140263 0.588153 0.796472  0.000000 1.000000 1 14 1.000000
jet_02_2
0  -559.400879 -169.831345 246.397186  0.183660 0.122135 0.975341  0.000000 1.000000 1 14 1.000000
0  -559.650879 -169.284454 246.584686  0.409284 -0.450728 0.793268  0.000000 0.000000 1 14 1.000000
0  -560.291504 -169.300079 246.303436  -0.957884 -0.163182 -0.236213  1.000000 0.000000 1 14 1.000000
jet_02_2
0  -560.291504 -169.300079 246.303436  -0.957884 -0.163182 -0.236213  1.000000 0.000000 1 14 1.000000
0  -559.947754 -170.112595 246.037796  -0.847896 -0.431196 -0.308390  1.000000 1.000000 1 14 1.000000
0  -559.400879 -169.831345 246.397186  0.183660 0.122135 0.975341  0.000000 1.000000 1 14 1.000000
jet_02_2
0  -559.650879 -169.284454 246.584686  0.409284 -0.450728 0.793268  0.000000 1.000000 1 14 1.000000
0  -559.729004 -168.909454 247.084686  0.490310 -0.816889 0.303720  0.000000 0.000000 1 14 1.000000
0  -560.416504 -168.753204 247.037796  -0.999725 0.017365 0.014283  1.000000 0.000000 1 14 1.000000
jet_02_2
0  -560.416504 -168.753204 247.037796  -0.999725 0.017365 0.014283  1.000000 0.000000 1 14 1.000000
0  -560.291504 -169.300079 246.303436  -0.957884 -0.163182 -0.236213  1.000000 1.000000 1 14 1.000000
0  -559.650879 -169.284454 246.584686  0.409284 -0.450728 0.793268  0.000000 1.000000 1 14 1.000000
jet_02_2
0  -559.729004 -168.909454 247.084686  0.490310 -0.816889 0.303720  0.000000 1.000000 1 14 1.000000
0  -559.619568 -168.846954 247.694046  0.386273 -0.872555 -0.299020  0.000000 0.000000 1 14 1.000000
0  -560.260254 -168.659454 247.944046  -0.945128 0.053682 0.322214  1.000000 0.000000 1 14 1.000000
jet_02_2
0  -560.260254 -168.659454 247.944046  -0.945128 0.053682 0.322214  1.000000 0.000000 1 14 1.000000
0  -560.416504 -168.753204 247.037796  -0.999725 0.017365 0.014283  1.000000 1.000000 1 14 1.000000
0  -559.729004 -168.909454 247.084686  0.490310 -0.816889 0.303720  0.000000 1.000000 1 14 1.000000
jet_02_2
0  -559.619568 -168.846954 247.694046  0.386273 -0.872555 -0.299020  0.000000 1.000000 1 14 1.000000
0  -559.354004 -169.128204 248.194046  0.151585 -0.595508 -0.788873  0.000000 0.000000 1 14 1.000000
0  -559.869568 -169.081345 248.678436  -0.815302 -0.097751 0.570666  1.000000 0.000000 1 14 1.000000
jet_02_2
0  -559.869568 -169.081345 248.678436  -0.815302 -0.097751 0.570666  1.000000 0.000000 1 14 1.000000
0  -560.260254 -168.659454 247.944046  -0.945128 0.053682 0.322214  1.000000 1.000000 1 14 1.000000
0  -559.619568 -168.846954 247.694046  0.386273 -0.872555 -0.299020  0.000000 1.000000 1 14 1.000000
baku01_02_1
0  -86.082031 -8.710701 47.788818  -0.984649 0.173956 -0.013611  -3.927734 -9.056641 1 4 1.000000
0  -86.785156 -8.601335 100.023186  -0.984649 0.173956 -0.013611  -3.878906 5.029297 1 4 1.000000
0  -80.832031 25.101791 100.132576  -0.984649 0.173956 -0.013611  5.304688 5.024414 1 4 1.000000
baku01_02_1
0  -80.832031 25.101791 100.132576  -0.984649 0.173956 -0.013611  5.304688 5.024414 1 4 1.000000
0  -80.128906 24.992424 47.898197  -0.984649 0.173956 -0.013611  5.257812 -9.061523 1 4 1.000000
0  -86.082031 -8.710701 47.788818  -0.984649 0.173956 -0.013611  -3.927734 -9.056641 1 4 1.000000
baku01_02_1
0  -90.518066 -7.012461 57.758545  -0.992553 0.121036 -0.012757  -2.632812 -4.279297 1 5 1.000000
0  -90.986816 -6.934341 94.961670  -0.992553 0.121036 -0.012757  -2.605469 3.309571 1 5 1.000000
0  -87.049316 25.362534 95.039803  -0.992553 0.121036 -0.012757  3.962890 3.303711 1 5 1.000000
baku01_02_1
0  -87.049316 25.362534 95.039803  -0.992553 0.121036 -0.012757  3.962890 3.303711 1 5 1.000000
0  -86.580566 25.284414 57.836674  -0.992553 0.121036 -0.012757  3.935547 -4.286133 1 5 1.000000
0  -90.518066 -7.012461 57.758545  -0.992553 0.121036 -0.012757  -2.632812 -4.279297 1 5 1.000000
baku01_04_1
0  4.840088 7.815672 10.625672  -0.560991 0.806940 0.184637  1.000000 1.000000 1 15 1.000000
0  5.777588 12.003175 -4.826902  -0.600330 0.788385 0.134068  1.000000 0.000000 1 15 1.000000
0  -7.925537 -1.059328 10.625671  -0.729057 0.678518 0.089816  0.750000 1.000000 1 15 1.000000
baku01_04_1
0  -7.925537 -1.059328 10.625671  -0.729057 0.678518 0.089816  0.750000 1.000000 1 15 1.000000
0  5.777588 12.003175 -4.826902  -0.600330 0.788385 0.134068  1.000000 0.000000 1 15 1.000000
0  -7.441162 1.034425 -4.826904  -0.741813 0.668325 0.054811  0.750000 0.000000 1 15 1.000000
baku01_04_1
0  -7.925537 -1.059328 10.625671  -0.729057 0.678518 0.089816  0.750000 1.000000 1 15 1.000000
0  -7.441162 1.034425 -4.826904  -0.741813 0.668325 0.054811  0.750000 0.000000 1 15 1.000000
0  -13.769287 -9.512453 10.625669  -0.973907 0.226264 0.015595  0.500000 1.000000 1 15 1.000000
baku01_04_1
0  -13.769287 -9.512453 10.625669  -0.973907 0.226264 0.015595  0.500000 1.000000 1 15 1.000000
0  -7.441162 1.034425 -4.826904  -0.741813 0.668325 0.054811  0.750000 0.000000 1 15 1.000000
0  -13.769287 -9.512450 -4.826906  -0.974456 0.224158 0.012574  0.500000 0.000000 1 15 1.000000
baku01_04_1
0  -13.769287 -9.512453 10.625669  -0.973907 0.226264 0.015595  0.500000 1.000000 1 15 1.000000
0  -13.769287 -9.512450 -4.826906  -0.974456 0.224158 0.012574  0.500000 0.000000 1 15 1.000000
0  -12.394287 -20.856201 10.625668  -0.936979 -0.343883 0.061495  0.250000 1.000000 1 15 1.000000
baku01_04_1
0  -12.394287 -20.856201 10.625668  -0.936979 -0.343883 0.061495  0.250000 1.000000 1 15 1.000000
0  -13.769287 -9.512450 -4.826906  -0.974456 0.224158 0.012574  0.500000 0.000000 1 15 1.000000
0  -12.878662 -22.949951 -4.826908  -0.935575 -0.337474 0.103732  0.250000 0.000000 1 15 1.000000
baku01_04_1
0  -12.394287 -20.856201 10.625668  -0.936979 -0.343883 0.061495  0.250000 1.000000 1 15 1.000000
0  -12.878662 -22.949951 -4.826908  -0.935575 -0.337474 0.103732  0.250000 0.000000 1 15 1.000000
0  -4.128662 -31.778078 10.625667  -0.818812 -0.555010 0.146550  0.000000 1.000000 1 15 1.000000
baku01_04_1
0  -4.128662 -31.778078 10.625667  -0.818812 -0.555010 0.146550  0.000000 1.000000 1 15 1.000000
0  -12.878662 -22.949951 -4.826908  -0.935575 -0.337474 0.103732  0.250000 0.000000 1 15 1.000000
0  -5.081787 -35.965576 -4.826910  -0.842433 -0.504654 0.188696  0.000000 0.000000 1 15 1.000000
baku01_3
0  20.956429 -18.109877 -105.990967  0.000000 0.000000 1.000000  0.000000 1.000000 1 20 1.000000
0  19.411173 -16.375372 -105.990967  0.000000 0.000000 0.999969  0.492188 0.509277 1 20 1.000000
0  20.116549 -18.594725 -105.990967  0.000000 0.000000 1.000000  0.998047 1.000000 1 20 1.000000
baku01_3
0  19.153109 -18.696386 -105.990967  0.000000 0.000000 1.000000  0.000000 1.000000 1 20 1.000000
0  20.116549 -18.594725 -105.990967  0.000000 0.000000 1.000000  0.998047 1.000000 1 20 1.000000
0  19.411173 -16.375372 -105.990967  0.000000 0.000000 0.999969  0.492188 0.509277 1 20 1.000000
baku01_3
0  19.411173 -16.375372 -105.990967  0.000000 0.000000 0.999969  0.505859 0.509277 1 20 1.000000
0  21.727491 -16.376936 -105.990967  0.000000 0.000000 1.000000  0.000000 1.000000 1 20 1.000000
0  21.527298 -15.429135 -105.990967  0.000000 0.000000 1.000000  0.998047 1.000000 1 20 1.000000
baku01_3
0  19.411173 -16.375372 -105.990967  0.000000 0.000000 0.999969  0.492188 0.509277 1 20 1.000000
0  21.527298 -17.324736 -105.990967  0.000000 0.000000 1.000000  0.998047 1.000000 1 20 1.000000
0  21.727491 -16.376936 -105.990967  0.000000 0.000000 1.000000  0.000000 1.000000 1 20 1.000000
baku01_3
0  19.411173 -16.375372 -105.990967  0.000000 0.000000 0.999969  0.505859 0.509277 1 20 1.000000
0  20.956429 -18.109877 -105.990967  0.000000 0.000000 1.000000  0.000000 1.000000 1 20 1.000000
0  21.527298 -17.324736 -105.990967  0.000000 0.000000 1.000000  0.998047 1.000000 1 20 1.000000
baku01_3
0  19.411173 -16.375372 -105.990967  0.000000 0.000000 0.999969  0.492188 0.509277 1 20 1.000000
0  18.230331 -18.396091 -105.990967  0.000000 0.000000 1.000000  0.998047 1.000000 1 20 1.000000
0  19.153109 -18.696386 -105.990967  0.000000 0.000000 1.000000  0.000000 1.000000 1 20 1.000000
baku01_3
0  19.411173 -16.375372 -105.990967  0.000000 0.000000 0.999969  0.505859 0.509277 1 20 1.000000
0  17.510880 -17.747023 -105.990967  0.000000 0.000000 1.000000  0.000000 1.000000 1 20 1.000000
0  18.230331 -18.396091 -105.990967  0.000000 0.000000 1.000000  0.998047 1.000000 1 20 1.000000
baku01_3
0  19.411173 -16.375372 -105.990967  0.000000 0.000000 0.999969  0.505859 0.509277 1 20 1.000000
0  17.116743 -16.861782 -105.990967  0.000000 0.000000 0.999969  0.000000 1.000000 1 20 1.000000
0  17.510880 -17.747023 -105.990967  0.000000 0.000000 1.000000  0.998047 1.000000 1 20 1.000000
baku01_3
0  19.411173 -16.375372 -105.990967  0.000000 0.000000 0.999969  0.492188 0.509277 1 20 1.000000
0  17.116743 -15.892088 -105.990967  0.000000 0.000000 1.000000  0.998047 1.000000 1 20 1.000000
0  17.116743 -16.861782 -105.990967  0.000000 0.000000 0.999969  0.000000 1.000000 1 20 1.000000
baku01_3
0  19.411173 -16.375372 -105.990967  0.000000 0.000000 0.999969  0.505859 0.509277 1 20 1.000000
0  17.510880 -15.006848 -105.990967  0.000000 0.000000 1.000000  0.000000 1.000000 1 20 1.000000
0  17.116743 -15.892088 -105.990967  0.000000 0.000000 1.000000  0.998047 1.000000 1 20 1.000000
baku01_3
0  19.411173 -16.375372 -105.990967  0.000000 0.000000 0.999969  0.492188 0.509277 1 20 1.000000
0  18.230331 -14.357779 -105.990967  0.000000 0.000000 1.000000  0.998047 1.000000 1 20 1.000000
0  17.510880 -15.006848 -105.990967  0.000000 0.000000 1.000000  0.000000 1.000000 1 20 1.000000
baku01_3
0  19.411173 -16.375372 -105.990967  0.000000 0.000000 0.999969  0.505859 0.509277 1 20 1.000000
0  19.153109 -14.057486 -105.990967  0.000000 0.000000 1.000000  0.000000 1.000000 1 20 1.000000
0  18.230331 -14.357779 -105.990967  0.000000 0.000000 1.000000  0.998047 1.000000 1 20 1.000000
baku01_3
0  19.411173 -16.375372 -105.990967  0.000000 0.000000 0.999969  0.492188 0.509277 1 20 1.000000
0  20.116549 -14.159147 -105.990967  0.000000 0.000000 1.000000  0.998047 1.000000 1 20 1.000000
0  19.153109 -14.057486 -105.990967  0.000000 0.000000 1.000000  0.000000 1.000000 1 20 1.000000
baku01_3
0  19.411173 -16.375372 -105.990967  0.000000 0.000000 0.999969  0.505859 0.509277 1 20 1.000000
0  20.956429 -14.643994 -105.990967  0.000000 0.000000 1.000000  0.000000 1.000000 1 20 1.000000
0  20.116549 -14.159147 -105.990967  0.000000 0.000000 1.000000  0.998047 1.000000 1 20 1.000000
baku01_3
0  19.411173 -16.375372 -105.990967  0.000000 0.000000 0.999969  0.492188 0.509277 1 20 1.000000
0  21.527298 -15.429135 -105.990967  0.000000 0.000000 1.000000  0.998047 1.000000 1 20 1.000000
0  20.956429 -14.643994 -105.990967  0.000000 0.000000 1.000000  0.000000 1.000000 1 20 1.000000
baku01_2
0  13.378174 -15.910888 -5.818606  0.282601 -0.887265 -0.364513  0.988281 0.018066 1 21 1.000000
0  15.706299 -14.215575 -5.818606  0.549883 -0.755150 -0.356822  -0.990234 0.018066 1 21 1.000000
0  41.534424 -31.199963 69.923576  0.549211 -0.755699 -0.356700  -0.990234 0.483398 1 21 1.000000
baku01_2
0  41.534424 -31.199963 69.923576  0.549211 -0.755699 -0.356700  -0.990234 0.483398 1 21 1.000000
0  24.753174 -43.395275 69.923576  0.292276 -0.884060 -0.364666  0.988281 0.483398 1 21 1.000000
0  13.378174 -15.910888 -5.818606  0.282601 -0.887265 -0.364513  0.988281 0.018066 1 21 1.000000
baku01_2
0  10.495361 -15.910888 -5.818606  -0.295816 -0.889523 -0.348094  0.988281 0.018066 1 21 1.000000
0  13.378174 -15.910888 -5.818606  0.282601 -0.887265 -0.364513  -0.990234 0.018066 1 21 1.000000
0  24.753174 -43.395275 69.923576  0.292276 -0.884060 -0.364666  -0.990234 0.483398 1 21 1.000000
baku01_2
0  24.753174 -43.395275 69.923576  0.292276 -0.884060 -0.364666  -0.990234 0.483398 1 21 1.000000
0  4.010986 -43.395275 69.923576  -0.285104 -0.892911 -0.348430  0.988281 0.483398 1 21 1.000000
0  10.495361 -15.910888 -5.818606  -0.295816 -0.889523 -0.348094  0.988281 0.018066 1 21 1.000000
baku01_2
0  8.167236 -14.215575 -5.818606  -0.764763 -0.550462 -0.334727  0.988281 0.018066 1 21 1.000000
0  10.495361 -15.910888 -5.818606  -0.295816 -0.889523 -0.348094  -0.990234 0.018066 1 21 1.000000
0  4.010986 -43.395275 69.923576  -0.285104 -0.892911 -0.348430  -0.990234 0.483398 1 21 1.000000
baku01_2
0  4.010986 -43.395275 69.923576  -0.285104 -0.892911 -0.348430  -0.990234 0.483398 1 21 1.000000
0  -12.770264 -31.199963 69.923576  -0.760460 -0.556291 -0.334941  0.988281 0.483398 1 21 1.000000
0  8.167236 -14.215575 -5.818606  -0.764763 -0.550462 -0.334727  0.988281 0.018066 1 21 1.000000
baku01_2
0  7.276611 -11.473388 -5.818605  -0.944060 0.000000 -0.329753  0.988281 0.018066 1 21 1.000000
0  8.167236 -14.215575 -5.818606  -0.764763 -0.550462 -0.334727  -0.990234 0.018066 1 21 1.000000
0  -12.770264 -31.199963 69.923576  -0.760460 -0.556291 -0.334941  -0.990234 0.483398 1 21 1.000000
baku01_2
0  -12.770264 -31.199963 69.923576  -0.760460 -0.556291 -0.334941  -0.990234 0.483398 1 21 1.000000
0  -19.184326 -11.473400 69.923584  -0.944029 0.000000 -0.329783  0.988281 0.483398 1 21 1.000000
0  7.276611 -11.473388 -5.818605  -0.944060 0.000000 -0.329753  0.988281 0.018066 1 21 1.000000
baku01_2
0  8.167236 -8.731200 -5.818605  -0.764763 0.550401 -0.334849  0.988281 0.018066 1 21 1.000000
0  7.276611 -11.473388 -5.818605  -0.944060 0.000000 -0.329753  -0.990234 0.018066 1 21 1.000000
0  -19.184326 -11.473400 69.923584  -0.944029 0.000000 -0.329783  -0.990234 0.483398 1 21 1.000000
baku01_2
0  -19.184326 -11.473400 69.923584  -0.944029 0.000000 -0.329783  -0.990234 0.483398 1 21 1.000000
0  -12.770264 8.253162 69.923584  -0.760491 0.556291 -0.334941  0.988281 0.483398 1 21 1.000000
0  8.167236 -8.731200 -5.818605  -0.764763 0.550401 -0.334849  0.988281 0.018066 1 21 1.000000
baku01_2
0  10.495361 -7.035888 -5.818604  -0.295724 0.889523 -0.348186  0.988281 0.018066 1 21 1.000000
0  8.167236 -8.731200 -5.818605  -0.764763 0.550401 -0.334849  -0.990234 0.018066 1 21 1.000000
0  -12.770264 8.253162 69.923584  -0.760491 0.556291 -0.334941  -0.990234 0.483398 1 21 1.000000
baku01_2
0  -12.770264 8.253162 69.923584  -0.760491 0.556291 -0.334941  -0.990234 0.483398 1 21 1.000000
0  4.010986 20.448475 69.923584  -0.285104 0.892911 -0.348399  0.988281 0.483398 1 21 1.000000
0  10.495361 -7.035888 -5.818604  -0.295724 0.889523 -0.348186  0.988281 0.018066 1 21 1.000000
baku01_2
0  13.378174 -7.035888 -5.818604  0.282693 0.887265 -0.364422  0.988281 0.018066 1 21 1.000000
0  10.495361 -7.035888 -5.818604  -0.295724 0.889523 -0.348186  -0.990234 0.018066 1 21 1.000000
0  4.010986 20.448475 69.923584  -0.285104 0.892911 -0.348399  -0.990234 0.483398 1 21 1.000000
baku01_2
0  4.010986 20.448475 69.923584  -0.285104 0.892911 -0.348399  -0.990234 0.483398 1 21 1.000000
0  24.753174 20.448475 69.923584  0.292276 0.884030 -0.364696  0.988281 0.483398 1 21 1.000000
0  13.378174 -7.035888 -5.818604  0.282693 0.887265 -0.364422  0.988281 0.018066 1 21 1.000000
baku01_2
0  15.706299 -8.731200 -5.818605  0.549821 0.755272 -0.356639  0.988281 0.018066 1 21 1.000000
0  13.378174 -7.035888 -5.818604  0.282693 0.887265 -0.364422  -0.990234 0.018066 1 21 1.000000
0  24.753174 20.448475 69.923584  0.292276 0.884030 -0.364696  -0.990234 0.483398 1 21 1.000000
baku01_2
0  24.753174 20.448475 69.923584  0.292276 0.884030 -0.364696  -0.990234 0.483398 1 21 1.000000
0  41.534424 8.253162 69.923584  0.549181 0.755699 -0.356731  0.988281 0.483398 1 21 1.000000
0  15.706299 -8.731200 -5.818605  0.549821 0.755272 -0.356639  0.988281 0.018066 1 21 1.000000
baku01_4
0  0.724762 -21.127178 -1.619815  -0.805994 -0.588641 -0.061892  0.992188 0.007812 1 23 1.000000
0  8.939377 -27.094091 -1.619816  -0.586779 -0.807825 -0.055208  0.000000 0.007812 1 23 1.000000
0  5.031506 -31.982994 111.401207  -0.586840 -0.807794 -0.055208  0.000000 0.491699 1 23 1.000000
baku01_4
0  5.031506 -31.982994 111.401207  -0.586840 -0.807794 -0.055208  0.000000 0.491699 1 23 1.000000
0  -5.748829 -24.151081 111.401207  -0.808832 -0.584735 -0.061953  0.992188 0.491699 1 23 1.000000
0  0.724762 -21.127178 -1.619815  -0.805994 -0.588641 -0.061892  0.992188 0.007812 1 23 1.000000
baku01_4
0  -2.412315 -11.473389 -1.619814  -0.997803 0.000000 -0.065798  0.992188 0.007812 1 23 1.000000
0  0.724762 -21.127178 -1.619815  -0.805994 -0.588641 -0.061892  0.000000 0.007812 1 23 1.000000
0  -5.748829 -24.151081 111.401207  -0.808832 -0.584735 -0.061953  0.000000 0.491699 1 23 1.000000
baku01_4
0  -5.748829 -24.151081 111.401207  -0.808832 -0.584735 -0.061953  0.000000 0.491699 1 23 1.000000
0  -9.866917 -11.473407 111.401215  -0.997803 0.000000 -0.065798  0.992188 0.491699 1 23 1.000000
0  -2.412315 -11.473389 -1.619814  -0.997803 0.000000 -0.065798  0.992188 0.007812 1 23 1.000000
baku01_4
0  0.724762 -1.819599 -1.619812  -0.805994 0.588641 -0.061892  0.992188 0.007812 1 23 1.000000
0  -2.412315 -11.473389 -1.619814  -0.997803 0.000000 -0.065798  0.000000 0.007812 1 23 1.000000
0  -9.866917 -11.473407 111.401215  -0.997803 0.000000 -0.065798  0.000000 0.491699 1 23 1.000000
baku01_4
0  -9.866917 -11.473407 111.401215  -0.997803 0.000000 -0.065798  0.000000 0.491699 1 23 1.000000
0  -5.748829 1.204267 111.401215  -0.808832 0.584735 -0.061953  0.992188 0.491699 1 23 1.000000
0  0.724762 -1.819599 -1.619812  -0.805994 0.588641 -0.061892  0.992188 0.007812 1 23 1.000000
baku01_4
0  8.939377 4.147316 -1.619811  -0.304849 0.950987 -0.051668  0.992188 0.007812 1 23 1.000000
0  0.724762 -1.819599 -1.619812  -0.805994 0.588641 -0.061892  0.000000 0.007812 1 23 1.000000
0  -5.748829 1.204267 111.401215  -0.808832 0.584735 -0.061953  0.000000 0.491699 1 23 1.000000
baku01_4
0  -5.748829 1.204267 111.401215  -0.808832 0.584735 -0.061953  0.000000 0.491699 1 23 1.000000
0  5.031506 9.036180 111.401215  -0.312174 0.948607 -0.051820  0.992188 0.491699 1 23 1.000000
0  8.939377 4.147316 -1.619811  -0.304849 0.950987 -0.051668  0.992188 0.007812 1 23 1.000000
baku01_4
0  19.094452 4.147316 -1.619811  0.000000 0.999054 -0.043214  0.992188 0.007812 1 23 1.000000
0  8.939377 4.147316 -1.619811  -0.304849 0.950987 -0.051668  0.000000 0.007812 1 23 1.000000
0  5.031506 9.036180 111.401215  -0.312174 0.948607 -0.051820  0.000000 0.491699 1 23 1.000000
baku01_4
0  5.031506 9.036180 111.401215  -0.312174 0.948607 -0.051820  0.000000 0.491699 1 23 1.000000
0  18.361389 9.036180 111.401215  0.000000 0.999054 -0.043214  0.992188 0.491699 1 23 1.000000
0  19.094452 4.147316 -1.619811  0.000000 0.999054 -0.043214  0.992188 0.007812 1 23 1.000000
end
