# Converti depuis Nuvema Town House 2 2F.dae par tools/maps/dae_to_obj.py
# Placé par tools/maps/place_model.py : échelle 1.3, décalage (0, 0).
mtllib nuvema_house_2_2f.mtl
v -312.0000 13.4469 -157.1883 1.0000 1.0000 1.0000
v -291.2000 13.4469 -157.1883 1.0000 1.0000 1.0000
v -291.2000 28.1531 -171.9047 1.0000 1.0000 1.0000
v -312.0000 13.4469 -157.1883 1.0000 1.0000 1.0000
v -291.2000 28.1531 -171.9047 1.0000 1.0000 1.0000
v -312.0000 28.1531 -171.9047 1.0000 1.0000 1.0000
v -167.7000 0.4469 -200.6469 1.0000 1.0000 1.0000
v -146.9000 0.4469 -200.6469 1.0000 1.0000 1.0000
v -146.9000 15.1531 -215.3531 1.0000 1.0000 1.0000
v -167.7000 0.4469 -200.6469 1.0000 1.0000 1.0000
v -146.9000 15.1531 -215.3531 1.0000 1.0000 1.0000
v -166.4000 15.1531 -215.3531 1.0000 1.0000 1.0000
v -283.4000 2.6000 -187.2000 1.0000 1.0000 1.0000
v -262.6000 2.6000 -187.2000 1.0000 1.0000 1.0000
v -262.6000 2.6000 -208.0000 1.0000 1.0000 1.0000
v -283.4000 2.6000 -187.2000 1.0000 1.0000 1.0000
v -262.6000 2.6000 -208.0000 1.0000 1.0000 1.0000
v -283.4000 2.6000 -208.0000 1.0000 1.0000 1.0000
v -237.2500 55.9000 -301.6000 1.0000 1.0000 1.0000
v -237.2500 35.1000 -301.6000 1.0000 1.0000 1.0000
v -217.1000 35.1000 -301.6000 1.0000 1.0000 1.0000
v -237.2500 55.9000 -301.6000 1.0000 1.0000 1.0000
v -217.1000 35.1000 -301.6000 1.0000 1.0000 1.0000
v -217.1000 55.9000 -301.6000 1.0000 1.0000 1.0000
v -261.3000 55.9000 -301.6000 1.0000 1.0000 1.0000
v -261.3000 35.1000 -301.6000 1.0000 1.0000 1.0000
v -241.1500 35.1000 -301.6000 1.0000 1.0000 1.0000
v -261.3000 55.9000 -301.6000 1.0000 1.0000 1.0000
v -241.1500 35.1000 -301.6000 1.0000 1.0000 1.0000
v -241.1500 55.9000 -301.6000 1.0000 1.0000 1.0000
v -239.2000 28.6000 -299.0000 1.0000 1.0000 1.0000
v -239.2000 62.4000 -299.0000 1.0000 1.0000 1.0000
v -210.6000 62.4000 -299.0000 1.0000 1.0000 1.0000
v -239.2000 28.6000 -299.0000 1.0000 1.0000 1.0000
v -210.6000 62.4000 -299.0000 1.0000 1.0000 1.0000
v -210.6000 28.6000 -299.0000 1.0000 1.0000 1.0000
v -210.6000 28.6000 -299.0000 1.0000 1.0000 1.0000
v -210.6000 62.4000 -299.0000 1.0000 1.0000 1.0000
v -239.2000 62.4000 -299.0000 1.0000 1.0000 1.0000
v -210.6000 28.6000 -299.0000 1.0000 1.0000 1.0000
v -239.2000 62.4000 -299.0000 1.0000 1.0000 1.0000
v -239.2000 28.6000 -299.0000 1.0000 1.0000 1.0000
v -239.2000 28.6000 -299.0000 1.0000 1.0000 1.0000
v -239.2000 62.4000 -299.0000 1.0000 1.0000 1.0000
v -267.8000 62.4000 -299.0000 1.0000 1.0000 1.0000
v -239.2000 28.6000 -299.0000 1.0000 1.0000 1.0000
v -267.8000 62.4000 -299.0000 1.0000 1.0000 1.0000
v -267.8000 28.6000 -299.0000 1.0000 1.0000 1.0000
v -197.6000 0.0000 -187.2000 1.0000 1.0000 1.0000
v -176.8000 0.0000 -208.0000 1.0000 1.0000 1.0000
v -176.8000 0.0000 -249.6000 1.0000 1.0000 1.0000
v -197.6000 0.0000 -187.2000 1.0000 1.0000 1.0000
v -176.8000 0.0000 -249.6000 1.0000 1.0000 1.0000
v -197.6000 0.0000 -270.4000 1.0000 1.0000 1.0000
v -197.6000 0.0000 -270.4000 1.0000 1.0000 1.0000
v -176.8000 0.0000 -249.6000 1.0000 1.0000 1.0000
v -130.0000 0.0000 -249.6000 1.0000 1.0000 1.0000
v -197.6000 0.0000 -270.4000 1.0000 1.0000 1.0000
v -130.0000 0.0000 -249.6000 1.0000 1.0000 1.0000
v -109.2000 0.0000 -270.4000 1.0000 1.0000 1.0000
v -109.2000 0.0000 -270.4000 1.0000 1.0000 1.0000
v -130.0000 0.0000 -249.6000 1.0000 1.0000 1.0000
v -130.0000 0.0000 -208.0000 1.0000 1.0000 1.0000
v -109.2000 0.0000 -270.4000 1.0000 1.0000 1.0000
v -130.0000 0.0000 -208.0000 1.0000 1.0000 1.0000
v -109.2000 0.0000 -187.2000 1.0000 1.0000 1.0000
v -109.2000 0.0000 -187.2000 1.0000 1.0000 1.0000
v -130.0000 0.0000 -208.0000 1.0000 1.0000 1.0000
v -176.8000 0.0000 -208.0000 1.0000 1.0000 1.0000
v -109.2000 0.0000 -187.2000 1.0000 1.0000 1.0000
v -176.8000 0.0000 -208.0000 1.0000 1.0000 1.0000
v -197.6000 0.0000 -187.2000 1.0000 1.0000 1.0000
v -130.0000 0.0000 -249.6000 1.0000 1.0000 1.0000
v -176.8000 0.0000 -249.6000 1.0000 1.0000 1.0000
v -153.4000 0.0000 -228.8000 1.0000 1.0000 1.0000
v -176.8000 0.0000 -249.6000 1.0000 1.0000 1.0000
v -176.8000 0.0000 -208.0000 1.0000 1.0000 1.0000
v -153.4000 0.0000 -228.8000 1.0000 1.0000 1.0000
v -176.8000 0.0000 -208.0000 1.0000 1.0000 1.0000
v -130.0000 0.0000 -208.0000 1.0000 1.0000 1.0000
v -153.4000 0.0000 -228.8000 1.0000 1.0000 1.0000
v -130.0000 0.0000 -249.6000 1.0000 1.0000 1.0000
v -153.4000 0.0000 -228.8000 1.0000 1.0000 1.0000
v -130.0000 0.0000 -208.0000 1.0000 1.0000 1.0000
v -270.4000 0.0000 -205.4000 1.0000 0.7922 0.8588
v -270.4000 0.0000 -161.2000 1.0000 0.7922 0.8588
v -263.9000 0.0000 -154.7000 1.0000 1.0000 1.0000
v -270.4000 0.0000 -205.4000 1.0000 0.7922 0.8588
v -263.9000 0.0000 -154.7000 1.0000 1.0000 1.0000
v -263.9000 0.0000 -211.9000 1.0000 1.0000 1.0000
v -263.9000 0.0000 -211.9000 1.0000 1.0000 1.0000
v -263.9000 0.0000 -154.7000 1.0000 1.0000 1.0000
v -257.4000 0.0000 -145.6000 0.7922 0.6706 0.6706
v -263.9000 0.0000 -211.9000 1.0000 1.0000 1.0000
v -257.4000 0.0000 -145.6000 0.7922 0.6706 0.6706
v -257.4000 0.0000 -215.8000 0.7922 0.6706 0.6706
v -296.4000 0.0000 -205.4000 1.0000 0.7922 0.8588
v -270.4000 0.0000 -205.4000 1.0000 0.7922 0.8588
v -263.9000 0.0000 -211.9000 1.0000 1.0000 1.0000
v -296.4000 0.0000 -205.4000 1.0000 0.7922 0.8588
v -263.9000 0.0000 -211.9000 1.0000 1.0000 1.0000
v -302.9000 0.0000 -211.9000 1.0000 1.0000 1.0000
v -302.9000 0.0000 -211.9000 1.0000 1.0000 1.0000
v -263.9000 0.0000 -211.9000 1.0000 1.0000 1.0000
v -257.4000 0.0000 -215.8000 0.7922 0.6706 0.6706
v -302.9000 0.0000 -211.9000 1.0000 1.0000 1.0000
v -257.4000 0.0000 -215.8000 0.7922 0.6706 0.6706
v -309.4000 0.0000 -215.8000 0.7922 0.6706 0.6706
v -296.4000 0.0000 -161.2000 1.0000 0.7922 0.8588
v -296.4000 0.0000 -205.4000 1.0000 0.7922 0.8588
v -302.9000 0.0000 -211.9000 1.0000 1.0000 1.0000
v -296.4000 0.0000 -161.2000 1.0000 0.7922 0.8588
v -302.9000 0.0000 -211.9000 1.0000 1.0000 1.0000
v -302.9000 0.0000 -154.7000 1.0000 1.0000 1.0000
v -302.9000 0.0000 -154.7000 1.0000 1.0000 1.0000
v -302.9000 0.0000 -211.9000 1.0000 1.0000 1.0000
v -309.4000 0.0000 -215.8000 0.7922 0.6706 0.6706
v -302.9000 0.0000 -154.7000 1.0000 1.0000 1.0000
v -309.4000 0.0000 -215.8000 0.7922 0.6706 0.6706
v -309.4000 0.0000 -145.6000 0.7922 0.6706 0.6706
v -270.4000 0.0000 -161.2000 1.0000 0.7922 0.8588
v -296.4000 0.0000 -161.2000 1.0000 0.7922 0.8588
v -302.9000 0.0000 -154.7000 1.0000 1.0000 1.0000
v -270.4000 0.0000 -161.2000 1.0000 0.7922 0.8588
v -302.9000 0.0000 -154.7000 1.0000 1.0000 1.0000
v -263.9000 0.0000 -154.7000 1.0000 1.0000 1.0000
v -263.9000 0.0000 -154.7000 1.0000 1.0000 1.0000
v -302.9000 0.0000 -154.7000 1.0000 1.0000 1.0000
v -309.4000 0.0000 -145.6000 0.7922 0.6706 0.6706
v -263.9000 0.0000 -154.7000 1.0000 1.0000 1.0000
v -309.4000 0.0000 -145.6000 0.7922 0.6706 0.6706
v -257.4000 0.0000 -145.6000 0.7922 0.6706 0.6706
v -296.4000 0.0000 -161.2000 1.0000 0.7922 0.8588
v -270.4000 0.0000 -161.2000 1.0000 0.7922 0.8588
v -283.4000 0.0000 -182.0000 1.0000 1.0000 1.0000
v -270.4000 0.0000 -161.2000 1.0000 0.7922 0.8588
v -270.4000 0.0000 -205.4000 1.0000 0.7922 0.8588
v -283.4000 0.0000 -182.0000 1.0000 1.0000 1.0000
v -283.4000 0.0000 -182.0000 1.0000 1.0000 1.0000
v -270.4000 0.0000 -205.4000 1.0000 0.7922 0.8588
v -296.4000 0.0000 -205.4000 1.0000 0.7922 0.8588
v -283.4000 0.0000 -182.0000 1.0000 1.0000 1.0000
v -296.4000 0.0000 -205.4000 1.0000 0.7922 0.8588
v -296.4000 0.0000 -161.2000 1.0000 0.7922 0.8588
v -239.2000 57.2000 -301.6000 0.3333 0.3333 0.3333
v -237.2500 55.9000 -301.6000 0.3333 0.3333 0.3333
v -217.1000 55.9000 -301.6000 0.3333 0.3333 0.3333
v -239.2000 57.2000 -301.6000 0.3333 0.3333 0.3333
v -217.1000 55.9000 -301.6000 0.3333 0.3333 0.3333
v -213.2000 57.2000 -301.6000 0.3333 0.3333 0.3333
v -213.2000 57.2000 -301.6000 0.3333 0.3333 0.3333
v -217.1000 55.9000 -301.6000 0.3333 0.3333 0.3333
v -217.1000 35.1000 -301.6000 0.3333 0.3333 0.3333
v -213.2000 57.2000 -301.6000 0.3333 0.3333 0.3333
v -217.1000 35.1000 -301.6000 0.3333 0.3333 0.3333
v -213.2000 28.6000 -301.6000 0.3333 0.3333 0.3333
v -213.2000 28.6000 -301.6000 0.3333 0.3333 0.3333
v -217.1000 35.1000 -301.6000 0.3333 0.3333 0.3333
v -237.2500 35.1000 -301.6000 0.3333 0.3333 0.3333
v -213.2000 28.6000 -301.6000 0.3333 0.3333 0.3333
v -237.2500 35.1000 -301.6000 0.3333 0.3333 0.3333
v -239.2000 28.6000 -301.6000 0.3333 0.3333 0.3333
v -241.1500 55.9000 -301.6000 0.3333 0.3333 0.3333
v -239.2000 57.2000 -301.6000 0.3333 0.3333 0.3333
v -265.2000 57.2000 -301.6000 0.3333 0.3333 0.3333
v -241.1500 55.9000 -301.6000 0.3333 0.3333 0.3333
v -265.2000 57.2000 -301.6000 0.3333 0.3333 0.3333
v -261.3000 55.9000 -301.6000 0.3333 0.3333 0.3333
v -261.3000 55.9000 -301.6000 0.3333 0.3333 0.3333
v -265.2000 57.2000 -301.6000 0.3333 0.3333 0.3333
v -265.2000 28.6000 -301.6000 0.3333 0.3333 0.3333
v -261.3000 55.9000 -301.6000 0.3333 0.3333 0.3333
v -265.2000 28.6000 -301.6000 0.3333 0.3333 0.3333
v -261.3000 35.1000 -301.6000 0.3333 0.3333 0.3333
v -261.3000 35.1000 -301.6000 0.3333 0.3333 0.3333
v -265.2000 28.6000 -301.6000 0.3333 0.3333 0.3333
v -239.2000 28.6000 -301.6000 0.3333 0.3333 0.3333
v -261.3000 35.1000 -301.6000 0.3333 0.3333 0.3333
v -239.2000 28.6000 -301.6000 0.3333 0.3333 0.3333
v -241.1500 35.1000 -301.6000 0.3333 0.3333 0.3333
v -213.2000 57.2000 -301.6000 1.0000 1.0000 1.0000
v -213.2000 57.2000 -304.2000 1.0000 1.0000 1.0000
v -239.2000 57.2000 -304.2000 1.0000 1.0000 1.0000
v -213.2000 57.2000 -301.6000 1.0000 1.0000 1.0000
v -239.2000 57.2000 -304.2000 1.0000 1.0000 1.0000
v -239.2000 57.2000 -301.6000 1.0000 1.0000 1.0000
v -239.2000 57.2000 -301.6000 1.0000 1.0000 1.0000
v -239.2000 57.2000 -304.2000 1.0000 1.0000 1.0000
v -265.2000 57.2000 -304.2000 1.0000 1.0000 1.0000
v -239.2000 57.2000 -301.6000 1.0000 1.0000 1.0000
v -265.2000 57.2000 -304.2000 1.0000 1.0000 1.0000
v -265.2000 57.2000 -301.6000 1.0000 1.0000 1.0000
v -265.2000 29.9000 -304.2000 0.3333 0.3333 0.3333
v -265.2000 28.6000 -301.6000 0.3333 0.3333 0.3333
v -265.2000 57.2000 -301.6000 0.3333 0.3333 0.3333
v -265.2000 29.9000 -304.2000 0.3333 0.3333 0.3333
v -265.2000 57.2000 -301.6000 0.3333 0.3333 0.3333
v -265.2000 57.2000 -304.2000 0.3333 0.3333 0.3333
v -213.2000 28.6000 -301.6000 0.3333 0.3333 0.3333
v -213.2000 29.9000 -304.2000 0.3333 0.3333 0.3333
v -213.2000 57.2000 -304.2000 0.3333 0.3333 0.3333
v -213.2000 28.6000 -301.6000 0.3333 0.3333 0.3333
v -213.2000 57.2000 -304.2000 0.3333 0.3333 0.3333
v -213.2000 57.2000 -301.6000 0.3333 0.3333 0.3333
v -241.1500 35.1000 -301.6000 0.3333 0.3333 0.3333
v -237.2500 35.1000 -301.6000 0.3333 0.3333 0.3333
v -237.2500 55.9000 -301.6000 0.3333 0.3333 0.3333
v -241.1500 35.1000 -301.6000 0.3333 0.3333 0.3333
v -237.2500 55.9000 -301.6000 0.3333 0.3333 0.3333
v -241.1500 55.9000 -301.6000 0.3333 0.3333 0.3333
v -241.1500 55.9000 -301.6000 0.3333 0.3333 0.3333
v -237.2500 55.9000 -301.6000 0.3333 0.3333 0.3333
v -239.2000 57.2000 -301.6000 0.3333 0.3333 0.3333
v -239.2000 28.6000 -301.6000 0.3333 0.3333 0.3333
v -237.2500 35.1000 -301.6000 0.3333 0.3333 0.3333
v -241.1500 35.1000 -301.6000 0.3333 0.3333 0.3333
v -100.1000 -2.6000 -283.4000 0.2000 0.2000 0.1725
v -100.1000 -2.6000 -280.8000 0.2000 0.2000 0.1725
v -100.1000 18.0985 -265.2000 0.3725 0.3725 0.2980
v -100.1000 -2.6000 -280.8000 0.2000 0.2000 0.1725
v -100.1000 -2.6000 -265.2000 0.2000 0.2000 0.1725
v -100.1000 18.0985 -265.2000 0.3725 0.3725 0.2980
v -100.1000 18.0985 -304.2000 0.3725 0.3725 0.2980
v -100.1000 -2.6000 -296.4000 0.2000 0.2000 0.1725
v -100.1000 -2.6000 -283.4000 0.2000 0.2000 0.1725
v -100.1000 18.0985 -304.2000 0.3725 0.3725 0.2980
v -100.1000 -2.6000 -283.4000 0.2000 0.2000 0.1725
v -100.1000 18.0985 -265.2000 0.3725 0.3725 0.2980
v -100.1000 18.0985 -145.6000 0.3725 0.3725 0.2980
v -100.1000 18.0985 -265.2000 0.3725 0.3725 0.2980
v -100.1000 -2.6000 -265.2000 0.2000 0.2000 0.1725
v -100.1000 18.0985 -145.6000 0.3725 0.3725 0.2980
v -100.1000 -2.6000 -265.2000 0.2000 0.2000 0.1725
v -100.1000 -2.6000 -145.6000 0.2000 0.2000 0.1725
v -312.0000 18.0985 -304.2000 0.3725 0.3725 0.2980
v -312.0000 18.0985 -265.2000 0.3725 0.3725 0.2980
v -312.0000 -2.6000 -265.2000 0.2000 0.2000 0.1725
v -312.0000 18.0985 -304.2000 0.3725 0.3725 0.2980
v -312.0000 -2.6000 -265.2000 0.2000 0.2000 0.1725
v -312.0000 -2.6000 -304.2000 0.2000 0.2000 0.1725
v -100.1000 18.0985 -304.2000 1.0000 1.0000 1.0000
v -176.8000 18.0985 -304.2000 1.0000 1.0000 1.0000
v -176.8000 -2.6000 -304.2000 0.3725 0.5098 0.6706
v -100.1000 18.0985 -304.2000 1.0000 1.0000 1.0000
v -176.8000 -2.6000 -304.2000 0.3725 0.5098 0.6706
v -100.1000 -2.6000 -304.2000 0.3725 0.5098 0.6706
v -176.8000 18.0985 -304.2000 1.0000 1.0000 1.0000
v -239.2000 18.0985 -304.2000 1.0000 1.0000 1.0000
v -239.2000 -2.6000 -304.2000 0.3725 0.5098 0.6706
v -176.8000 18.0985 -304.2000 1.0000 1.0000 1.0000
v -239.2000 -2.6000 -304.2000 0.3725 0.5098 0.6706
v -176.8000 -2.6000 -304.2000 0.3725 0.5098 0.6706
v -312.0000 18.0985 -304.2000 1.0000 1.0000 1.0000
v -312.0000 -2.6000 -304.2000 0.3725 0.5098 0.6706
v -239.2000 -2.6000 -304.2000 0.3725 0.5098 0.6706
v -312.0000 18.0985 -304.2000 1.0000 1.0000 1.0000
v -239.2000 -2.6000 -304.2000 0.3725 0.5098 0.6706
v -239.2000 18.0985 -304.2000 1.0000 1.0000 1.0000
v -312.0000 18.0985 -265.2000 0.3725 0.3725 0.2980
v -312.0000 18.0985 -145.6000 0.3725 0.3725 0.2980
v -312.0000 -2.6000 -145.6000 0.2000 0.2000 0.1725
v -312.0000 18.0985 -265.2000 0.3725 0.3725 0.2980
v -312.0000 -2.6000 -145.6000 0.2000 0.2000 0.1725
v -312.0000 -2.6000 -265.2000 0.2000 0.2000 0.1725
v -100.1000 62.4000 -265.2000 0.3725 0.3725 0.2980
v -100.1000 51.9289 -265.2000 0.3725 0.3725 0.2980
v -100.1000 51.9289 -145.6000 0.3725 0.3725 0.2980
v -100.1000 62.4000 -265.2000 0.3725 0.3725 0.2980
v -100.1000 51.9289 -145.6000 0.3725 0.3725 0.2980
v -100.1000 62.4000 -145.6000 0.3725 0.3725 0.2980
v -312.0000 93.6000 -304.2000 0.3725 0.3725 0.2980
v -312.0000 93.6000 -265.2000 0.3725 0.3725 0.2980
v -312.0000 83.1289 -265.2000 0.3725 0.3725 0.2980
v -312.0000 93.6000 -304.2000 0.3725 0.3725 0.2980
v -312.0000 83.1289 -265.2000 0.3725 0.3725 0.2980
v -312.0000 83.1289 -304.2000 0.3725 0.3725 0.2980
v -100.1000 62.4000 -304.2000 1.0000 1.0000 1.0000
v -249.6000 93.6000 -304.2000 1.0000 1.0000 1.0000
v -249.6000 83.1289 -304.2000 0.9294 0.9294 0.9294
v -100.1000 62.4000 -304.2000 1.0000 1.0000 1.0000
v -249.6000 83.1289 -304.2000 0.9294 0.9294 0.9294
v -100.1000 51.9289 -304.2000 0.9294 0.9294 0.9294
v -249.6000 93.6000 -304.2000 1.0000 1.0000 1.0000
v -312.0000 93.6000 -304.2000 1.0000 1.0000 1.0000
v -312.0000 83.1289 -304.2000 0.9294 0.9294 0.9294
v -249.6000 93.6000 -304.2000 1.0000 1.0000 1.0000
v -312.0000 83.1289 -304.2000 0.9294 0.9294 0.9294
v -249.6000 83.1289 -304.2000 0.9294 0.9294 0.9294
v -312.0000 93.6000 -145.6000 0.3725 0.3725 0.2980
v -312.0000 83.1289 -145.6000 0.3725 0.3725 0.2980
v -312.0000 83.1289 -265.2000 0.3725 0.3725 0.2980
v -312.0000 93.6000 -145.6000 0.3725 0.3725 0.2980
v -312.0000 83.1289 -265.2000 0.3725 0.3725 0.2980
v -312.0000 93.6000 -265.2000 0.3725 0.3725 0.2980
v -100.1000 62.4000 -265.2000 0.3725 0.3725 0.2980
v -100.1000 62.4000 -304.2000 0.3725 0.3725 0.2980
v -100.1000 51.9289 -304.2000 0.3725 0.3725 0.2980
v -100.1000 62.4000 -265.2000 0.3725 0.3725 0.2980
v -100.1000 51.9289 -304.2000 0.3725 0.3725 0.2980
v -100.1000 51.9289 -265.2000 0.3725 0.3725 0.2980
v -100.1000 18.0985 -304.2000 0.3725 0.3725 0.2980
v -100.1000 -2.6000 -304.2000 0.2000 0.2000 0.1725
v -100.1000 -2.6000 -296.4000 0.2000 0.2000 0.1725
v -312.0000 93.6000 -145.6000 0.0000 0.0000 0.0000
v -332.8000 93.6000 -145.6000 0.0000 0.0000 0.0000
v -332.8000 83.1289 -145.6000 0.0000 0.0000 0.0000
v -312.0000 93.6000 -145.6000 0.0000 0.0000 0.0000
v -332.8000 83.1289 -145.6000 0.0000 0.0000 0.0000
v -312.0000 83.1289 -145.6000 0.0000 0.0000 0.0000
v -312.0000 83.1289 -145.6000 0.0000 0.0000 0.0000
v -332.8000 83.1289 -145.6000 0.0000 0.0000 0.0000
v -332.8000 79.7367 -145.6000 0.0000 0.0000 0.0000
v -312.0000 83.1289 -145.6000 0.0000 0.0000 0.0000
v -332.8000 79.7367 -145.6000 0.0000 0.0000 0.0000
v -312.0000 79.7571 -145.6000 0.0000 0.0000 0.0000
v -312.0000 79.7571 -145.6000 0.0000 0.0000 0.0000
v -332.8000 79.7367 -145.6000 0.0000 0.0000 0.0000
v -332.8000 76.3547 -145.6000 0.0000 0.0000 0.0000
v -312.0000 79.7571 -145.6000 0.0000 0.0000 0.0000
v -332.8000 76.3547 -145.6000 0.0000 0.0000 0.0000
v -312.0000 76.3750 -145.6000 0.0000 0.0000 0.0000
v -312.0000 76.3750 -145.6000 0.0000 0.0000 0.0000
v -332.8000 76.3547 -145.6000 0.0000 0.0000 0.0000
v -332.8000 18.0985 -145.6000 0.0000 0.0000 0.0000
v -312.0000 76.3750 -145.6000 0.0000 0.0000 0.0000
v -332.8000 18.0985 -145.6000 0.0000 0.0000 0.0000
v -312.0000 18.0985 -145.6000 0.0000 0.0000 0.0000
v -312.0000 18.0985 -145.6000 0.0000 0.0000 0.0000
v -332.8000 18.0985 -145.6000 0.0000 0.0000 0.0000
v -332.8000 -2.6000 -145.6000 0.0000 0.0000 0.0000
v -312.0000 18.0985 -145.6000 0.0000 0.0000 0.0000
v -332.8000 -2.6000 -145.6000 0.0000 0.0000 0.0000
v -312.0000 -2.6000 -145.6000 0.0000 0.0000 0.0000
v -100.1000 -2.6000 -145.6000 0.0000 0.0000 0.0000
v -79.3000 -2.6000 -145.6000 0.0000 0.0000 0.0000
v -79.3000 18.0985 -145.6000 0.0000 0.0000 0.0000
v -100.1000 -2.6000 -145.6000 0.0000 0.0000 0.0000
v -79.3000 18.0985 -145.6000 0.0000 0.0000 0.0000
v -100.1000 18.0985 -145.6000 0.0000 0.0000 0.0000
v -100.1000 18.0985 -145.6000 0.0000 0.0000 0.0000
v -79.3000 18.0985 -145.6000 0.0000 0.0000 0.0000
v -79.3000 44.4031 -145.6000 0.0000 0.0000 0.0000
v -100.1000 18.0985 -145.6000 0.0000 0.0000 0.0000
v -79.3000 44.4031 -145.6000 0.0000 0.0000 0.0000
v -100.1000 44.4031 -145.6000 0.0000 0.0000 0.0000
v -100.1000 44.4031 -145.6000 0.0000 0.0000 0.0000
v -79.3000 44.4031 -145.6000 0.0000 0.0000 0.0000
v -79.3000 48.1610 -145.6000 0.0000 0.0000 0.0000
v -100.1000 44.4031 -145.6000 0.0000 0.0000 0.0000
v -79.3000 48.1610 -145.6000 0.0000 0.0000 0.0000
v -100.1000 48.1610 -145.6000 0.0000 0.0000 0.0000
v -100.1000 48.1610 -145.6000 0.0000 0.0000 0.0000
v -79.3000 48.1610 -145.6000 0.0000 0.0000 0.0000
v -79.3000 51.9289 -145.6000 0.0000 0.0000 0.0000
v -100.1000 48.1610 -145.6000 0.0000 0.0000 0.0000
v -79.3000 51.9289 -145.6000 0.0000 0.0000 0.0000
v -100.1000 51.9289 -145.6000 0.0000 0.0000 0.0000
v -100.1000 51.9289 -145.6000 0.0000 0.0000 0.0000
v -79.3000 51.9289 -145.6000 0.0000 0.0000 0.0000
v -79.3000 62.4000 -145.6000 0.0000 0.0000 0.0000
v -100.1000 51.9289 -145.6000 0.0000 0.0000 0.0000
v -79.3000 62.4000 -145.6000 0.0000 0.0000 0.0000
v -100.1000 62.4000 -145.6000 0.0000 0.0000 0.0000
v -79.3000 62.4000 -304.2000 0.0000 0.0000 0.0000
v -100.1000 62.4000 -304.2000 0.0000 0.0000 0.0000
v -100.1000 62.4000 -265.2000 0.0000 0.0000 0.0000
v -79.3000 62.4000 -304.2000 0.0000 0.0000 0.0000
v -100.1000 62.4000 -265.2000 0.0000 0.0000 0.0000
v -79.3000 62.4000 -265.2000 0.0000 0.0000 0.0000
v -79.3000 62.4000 -265.2000 0.0000 0.0000 0.0000
v -100.1000 62.4000 -265.2000 0.0000 0.0000 0.0000
v -100.1000 62.4000 -145.6000 0.0000 0.0000 0.0000
v -79.3000 62.4000 -265.2000 0.0000 0.0000 0.0000
v -100.1000 62.4000 -145.6000 0.0000 0.0000 0.0000
v -79.3000 62.4000 -145.6000 0.0000 0.0000 0.0000
v -332.8000 93.6000 -145.6000 0.0000 0.0000 0.0000
v -312.0000 93.6000 -145.6000 0.0000 0.0000 0.0000
v -312.0000 93.6000 -265.2000 0.0000 0.0000 0.0000
v -332.8000 93.6000 -145.6000 0.0000 0.0000 0.0000
v -312.0000 93.6000 -265.2000 0.0000 0.0000 0.0000
v -332.8000 93.6000 -265.2000 0.0000 0.0000 0.0000
v -332.8000 93.6000 -265.2000 0.0000 0.0000 0.0000
v -312.0000 93.6000 -265.2000 0.0000 0.0000 0.0000
v -312.0000 93.6000 -304.2000 0.0000 0.0000 0.0000
v -332.8000 93.6000 -265.2000 0.0000 0.0000 0.0000
v -312.0000 93.6000 -304.2000 0.0000 0.0000 0.0000
v -332.8000 93.6000 -304.2000 0.0000 0.0000 0.0000
v -249.6000 93.6000 -325.0000 0.0000 0.0000 0.0000
v -249.6000 93.6000 -304.2000 0.0000 0.0000 0.0000
v -100.1000 62.4000 -304.2000 0.0000 0.0000 0.0000
v -249.6000 93.6000 -325.0000 0.0000 0.0000 0.0000
v -100.1000 62.4000 -304.2000 0.0000 0.0000 0.0000
v -100.1000 62.4000 -325.0000 0.0000 0.0000 0.0000
v -100.1000 62.4000 -304.2000 0.0000 0.0000 0.0000
v -79.3000 62.4000 -304.2000 0.0000 0.0000 0.0000
v -79.3000 62.4000 -325.0000 0.0000 0.0000 0.0000
v -100.1000 62.4000 -304.2000 0.0000 0.0000 0.0000
v -79.3000 62.4000 -325.0000 0.0000 0.0000 0.0000
v -100.1000 62.4000 -325.0000 0.0000 0.0000 0.0000
v -312.0000 93.6000 -304.2000 0.0000 0.0000 0.0000
v -312.0000 93.6000 -325.0000 0.0000 0.0000 0.0000
v -332.8000 93.6000 -325.0000 0.0000 0.0000 0.0000
v -312.0000 93.6000 -304.2000 0.0000 0.0000 0.0000
v -332.8000 93.6000 -325.0000 0.0000 0.0000 0.0000
v -332.8000 93.6000 -304.2000 0.0000 0.0000 0.0000
v -249.6000 93.6000 -304.2000 0.0000 0.0000 0.0000
v -249.6000 93.6000 -325.0000 0.0000 0.0000 0.0000
v -312.0000 93.6000 -325.0000 0.0000 0.0000 0.0000
v -249.6000 93.6000 -304.2000 0.0000 0.0000 0.0000
v -312.0000 93.6000 -325.0000 0.0000 0.0000 0.0000
v -312.0000 93.6000 -304.2000 0.0000 0.0000 0.0000
v -249.6000 83.1289 -304.2000 0.5098 0.5098 0.4627
v -312.0000 83.1289 -304.2000 0.5098 0.5098 0.4627
v -312.0000 79.3610 -304.2000 0.5098 0.5098 0.4627
v -249.6000 83.1289 -304.2000 0.5098 0.5098 0.4627
v -312.0000 79.3610 -304.2000 0.5098 0.5098 0.4627
v -249.6000 79.3610 -304.2000 0.5098 0.5098 0.4627
v -249.6000 79.3610 -304.2000 0.5098 0.5098 0.4627
v -312.0000 79.3610 -304.2000 0.5098 0.5098 0.4627
v -312.0000 75.6031 -304.2000 0.8588 0.8588 0.8588
v -249.6000 79.3610 -304.2000 0.5098 0.5098 0.4627
v -312.0000 75.6031 -304.2000 0.8588 0.8588 0.8588
v -249.6000 75.6031 -304.2000 0.8588 0.8588 0.8588
v -249.6000 75.6031 -304.2000 0.8588 0.8588 0.8588
v -312.0000 75.6031 -304.2000 0.8588 0.8588 0.8588
v -239.2000 18.0985 -304.2000 1.0000 1.0000 1.0000
v -249.6000 75.6031 -304.2000 0.8588 0.8588 0.8588
v -239.2000 18.0985 -304.2000 1.0000 1.0000 1.0000
v -176.8000 18.0985 -304.2000 1.0000 1.0000 1.0000
v -100.1000 51.9289 -304.2000 0.5098 0.5098 0.4627
v -249.6000 83.1289 -304.2000 0.5098 0.5098 0.4627
v -249.6000 79.3610 -304.2000 0.5098 0.5098 0.4627
v -100.1000 51.9289 -304.2000 0.5098 0.5098 0.4627
v -249.6000 79.3610 -304.2000 0.5098 0.5098 0.4627
v -100.1000 48.1610 -304.2000 0.5098 0.5098 0.4627
v -100.1000 48.1610 -304.2000 0.5098 0.5098 0.4627
v -249.6000 79.3610 -304.2000 0.5098 0.5098 0.4627
v -249.6000 75.6031 -304.2000 0.8588 0.8588 0.8588
v -100.1000 48.1610 -304.2000 0.5098 0.5098 0.4627
v -249.6000 75.6031 -304.2000 0.8588 0.8588 0.8588
v -100.1000 44.4031 -304.2000 0.8588 0.8588 0.8588
v -100.1000 44.4031 -304.2000 0.8588 0.8588 0.8588
v -249.6000 75.6031 -304.2000 0.8588 0.8588 0.8588
v -176.8000 18.0985 -304.2000 1.0000 1.0000 1.0000
v -100.1000 44.4031 -304.2000 0.8588 0.8588 0.8588
v -176.8000 18.0985 -304.2000 1.0000 1.0000 1.0000
v -100.1000 18.0985 -304.2000 1.0000 1.0000 1.0000
v -100.1000 51.9289 -265.2000 0.2275 0.2627 0.2275
v -100.1000 51.9289 -304.2000 0.2275 0.2627 0.2275
v -100.1000 48.1610 -304.2000 0.2275 0.2627 0.2275
v -100.1000 51.9289 -265.2000 0.2275 0.2627 0.2275
v -100.1000 48.1610 -304.2000 0.2275 0.2627 0.2275
v -100.1000 48.1610 -265.2000 0.2275 0.2627 0.2275
v -100.1000 48.1610 -265.2000 0.2275 0.2627 0.2275
v -100.1000 48.1610 -304.2000 0.2275 0.2627 0.2275
v -100.1000 44.4031 -304.2000 0.3725 0.3725 0.2980
v -100.1000 48.1610 -265.2000 0.2275 0.2627 0.2275
v -100.1000 44.4031 -304.2000 0.3725 0.3725 0.2980
v -100.1000 44.4031 -265.2000 0.3725 0.3725 0.2980
v -100.1000 44.4031 -265.2000 0.3725 0.3725 0.2980
v -100.1000 44.4031 -304.2000 0.3725 0.3725 0.2980
v -100.1000 18.0985 -304.2000 0.3725 0.3725 0.2980
v -100.1000 44.4031 -265.2000 0.3725 0.3725 0.2980
v -100.1000 18.0985 -304.2000 0.3725 0.3725 0.2980
v -100.1000 18.0985 -265.2000 0.3725 0.3725 0.2980
v -100.1000 51.9289 -145.6000 0.2275 0.2627 0.2275
v -100.1000 51.9289 -265.2000 0.2275 0.2627 0.2275
v -100.1000 48.1610 -265.2000 0.2275 0.2627 0.2275
v -100.1000 51.9289 -145.6000 0.2275 0.2627 0.2275
v -100.1000 48.1610 -265.2000 0.2275 0.2627 0.2275
v -100.1000 48.1610 -145.6000 0.2275 0.2627 0.2275
v -100.1000 48.1610 -145.6000 0.2275 0.2627 0.2275
v -100.1000 48.1610 -265.2000 0.2275 0.2627 0.2275
v -100.1000 44.4031 -265.2000 0.3725 0.3725 0.2980
v -100.1000 48.1610 -145.6000 0.2275 0.2627 0.2275
v -100.1000 44.4031 -265.2000 0.3725 0.3725 0.2980
v -100.1000 44.4031 -145.6000 0.3725 0.3725 0.2980
v -100.1000 44.4031 -145.6000 0.3725 0.3725 0.2980
v -100.1000 44.4031 -265.2000 0.3725 0.3725 0.2980
v -100.1000 18.0985 -265.2000 0.3725 0.3725 0.2980
v -100.1000 44.4031 -145.6000 0.3725 0.3725 0.2980
v -100.1000 18.0985 -265.2000 0.3725 0.3725 0.2980
v -100.1000 18.0985 -145.6000 0.3725 0.3725 0.2980
v -312.0000 18.0985 -304.2000 0.3725 0.3725 0.2980
v -312.0000 75.6031 -304.2000 0.3725 0.3725 0.2980
v -312.0000 76.0196 -265.2000 0.3725 0.3725 0.2980
v -312.0000 18.0985 -304.2000 0.3725 0.3725 0.2980
v -312.0000 76.0196 -265.2000 0.3725 0.3725 0.2980
v -312.0000 18.0985 -265.2000 0.3725 0.3725 0.2980
v -312.0000 18.0985 -265.2000 0.3725 0.3725 0.2980
v -312.0000 76.0196 -265.2000 0.3725 0.3725 0.2980
v -312.0000 76.3750 -145.6000 0.3725 0.3725 0.2980
v -312.0000 18.0985 -265.2000 0.3725 0.3725 0.2980
v -312.0000 76.3750 -145.6000 0.3725 0.3725 0.2980
v -312.0000 18.0985 -145.6000 0.3725 0.3725 0.2980
v -312.0000 83.1289 -265.2000 0.2275 0.2627 0.2275
v -312.0000 83.1289 -145.6000 0.2275 0.2627 0.2275
v -312.0000 79.7571 -145.6000 0.2275 0.2627 0.2275
v -312.0000 83.1289 -265.2000 0.2275 0.2627 0.2275
v -312.0000 79.7571 -145.6000 0.2275 0.2627 0.2275
v -312.0000 79.3610 -265.2000 0.2275 0.2627 0.2275
v -312.0000 79.3610 -265.2000 0.2275 0.2627 0.2275
v -312.0000 79.7571 -145.6000 0.2275 0.2627 0.2275
v -312.0000 76.3750 -145.6000 0.3725 0.3725 0.2980
v -312.0000 79.3610 -265.2000 0.2275 0.2627 0.2275
v -312.0000 76.3750 -145.6000 0.3725 0.3725 0.2980
v -312.0000 76.0196 -265.2000 0.3725 0.3725 0.2980
v -312.0000 83.1289 -304.2000 0.2275 0.2627 0.2275
v -312.0000 83.1289 -265.2000 0.2275 0.2627 0.2275
v -312.0000 79.3610 -265.2000 0.2275 0.2627 0.2275
v -312.0000 83.1289 -304.2000 0.2275 0.2627 0.2275
v -312.0000 79.3610 -265.2000 0.2275 0.2627 0.2275
v -312.0000 79.3610 -304.2000 0.2275 0.2627 0.2275
v -312.0000 79.3610 -304.2000 0.2275 0.2627 0.2275
v -312.0000 79.3610 -265.2000 0.2275 0.2627 0.2275
v -312.0000 76.0196 -265.2000 0.3725 0.3725 0.2980
v -312.0000 79.3610 -304.2000 0.2275 0.2627 0.2275
v -312.0000 76.0196 -265.2000 0.3725 0.3725 0.2980
v -312.0000 75.6031 -304.2000 0.3725 0.3725 0.2980
v -312.0000 75.6031 -304.2000 0.8588 0.8588 0.8588
v -312.0000 18.0985 -304.2000 1.0000 1.0000 1.0000
v -239.2000 18.0985 -304.2000 1.0000 1.0000 1.0000
v -308.1000 2.6000 -150.1500 1.0000 1.0000 1.0000
v -308.1000 2.6000 -200.2000 1.0000 1.0000 1.0000
v -313.3000 2.6000 -200.2000 1.0000 1.0000 1.0000
v -308.1000 2.6000 -150.1500 1.0000 1.0000 1.0000
v -313.3000 2.6000 -200.2000 1.0000 1.0000 1.0000
v -313.3000 2.6000 -150.1500 1.0000 1.0000 1.0000
v -308.1000 2.6000 -200.2000 1.0000 1.0000 1.0000
v -287.3000 2.6000 -200.2000 1.0000 1.0000 1.0000
v -287.3000 2.6000 -205.4000 1.0000 1.0000 1.0000
v -308.1000 2.6000 -200.2000 1.0000 1.0000 1.0000
v -287.3000 2.6000 -205.4000 1.0000 1.0000 1.0000
v -308.1000 2.6000 -205.4000 1.0000 1.0000 1.0000
v -308.1000 2.6000 -150.1500 1.0000 1.0000 1.0000
v -287.3000 2.6000 -150.1500 1.0000 1.0000 1.0000
v -287.3000 2.6000 -200.2000 1.0000 1.0000 1.0000
v -308.1000 2.6000 -150.1500 1.0000 1.0000 1.0000
v -287.3000 2.6000 -200.2000 1.0000 1.0000 1.0000
v -308.1000 2.6000 -200.2000 1.0000 1.0000 1.0000
v -287.3000 2.6000 -200.2000 1.0000 1.0000 1.0000
v -287.3000 2.6000 -150.1500 1.0000 1.0000 1.0000
v -282.1000 2.6000 -150.1500 1.0000 1.0000 1.0000
v -287.3000 2.6000 -200.2000 1.0000 1.0000 1.0000
v -282.1000 2.6000 -150.1500 1.0000 1.0000 1.0000
v -282.1000 2.6000 -200.2000 1.0000 1.0000 1.0000
v -287.3000 2.6000 -145.6000 1.0000 1.0000 1.0000
v -287.3000 2.6000 -150.1500 1.0000 1.0000 1.0000
v -308.1000 2.6000 -150.1500 1.0000 1.0000 1.0000
v -287.3000 2.6000 -145.6000 1.0000 1.0000 1.0000
v -308.1000 2.6000 -150.1500 1.0000 1.0000 1.0000
v -308.1000 2.6000 -145.6000 1.0000 1.0000 1.0000
v -162.5000 2.6000 -215.1500 1.0000 1.0000 1.0000
v -162.5000 2.6000 -244.4000 1.0000 1.0000 1.0000
v -167.7000 2.6000 -244.4000 1.0000 1.0000 1.0000
v -162.5000 2.6000 -215.1500 1.0000 1.0000 1.0000
v -167.7000 2.6000 -244.4000 1.0000 1.0000 1.0000
v -167.7000 2.6000 -215.1601 1.0000 1.0000 1.0000
v -162.5000 2.6000 -244.4000 1.0000 1.0000 1.0000
v -126.1000 2.6000 -244.4000 1.0000 1.0000 1.0000
v -126.1000 2.6000 -249.6000 1.0000 1.0000 1.0000
v -162.5000 2.6000 -244.4000 1.0000 1.0000 1.0000
v -126.1000 2.6000 -249.6000 1.0000 1.0000 1.0000
v -162.5000 2.6000 -249.6000 1.0000 1.0000 1.0000
v -163.8000 2.6000 -210.6000 1.0000 1.0000 1.0000
v -120.9000 2.6000 -210.6000 1.0000 1.0000 1.0000
v -126.1000 2.6000 -215.1500 1.0000 1.0000 1.0000
v -163.8000 2.6000 -210.6000 1.0000 1.0000 1.0000
v -126.1000 2.6000 -215.1500 1.0000 1.0000 1.0000
v -162.5000 2.6000 -215.1500 1.0000 1.0000 1.0000
v -162.5000 2.6000 -215.1500 1.0000 1.0000 1.0000
v -126.1000 2.6000 -215.1500 1.0000 1.0000 1.0000
v -126.1000 2.6000 -244.4000 1.0000 1.0000 1.0000
v -162.5000 2.6000 -215.1500 1.0000 1.0000 1.0000
v -126.1000 2.6000 -244.4000 1.0000 1.0000 1.0000
v -162.5000 2.6000 -244.4000 1.0000 1.0000 1.0000
v -126.1000 2.6000 -215.1500 1.0000 1.0000 1.0000
v -120.9000 2.6000 -210.6000 1.0000 1.0000 1.0000
v -120.9000 2.6000 -244.4000 1.0000 1.0000 1.0000
v -126.1000 2.6000 -215.1500 1.0000 1.0000 1.0000
v -120.9000 2.6000 -244.4000 1.0000 1.0000 1.0000
v -126.1000 2.6000 -244.4000 1.0000 1.0000 1.0000
v -308.1000 2.6000 -200.2000 1.0000 1.0000 1.0000
v -308.1000 2.6000 -205.4000 1.0000 1.0000 1.0000
v -313.3000 2.6000 -205.4000 1.0000 1.0000 1.0000
v -308.1000 2.6000 -200.2000 1.0000 1.0000 1.0000
v -313.3000 2.6000 -205.4000 1.0000 1.0000 1.0000
v -313.3000 2.6000 -200.2000 1.0000 1.0000 1.0000
v -308.1000 2.6000 -145.6000 1.0000 1.0000 1.0000
v -308.1000 2.6000 -150.1500 1.0000 1.0000 1.0000
v -313.3000 2.6000 -150.1500 1.0000 1.0000 1.0000
v -287.3000 2.6000 -200.2000 1.0000 1.0000 1.0000
v -282.1000 2.6000 -200.2000 1.0000 1.0000 1.0000
v -287.3000 2.6000 -205.4000 1.0000 1.0000 1.0000
v -287.3000 2.6000 -150.1500 1.0000 1.0000 1.0000
v -287.3000 2.6000 -145.6000 1.0000 1.0000 1.0000
v -282.1000 2.6000 -145.6000 1.0000 1.0000 1.0000
v -287.3000 2.6000 -150.1500 1.0000 1.0000 1.0000
v -282.1000 2.6000 -145.6000 1.0000 1.0000 1.0000
v -282.1000 2.6000 -150.1500 1.0000 1.0000 1.0000
v -162.5000 2.6000 -244.4000 1.0000 1.0000 1.0000
v -162.5000 2.6000 -249.6000 1.0000 1.0000 1.0000
v -167.7000 2.6000 -249.6000 1.0000 1.0000 1.0000
v -162.5000 2.6000 -244.4000 1.0000 1.0000 1.0000
v -167.7000 2.6000 -249.6000 1.0000 1.0000 1.0000
v -167.7000 2.6000 -244.4000 1.0000 1.0000 1.0000
v -163.8000 2.6000 -210.6000 1.0000 1.0000 1.0000
v -162.5000 2.6000 -215.1500 1.0000 1.0000 1.0000
v -167.7000 2.6000 -215.1601 1.0000 1.0000 1.0000
v -126.1000 2.6000 -244.4000 1.0000 1.0000 1.0000
v -120.9000 2.6000 -244.4000 1.0000 1.0000 1.0000
v -126.1000 2.6000 -249.6000 1.0000 1.0000 1.0000
v -304.2000 -2.6000 -265.2000 0.5098 0.5098 0.5098
v -304.2000 -2.6000 -145.6000 0.5098 0.5098 0.5098
v -293.8000 -2.6000 -145.6000 0.5098 0.5098 0.5098
v -304.2000 -2.6000 -265.2000 0.5098 0.5098 0.5098
v -293.8000 -2.6000 -145.6000 0.5098 0.5098 0.5098
v -293.8000 -2.6000 -265.2000 0.5098 0.5098 0.5098
v -293.8000 -2.6000 -265.2000 0.5098 0.5098 0.5098
v -293.8000 -2.6000 -145.6000 0.5098 0.5098 0.5098
v -291.2000 -2.6000 -145.6000 1.0000 1.0000 1.0000
v -293.8000 -2.6000 -265.2000 0.5098 0.5098 0.5098
v -291.2000 -2.6000 -145.6000 1.0000 1.0000 1.0000
v -291.2000 -2.6000 -265.2000 1.0000 1.0000 1.0000
v -291.2000 -2.6000 -265.2000 1.0000 1.0000 1.0000
v -291.2000 -2.6000 -145.6000 1.0000 1.0000 1.0000
v -269.4656 -2.6000 -145.6000 1.0000 1.0000 1.0000
v -291.2000 -2.6000 -265.2000 1.0000 1.0000 1.0000
v -269.4656 -2.6000 -145.6000 1.0000 1.0000 1.0000
v -270.3289 -2.6000 -265.2000 1.0000 1.0000 1.0000
v -270.3289 -2.6000 -265.2000 1.0000 1.0000 1.0000
v -269.4656 -2.6000 -145.6000 1.0000 1.0000 1.0000
v -239.2000 -2.6000 -145.6000 1.0000 1.0000 1.0000
v -270.3289 -2.6000 -265.2000 1.0000 1.0000 1.0000
v -239.2000 -2.6000 -145.6000 1.0000 1.0000 1.0000
v -239.2000 -2.6000 -265.2000 1.0000 1.0000 1.0000
v -239.2000 -2.6000 -265.2000 1.0000 1.0000 1.0000
v -239.2000 -2.6000 -145.6000 1.0000 1.0000 1.0000
v -176.8000 -2.6000 -145.6000 1.0000 1.0000 1.0000
v -239.2000 -2.6000 -265.2000 1.0000 1.0000 1.0000
v -176.8000 -2.6000 -145.6000 1.0000 1.0000 1.0000
v -176.8000 -2.6000 -265.2000 1.0000 1.0000 1.0000
v -176.8000 -2.6000 -265.2000 1.0000 1.0000 1.0000
v -176.8000 -2.6000 -145.6000 1.0000 1.0000 1.0000
v -100.1000 -2.6000 -145.6000 1.0000 1.0000 1.0000
v -176.8000 -2.6000 -265.2000 1.0000 1.0000 1.0000
v -100.1000 -2.6000 -145.6000 1.0000 1.0000 1.0000
v -100.1000 -2.6000 -265.2000 1.0000 1.0000 1.0000
v -176.8000 -2.6000 -265.2000 1.0000 1.0000 1.0000
v -100.1000 -2.6000 -265.2000 1.0000 1.0000 1.0000
v -100.1000 -2.6000 -280.8000 1.0000 1.0000 1.0000
v -176.8000 -2.6000 -265.2000 1.0000 1.0000 1.0000
v -100.1000 -2.6000 -280.8000 1.0000 1.0000 1.0000
v -176.8000 -2.6000 -280.8000 1.0000 1.0000 1.0000
v -176.8000 -2.6000 -280.8000 1.0000 1.0000 1.0000
v -100.1000 -2.6000 -280.8000 1.0000 1.0000 1.0000
v -100.1000 -2.6000 -283.4000 0.5098 0.5098 0.5098
v -176.8000 -2.6000 -280.8000 1.0000 1.0000 1.0000
v -100.1000 -2.6000 -283.4000 0.5098 0.5098 0.5098
v -176.8000 -2.6000 -283.4000 0.5098 0.5098 0.5098
v -176.8000 -2.6000 -283.4000 0.5098 0.5098 0.5098
v -100.1000 -2.6000 -283.4000 0.5098 0.5098 0.5098
v -100.1000 -2.6000 -296.4000 0.5098 0.5098 0.5098
v -176.8000 -2.6000 -283.4000 0.5098 0.5098 0.5098
v -100.1000 -2.6000 -296.4000 0.5098 0.5098 0.5098
v -176.8000 -2.6000 -296.4000 0.5098 0.5098 0.5098
v -176.8000 -2.6000 -296.4000 0.5098 0.5098 0.5098
v -100.1000 -2.6000 -296.4000 0.5098 0.5098 0.5098
v -100.1000 -2.6000 -304.2000 0.5098 0.5098 0.5098
v -176.8000 -2.6000 -296.4000 0.5098 0.5098 0.5098
v -100.1000 -2.6000 -304.2000 0.5098 0.5098 0.5098
v -176.8000 -2.6000 -304.2000 0.5098 0.5098 0.5098
v -239.2000 -2.6000 -265.2000 1.0000 1.0000 1.0000
v -176.8000 -2.6000 -265.2000 1.0000 1.0000 1.0000
v -176.8000 -2.6000 -280.8000 1.0000 1.0000 1.0000
v -239.2000 -2.6000 -265.2000 1.0000 1.0000 1.0000
v -176.8000 -2.6000 -280.8000 1.0000 1.0000 1.0000
v -239.2000 -2.6000 -280.8000 1.0000 1.0000 1.0000
v -239.2000 -2.6000 -280.8000 1.0000 1.0000 1.0000
v -176.8000 -2.6000 -280.8000 1.0000 1.0000 1.0000
v -176.8000 -2.6000 -283.4000 0.5098 0.5098 0.5098
v -239.2000 -2.6000 -280.8000 1.0000 1.0000 1.0000
v -176.8000 -2.6000 -283.4000 0.5098 0.5098 0.5098
v -239.2000 -2.6000 -283.4000 0.5098 0.5098 0.5098
v -239.2000 -2.6000 -283.4000 0.5098 0.5098 0.5098
v -176.8000 -2.6000 -283.4000 0.5098 0.5098 0.5098
v -176.8000 -2.6000 -296.4000 0.5098 0.5098 0.5098
v -239.2000 -2.6000 -283.4000 0.5098 0.5098 0.5098
v -176.8000 -2.6000 -296.4000 0.5098 0.5098 0.5098
v -239.2000 -2.6000 -296.4000 0.5098 0.5098 0.5098
v -239.2000 -2.6000 -296.4000 0.5098 0.5098 0.5098
v -176.8000 -2.6000 -296.4000 0.5098 0.5098 0.5098
v -176.8000 -2.6000 -304.2000 0.5098 0.5098 0.5098
v -239.2000 -2.6000 -296.4000 0.5098 0.5098 0.5098
v -176.8000 -2.6000 -304.2000 0.5098 0.5098 0.5098
v -239.2000 -2.6000 -304.2000 0.5098 0.5098 0.5098
v -270.4000 -2.6000 -296.4000 0.5098 0.5098 0.5098
v -239.2000 -2.6000 -304.2000 0.5098 0.5098 0.5098
v -312.0000 -2.6000 -304.2000 0.5098 0.5098 0.5098
v -270.4000 -2.6000 -296.4000 0.5098 0.5098 0.5098
v -312.0000 -2.6000 -304.2000 0.5098 0.5098 0.5098
v -304.2000 -2.6000 -296.4000 0.5098 0.5098 0.5098
v -304.2000 -2.6000 -296.4000 0.5098 0.5098 0.5098
v -312.0000 -2.6000 -304.2000 0.5098 0.5098 0.5098
v -312.0000 -2.6000 -265.2000 0.5098 0.5098 0.5098
v -304.2000 -2.6000 -296.4000 0.5098 0.5098 0.5098
v -312.0000 -2.6000 -265.2000 0.5098 0.5098 0.5098
v -304.2000 -2.6000 -265.2000 0.5098 0.5098 0.5098
v -304.2000 -2.6000 -265.2000 0.5098 0.5098 0.5098
v -312.0000 -2.6000 -265.2000 0.5098 0.5098 0.5098
v -312.0000 -2.6000 -145.6000 0.5098 0.5098 0.5098
v -304.2000 -2.6000 -265.2000 0.5098 0.5098 0.5098
v -312.0000 -2.6000 -145.6000 0.5098 0.5098 0.5098
v -304.2000 -2.6000 -145.6000 0.5098 0.5098 0.5098
v -239.2000 -2.6000 -296.4000 0.5098 0.5098 0.5098
v -270.4000 -2.6000 -296.4000 0.5098 0.5098 0.5098
v -270.4000 -2.6000 -283.4000 0.5098 0.5098 0.5098
v -239.2000 -2.6000 -296.4000 0.5098 0.5098 0.5098
v -270.4000 -2.6000 -283.4000 0.5098 0.5098 0.5098
v -239.2000 -2.6000 -283.4000 0.5098 0.5098 0.5098
v -239.2000 -2.6000 -283.4000 0.5098 0.5098 0.5098
v -270.4000 -2.6000 -283.4000 0.5098 0.5098 0.5098
v -270.4000 -2.6000 -280.8000 1.0000 1.0000 1.0000
v -239.2000 -2.6000 -283.4000 0.5098 0.5098 0.5098
v -270.4000 -2.6000 -280.8000 1.0000 1.0000 1.0000
v -239.2000 -2.6000 -280.8000 1.0000 1.0000 1.0000
v -239.2000 -2.6000 -280.8000 1.0000 1.0000 1.0000
v -270.4000 -2.6000 -280.8000 1.0000 1.0000 1.0000
v -270.3289 -2.6000 -265.2000 1.0000 1.0000 1.0000
v -239.2000 -2.6000 -280.8000 1.0000 1.0000 1.0000
v -270.3289 -2.6000 -265.2000 1.0000 1.0000 1.0000
v -239.2000 -2.6000 -265.2000 1.0000 1.0000 1.0000
v -239.2000 -2.6000 -304.2000 0.5098 0.5098 0.5098
v -270.4000 -2.6000 -296.4000 0.5098 0.5098 0.5098
v -239.2000 -2.6000 -296.4000 0.5098 0.5098 0.5098
v -308.1000 13.0000 -148.2000 0.6157 0.4627 0.5098
v -308.1000 7.1297 -148.2000 0.6157 0.6157 0.6157
v -301.6000 7.1297 -146.9000 0.6157 0.6157 0.6157
v -308.1000 13.0000 -148.2000 0.6157 0.4627 0.5098
v -301.6000 7.1297 -146.9000 0.6157 0.6157 0.6157
v -301.6000 13.0000 -146.9000 0.6157 0.4627 0.5098
v -301.6000 13.0000 -146.9000 0.6157 0.4627 0.5098
v -301.6000 7.1297 -146.9000 0.6157 0.6157 0.6157
v -295.1000 7.1297 -148.2000 0.6157 0.6157 0.6157
v -301.6000 13.0000 -146.9000 0.6157 0.4627 0.5098
v -295.1000 7.1297 -148.2000 0.6157 0.6157 0.6157
v -295.1000 13.0000 -148.2000 0.6157 0.4627 0.5098
v -296.4000 13.0000 -202.8000 1.0000 1.0000 1.0000
v -295.1000 13.0000 -208.0000 1.0000 1.0000 1.0000
v -301.6000 13.0000 -209.3000 1.0000 1.0000 1.0000
v -296.4000 13.0000 -202.8000 1.0000 1.0000 1.0000
v -301.6000 13.0000 -209.3000 1.0000 1.0000 1.0000
v -301.6000 13.0000 -204.1000 1.0000 1.0000 1.0000
v -301.6000 13.0000 -204.1000 1.0000 1.0000 1.0000
v -301.6000 13.0000 -209.3000 1.0000 1.0000 1.0000
v -308.1000 13.0000 -208.0000 1.0000 1.0000 1.0000
v -301.6000 13.0000 -204.1000 1.0000 1.0000 1.0000
v -308.1000 13.0000 -208.0000 1.0000 1.0000 1.0000
v -306.8000 13.0000 -202.8000 1.0000 1.0000 1.0000
v -306.8000 13.0000 -153.4000 1.0000 1.0000 1.0000
v -308.1000 13.0000 -148.2000 1.0000 1.0000 1.0000
v -301.6000 13.0000 -146.9000 1.0000 1.0000 1.0000
v -306.8000 13.0000 -153.4000 1.0000 1.0000 1.0000
v -301.6000 13.0000 -146.9000 1.0000 1.0000 1.0000
v -301.6000 13.0000 -152.1000 1.0000 1.0000 1.0000
v -301.6000 13.0000 -152.1000 1.0000 1.0000 1.0000
v -301.6000 13.0000 -146.9000 1.0000 1.0000 1.0000
v -295.1000 13.0000 -148.2000 1.0000 1.0000 1.0000
v -301.6000 13.0000 -152.1000 1.0000 1.0000 1.0000
v -295.1000 13.0000 -148.2000 1.0000 1.0000 1.0000
v -296.4000 13.0000 -153.4000 1.0000 1.0000 1.0000
v -309.4000 -0.6703 -198.9000 0.6157 0.6157 0.6157
v -305.5000 -0.6703 -200.2000 0.6157 0.6157 0.6157
v -305.5000 7.8000 -200.2000 0.6157 0.4627 0.5098
v -309.4000 -0.6703 -198.9000 0.6157 0.6157 0.6157
v -305.5000 7.8000 -200.2000 0.6157 0.4627 0.5098
v -309.4000 7.8000 -198.9000 0.6157 0.4627 0.5098
v -305.5000 -0.6703 -200.2000 0.6157 0.6157 0.6157
v -305.5000 -0.6703 -205.4000 0.6157 0.6157 0.6157
v -305.5000 7.8000 -205.4000 0.6157 0.4627 0.5098
v -305.5000 -0.6703 -200.2000 0.6157 0.6157 0.6157
v -305.5000 7.8000 -205.4000 0.6157 0.4627 0.5098
v -305.5000 7.8000 -200.2000 0.6157 0.4627 0.5098
v -297.7000 -0.6703 -200.2000 0.6157 0.6157 0.6157
v -293.8000 -0.6703 -200.2000 0.6157 0.6157 0.6157
v -293.8000 7.8000 -200.2000 0.6157 0.4627 0.5098
v -297.7000 -0.6703 -200.2000 0.6157 0.6157 0.6157
v -293.8000 7.8000 -200.2000 0.6157 0.4627 0.5098
v -297.7000 7.8000 -200.2000 0.6157 0.4627 0.5098
v -297.7000 -0.6703 -150.8000 0.6157 0.6157 0.6157
v -293.8000 -0.6703 -150.8000 0.6157 0.6157 0.6157
v -293.8000 7.8000 -150.8000 0.6157 0.4627 0.5098
v -297.7000 -0.6703 -150.8000 0.6157 0.6157 0.6157
v -293.8000 7.8000 -150.8000 0.6157 0.4627 0.5098
v -297.7000 7.8000 -150.8000 0.6157 0.4627 0.5098
v -309.4000 -0.6703 -150.8000 0.6157 0.6157 0.6157
v -305.5000 -0.6703 -150.8000 0.6157 0.6157 0.6157
v -305.5000 7.8000 -150.8000 0.6157 0.4627 0.5098
v -309.4000 -0.6703 -150.8000 0.6157 0.6157 0.6157
v -305.5000 7.8000 -150.8000 0.6157 0.4627 0.5098
v -309.4000 7.8000 -150.8000 0.6157 0.4627 0.5098
v -305.5000 -0.6703 -150.8000 0.6157 0.6157 0.6157
v -305.5000 -0.6703 -156.0000 0.6157 0.6157 0.6157
v -305.5000 7.8000 -156.0000 0.6157 0.4627 0.5098
v -305.5000 -0.6703 -150.8000 0.6157 0.6157 0.6157
v -305.5000 7.8000 -156.0000 0.6157 0.4627 0.5098
v -305.5000 7.8000 -150.8000 0.6157 0.4627 0.5098
v -293.8000 7.8000 -200.2000 0.6157 0.4627 0.5098
v -293.8000 -0.6703 -200.2000 0.6157 0.6157 0.6157
v -293.8000 -0.6703 -205.4000 0.6157 0.6157 0.6157
v -293.8000 7.8000 -200.2000 0.6157 0.4627 0.5098
v -293.8000 -0.6703 -205.4000 0.6157 0.6157 0.6157
v -293.8000 7.8000 -205.4000 0.6157 0.4627 0.5098
v -293.8000 7.8000 -150.8000 0.6157 0.4627 0.5098
v -293.8000 -0.6703 -150.8000 0.6157 0.6157 0.6157
v -293.8000 -0.6703 -156.0000 0.6157 0.6157 0.6157
v -293.8000 7.8000 -150.8000 0.6157 0.4627 0.5098
v -293.8000 -0.6703 -156.0000 0.6157 0.6157 0.6157
v -293.8000 7.8000 -156.0000 0.6157 0.4627 0.5098
v -308.1000 13.0000 -148.2000 0.6157 0.4627 0.5098
v -312.0000 13.0000 -152.1000 0.6157 0.4627 0.5098
v -312.0000 7.1297 -152.1304 0.6157 0.6157 0.6157
v -308.1000 13.0000 -148.2000 0.6157 0.4627 0.5098
v -312.0000 7.1297 -152.1304 0.6157 0.6157 0.6157
v -308.1000 7.1297 -148.2000 0.6157 0.6157 0.6157
v -291.2000 13.0000 -152.1000 0.6157 0.4627 0.5098
v -291.2000 7.1297 -152.0899 0.6157 0.6157 0.6157
v -291.2000 7.1297 -204.1101 0.6157 0.6157 0.6157
v -291.2000 13.0000 -152.1000 0.6157 0.4627 0.5098
v -291.2000 7.1297 -204.1101 0.6157 0.6157 0.6157
v -291.2000 13.0000 -204.1000 0.6157 0.4627 0.5098
v -291.2000 13.0000 -152.1000 0.6157 0.4627 0.5098
v -295.1000 13.0000 -148.2000 0.6157 0.4627 0.5098
v -295.1000 7.1297 -148.2000 0.6157 0.6157 0.6157
v -291.2000 13.0000 -152.1000 0.6157 0.4627 0.5098
v -295.1000 7.1297 -148.2000 0.6157 0.6157 0.6157
v -291.2000 7.1297 -152.0899 0.6157 0.6157 0.6157
v -301.6000 13.0000 -152.1000 1.0000 1.0000 1.0000
v -301.6000 13.0000 -204.1000 1.0000 1.0000 1.0000
v -306.8000 13.0000 -202.8000 1.0000 1.0000 1.0000
v -301.6000 13.0000 -152.1000 1.0000 1.0000 1.0000
v -306.8000 13.0000 -202.8000 1.0000 1.0000 1.0000
v -306.8000 13.0000 -153.4000 1.0000 1.0000 1.0000
v -306.8000 13.0000 -153.4000 1.0000 1.0000 1.0000
v -306.8000 13.0000 -202.8000 1.0000 1.0000 1.0000
v -312.0000 13.0000 -204.1000 1.0000 1.0000 1.0000
v -306.8000 13.0000 -153.4000 1.0000 1.0000 1.0000
v -312.0000 13.0000 -204.1000 1.0000 1.0000 1.0000
v -312.0000 13.0000 -152.1000 1.0000 1.0000 1.0000
v -301.6000 13.0000 -152.1000 1.0000 1.0000 1.0000
v -296.4000 13.0000 -153.4000 1.0000 1.0000 1.0000
v -296.4000 13.0000 -202.8000 1.0000 1.0000 1.0000
v -301.6000 13.0000 -152.1000 1.0000 1.0000 1.0000
v -296.4000 13.0000 -202.8000 1.0000 1.0000 1.0000
v -301.6000 13.0000 -204.1000 1.0000 1.0000 1.0000
v -296.4000 13.0000 -153.4000 1.0000 1.0000 1.0000
v -291.2000 13.0000 -152.1000 1.0000 1.0000 1.0000
v -291.2000 13.0000 -204.1000 1.0000 1.0000 1.0000
v -296.4000 13.0000 -153.4000 1.0000 1.0000 1.0000
v -291.2000 13.0000 -204.1000 1.0000 1.0000 1.0000
v -296.4000 13.0000 -202.8000 1.0000 1.0000 1.0000
v -308.1000 13.0000 -208.0000 1.0000 1.0000 1.0000
v -312.0000 13.0000 -204.1000 1.0000 1.0000 1.0000
v -306.8000 13.0000 -202.8000 1.0000 1.0000 1.0000
v -291.2000 13.0000 -204.1000 1.0000 1.0000 1.0000
v -295.1000 13.0000 -208.0000 1.0000 1.0000 1.0000
v -296.4000 13.0000 -202.8000 1.0000 1.0000 1.0000
v -291.2000 13.0000 -152.1000 1.0000 1.0000 1.0000
v -296.4000 13.0000 -153.4000 1.0000 1.0000 1.0000
v -295.1000 13.0000 -148.2000 1.0000 1.0000 1.0000
v -308.1000 13.0000 -148.2000 1.0000 1.0000 1.0000
v -306.8000 13.0000 -153.4000 1.0000 1.0000 1.0000
v -312.0000 13.0000 -152.1000 1.0000 1.0000 1.0000
v -167.7000 2.6000 -247.6297 0.4627 0.4157 0.5098
v -167.7000 10.4000 -247.6297 0.4627 0.4157 0.5098
v -167.7000 10.4000 -250.2297 0.4627 0.4157 0.5098
v -167.7000 2.6000 -247.6297 0.4627 0.4157 0.5098
v -167.7000 10.4000 -250.2297 0.4627 0.4157 0.5098
v -167.7000 2.6000 -250.2297 0.4627 0.4157 0.5098
v -167.7000 2.6000 -250.2297 0.4627 0.4157 0.5098
v -167.7000 10.4000 -250.2297 0.4627 0.4157 0.5098
v -163.8000 10.4000 -250.2297 0.4627 0.4157 0.5098
v -167.7000 2.6000 -250.2297 0.4627 0.4157 0.5098
v -163.8000 10.4000 -250.2297 0.4627 0.4157 0.5098
v -163.8000 2.6000 -250.2297 0.4627 0.4157 0.5098
v -163.8000 2.6000 -250.2297 0.4627 0.4157 0.5098
v -163.8000 10.4000 -250.2297 0.4627 0.4157 0.5098
v -163.8000 10.4000 -247.5078 0.4627 0.4157 0.5098
v -163.8000 2.6000 -250.2297 0.4627 0.4157 0.5098
v -163.8000 10.4000 -247.5078 0.4627 0.4157 0.5098
v -163.8000 2.6000 -247.6297 0.4627 0.4157 0.5098
v -163.8000 2.6000 -247.6297 0.4627 0.4157 0.5098
v -163.8000 10.4000 -247.5078 0.4627 0.4157 0.5098
v -163.8000 10.4000 -217.8922 0.4627 0.4157 0.5098
v -163.8000 2.6000 -247.6297 0.4627 0.4157 0.5098
v -163.8000 10.4000 -217.8922 0.4627 0.4157 0.5098
v -163.8000 2.6000 -217.7703 0.4627 0.4157 0.5098
v -163.8000 2.6000 -217.7703 0.4627 0.4157 0.5098
v -163.8000 10.4000 -217.8922 0.4627 0.4157 0.5098
v -163.8000 10.4000 -215.1703 0.4627 0.4157 0.5098
v -163.8000 2.6000 -217.7703 0.4627 0.4157 0.5098
v -163.8000 10.4000 -215.1703 0.4627 0.4157 0.5098
v -163.8000 2.6000 -215.1703 0.4627 0.4157 0.5098
v -163.8000 2.6000 -215.1703 0.4627 0.4157 0.5098
v -163.8000 10.4000 -215.1703 0.4627 0.4157 0.5098
v -167.7000 10.4000 -215.1703 0.4627 0.4157 0.5098
v -163.8000 2.6000 -215.1703 0.4627 0.4157 0.5098
v -167.7000 10.4000 -215.1703 0.4627 0.4157 0.5098
v -167.7000 2.6000 -215.1601 0.4627 0.4157 0.5098
v -167.7000 2.6000 -215.1601 0.4627 0.4157 0.5098
v -167.7000 10.4000 -215.1703 0.4627 0.4157 0.5098
v -167.7000 10.4000 -217.7703 0.4627 0.4157 0.5098
v -167.7000 2.6000 -215.1601 0.4627 0.4157 0.5098
v -167.7000 10.4000 -217.7703 0.4627 0.4157 0.5098
v -167.7000 2.6000 -217.7703 0.4627 0.4157 0.5098
v -167.7000 2.6000 -217.7703 0.4627 0.4157 0.5098
v -167.7000 10.4000 -217.7703 0.4627 0.4157 0.5098
v -167.7000 10.4000 -247.6297 0.4627 0.4157 0.5098
v -167.7000 2.6000 -217.7703 0.4627 0.4157 0.5098
v -167.7000 10.4000 -247.6297 0.4627 0.4157 0.5098
v -167.7000 2.6000 -247.6297 0.4627 0.4157 0.5098
v -132.6000 11.7000 -250.9000 0.4627 0.4157 0.5098
v -132.6000 2.6000 -250.9000 0.4627 0.4157 0.5098
v -132.6000 2.6000 -248.3000 0.4627 0.4157 0.5098
v -132.6000 11.7000 -250.9000 0.4627 0.4157 0.5098
v -132.6000 2.6000 -248.3000 0.4627 0.4157 0.5098
v -132.6000 13.0000 -248.3000 0.4627 0.4157 0.5098
v -132.6000 13.0000 -248.3000 0.4627 0.4157 0.5098
v -132.6000 2.6000 -248.3000 0.4627 0.4157 0.5098
v -132.6000 2.6000 -217.1000 0.4627 0.4157 0.5098
v -132.6000 13.0000 -248.3000 0.4627 0.4157 0.5098
v -132.6000 2.6000 -217.1000 0.4627 0.4157 0.5098
v -132.6000 13.0000 -217.1000 0.4627 0.4157 0.5098
v -132.6000 13.0000 -217.1000 0.4627 0.4157 0.5098
v -132.6000 2.6000 -217.1000 0.4627 0.4157 0.5098
v -132.6000 2.6000 -214.5000 0.4627 0.4157 0.5098
v -132.6000 13.0000 -217.1000 0.4627 0.4157 0.5098
v -132.6000 2.6000 -214.5000 0.4627 0.4157 0.5098
v -132.6000 11.7000 -214.5000 0.4627 0.4157 0.5098
v -132.6000 11.7000 -214.5000 0.4627 0.4157 0.5098
v -132.6000 2.6000 -214.5000 0.4627 0.4157 0.5098
v -128.7000 2.6000 -214.5000 0.4627 0.4157 0.5098
v -132.6000 11.7000 -214.5000 0.4627 0.4157 0.5098
v -128.7000 2.6000 -214.5000 0.4627 0.4157 0.5098
v -128.7000 11.7000 -214.5000 0.4627 0.4157 0.5098
v -128.7000 11.7000 -214.5000 0.4627 0.4157 0.5098
v -128.7000 2.6000 -214.5000 0.4627 0.4157 0.5098
v -128.7000 2.6000 -217.1000 0.4627 0.4157 0.5098
v -128.7000 11.7000 -214.5000 0.4627 0.4157 0.5098
v -128.7000 2.6000 -217.1000 0.4627 0.4157 0.5098
v -128.7000 13.0000 -217.1000 0.4627 0.4157 0.5098
v -140.1054 6.5000 -215.6172 0.4627 0.4157 0.5098
v -132.6000 6.5000 -215.6172 0.4627 0.4157 0.5098
v -132.6000 10.4000 -218.0140 1.0000 1.0000 1.0000
v -140.1054 6.5000 -215.6172 0.4627 0.4157 0.5098
v -132.6000 10.4000 -218.0140 1.0000 1.0000 1.0000
v -140.1054 10.4000 -218.0140 1.0000 1.0000 1.0000
v -140.1054 10.4000 -218.0140 1.0000 1.0000 1.0000
v -132.6000 10.4000 -218.0140 1.0000 1.0000 1.0000
v -132.6000 10.4000 -247.3860 1.0000 1.0000 1.0000
v -140.1054 10.4000 -218.0140 1.0000 1.0000 1.0000
v -132.6000 10.4000 -247.3860 1.0000 1.0000 1.0000
v -140.1054 10.4000 -247.3860 1.0000 1.0000 1.0000
v -140.1054 10.4000 -247.3860 1.0000 1.0000 1.0000
v -132.6000 10.4000 -247.3860 1.0000 1.0000 1.0000
v -132.6000 7.8000 -249.7828 1.0000 1.0000 1.0000
v -140.1054 10.4000 -247.3860 1.0000 1.0000 1.0000
v -132.6000 7.8000 -249.7828 1.0000 1.0000 1.0000
v -140.1054 7.8000 -249.7726 1.0000 1.0000 1.0000
v -140.1054 7.8000 -249.7726 1.0000 1.0000 1.0000
v -132.6000 7.8000 -249.7828 1.0000 1.0000 1.0000
v -132.6000 2.6000 -249.7828 0.4627 0.4157 0.5098
v -140.1054 7.8000 -249.7726 1.0000 1.0000 1.0000
v -132.6000 2.6000 -249.7828 0.4627 0.4157 0.5098
v -140.1054 2.6000 -249.7726 0.4627 0.4157 0.5098
v -163.8000 10.4000 -247.5078 0.4627 0.4157 0.5098
v -163.8000 13.0000 -247.6297 0.4627 0.4157 0.5098
v -167.7000 13.0000 -247.6297 0.4627 0.4157 0.5098
v -163.8000 10.4000 -247.5078 0.4627 0.4157 0.5098
v -167.7000 13.0000 -247.6297 0.4627 0.4157 0.5098
v -167.7000 10.4000 -247.6297 0.4627 0.4157 0.5098
v -167.7000 10.4000 -247.6297 0.4627 0.4157 0.5098
v -167.7000 13.0000 -247.6297 0.4627 0.4157 0.5098
v -167.7000 13.0000 -250.2297 0.4627 0.4157 0.5098
v -167.7000 10.4000 -247.6297 0.4627 0.4157 0.5098
v -167.7000 13.0000 -250.2297 0.4627 0.4157 0.5098
v -167.7000 10.4000 -250.2297 0.4627 0.4157 0.5098
v -167.7000 10.4000 -250.2297 0.4627 0.4157 0.5098
v -167.7000 13.0000 -250.2297 0.4627 0.4157 0.5098
v -163.8000 13.0000 -250.2297 0.4627 0.4157 0.5098
v -167.7000 10.4000 -250.2297 0.4627 0.4157 0.5098
v -163.8000 13.0000 -250.2297 0.4627 0.4157 0.5098
v -163.8000 10.4000 -250.2297 0.4627 0.4157 0.5098
v -163.8000 10.4000 -250.2297 0.4627 0.4157 0.5098
v -163.8000 13.0000 -250.2297 0.4627 0.4157 0.5098
v -163.8000 13.0000 -247.6297 0.4627 0.4157 0.5098
v -163.8000 10.4000 -250.2297 0.4627 0.4157 0.5098
v -163.8000 13.0000 -247.6297 0.4627 0.4157 0.5098
v -163.8000 10.4000 -247.5078 0.4627 0.4157 0.5098
v -167.7000 10.4000 -217.7703 0.4627 0.4157 0.5098
v -167.7000 13.0000 -217.7703 0.4627 0.4157 0.5098
v -163.8000 13.0000 -217.7703 0.4627 0.4157 0.5098
v -167.7000 10.4000 -217.7703 0.4627 0.4157 0.5098
v -163.8000 13.0000 -217.7703 0.4627 0.4157 0.5098
v -163.8000 10.4000 -217.8922 0.4627 0.4157 0.5098
v -163.8000 10.4000 -217.8922 0.4627 0.4157 0.5098
v -163.8000 13.0000 -217.7703 0.4627 0.4157 0.5098
v -163.8000 13.0000 -215.1703 0.4627 0.4157 0.5098
v -163.8000 10.4000 -217.8922 0.4627 0.4157 0.5098
v -163.8000 13.0000 -215.1703 0.4627 0.4157 0.5098
v -163.8000 10.4000 -215.1703 0.4627 0.4157 0.5098
v -163.8000 10.4000 -215.1703 0.4627 0.4157 0.5098
v -163.8000 13.0000 -215.1703 0.4627 0.4157 0.5098
v -167.7000 13.0000 -215.1703 0.4627 0.4157 0.5098
v -163.8000 10.4000 -215.1703 0.4627 0.4157 0.5098
v -167.7000 13.0000 -215.1703 0.4627 0.4157 0.5098
v -167.7000 10.4000 -215.1703 0.4627 0.4157 0.5098
v -167.7000 10.4000 -215.1703 0.4627 0.4157 0.5098
v -167.7000 13.0000 -215.1703 0.4627 0.4157 0.5098
v -167.7000 13.0000 -217.7703 0.4627 0.4157 0.5098
v -167.7000 10.4000 -215.1703 0.4627 0.4157 0.5098
v -167.7000 13.0000 -217.7703 0.4627 0.4157 0.5098
v -167.7000 10.4000 -217.7703 0.4627 0.4157 0.5098
v -132.6000 13.0000 -250.9000 0.4627 0.4157 0.5098
v -128.7000 13.0000 -250.9000 0.4627 0.4157 0.5098
v -128.7000 11.7000 -250.9000 0.4627 0.4157 0.5098
v -132.6000 13.0000 -250.9000 0.4627 0.4157 0.5098
v -128.7000 11.7000 -250.9000 0.4627 0.4157 0.5098
v -132.6000 11.7000 -250.9000 0.4627 0.4157 0.5098
v -132.6000 11.7000 -250.9000 0.4627 0.4157 0.5098
v -128.7000 11.7000 -250.9000 0.4627 0.4157 0.5098
v -128.7000 2.6000 -250.9000 0.4627 0.4157 0.5098
v -132.6000 11.7000 -250.9000 0.4627 0.4157 0.5098
v -128.7000 2.6000 -250.9000 0.4627 0.4157 0.5098
v -132.6000 2.6000 -250.9000 0.4627 0.4157 0.5098
v -132.6000 2.6000 -250.9000 0.4627 0.4157 0.5098
v -128.7000 2.6000 -250.9000 0.4627 0.4157 0.5098
v -128.7000 2.6000 -248.3000 0.4627 0.4157 0.5098
v -132.6000 2.6000 -250.9000 0.4627 0.4157 0.5098
v -128.7000 2.6000 -248.3000 0.4627 0.4157 0.5098
v -132.6000 2.6000 -248.3000 0.4627 0.4157 0.5098
v -128.7000 13.0000 -250.9000 1.0000 1.0000 1.0000
v -132.6000 13.0000 -250.9000 1.0000 1.0000 1.0000
v -132.6000 13.0000 -248.3000 1.0000 1.0000 1.0000
v -128.7000 13.0000 -250.9000 1.0000 1.0000 1.0000
v -132.6000 13.0000 -248.3000 1.0000 1.0000 1.0000
v -128.7000 13.0000 -248.3000 1.0000 1.0000 1.0000
v -128.7000 13.0000 -248.3000 1.0000 1.0000 1.0000
v -132.6000 13.0000 -248.3000 1.0000 1.0000 1.0000
v -132.6000 13.0000 -217.1000 1.0000 1.0000 1.0000
v -128.7000 13.0000 -248.3000 1.0000 1.0000 1.0000
v -132.6000 13.0000 -217.1000 1.0000 1.0000 1.0000
v -128.7000 13.0000 -217.1000 1.0000 1.0000 1.0000
v -128.7000 13.0000 -217.1000 1.0000 1.0000 1.0000
v -132.6000 13.0000 -217.1000 1.0000 1.0000 1.0000
v -132.6000 13.0000 -214.5000 1.0000 1.0000 1.0000
v -128.7000 13.0000 -217.1000 1.0000 1.0000 1.0000
v -132.6000 13.0000 -214.5000 1.0000 1.0000 1.0000
v -128.7000 13.0000 -214.5000 1.0000 1.0000 1.0000
v -140.1054 7.8000 -249.7726 1.0000 1.0000 1.0000
v -163.8000 7.8000 -249.7828 1.0000 1.0000 1.0000
v -163.8000 10.4000 -247.5078 1.0000 1.0000 1.0000
v -140.1054 7.8000 -249.7726 1.0000 1.0000 1.0000
v -163.8000 10.4000 -247.5078 1.0000 1.0000 1.0000
v -140.1054 10.4000 -247.3860 1.0000 1.0000 1.0000
v -140.1054 10.4000 -247.3860 1.0000 1.0000 1.0000
v -163.8000 10.4000 -247.5078 1.0000 1.0000 1.0000
v -163.8000 10.4000 -217.8922 1.0000 1.0000 1.0000
v -140.1054 10.4000 -247.3860 1.0000 1.0000 1.0000
v -163.8000 10.4000 -217.8922 1.0000 1.0000 1.0000
v -140.1054 10.4000 -218.0140 1.0000 1.0000 1.0000
v -140.1054 10.4000 -218.0140 1.0000 1.0000 1.0000
v -163.8000 10.4000 -217.8922 1.0000 1.0000 1.0000
v -163.8000 6.5000 -215.6172 0.4627 0.4157 0.5098
v -140.1054 10.4000 -218.0140 1.0000 1.0000 1.0000
v -163.8000 6.5000 -215.6172 0.4627 0.4157 0.5098
v -140.1054 6.5000 -215.6172 0.4627 0.4157 0.5098
v -167.7000 2.6000 -250.2297 0.4627 0.4157 0.5098
v -163.8000 2.6000 -250.2297 0.4627 0.4157 0.5098
v -163.8000 2.6000 -247.6297 0.4627 0.4157 0.5098
v -167.7000 2.6000 -250.2297 0.4627 0.4157 0.5098
v -163.8000 2.6000 -247.6297 0.4627 0.4157 0.5098
v -167.7000 2.6000 -247.6297 0.4627 0.4157 0.5098
v -167.7000 2.6000 -247.6297 0.4627 0.4157 0.5098
v -163.8000 2.6000 -247.6297 0.4627 0.4157 0.5098
v -163.8000 2.6000 -217.7703 0.4627 0.4157 0.5098
v -167.7000 2.6000 -247.6297 0.4627 0.4157 0.5098
v -163.8000 2.6000 -217.7703 0.4627 0.4157 0.5098
v -167.7000 2.6000 -217.7703 0.4627 0.4157 0.5098
v -167.7000 2.6000 -217.7703 0.4627 0.4157 0.5098
v -163.8000 2.6000 -217.7703 0.4627 0.4157 0.5098
v -163.8000 2.6000 -215.1703 0.4627 0.4157 0.5098
v -167.7000 2.6000 -217.7703 0.4627 0.4157 0.5098
v -163.8000 2.6000 -215.1703 0.4627 0.4157 0.5098
v -167.7000 2.6000 -215.1601 0.4627 0.4157 0.5098
v -132.6000 3.2094 -215.6172 0.4627 0.4157 0.5098
v -132.6000 6.5000 -215.6172 0.4627 0.4157 0.5098
v -140.1054 6.5000 -215.6172 0.4627 0.4157 0.5098
v -132.6000 3.2094 -215.6172 0.4627 0.4157 0.5098
v -140.1054 6.5000 -215.6172 0.4627 0.4157 0.5098
v -140.1054 3.0672 -215.6172 0.4627 0.4157 0.5098
v -140.1054 3.0672 -215.6172 0.4627 0.4157 0.5098
v -140.1054 6.5000 -215.6172 0.4627 0.4157 0.5098
v -163.8000 6.5000 -215.6172 0.4627 0.4157 0.5098
v -140.1054 3.0672 -215.6172 0.4627 0.4157 0.5098
v -163.8000 6.5000 -215.6172 0.4627 0.4157 0.5098
v -163.8000 2.6000 -215.6172 0.4627 0.4157 0.5098
v -145.3054 13.0000 -244.7860 1.0000 1.0000 1.0000
v -151.3078 13.0000 -244.7860 1.0000 1.0000 1.0000
v -151.3078 13.0000 -230.1000 1.0000 1.0000 1.0000
v -145.3054 13.0000 -244.7860 1.0000 1.0000 1.0000
v -151.3078 13.0000 -230.1000 1.0000 1.0000 1.0000
v -145.3054 13.0000 -230.1000 1.0000 1.0000 1.0000
v -145.3054 13.0000 -230.1000 1.0000 1.0000 1.0000
v -151.3078 13.0000 -230.1000 1.0000 1.0000 1.0000
v -151.3078 13.0000 -215.4140 1.0000 1.0000 1.0000
v -145.3054 13.0000 -230.1000 1.0000 1.0000 1.0000
v -151.3078 13.0000 -215.4140 1.0000 1.0000 1.0000
v -145.3054 13.0000 -215.4140 1.0000 1.0000 1.0000
v -128.7000 13.0000 -248.3000 0.4627 0.4157 0.5098
v -128.7000 2.6000 -248.3000 0.4627 0.4157 0.5098
v -128.7000 2.6000 -250.9000 0.4627 0.4157 0.5098
v -128.7000 13.0000 -248.3000 0.4627 0.4157 0.5098
v -128.7000 2.6000 -250.9000 0.4627 0.4157 0.5098
v -128.7000 11.7000 -250.9000 0.4627 0.4157 0.5098
v -132.6000 11.7000 -214.5000 0.4627 0.4157 0.5098
v -128.7000 11.7000 -214.5000 0.4627 0.4157 0.5098
v -128.7000 13.0000 -214.5000 0.4627 0.4157 0.5098
v -132.6000 11.7000 -214.5000 0.4627 0.4157 0.5098
v -128.7000 13.0000 -214.5000 0.4627 0.4157 0.5098
v -132.6000 13.0000 -214.5000 0.4627 0.4157 0.5098
v -132.6000 2.6000 -217.1000 0.4627 0.4157 0.5098
v -128.7000 2.6000 -217.1000 0.4627 0.4157 0.5098
v -128.7000 2.6000 -214.5000 0.4627 0.4157 0.5098
v -132.6000 2.6000 -217.1000 0.4627 0.4157 0.5098
v -128.7000 2.6000 -214.5000 0.4627 0.4157 0.5098
v -132.6000 2.6000 -214.5000 0.4627 0.4157 0.5098
v -141.7000 11.7000 -221.0000 1.0000 1.0000 1.0000
v -132.6000 11.7000 -221.0000 1.0000 1.0000 1.0000
v -132.6000 11.7000 -241.8000 1.0000 1.0000 1.0000
v -141.7000 11.7000 -221.0000 1.0000 1.0000 1.0000
v -132.6000 11.7000 -241.8000 1.0000 1.0000 1.0000
v -141.7000 11.7000 -241.8000 1.0000 1.0000 1.0000
v -140.1054 7.8000 -249.7726 1.0000 1.0000 1.0000
v -140.1054 2.6000 -249.7726 0.4627 0.4157 0.5098
v -163.8000 2.6000 -249.7828 0.4627 0.4157 0.5098
v -140.1054 7.8000 -249.7726 1.0000 1.0000 1.0000
v -163.8000 2.6000 -249.7828 0.4627 0.4157 0.5098
v -163.8000 7.8000 -249.7828 1.0000 1.0000 1.0000
v -167.7000 13.0000 -247.6297 1.0000 1.0000 1.0000
v -163.8000 13.0000 -247.6297 1.0000 1.0000 1.0000
v -163.8000 13.0000 -250.2297 1.0000 1.0000 1.0000
v -167.7000 13.0000 -247.6297 1.0000 1.0000 1.0000
v -163.8000 13.0000 -250.2297 1.0000 1.0000 1.0000
v -167.7000 13.0000 -250.2297 1.0000 1.0000 1.0000
v -163.8000 13.0000 -217.7703 1.0000 1.0000 1.0000
v -167.7000 13.0000 -217.7703 1.0000 1.0000 1.0000
v -167.7000 13.0000 -215.1703 1.0000 1.0000 1.0000
v -163.8000 13.0000 -217.7703 1.0000 1.0000 1.0000
v -167.7000 13.0000 -215.1703 1.0000 1.0000 1.0000
v -163.8000 13.0000 -215.1703 1.0000 1.0000 1.0000
v -163.8000 10.4000 -217.8922 1.0000 1.0000 1.0000
v -163.8000 10.4000 -247.5078 1.0000 1.0000 1.0000
v -167.7000 10.4000 -247.6297 1.0000 1.0000 1.0000
v -163.8000 10.4000 -217.8922 1.0000 1.0000 1.0000
v -167.7000 10.4000 -247.6297 1.0000 1.0000 1.0000
v -167.7000 10.4000 -217.7703 1.0000 1.0000 1.0000
v -132.6000 11.7000 -250.9000 0.4627 0.4157 0.5098
v -132.6000 13.0000 -248.3000 0.4627 0.4157 0.5098
v -132.6000 13.0000 -250.9000 0.4627 0.4157 0.5098
v -132.6000 13.0000 -217.1000 0.4627 0.4157 0.5098
v -132.6000 11.7000 -214.5000 0.4627 0.4157 0.5098
v -132.6000 13.0000 -214.5000 0.4627 0.4157 0.5098
v -128.7000 13.0000 -248.3000 0.4627 0.4157 0.5098
v -128.7000 11.7000 -250.9000 0.4627 0.4157 0.5098
v -128.7000 13.0000 -250.9000 0.4627 0.4157 0.5098
v -128.7000 11.7000 -214.5000 0.4627 0.4157 0.5098
v -128.7000 13.0000 -217.1000 0.4627 0.4157 0.5098
v -128.7000 13.0000 -214.5000 0.4627 0.4157 0.5098
v -300.3000 -26.0000 -265.2000 0.0314 0.0157 0.0235
v -249.6000 -26.0000 -265.2000 0.0314 0.0157 0.0235
v -249.6000 -26.0000 -270.5651 0.0314 0.0157 0.0235
v -300.3000 -26.0000 -265.2000 0.0314 0.0157 0.0235
v -249.6000 -26.0000 -270.5651 0.0314 0.0157 0.0235
v -300.3000 -26.0000 -270.5651 0.0314 0.0157 0.0235
v -300.3000 -26.0000 -270.5651 0.0314 0.0157 0.0235
v -249.6000 -26.0000 -270.5651 0.0314 0.0157 0.0235
v -249.6000 -26.0000 -291.7434 0.0314 0.0157 0.0235
v -300.3000 -26.0000 -270.5651 0.0314 0.0157 0.0235
v -249.6000 -26.0000 -291.7434 0.0314 0.0157 0.0235
v -300.3000 -26.0000 -291.7434 0.0314 0.0157 0.0235
v -300.3000 -26.0000 -291.7434 0.0314 0.0157 0.0235
v -249.6000 -26.0000 -291.7434 0.0314 0.0157 0.0235
v -249.6000 -26.0000 -296.4000 0.0314 0.0157 0.0235
v -300.3000 -26.0000 -291.7434 0.0314 0.0157 0.0235
v -249.6000 -26.0000 -296.4000 0.0314 0.0157 0.0235
v -300.3000 -26.0000 -296.4000 0.0314 0.0157 0.0235
v -300.3000 -26.0000 -291.7434 0.0314 0.0157 0.0235
v -270.4000 -2.5912 -291.7434 1.0000 1.0000 1.0000
v -270.4000 -2.5912 -296.4000 1.0000 1.0000 1.0000
v -300.3000 -26.0000 -291.7434 0.0314 0.0157 0.0235
v -270.4000 -2.5912 -296.4000 1.0000 1.0000 1.0000
v -300.3000 -26.0000 -296.4000 0.0314 0.0157 0.0235
v -300.3000 -26.0000 -270.5651 0.0314 0.0157 0.0235
v -270.4000 -2.5912 -270.5651 1.0000 1.0000 1.0000
v -270.4000 -2.5912 -291.7434 1.0000 1.0000 1.0000
v -300.3000 -26.0000 -270.5651 0.0314 0.0157 0.0235
v -270.4000 -2.5912 -291.7434 1.0000 1.0000 1.0000
v -300.3000 -26.0000 -291.7434 0.0314 0.0157 0.0235
v -270.4000 -2.5912 -265.2000 1.0000 1.0000 1.0000
v -270.4000 -2.5912 -270.5651 1.0000 1.0000 1.0000
v -300.3000 -26.0000 -270.5651 0.0314 0.0157 0.0235
v -270.4000 -2.5912 -265.2000 1.0000 1.0000 1.0000
v -300.3000 -26.0000 -270.5651 0.0314 0.0157 0.0235
v -300.3000 -26.0000 -265.2000 0.0314 0.0157 0.0235
v -270.4000 -2.5912 -265.2000 0.2275 0.2275 0.2275
v -249.6000 -26.0000 -265.2000 0.0314 0.0157 0.0235
v -300.3000 -26.0000 -265.2000 0.0314 0.0157 0.0235
v -300.3000 -26.0000 -296.4000 0.0314 0.0157 0.0235
v -249.6000 -26.0000 -296.4000 0.0314 0.0157 0.0235
v -270.4000 -2.5912 -296.4000 0.2275 0.2275 0.2275
v -270.4000 2.4908 -265.2000 0.2275 0.2275 0.2275
v -270.4000 -2.5912 -265.2000 0.2275 0.2275 0.2275
v -300.3000 -2.5912 -265.2000 0.2275 0.2275 0.2275
v -270.4000 2.4908 -265.2000 0.2275 0.2275 0.2275
v -300.3000 -2.5912 -265.2000 0.2275 0.2275 0.2275
v -300.3000 2.4908 -265.2000 0.2275 0.2275 0.2275
v -300.3000 2.4908 -265.2000 0.2275 0.2275 0.2275
v -300.3000 -2.5912 -265.2000 0.2275 0.2275 0.2275
v -300.3000 -2.5912 -296.4000 0.2275 0.2275 0.2275
v -300.3000 2.4908 -265.2000 0.2275 0.2275 0.2275
v -300.3000 -2.5912 -296.4000 0.2275 0.2275 0.2275
v -300.3000 2.4908 -296.4000 0.2275 0.2275 0.2275
v -300.3000 2.4908 -296.4000 0.2275 0.2275 0.2275
v -300.3000 -2.5912 -296.4000 0.2275 0.2275 0.2275
v -270.4000 -2.5912 -296.4000 0.2275 0.2275 0.2275
v -300.3000 2.4908 -296.4000 0.2275 0.2275 0.2275
v -270.4000 -2.5912 -296.4000 0.2275 0.2275 0.2275
v -270.4000 2.4908 -296.4000 0.2275 0.2275 0.2275
v -270.4000 2.4908 -302.9000 0.2275 0.2275 0.2275
v -270.4000 -2.5912 -302.9000 0.2275 0.2275 0.2275
v -306.8000 -2.6139 -302.9000 0.2275 0.2275 0.2275
v -270.4000 2.4908 -302.9000 0.2275 0.2275 0.2275
v -306.8000 -2.6139 -302.9000 0.2275 0.2275 0.2275
v -306.8000 2.4908 -302.9000 0.2275 0.2275 0.2275
v -306.8000 2.4908 -302.9000 0.2275 0.2275 0.2275
v -306.8000 -2.6139 -302.9000 0.2275 0.2275 0.2275
v -306.8000 -2.5886 -258.7000 0.2275 0.2275 0.2275
v -306.8000 2.4908 -302.9000 0.2275 0.2275 0.2275
v -306.8000 -2.5886 -258.7000 0.2275 0.2275 0.2275
v -306.8000 2.4908 -258.7000 0.2275 0.2275 0.2275
v -300.3000 -26.0000 -291.7434 0.0314 0.0157 0.0235
v -300.3000 -26.0000 -296.4000 0.0314 0.0157 0.0235
v -300.3000 -2.5912 -296.4000 0.1725 0.1725 0.1725
v -300.3000 -26.0000 -296.4000 0.0314 0.0157 0.0235
v -270.4000 -2.5912 -296.4000 0.2275 0.2275 0.2275
v -300.3000 -2.5912 -296.4000 0.1725 0.1725 0.1725
v -300.3000 -26.0000 -291.7434 0.0314 0.0157 0.0235
v -300.3000 -2.5912 -296.4000 0.1725 0.1725 0.1725
v -300.3000 -2.5912 -265.2000 0.1725 0.1725 0.1725
v -300.3000 -26.0000 -291.7434 0.0314 0.0157 0.0235
v -300.3000 -2.5912 -265.2000 0.1725 0.1725 0.1725
v -300.3000 -26.0000 -270.5651 0.0314 0.0157 0.0235
v -306.8000 2.4908 -258.7000 1.0000 1.0000 1.0000
v -300.3000 2.4908 -265.2000 1.0000 1.0000 1.0000
v -300.3000 2.4908 -296.4000 1.0000 1.0000 1.0000
v -306.8000 2.4908 -258.7000 1.0000 1.0000 1.0000
v -300.3000 2.4908 -296.4000 1.0000 1.0000 1.0000
v -306.8000 2.4908 -302.9000 1.0000 1.0000 1.0000
v -270.4000 2.4908 -302.9000 1.0000 1.0000 1.0000
v -306.8000 2.4908 -302.9000 1.0000 1.0000 1.0000
v -300.3000 2.4908 -296.4000 1.0000 1.0000 1.0000
v -270.4000 2.4908 -302.9000 1.0000 1.0000 1.0000
v -300.3000 2.4908 -296.4000 1.0000 1.0000 1.0000
v -270.4000 2.4908 -296.4000 1.0000 1.0000 1.0000
v -270.4000 2.4908 -258.7000 0.2275 0.2275 0.2275
v -306.8000 2.4908 -258.7000 0.2275 0.2275 0.2275
v -306.8000 -2.5886 -258.7000 0.2275 0.2275 0.2275
v -270.4000 2.4908 -258.7000 0.2275 0.2275 0.2275
v -306.8000 -2.5886 -258.7000 0.2275 0.2275 0.2275
v -270.4000 -2.5912 -258.7000 0.2275 0.2275 0.2275
v -270.4000 -2.5912 -258.7000 0.2275 0.2275 0.2275
v -270.4000 -2.5912 -265.2000 0.2275 0.2275 0.2275
v -270.4000 2.4908 -265.2000 0.2275 0.2275 0.2275
v -270.4000 -2.5912 -258.7000 0.2275 0.2275 0.2275
v -270.4000 2.4908 -265.2000 0.2275 0.2275 0.2275
v -270.4000 2.4908 -258.7000 0.2275 0.2275 0.2275
v -270.4000 -2.5912 -296.4000 0.2275 0.2275 0.2275
v -270.4000 -2.5912 -302.9000 0.2275 0.2275 0.2275
v -270.4000 2.4908 -302.9000 0.2275 0.2275 0.2275
v -270.4000 -2.5912 -296.4000 0.2275 0.2275 0.2275
v -270.4000 2.4908 -302.9000 0.2275 0.2275 0.2275
v -270.4000 2.4908 -296.4000 0.2275 0.2275 0.2275
v -270.4000 2.4908 -258.7000 1.0000 1.0000 1.0000
v -270.4000 2.4908 -265.2000 1.0000 1.0000 1.0000
v -300.3000 2.4908 -265.2000 1.0000 1.0000 1.0000
v -270.4000 2.4908 -258.7000 1.0000 1.0000 1.0000
v -300.3000 2.4908 -265.2000 1.0000 1.0000 1.0000
v -306.8000 2.4908 -258.7000 1.0000 1.0000 1.0000
v -300.3000 -26.0000 -270.5651 0.0314 0.0157 0.0235
v -300.3000 -2.5912 -265.2000 0.1725 0.1725 0.1725
v -300.3000 -26.0000 -265.2000 0.0314 0.0157 0.0235
v -270.4000 -2.5912 -265.2000 0.2275 0.2275 0.2275
v -300.3000 -26.0000 -265.2000 0.1725 0.1725 0.1725
v -300.3000 -2.5912 -265.2000 0.1725 0.1725 0.1725
v -127.6768 2.6000 -291.2203 0.5608 0.5608 0.5608
v -127.6768 2.6000 -295.1965 0.5608 0.5608 0.5608
v -167.2379 2.6000 -295.1965 0.5608 0.5608 0.5608
v -127.6768 2.6000 -291.2203 0.5608 0.5608 0.5608
v -167.2379 2.6000 -295.1965 0.5608 0.5608 0.5608
v -163.5232 2.6000 -291.2203 0.5608 0.5608 0.5608
v -163.5232 2.6000 -291.2203 0.5608 0.5608 0.5608
v -167.2379 2.6000 -295.1965 0.5608 0.5608 0.5608
v -167.2379 2.6000 -281.1708 0.5608 0.5608 0.5608
v -163.5232 2.6000 -291.2203 0.5608 0.5608 0.5608
v -167.2379 2.6000 -281.1708 0.5608 0.5608 0.5608
v -163.5232 2.6000 -281.1708 0.5608 0.5608 0.5608
v -127.6768 2.6000 -291.2203 0.5608 0.5608 0.5608
v -127.6768 2.6000 -281.1708 0.5608 0.5608 0.5608
v -123.9622 2.6000 -277.4535 0.5608 0.5608 0.5608
v -127.6768 2.6000 -291.2203 0.5608 0.5608 0.5608
v -123.9622 2.6000 -277.4535 0.5608 0.5608 0.5608
v -123.9622 2.6000 -291.2203 0.5608 0.5608 0.5608
v -127.6768 2.6000 -281.1708 0.5608 0.5608 0.5608
v -163.5232 2.6000 -281.1708 0.5608 0.5608 0.5608
v -163.5232 2.6000 -277.4535 0.5608 0.5608 0.5608
v -127.6768 2.6000 -281.1708 0.5608 0.5608 0.5608
v -163.5232 2.6000 -277.4535 0.5608 0.5608 0.5608
v -123.9622 2.6000 -277.4535 0.5608 0.5608 0.5608
v -163.5232 2.6000 -281.1708 0.5608 0.5608 0.5608
v -127.6768 2.6000 -281.1708 0.5608 0.5608 0.5608
v -127.6768 2.6000 -291.2203 0.5608 0.5608 0.5608
v -163.5232 2.6000 -281.1708 0.5608 0.5608 0.5608
v -127.6768 2.6000 -291.2203 0.5608 0.5608 0.5608
v -163.5232 2.6000 -291.2203 0.5608 0.5608 0.5608
v -127.6768 2.6000 -295.1965 0.5608 0.5608 0.5608
v -127.6768 2.6000 -291.2203 0.5608 0.5608 0.5608
v -123.9622 2.6000 -291.2203 0.5608 0.5608 0.5608
v -163.5232 2.6000 -281.1708 0.5608 0.5608 0.5608
v -167.2379 2.6000 -281.1708 0.5608 0.5608 0.5608
v -163.5232 2.6000 -277.4535 0.5608 0.5608 0.5608
v -163.8000 12.9315 -291.2000 0.3333 0.3333 0.3333
v -163.8000 12.9315 -280.8000 0.3333 0.3333 0.3333
v -163.8000 41.6000 -280.8000 0.3333 0.3333 0.3333
v -163.8000 12.9315 -291.2000 0.3333 0.3333 0.3333
v -163.8000 41.6000 -280.8000 0.3333 0.3333 0.3333
v -163.8000 41.6000 -291.2000 0.3333 0.3333 0.3333
v -127.4000 12.9315 -280.8000 0.3333 0.3333 0.3333
v -127.4000 12.9315 -291.2000 0.3333 0.3333 0.3333
v -127.4000 41.6000 -291.2000 0.3333 0.3333 0.3333
v -127.4000 12.9315 -280.8000 0.3333 0.3333 0.3333
v -127.4000 41.6000 -291.2000 0.3333 0.3333 0.3333
v -127.4000 41.6000 -280.8000 0.3333 0.3333 0.3333
v -163.8000 12.9315 -280.8000 0.6157 0.6157 0.6157
v -127.4000 12.9315 -280.8000 0.6157 0.6157 0.6157
v -127.4000 41.6000 -280.8000 0.6157 0.6157 0.6157
v -163.8000 12.9315 -280.8000 0.6157 0.6157 0.6157
v -127.4000 41.6000 -280.8000 0.6157 0.6157 0.6157
v -163.8000 41.6000 -280.8000 0.6157 0.6157 0.6157
v -163.8000 2.6000 -291.2000 0.3333 0.3333 0.3333
v -163.8000 2.6000 -280.8000 0.3333 0.3333 0.3333
v -163.8000 12.9315 -280.8000 0.3333 0.3333 0.3333
v -163.8000 2.6000 -291.2000 0.3333 0.3333 0.3333
v -163.8000 12.9315 -280.8000 0.3333 0.3333 0.3333
v -163.8000 12.9315 -291.2000 0.3333 0.3333 0.3333
v -127.4000 2.6000 -280.8000 0.3333 0.3333 0.3333
v -127.4000 2.6000 -291.2000 0.3333 0.3333 0.3333
v -127.4000 12.9315 -291.2000 0.3333 0.3333 0.3333
v -127.4000 2.6000 -280.8000 0.3333 0.3333 0.3333
v -127.4000 12.9315 -291.2000 0.3333 0.3333 0.3333
v -127.4000 12.9315 -280.8000 0.3333 0.3333 0.3333
v -163.8000 41.6000 -280.8000 1.0000 1.0000 1.0000
v -127.4000 41.6000 -280.8000 1.0000 1.0000 1.0000
v -127.4000 41.6000 -291.2000 1.0000 1.0000 1.0000
v -163.8000 41.6000 -280.8000 1.0000 1.0000 1.0000
v -127.4000 41.6000 -291.2000 1.0000 1.0000 1.0000
v -163.8000 41.6000 -291.2000 1.0000 1.0000 1.0000
v -163.8000 2.6000 -280.8000 0.6157 0.6157 0.6157
v -127.4000 2.6000 -280.8000 0.6157 0.6157 0.6157
v -127.4000 12.9315 -280.8000 0.6157 0.6157 0.6157
v -163.8000 2.6000 -280.8000 0.6157 0.6157 0.6157
v -127.4000 12.9315 -280.8000 0.6157 0.6157 0.6157
v -163.8000 12.9315 -280.8000 0.6157 0.6157 0.6157
v -184.6000 2.6000 -291.2000 0.3333 0.3333 0.3333
v -184.6000 2.6000 -280.8000 0.3333 0.3333 0.3333
v -184.6000 41.6000 -280.8000 0.3333 0.3333 0.3333
v -184.6000 2.6000 -291.2000 0.3333 0.3333 0.3333
v -184.6000 41.6000 -280.8000 0.3333 0.3333 0.3333
v -184.6000 41.6000 -291.2000 0.3333 0.3333 0.3333
v -169.0000 2.6000 -280.8000 0.3333 0.3333 0.3333
v -169.0000 2.6000 -291.2000 0.3333 0.3333 0.3333
v -169.0000 41.6000 -291.2000 0.3333 0.3333 0.3333
v -169.0000 2.6000 -280.8000 0.3333 0.3333 0.3333
v -169.0000 41.6000 -291.2000 0.3333 0.3333 0.3333
v -169.0000 41.6000 -280.8000 0.3333 0.3333 0.3333
v -184.6000 41.6000 -280.8000 1.0000 1.0000 1.0000
v -169.0000 41.6000 -280.8000 1.0000 1.0000 1.0000
v -169.0000 41.6000 -291.2000 1.0000 1.0000 1.0000
v -184.6000 41.6000 -280.8000 1.0000 1.0000 1.0000
v -169.0000 41.6000 -291.2000 1.0000 1.0000 1.0000
v -184.6000 41.6000 -291.2000 1.0000 1.0000 1.0000
v -184.6000 2.6000 -280.8000 0.6157 0.6157 0.6157
v -169.0000 2.6000 -280.8000 0.6157 0.6157 0.6157
v -169.0000 41.6000 -280.8000 0.6157 0.6157 0.6157
v -184.6000 2.6000 -280.8000 0.6157 0.6157 0.6157
v -169.0000 41.6000 -280.8000 0.6157 0.6157 0.6157
v -184.6000 41.6000 -280.8000 0.6157 0.6157 0.6157
v -169.2768 2.6000 -288.8792 0.5608 0.5608 0.5608
v -169.2768 2.6000 -292.5965 0.5608 0.5608 0.5608
v -184.7878 2.6000 -292.5965 0.5608 0.5608 0.5608
v -169.2768 2.6000 -288.8792 0.5608 0.5608 0.5608
v -184.7878 2.6000 -292.5965 0.5608 0.5608 0.5608
v -181.0732 2.6000 -288.8792 0.5608 0.5608 0.5608
v -181.0732 2.6000 -288.8792 0.5608 0.5608 0.5608
v -184.7878 2.6000 -292.5965 0.5608 0.5608 0.5608
v -184.7878 2.6000 -280.5208 0.5608 0.5608 0.5608
v -181.0732 2.6000 -288.8792 0.5608 0.5608 0.5608
v -184.7878 2.6000 -280.5208 0.5608 0.5608 0.5608
v -181.0732 2.6000 -280.5208 0.5608 0.5608 0.5608
v -169.2768 2.6000 -288.8792 0.5608 0.5608 0.5608
v -169.2768 2.6000 -280.5208 0.5608 0.5608 0.5608
v -165.5622 2.6000 -276.8035 0.5608 0.5608 0.5608
v -169.2768 2.6000 -288.8792 0.5608 0.5608 0.5608
v -165.5622 2.6000 -276.8035 0.5608 0.5608 0.5608
v -165.5622 2.6000 -288.8792 0.5608 0.5608 0.5608
v -169.2768 2.6000 -280.5208 0.5608 0.5608 0.5608
v -181.0732 2.6000 -280.5208 0.5608 0.5608 0.5608
v -181.0732 2.6000 -276.8035 0.5608 0.5608 0.5608
v -169.2768 2.6000 -280.5208 0.5608 0.5608 0.5608
v -181.0732 2.6000 -276.8035 0.5608 0.5608 0.5608
v -165.5622 2.6000 -276.8035 0.5608 0.5608 0.5608
v -181.0732 2.6000 -280.5208 0.5608 0.5608 0.5608
v -169.2768 2.6000 -280.5208 0.5608 0.5608 0.5608
v -169.2768 2.6000 -288.8792 0.5608 0.5608 0.5608
v -181.0732 2.6000 -280.5208 0.5608 0.5608 0.5608
v -169.2768 2.6000 -288.8792 0.5608 0.5608 0.5608
v -181.0732 2.6000 -288.8792 0.5608 0.5608 0.5608
v -169.2768 2.6000 -292.5965 0.5608 0.5608 0.5608
v -169.2768 2.6000 -288.8792 0.5608 0.5608 0.5608
v -165.5622 2.6000 -288.8792 0.5608 0.5608 0.5608
v -181.0732 2.6000 -280.5208 0.5608 0.5608 0.5608
v -184.7878 2.6000 -280.5208 0.5608 0.5608 0.5608
v -181.0732 2.6000 -276.8035 0.5608 0.5608 0.5608
v -122.2000 2.6000 -291.2000 0.3333 0.3333 0.3333
v -122.2000 2.6000 -280.8000 0.3333 0.3333 0.3333
v -122.2000 41.6000 -280.8000 0.3333 0.3333 0.3333
v -122.2000 2.6000 -291.2000 0.3333 0.3333 0.3333
v -122.2000 41.6000 -280.8000 0.3333 0.3333 0.3333
v -122.2000 41.6000 -291.2000 0.3333 0.3333 0.3333
v -106.6000 2.6000 -280.8000 0.3333 0.3333 0.3333
v -106.6000 2.6000 -291.2000 0.3333 0.3333 0.3333
v -106.6000 41.6000 -291.2000 0.3333 0.3333 0.3333
v -106.6000 2.6000 -280.8000 0.3333 0.3333 0.3333
v -106.6000 41.6000 -291.2000 0.3333 0.3333 0.3333
v -106.6000 41.6000 -280.8000 0.3333 0.3333 0.3333
v -122.2000 41.6000 -280.8000 1.0000 1.0000 1.0000
v -106.6000 41.6000 -280.8000 1.0000 1.0000 1.0000
v -106.6000 41.6000 -291.2000 1.0000 1.0000 1.0000
v -122.2000 41.6000 -280.8000 1.0000 1.0000 1.0000
v -106.6000 41.6000 -291.2000 1.0000 1.0000 1.0000
v -122.2000 41.6000 -291.2000 1.0000 1.0000 1.0000
v -122.2000 2.6000 -280.8000 0.6157 0.6157 0.6157
v -106.6000 2.6000 -280.8000 0.6157 0.6157 0.6157
v -106.6000 41.6000 -280.8000 0.6157 0.6157 0.6157
v -122.2000 2.6000 -280.8000 0.6157 0.6157 0.6157
v -106.6000 41.6000 -280.8000 0.6157 0.6157 0.6157
v -122.2000 41.6000 -280.8000 0.6157 0.6157 0.6157
v -106.8768 2.6000 -288.8792 0.5608 0.5608 0.5608
v -106.8768 2.6000 -292.5965 0.5608 0.5608 0.5608
v -122.3879 2.6000 -292.5965 0.5608 0.5608 0.5608
v -106.8768 2.6000 -288.8792 0.5608 0.5608 0.5608
v -122.3879 2.6000 -292.5965 0.5608 0.5608 0.5608
v -118.6732 2.6000 -288.8792 0.5608 0.5608 0.5608
v -118.6732 2.6000 -288.8792 0.5608 0.5608 0.5608
v -122.3879 2.6000 -292.5965 0.5608 0.5608 0.5608
v -122.3879 2.6000 -280.5208 0.5608 0.5608 0.5608
v -118.6732 2.6000 -288.8792 0.5608 0.5608 0.5608
v -122.3879 2.6000 -280.5208 0.5608 0.5608 0.5608
v -118.6732 2.6000 -280.5208 0.5608 0.5608 0.5608
v -106.8768 2.6000 -288.8792 0.5608 0.5608 0.5608
v -106.8768 2.6000 -280.5208 0.5608 0.5608 0.5608
v -103.1622 2.6000 -276.8035 0.5608 0.5608 0.5608
v -106.8768 2.6000 -288.8792 0.5608 0.5608 0.5608
v -103.1622 2.6000 -276.8035 0.5608 0.5608 0.5608
v -103.1622 2.6000 -288.8792 0.5608 0.5608 0.5608
v -106.8768 2.6000 -280.5208 0.5608 0.5608 0.5608
v -118.6732 2.6000 -280.5208 0.5608 0.5608 0.5608
v -118.6732 2.6000 -276.8035 0.5608 0.5608 0.5608
v -106.8768 2.6000 -280.5208 0.5608 0.5608 0.5608
v -118.6732 2.6000 -276.8035 0.5608 0.5608 0.5608
v -103.1622 2.6000 -276.8035 0.5608 0.5608 0.5608
v -118.6732 2.6000 -280.5208 0.5608 0.5608 0.5608
v -106.8768 2.6000 -280.5208 0.5608 0.5608 0.5608
v -106.8768 2.6000 -288.8792 0.5608 0.5608 0.5608
v -118.6732 2.6000 -280.5208 0.5608 0.5608 0.5608
v -106.8768 2.6000 -288.8792 0.5608 0.5608 0.5608
v -118.6732 2.6000 -288.8792 0.5608 0.5608 0.5608
v -106.8768 2.6000 -292.5965 0.5608 0.5608 0.5608
v -106.8768 2.6000 -288.8792 0.5608 0.5608 0.5608
v -103.1622 2.6000 -288.8792 0.5608 0.5608 0.5608
v -118.6732 2.6000 -280.5208 0.5608 0.5608 0.5608
v -122.3879 2.6000 -280.5208 0.5608 0.5608 0.5608
v -118.6732 2.6000 -276.8035 0.5608 0.5608 0.5608
v -104.0000 2.6000 -166.4000 0.6157 0.6157 0.6157
v -104.0000 2.6000 -187.2000 0.6157 0.6157 0.6157
v -115.0500 2.6000 -187.2000 0.6157 0.6157 0.6157
v -104.0000 2.6000 -166.4000 0.6157 0.6157 0.6157
v -115.0500 2.6000 -187.2000 0.6157 0.6157 0.6157
v -115.0500 2.6000 -166.4000 0.6157 0.6157 0.6157
v -115.0500 2.6000 -166.4000 0.6157 0.6157 0.6157
v -115.0500 2.6000 -187.2000 0.6157 0.6157 0.6157
v -120.9000 2.6000 -183.3000 0.6157 0.6157 0.6157
v -115.0500 2.6000 -166.4000 0.6157 0.6157 0.6157
v -120.9000 2.6000 -183.3000 0.6157 0.6157 0.6157
v -120.9000 2.6000 -166.4000 0.6157 0.6157 0.6157
v -104.0000 2.6000 -166.4000 0.6157 0.6157 0.6157
v -115.0500 2.6000 -166.4000 0.6157 0.6157 0.6157
v -114.4000 2.6000 -161.2000 0.6157 0.6157 0.6157
v -104.0000 2.6000 -166.4000 0.6157 0.6157 0.6157
v -114.4000 2.6000 -161.2000 0.6157 0.6157 0.6157
v -104.0000 2.6000 -161.2000 0.6157 0.6157 0.6157
v -115.0500 2.6000 -166.4000 0.6157 0.6157 0.6157
v -120.9000 2.6000 -166.4000 0.6157 0.6157 0.6157
v -114.4000 2.6000 -161.2000 0.6157 0.6157 0.6157
v -114.4000 2.6000 -187.2000 0.3333 0.3333 0.3333
v -114.4000 39.0000 -187.2000 0.3333 0.3333 0.3333
v -104.0000 39.0000 -187.2000 0.3333 0.3333 0.3333
v -114.4000 2.6000 -187.2000 0.3333 0.3333 0.3333
v -104.0000 39.0000 -187.2000 0.3333 0.3333 0.3333
v -104.0000 2.6000 -187.2000 0.3333 0.3333 0.3333
v -114.4000 2.6000 -182.0000 0.3333 0.3333 0.3333
v -114.4000 2.6000 -171.6000 0.3333 0.3333 0.3333
v -114.4000 39.0000 -171.6000 0.3333 0.3333 0.3333
v -114.4000 2.6000 -182.0000 0.3333 0.3333 0.3333
v -114.4000 39.0000 -171.6000 0.3333 0.3333 0.3333
v -114.4000 39.0000 -182.0000 0.3333 0.3333 0.3333
v -114.4000 39.0000 -171.6000 1.0000 1.0000 1.0000
v -104.0000 39.0000 -171.6000 1.0000 1.0000 1.0000
v -104.0000 39.0000 -182.0000 1.0000 1.0000 1.0000
v -114.4000 39.0000 -171.6000 1.0000 1.0000 1.0000
v -104.0000 39.0000 -182.0000 1.0000 1.0000 1.0000
v -114.4000 39.0000 -182.0000 1.0000 1.0000 1.0000
v -114.4000 2.6000 -187.2000 0.3333 0.3333 0.3333
v -114.4000 2.6000 -182.0000 0.3333 0.3333 0.3333
v -114.4000 39.0000 -182.0000 0.3333 0.3333 0.3333
v -114.4000 2.6000 -187.2000 0.3333 0.3333 0.3333
v -114.4000 39.0000 -182.0000 0.3333 0.3333 0.3333
v -114.4000 39.0000 -187.2000 0.3333 0.3333 0.3333
v -114.4000 39.0000 -187.2000 1.0000 1.0000 1.0000
v -114.4000 39.0000 -182.0000 1.0000 1.0000 1.0000
v -104.0000 39.0000 -182.0000 1.0000 1.0000 1.0000
v -114.4000 39.0000 -187.2000 1.0000 1.0000 1.0000
v -104.0000 39.0000 -182.0000 1.0000 1.0000 1.0000
v -104.0000 39.0000 -187.2000 1.0000 1.0000 1.0000
v -114.4000 2.6000 -166.4000 0.3333 0.3333 0.3333
v -104.0000 2.6000 -166.4000 0.3333 0.3333 0.3333
v -104.0000 39.0000 -166.4000 0.3333 0.3333 0.3333
v -114.4000 2.6000 -166.4000 0.3333 0.3333 0.3333
v -104.0000 39.0000 -166.4000 0.3333 0.3333 0.3333
v -114.4000 39.0000 -166.4000 0.3333 0.3333 0.3333
v -114.4000 39.0000 -171.6000 1.0000 1.0000 1.0000
v -114.4000 39.0000 -166.4000 1.0000 1.0000 1.0000
v -104.0000 39.0000 -166.4000 1.0000 1.0000 1.0000
v -114.4000 39.0000 -171.6000 1.0000 1.0000 1.0000
v -104.0000 39.0000 -166.4000 1.0000 1.0000 1.0000
v -104.0000 39.0000 -171.6000 1.0000 1.0000 1.0000
v -114.4000 2.6000 -171.6000 0.3333 0.3333 0.3333
v -114.4000 2.6000 -166.4000 0.3333 0.3333 0.3333
v -114.4000 39.0000 -166.4000 0.3333 0.3333 0.3333
v -114.4000 2.6000 -171.6000 0.3333 0.3333 0.3333
v -114.4000 39.0000 -166.4000 0.3333 0.3333 0.3333
v -114.4000 39.0000 -171.6000 0.3333 0.3333 0.3333
v -192.0179 -0.0685 -276.4099 0.6157 0.6157 0.6157
v -195.4469 -0.0685 -272.9822 0.6157 0.6157 0.6157
v -190.1695 -0.1117 -268.3344 0.6157 0.6157 0.6157
v -192.0179 -0.0685 -276.4099 0.6157 0.6157 0.6157
v -190.1695 -0.1117 -268.3344 0.6157 0.6157 0.6157
v -187.4488 -0.1117 -271.0551 0.6157 0.6157 0.6157
v -192.0179 -0.0685 -280.9815 0.6157 0.6157 0.6157
v -192.0179 -0.0685 -276.4099 0.6157 0.6157 0.6157
v -187.4488 -0.1117 -271.0551 0.6157 0.6157 0.6157
v -192.0179 -0.0685 -280.9815 0.6157 0.6157 0.6157
v -187.4488 -0.1117 -271.0551 0.6157 0.6157 0.6157
v -187.4488 -0.1117 -274.6809 0.6157 0.6157 0.6157
v -195.4469 -0.0685 -272.9822 0.6157 0.6157 0.6157
v -200.0172 -0.0685 -272.9822 0.6157 0.6157 0.6157
v -193.7952 -0.1117 -268.3344 0.6157 0.6157 0.6157
v -195.4469 -0.0685 -272.9822 0.6157 0.6157 0.6157
v -193.7952 -0.1117 -268.3344 0.6157 0.6157 0.6157
v -190.1695 -0.1117 -268.3344 0.6157 0.6157 0.6157
v -200.7421 9.6269 -285.8426 0.4157 0.3725 0.4627
v -199.7964 -0.0432 -283.4965 0.4157 0.3725 0.4627
v -203.4449 -0.0685 -280.9815 0.4157 0.3725 0.4627
v -200.7421 9.6269 -285.8426 0.4157 0.3725 0.4627
v -203.4449 -0.0685 -280.9815 0.4157 0.3725 0.4627
v -205.2565 9.6269 -281.3281 0.4157 0.3725 0.4627
v -205.2565 9.6269 -281.3281 0.4157 0.3725 0.4627
v -203.4449 -0.0685 -280.9815 0.4157 0.3725 0.4627
v -203.4449 -0.0685 -276.4099 0.4157 0.3725 0.4627
v -205.2565 9.6269 -281.3281 0.4157 0.3725 0.4627
v -203.4449 -0.0685 -276.4099 0.4157 0.3725 0.4627
v -205.2565 9.6269 -275.3080 0.4157 0.3725 0.4627
v -205.2565 9.6269 -275.3080 0.4157 0.3725 0.4627
v -203.4449 -0.0685 -276.4099 0.4157 0.3725 0.4627
v -200.0172 -0.0685 -272.9822 0.4157 0.3725 0.4627
v -205.2565 9.6269 -275.3080 0.4157 0.3725 0.4627
v -200.0172 -0.0685 -272.9822 0.4157 0.3725 0.4627
v -200.7421 9.6269 -270.7923 0.4157 0.3725 0.4627
v -190.2076 9.6269 -275.3080 0.4157 0.3725 0.4627
v -192.0179 -0.0685 -276.4099 0.4157 0.3725 0.4627
v -192.0179 -0.0685 -280.9815 0.4157 0.3725 0.4627
v -190.2076 9.6269 -275.3080 0.4157 0.3725 0.4627
v -192.0179 -0.0685 -280.9815 0.4157 0.3725 0.4627
v -190.2076 9.6269 -281.3281 0.4157 0.3725 0.4627
v -190.2076 9.6269 -281.3281 0.4157 0.3725 0.4627
v -192.0179 -0.0685 -280.9815 0.4157 0.3725 0.4627
v -195.6526 -0.0432 -283.4965 0.4157 0.3725 0.4627
v -190.2076 9.6269 -281.3281 0.4157 0.3725 0.4627
v -195.6526 -0.0432 -283.4965 0.4157 0.3725 0.4627
v -194.7219 9.6269 -285.8426 0.4157 0.3725 0.4627
v -200.7421 9.6269 -270.7923 0.4157 0.3725 0.4627
v -200.0172 -0.0685 -272.9822 0.4157 0.3725 0.4627
v -195.4469 -0.0685 -272.9822 0.4157 0.3725 0.4627
v -200.7421 9.6269 -270.7923 0.4157 0.3725 0.4627
v -195.4469 -0.0685 -272.9822 0.4157 0.3725 0.4627
v -194.7219 9.6269 -270.7923 0.4157 0.3725 0.4627
v -194.7219 9.6269 -270.7923 0.4157 0.3725 0.4627
v -195.4469 -0.0685 -272.9822 0.4157 0.3725 0.4627
v -192.0179 -0.0685 -276.4099 0.4157 0.3725 0.4627
v -194.7219 9.6269 -270.7923 0.4157 0.3725 0.4627
v -192.0179 -0.0685 -276.4099 0.4157 0.3725 0.4627
v -190.2076 9.6269 -275.3080 0.4157 0.3725 0.4627
v -190.2076 9.6269 -281.3281 1.0000 1.0000 1.0000
v -194.7219 9.6269 -285.8426 1.0000 1.0000 1.0000
v -197.7321 9.6269 -278.3180 1.0000 1.0000 1.0000
v -194.7219 9.6269 -285.8426 1.0000 1.0000 1.0000
v -200.7421 9.6269 -285.8426 1.0000 1.0000 1.0000
v -197.7321 9.6269 -278.3180 1.0000 1.0000 1.0000
v -197.7321 9.6269 -278.3180 1.0000 1.0000 1.0000
v -200.7421 9.6269 -285.8426 1.0000 1.0000 1.0000
v -205.2565 9.6269 -281.3281 1.0000 1.0000 1.0000
v -205.2565 9.6269 -281.3281 1.0000 1.0000 1.0000
v -205.2565 9.6269 -275.3080 1.0000 1.0000 1.0000
v -197.7321 9.6269 -278.3180 1.0000 1.0000 1.0000
v -205.2565 9.6269 -275.3080 1.0000 1.0000 1.0000
v -200.7421 9.6269 -270.7923 1.0000 1.0000 1.0000
v -197.7321 9.6269 -278.3180 1.0000 1.0000 1.0000
v -197.7321 9.6269 -278.3180 1.0000 1.0000 1.0000
v -200.7421 9.6269 -270.7923 1.0000 1.0000 1.0000
v -194.7219 9.6269 -270.7923 1.0000 1.0000 1.0000
v -190.2076 9.6269 -281.3281 1.0000 1.0000 1.0000
v -197.7321 9.6269 -278.3180 1.0000 1.0000 1.0000
v -190.2076 9.6269 -275.3080 1.0000 1.0000 1.0000
v -197.7321 9.6269 -278.3180 1.0000 1.0000 1.0000
v -194.7219 9.6269 -270.7923 1.0000 1.0000 1.0000
v -190.2076 9.6269 -275.3080 1.0000 1.0000 1.0000
v -187.2000 40.2542 -293.3861 1.0000 1.0000 1.0000
v -208.0000 40.2542 -293.3861 1.0000 1.0000 1.0000
v -208.0000 8.7305 -275.1861 0.4157 0.3725 0.4627
v -187.2000 40.2542 -293.3861 1.0000 1.0000 1.0000
v -208.0000 8.7305 -275.1861 0.4157 0.3725 0.4627
v -187.2000 8.7305 -275.1861 0.4157 0.3725 0.4627
v -108.8179 -0.0685 -151.6099 0.6157 0.6157 0.6157
v -112.2469 -0.0685 -148.1822 0.6157 0.6157 0.6157
v -106.9695 -0.1117 -143.5344 0.6157 0.6157 0.6157
v -108.8179 -0.0685 -151.6099 0.6157 0.6157 0.6157
v -106.9695 -0.1117 -143.5344 0.6157 0.6157 0.6157
v -104.2488 -0.1117 -146.2551 0.6157 0.6157 0.6157
v -108.8179 -0.0685 -156.1815 0.6157 0.6157 0.6157
v -108.8179 -0.0685 -151.6099 0.6157 0.6157 0.6157
v -104.2488 -0.1117 -146.2551 0.6157 0.6157 0.6157
v -108.8179 -0.0685 -156.1815 0.6157 0.6157 0.6157
v -104.2488 -0.1117 -146.2551 0.6157 0.6157 0.6157
v -104.2488 -0.1117 -149.8809 0.6157 0.6157 0.6157
v -112.2469 -0.0685 -148.1822 0.6157 0.6157 0.6157
v -116.8172 -0.0685 -148.1822 0.6157 0.6157 0.6157
v -110.5952 -0.1117 -143.5344 0.6157 0.6157 0.6157
v -112.2469 -0.0685 -148.1822 0.6157 0.6157 0.6157
v -110.5952 -0.1117 -143.5344 0.6157 0.6157 0.6157
v -106.9695 -0.1117 -143.5344 0.6157 0.6157 0.6157
v -117.5421 9.6269 -161.0426 0.4157 0.3725 0.4627
v -116.5964 -0.0432 -158.6965 0.4157 0.3725 0.4627
v -120.2449 -0.0685 -156.1815 0.4157 0.3725 0.4627
v -117.5421 9.6269 -161.0426 0.4157 0.3725 0.4627
v -120.2449 -0.0685 -156.1815 0.4157 0.3725 0.4627
v -122.0565 9.6269 -156.5281 0.4157 0.3725 0.4627
v -122.0565 9.6269 -156.5281 0.4157 0.3725 0.4627
v -120.2449 -0.0685 -156.1815 0.4157 0.3725 0.4627
v -120.2449 -0.0685 -151.6099 0.4157 0.3725 0.4627
v -122.0565 9.6269 -156.5281 0.4157 0.3725 0.4627
v -120.2449 -0.0685 -151.6099 0.4157 0.3725 0.4627
v -122.0565 9.6269 -150.5080 0.4157 0.3725 0.4627
v -122.0565 9.6269 -150.5080 0.4157 0.3725 0.4627
v -120.2449 -0.0685 -151.6099 0.4157 0.3725 0.4627
v -116.8172 -0.0685 -148.1822 0.4157 0.3725 0.4627
v -122.0565 9.6269 -150.5080 0.4157 0.3725 0.4627
v -116.8172 -0.0685 -148.1822 0.4157 0.3725 0.4627
v -117.5421 9.6269 -145.9923 0.4157 0.3725 0.4627
v -107.0076 9.6269 -150.5080 0.4157 0.3725 0.4627
v -108.8179 -0.0685 -151.6099 0.4157 0.3725 0.4627
v -108.8179 -0.0685 -156.1815 0.4157 0.3725 0.4627
v -107.0076 9.6269 -150.5080 0.4157 0.3725 0.4627
v -108.8179 -0.0685 -156.1815 0.4157 0.3725 0.4627
v -107.0076 9.6269 -156.5281 0.4157 0.3725 0.4627
v -107.0076 9.6269 -156.5281 0.4157 0.3725 0.4627
v -108.8179 -0.0685 -156.1815 0.4157 0.3725 0.4627
v -112.4526 -0.0432 -158.6965 0.4157 0.3725 0.4627
v -107.0076 9.6269 -156.5281 0.4157 0.3725 0.4627
v -112.4526 -0.0432 -158.6965 0.4157 0.3725 0.4627
v -111.5219 9.6269 -161.0426 0.4157 0.3725 0.4627
v -117.5421 9.6269 -145.9923 0.4157 0.3725 0.4627
v -116.8172 -0.0685 -148.1822 0.4157 0.3725 0.4627
v -112.2469 -0.0685 -148.1822 0.4157 0.3725 0.4627
v -117.5421 9.6269 -145.9923 0.4157 0.3725 0.4627
v -112.2469 -0.0685 -148.1822 0.4157 0.3725 0.4627
v -111.5219 9.6269 -145.9923 0.4157 0.3725 0.4627
v -111.5219 9.6269 -145.9923 0.4157 0.3725 0.4627
v -112.2469 -0.0685 -148.1822 0.4157 0.3725 0.4627
v -108.8179 -0.0685 -151.6099 0.4157 0.3725 0.4627
v -111.5219 9.6269 -145.9923 0.4157 0.3725 0.4627
v -108.8179 -0.0685 -151.6099 0.4157 0.3725 0.4627
v -107.0076 9.6269 -150.5080 0.4157 0.3725 0.4627
v -107.0076 9.6269 -156.5281 1.0000 1.0000 1.0000
v -111.5219 9.6269 -161.0426 1.0000 1.0000 1.0000
v -114.5321 9.6269 -153.5180 1.0000 1.0000 1.0000
v -111.5219 9.6269 -161.0426 1.0000 1.0000 1.0000
v -117.5421 9.6269 -161.0426 1.0000 1.0000 1.0000
v -114.5321 9.6269 -153.5180 1.0000 1.0000 1.0000
v -114.5321 9.6269 -153.5180 1.0000 1.0000 1.0000
v -117.5421 9.6269 -161.0426 1.0000 1.0000 1.0000
v -122.0565 9.6269 -156.5281 1.0000 1.0000 1.0000
v -122.0565 9.6269 -156.5281 1.0000 1.0000 1.0000
v -122.0565 9.6269 -150.5080 1.0000 1.0000 1.0000
v -114.5321 9.6269 -153.5180 1.0000 1.0000 1.0000
v -122.0565 9.6269 -150.5080 1.0000 1.0000 1.0000
v -117.5421 9.6269 -145.9923 1.0000 1.0000 1.0000
v -114.5321 9.6269 -153.5180 1.0000 1.0000 1.0000
v -114.5321 9.6269 -153.5180 1.0000 1.0000 1.0000
v -117.5421 9.6269 -145.9923 1.0000 1.0000 1.0000
v -111.5219 9.6269 -145.9923 1.0000 1.0000 1.0000
v -107.0076 9.6269 -156.5281 1.0000 1.0000 1.0000
v -114.5321 9.6269 -153.5180 1.0000 1.0000 1.0000
v -107.0076 9.6269 -150.5080 1.0000 1.0000 1.0000
v -114.5321 9.6269 -153.5180 1.0000 1.0000 1.0000
v -111.5219 9.6269 -145.9923 1.0000 1.0000 1.0000
v -107.0076 9.6269 -150.5080 1.0000 1.0000 1.0000
v -104.0000 40.2542 -168.5861 1.0000 1.0000 1.0000
v -124.8000 40.2542 -168.5861 1.0000 1.0000 1.0000
v -124.8000 8.7305 -150.3861 0.4157 0.3725 0.4627
v -104.0000 40.2542 -168.5861 1.0000 1.0000 1.0000
v -124.8000 8.7305 -150.3861 0.4157 0.3725 0.4627
v -104.0000 8.7305 -150.3861 0.4157 0.3725 0.4627
v -276.8048 0.2558 -159.9952 0.4157 0.3725 0.4627
v -275.4655 11.5122 -161.3346 0.4157 0.3725 0.4627
v -273.2558 11.5122 -156.0000 0.4157 0.3725 0.4627
v -276.8048 0.2558 -159.9952 0.4157 0.3725 0.4627
v -273.2558 11.5122 -156.0000 0.4157 0.3725 0.4627
v -275.1499 0.2558 -156.0000 0.4157 0.3725 0.4627
v -275.1499 0.2558 -156.0000 0.4157 0.3725 0.4627
v -273.2558 11.5122 -156.0000 0.4157 0.3725 0.4627
v -275.4655 11.5122 -150.6655 0.4157 0.3725 0.4627
v -275.1499 0.2558 -156.0000 0.4157 0.3725 0.4627
v -275.4655 11.5122 -150.6655 0.4157 0.3725 0.4627
v -276.8048 0.2558 -152.0048 0.4157 0.3725 0.4627
v -276.8048 0.2558 -152.0048 0.4157 0.3725 0.4627
v -275.4655 11.5122 -150.6655 0.4157 0.3725 0.4627
v -280.8000 11.5122 -148.4558 0.4157 0.3725 0.4627
v -276.8048 0.2558 -152.0048 0.4157 0.3725 0.4627
v -280.8000 11.5122 -148.4558 0.4157 0.3725 0.4627
v -280.8000 0.2558 -150.3499 0.4157 0.3725 0.4627
v -280.8000 0.2558 -150.3499 0.4157 0.3725 0.4627
v -280.8000 11.5122 -148.4558 0.4157 0.3725 0.4627
v -286.1345 11.5122 -150.6655 0.4157 0.3725 0.4627
v -280.8000 0.2558 -150.3499 0.4157 0.3725 0.4627
v -286.1345 11.5122 -150.6655 0.4157 0.3725 0.4627
v -284.7952 0.2558 -152.0048 0.4157 0.3725 0.4627
v -284.7952 0.2558 -152.0048 0.4157 0.3725 0.4627
v -286.1345 11.5122 -150.6655 0.4157 0.3725 0.4627
v -288.3442 11.5122 -156.0000 0.4157 0.3725 0.4627
v -284.7952 0.2558 -152.0048 0.4157 0.3725 0.4627
v -288.3442 11.5122 -156.0000 0.4157 0.3725 0.4627
v -286.4501 0.2558 -156.0000 0.4157 0.3725 0.4627
v -286.4501 0.2558 -156.0000 0.4157 0.3725 0.4627
v -288.3442 11.5122 -156.0000 0.4157 0.3725 0.4627
v -286.1345 11.5122 -161.3346 0.4157 0.3725 0.4627
v -286.4501 0.2558 -156.0000 0.4157 0.3725 0.4627
v -286.1345 11.5122 -161.3346 0.4157 0.3725 0.4627
v -284.7952 0.2558 -159.9952 0.4157 0.3725 0.4627
v -275.7702 11.5122 -156.0000 0.1255 0.1255 0.1255
v -277.2435 11.5122 -159.5565 0.1255 0.1255 0.1255
v -277.2435 6.3122 -159.5565 0.0235 0.0235 0.0235
v -275.7702 11.5122 -156.0000 0.1255 0.1255 0.1255
v -277.2435 6.3122 -159.5565 0.0235 0.0235 0.0235
v -275.7702 6.3122 -156.0000 0.0235 0.0235 0.0235
v -277.2435 11.5122 -152.4435 0.1255 0.1255 0.1255
v -275.7702 11.5122 -156.0000 0.1255 0.1255 0.1255
v -275.7702 6.3122 -156.0000 0.0235 0.0235 0.0235
v -277.2435 11.5122 -152.4435 0.1255 0.1255 0.1255
v -275.7702 6.3122 -156.0000 0.0235 0.0235 0.0235
v -277.2435 6.3122 -152.4435 0.0235 0.0235 0.0235
v -280.8000 11.5122 -150.9702 0.1255 0.1255 0.1255
v -277.2435 11.5122 -152.4435 0.1255 0.1255 0.1255
v -277.2435 6.3122 -152.4435 0.0235 0.0235 0.0235
v -280.8000 11.5122 -150.9702 0.1255 0.1255 0.1255
v -277.2435 6.3122 -152.4435 0.0235 0.0235 0.0235
v -280.8000 6.3122 -150.9702 0.0235 0.0235 0.0235
v -284.3565 11.5122 -152.4435 0.1255 0.1255 0.1255
v -280.8000 11.5122 -150.9702 0.1255 0.1255 0.1255
v -280.8000 6.3122 -150.9702 0.0235 0.0235 0.0235
v -284.3565 11.5122 -152.4435 0.1255 0.1255 0.1255
v -280.8000 6.3122 -150.9702 0.0235 0.0235 0.0235
v -284.3565 6.3122 -152.4435 0.0235 0.0235 0.0235
v -285.8298 11.5122 -156.0000 0.1255 0.1255 0.1255
v -284.3565 11.5122 -152.4435 0.1255 0.1255 0.1255
v -284.3565 6.3122 -152.4435 0.0235 0.0235 0.0235
v -285.8298 11.5122 -156.0000 0.1255 0.1255 0.1255
v -284.3565 6.3122 -152.4435 0.0235 0.0235 0.0235
v -285.8298 6.3122 -156.0000 0.0235 0.0235 0.0235
v -284.3565 11.5122 -159.5565 0.1255 0.1255 0.1255
v -285.8298 11.5122 -156.0000 0.1255 0.1255 0.1255
v -285.8298 6.3122 -156.0000 0.0235 0.0235 0.0235
v -284.3565 11.5122 -159.5565 0.1255 0.1255 0.1255
v -285.8298 6.3122 -156.0000 0.0235 0.0235 0.0235
v -284.3565 6.3122 -159.5565 0.0235 0.0235 0.0235
v -280.8000 11.5122 -161.0298 0.1255 0.1255 0.1255
v -284.3565 11.5122 -159.5565 0.1255 0.1255 0.1255
v -284.3565 6.3122 -159.5565 0.0235 0.0235 0.0235
v -280.8000 11.5122 -161.0298 0.1255 0.1255 0.1255
v -284.3565 6.3122 -159.5565 0.0235 0.0235 0.0235
v -280.8000 6.3122 -161.0298 0.0235 0.0235 0.0235
v -277.2435 11.5122 -159.5565 0.1255 0.1255 0.1255
v -280.8000 11.5122 -161.0298 0.1255 0.1255 0.1255
v -280.8000 6.3122 -161.0298 0.0235 0.0235 0.0235
v -277.2435 11.5122 -159.5565 0.1255 0.1255 0.1255
v -280.8000 6.3122 -161.0298 0.0235 0.0235 0.0235
v -277.2435 6.3122 -159.5565 0.0235 0.0235 0.0235
v -288.3442 11.5122 -156.0000 1.0000 1.0000 1.0000
v -286.1345 11.5122 -150.6655 1.0000 1.0000 1.0000
v -284.3565 11.5122 -152.4435 1.0000 1.0000 1.0000
v -288.3442 11.5122 -156.0000 1.0000 1.0000 1.0000
v -284.3565 11.5122 -152.4435 1.0000 1.0000 1.0000
v -285.8298 11.5122 -156.0000 1.0000 1.0000 1.0000
v -286.1345 11.5122 -161.3346 1.0000 1.0000 1.0000
v -288.3442 11.5122 -156.0000 1.0000 1.0000 1.0000
v -285.8298 11.5122 -156.0000 1.0000 1.0000 1.0000
v -286.1345 11.5122 -161.3346 1.0000 1.0000 1.0000
v -285.8298 11.5122 -156.0000 1.0000 1.0000 1.0000
v -284.3565 11.5122 -159.5565 1.0000 1.0000 1.0000
v -280.8000 11.5122 -163.5442 1.0000 1.0000 1.0000
v -286.1345 11.5122 -161.3346 1.0000 1.0000 1.0000
v -284.3565 11.5122 -159.5565 1.0000 1.0000 1.0000
v -280.8000 11.5122 -163.5442 1.0000 1.0000 1.0000
v -284.3565 11.5122 -159.5565 1.0000 1.0000 1.0000
v -280.8000 11.5122 -161.0298 1.0000 1.0000 1.0000
v -275.4655 11.5122 -161.3346 1.0000 1.0000 1.0000
v -280.8000 11.5122 -163.5442 1.0000 1.0000 1.0000
v -280.8000 11.5122 -161.0298 1.0000 1.0000 1.0000
v -275.4655 11.5122 -161.3346 1.0000 1.0000 1.0000
v -280.8000 11.5122 -161.0298 1.0000 1.0000 1.0000
v -277.2435 11.5122 -159.5565 1.0000 1.0000 1.0000
v -273.2558 11.5122 -156.0000 1.0000 1.0000 1.0000
v -275.4655 11.5122 -161.3346 1.0000 1.0000 1.0000
v -277.2435 11.5122 -159.5565 1.0000 1.0000 1.0000
v -273.2558 11.5122 -156.0000 1.0000 1.0000 1.0000
v -277.2435 11.5122 -159.5565 1.0000 1.0000 1.0000
v -275.7702 11.5122 -156.0000 1.0000 1.0000 1.0000
v -275.4655 11.5122 -150.6655 1.0000 1.0000 1.0000
v -273.2558 11.5122 -156.0000 1.0000 1.0000 1.0000
v -275.7702 11.5122 -156.0000 1.0000 1.0000 1.0000
v -275.4655 11.5122 -150.6655 1.0000 1.0000 1.0000
v -275.7702 11.5122 -156.0000 1.0000 1.0000 1.0000
v -277.2435 11.5122 -152.4435 1.0000 1.0000 1.0000
v -280.8000 11.5122 -148.4558 1.0000 1.0000 1.0000
v -275.4655 11.5122 -150.6655 1.0000 1.0000 1.0000
v -277.2435 11.5122 -152.4435 1.0000 1.0000 1.0000
v -280.8000 11.5122 -148.4558 1.0000 1.0000 1.0000
v -277.2435 11.5122 -152.4435 1.0000 1.0000 1.0000
v -280.8000 11.5122 -150.9702 1.0000 1.0000 1.0000
v -286.1345 11.5122 -150.6655 1.0000 1.0000 1.0000
v -280.8000 11.5122 -148.4558 1.0000 1.0000 1.0000
v -280.8000 11.5122 -150.9702 1.0000 1.0000 1.0000
v -286.1345 11.5122 -150.6655 1.0000 1.0000 1.0000
v -280.8000 11.5122 -150.9702 1.0000 1.0000 1.0000
v -284.3565 11.5122 -152.4435 1.0000 1.0000 1.0000
v -275.7702 6.3122 -156.0000 0.0235 0.0235 0.0235
v -277.2435 6.3122 -159.5565 0.0235 0.0235 0.0235
v -280.8000 6.3122 -156.0000 0.0235 0.0235 0.0235
v -277.2435 6.3122 -152.4435 0.0235 0.0235 0.0235
v -275.7702 6.3122 -156.0000 0.0235 0.0235 0.0235
v -280.8000 6.3122 -156.0000 0.0235 0.0235 0.0235
v -280.8000 6.3122 -150.9702 0.0235 0.0235 0.0235
v -277.2435 6.3122 -152.4435 0.0235 0.0235 0.0235
v -280.8000 6.3122 -156.0000 0.0235 0.0235 0.0235
v -284.3565 6.3122 -152.4435 0.0235 0.0235 0.0235
v -280.8000 6.3122 -150.9702 0.0235 0.0235 0.0235
v -280.8000 6.3122 -156.0000 0.0235 0.0235 0.0235
v -285.8298 6.3122 -156.0000 0.0235 0.0235 0.0235
v -284.3565 6.3122 -152.4435 0.0235 0.0235 0.0235
v -280.8000 6.3122 -156.0000 0.0235 0.0235 0.0235
v -284.3565 6.3122 -159.5565 0.0235 0.0235 0.0235
v -285.8298 6.3122 -156.0000 0.0235 0.0235 0.0235
v -280.8000 6.3122 -156.0000 0.0235 0.0235 0.0235
v -280.8000 6.3122 -161.0298 0.0235 0.0235 0.0235
v -284.3565 6.3122 -159.5565 0.0235 0.0235 0.0235
v -280.8000 6.3122 -156.0000 0.0235 0.0235 0.0235
v -277.2435 6.3122 -159.5565 0.0235 0.0235 0.0235
v -280.8000 6.3122 -161.0298 0.0235 0.0235 0.0235
v -280.8000 6.3122 -156.0000 0.0235 0.0235 0.0235
v -276.9984 0.4849 -159.9914 0.0000 0.0000 0.0000
v -275.3886 0.4849 -156.1048 0.0000 0.0000 0.0000
v -271.3673 0.4849 -150.7435 0.0000 0.0000 0.0000
v -276.9984 0.4849 -159.9914 0.0000 0.0000 0.0000
v -271.3673 0.4849 -150.7435 0.0000 0.0000 0.0000
v -272.9771 0.4849 -154.6302 0.0000 0.0000 0.0000
v -275.3886 0.4849 -156.1048 0.0000 0.0000 0.0000
v -276.9984 0.4849 -152.2187 0.0000 0.0000 0.0000
v -272.9771 0.4849 -146.8568 0.0000 0.0000 0.0000
v -275.3886 0.4849 -156.1048 0.0000 0.0000 0.0000
v -272.9771 0.4849 -146.8568 0.0000 0.0000 0.0000
v -271.3673 0.4849 -150.7435 0.0000 0.0000 0.0000
v -276.9984 0.4849 -152.2187 0.0000 0.0000 0.0000
v -280.8850 0.4849 -150.6083 0.0000 0.0000 0.0000
v -276.8639 0.4849 -145.2471 0.0000 0.0000 0.0000
v -276.9984 0.4849 -152.2187 0.0000 0.0000 0.0000
v -276.8639 0.4849 -145.2471 0.0000 0.0000 0.0000
v -272.9771 0.4849 -146.8568 0.0000 0.0000 0.0000
v -280.8850 0.4849 -150.6083 0.0000 0.0000 0.0000
v -284.7711 0.4849 -152.2187 0.0000 0.0000 0.0000
v -280.7505 0.4849 -146.8568 0.0000 0.0000 0.0000
v -280.8850 0.4849 -150.6083 0.0000 0.0000 0.0000
v -280.7505 0.4849 -146.8568 0.0000 0.0000 0.0000
v -276.8639 0.4849 -145.2471 0.0000 0.0000 0.0000
vt 0.01172 1.00000
vt 0.99219 1.00000
vt 0.99219 1.99219
vt 0.01172 1.00000
vt 0.99219 1.99219
vt 0.01172 1.99219
vt 0.00000 0.00000
vt 0.50000 0.00000
vt 0.50000 1.00000
vt 0.00000 0.00000
vt 0.50000 1.00000
vt 0.00000 1.00000
vt 0.50000 0.00000
vt 1.00000 0.00000
vt 1.00000 1.00000
vt 0.50000 0.00000
vt 1.00000 1.00000
vt 0.50000 1.00000
vt -1.96875 0.96875
vt -1.96875 0.03125
vt -1.03125 0.03125
vt -1.96875 0.96875
vt -1.03125 0.03125
vt -1.03125 0.96875
vt -1.96875 0.96875
vt -1.96875 0.03125
vt -1.03125 0.03125
vt -1.96875 0.96875
vt -1.03125 0.03125
vt -1.03125 0.96875
vt 0.00000 0.00000
vt 0.00000 1.00000
vt 1.00000 1.00000
vt 0.00000 0.00000
vt 1.00000 1.00000
vt 1.00000 0.00000
vt 1.00000 0.00000
vt 1.00000 1.00000
vt 0.00000 1.00000
vt 1.00000 0.00000
vt 0.00000 1.00000
vt 0.00000 0.00000
vt 0.00000 0.00000
vt 0.00000 1.00000
vt 1.00000 1.00000
vt 0.00000 0.00000
vt 1.00000 1.00000
vt 1.00000 0.00000
vt 1.98828 8.12500
vt 1.00000 7.12500
vt 1.00000 5.12500
vt 1.98828 8.12500
vt 1.00000 5.12500
vt 1.98828 4.12500
vt 1.98828 4.12500
vt 1.00000 5.12500
vt 1.00000 7.12500
vt 1.98828 4.12500
vt 1.00000 7.12500
vt 1.98828 8.12500
vt 1.98828 8.12500
vt 1.00000 7.12500
vt 1.00000 5.12500
vt 1.98828 8.12500
vt 1.00000 5.12500
vt 1.98828 4.12500
vt 1.98828 4.12500
vt 1.00000 5.12500
vt 1.00000 7.12500
vt 1.98828 4.12500
vt 1.00000 7.12500
vt 1.98828 8.12500
vt 0.62500 2.18750
vt 0.62500 0.18750
vt 0.00000 1.18750
vt 0.62500 2.18750
vt 0.62500 0.18750
vt 0.00000 1.18750
vt 0.62500 2.18750
vt 0.62500 0.18750
vt 0.00000 1.18750
vt 0.62500 0.18750
vt 0.00000 1.18750
vt 0.62500 2.18750
vt 0.00000 2.87500
vt 0.00000 -1.12500
vt 0.50000 -1.62500
vt 0.00000 2.87500
vt 0.50000 -1.62500
vt 0.50000 3.37500
vt 0.50000 3.37500
vt 0.50000 -1.62500
vt 0.98047 -2.12500
vt 0.50000 3.37500
vt 0.98047 -2.12500
vt 0.98047 3.87500
vt 0.00000 3.12500
vt 0.00000 0.12500
vt 0.50000 -0.37500
vt 0.00000 3.12500
vt 0.50000 -0.37500
vt 0.50000 3.62500
vt 0.50000 3.62500
vt 0.50000 -0.37500
vt 0.98047 -0.87500
vt 0.50000 3.62500
vt 0.98047 -0.87500
vt 0.98047 4.12500
vt 0.00000 2.68750
vt 0.00000 -1.31250
vt 0.50000 -1.81250
vt 0.00000 2.68750
vt 0.50000 -1.81250
vt 0.50000 3.18750
vt 0.50000 3.18750
vt 0.50000 -1.81250
vt 1.00000 -2.31250
vt 0.50000 3.18750
vt 1.00000 -2.31250
vt 1.00000 3.68750
vt 0.00000 3.12500
vt 0.00000 0.12500
vt 0.50000 -0.37500
vt 0.00000 3.12500
vt 0.50000 -0.37500
vt 0.50000 3.62500
vt 0.50000 3.62500
vt 0.50000 -0.37500
vt 0.98047 -0.87500
vt 0.50000 3.62500
vt 0.98047 -0.87500
vt 0.98047 4.12500
vt 1.06250 -0.37500
vt 1.06250 -0.37500
vt 1.06250 -0.37500
vt 1.06250 -0.37500
vt 1.06250 -0.37500
vt 1.06250 -0.37500
vt 1.06250 -0.37500
vt 1.06250 -0.37500
vt 1.06250 -0.37500
vt 1.06250 -0.37500
vt 1.06250 -0.37500
vt 1.06250 -0.37500
vt 0.87500 0.96484
vt 1.00000 0.69141
vt 0.18750 0.69141
vt 0.87500 0.96484
vt 0.18750 0.69141
vt 0.00000 0.96484
vt 0.00000 0.96484
vt 0.18750 0.69141
vt 0.18750 0.18750
vt 0.00000 0.96484
vt 0.18750 0.18750
vt 0.00000 0.00000
vt 0.00000 0.00000
vt 0.18750 0.18750
vt 0.75000 0.18750
vt 0.00000 0.00000
vt 0.75000 0.18750
vt 0.87500 0.00000
vt 0.75000 0.69141
vt 0.87500 0.96484
vt 0.00000 0.96484
vt 0.75000 0.69141
vt 0.00000 0.96484
vt 0.18750 0.69141
vt 0.18750 0.69141
vt 0.00000 0.96484
vt 0.00000 0.00000
vt 0.18750 0.69141
vt 0.00000 0.00000
vt 0.18750 0.18750
vt 0.18750 0.18750
vt 0.00000 0.00000
vt 0.87500 0.00000
vt 0.18750 0.18750
vt 0.87500 0.00000
vt 0.75000 0.18750
vt 0.00000 0.96484
vt 0.00000 0.96484
vt 0.87500 0.96484
vt 0.00000 0.96484
vt 0.87500 0.96484
vt 0.87500 0.96484
vt 0.87500 0.96484
vt 0.87500 0.96484
vt 0.00000 0.96484
vt 0.87500 0.96484
vt 0.00000 0.96484
vt 0.00000 0.96484
vt 0.31250 0.69141
vt 0.31250 0.69141
vt 0.31250 0.69141
vt 0.31250 0.69141
vt 0.31250 0.69141
vt 0.31250 0.69141
vt 0.31250 0.69141
vt 0.31250 0.69141
vt 0.31250 0.69141
vt 0.31250 0.69141
vt 0.31250 0.69141
vt 0.31250 0.69141
vt 0.75000 0.18750
vt 1.00000 0.18750
vt 1.00000 0.69141
vt 0.75000 0.18750
vt 1.00000 0.69141
vt 0.75000 0.69141
vt 0.75000 0.69141
vt 1.00000 0.69141
vt 0.87500 0.96484
vt 0.87500 0.00000
vt 1.00000 0.18750
vt 0.75000 0.18750
vt 0.25000 0.00000
vt 1.00000 0.00000
vt 0.00000 1.00000
vt 1.00000 0.00000
vt 0.00000 0.00000
vt 0.00000 1.00000
vt 1.00000 1.00000
vt 1.00000 0.00000
vt 0.25000 0.00000
vt 1.00000 1.00000
vt 0.25000 0.00000
vt 0.00000 1.00000
vt 0.00000 1.00000
vt 1.00000 1.00000
vt 1.00000 0.00000
vt 0.00000 1.00000
vt 1.00000 0.00000
vt 0.00000 0.00000
vt 0.00000 1.00000
vt 1.00000 1.00000
vt 1.00000 0.00000
vt 0.00000 1.00000
vt 1.00000 0.00000
vt 0.00000 0.00000
vt 0.00000 1.00000
vt 1.00000 1.00000
vt 1.00000 0.00000
vt 0.00000 1.00000
vt 1.00000 0.00000
vt 0.00000 0.00000
vt 0.00000 1.00000
vt 1.00000 1.00000
vt 1.00000 0.00000
vt 0.00000 1.00000
vt 1.00000 0.00000
vt 0.00000 0.00000
vt 1.00000 1.00000
vt 1.00000 0.00000
vt 0.00000 0.00000
vt 1.00000 1.00000
vt 0.00000 0.00000
vt 0.00000 1.00000
vt 0.00000 1.00000
vt 1.00000 1.00000
vt 1.00000 0.00000
vt 0.00000 1.00000
vt 1.00000 0.00000
vt 0.00000 0.00000
vt 0.00000 0.25000
vt 0.00000 0.00000
vt 1.00000 0.00000
vt 0.00000 0.25000
vt 1.00000 0.00000
vt 1.00000 0.25000
vt 1.00000 0.25000
vt 0.00000 0.25000
vt 0.00000 0.00000
vt 1.00000 0.25000
vt 0.00000 0.00000
vt 1.00000 0.00000
vt 0.00000 0.25000
vt 1.00000 0.25000
vt 1.00000 0.00000
vt 0.00000 0.25000
vt 1.00000 0.00000
vt 0.00000 0.00000
vt 0.00000 0.25000
vt 1.00000 0.25000
vt 1.00000 0.00000
vt 0.00000 0.25000
vt 1.00000 0.00000
vt 0.00000 0.00000
vt 0.00000 0.25000
vt 0.00000 0.00000
vt 1.00000 0.00000
vt 0.00000 0.25000
vt 1.00000 0.00000
vt 1.00000 0.25000
vt 1.00000 0.25000
vt 0.00000 0.25000
vt 0.00000 0.00000
vt 1.00000 0.25000
vt 0.00000 0.00000
vt 1.00000 0.00000
vt 1.00000 1.00000
vt 1.00000 0.00000
vt 1.00000 0.00000
vt 0.03125 0.96875
vt 0.10938 0.96875
vt 0.10938 0.96094
vt 0.03125 0.96875
vt 0.10938 0.96094
vt 0.03125 0.96094
vt 0.03125 0.96094
vt 0.10938 0.96094
vt 0.10938 0.94531
vt 0.03125 0.96094
vt 0.10938 0.94531
vt 0.03125 0.94531
vt 0.03125 0.94531
vt 0.10938 0.94531
vt 0.10938 0.93750
vt 0.03125 0.94531
vt 0.10938 0.93750
vt 0.03125 0.93750
vt 0.03125 0.93750
vt 0.10938 0.93750
vt 0.10938 0.87500
vt 0.03125 0.93750
vt 0.10938 0.87500
vt 0.03125 0.87500
vt 0.03125 0.87500
vt 0.10938 0.87500
vt 0.10938 0.85938
vt 0.03125 0.87500
vt 0.10938 0.85938
vt 0.03125 0.85938
vt 0.03125 0.96875
vt 0.10938 0.96875
vt 0.10938 0.95312
vt 0.03125 0.96875
vt 0.10938 0.95312
vt 0.03125 0.95312
vt 0.03125 0.95312
vt 0.10938 0.95312
vt 0.10938 0.89062
vt 0.03125 0.95312
vt 0.10938 0.89062
vt 0.03125 0.89062
vt 0.03125 0.89062
vt 0.10938 0.89062
vt 0.10938 0.88281
vt 0.03125 0.89062
vt 0.10938 0.88281
vt 0.03125 0.88281
vt 0.03125 0.88281
vt 0.10938 0.88281
vt 0.10938 0.87500
vt 0.03125 0.88281
vt 0.10938 0.87500
vt 0.03125 0.87500
vt 0.03125 0.87500
vt 0.10938 0.87500
vt 0.10938 0.85938
vt 0.03125 0.87500
vt 0.10938 0.85938
vt 0.03125 0.85938
vt 0.03125 0.85938
vt 0.03125 0.96875
vt 0.04688 0.96875
vt 0.03125 0.85938
vt 0.04688 0.96875
vt 0.04688 0.85938
vt 0.04688 0.85938
vt 0.04688 0.96875
vt 0.10938 0.96875
vt 0.04688 0.85938
vt 0.10938 0.96875
vt 0.10938 0.85938
vt 0.10938 0.85938
vt 0.03125 0.85938
vt 0.03125 0.96094
vt 0.10938 0.85938
vt 0.03125 0.96094
vt 0.10938 0.96094
vt 0.10938 0.96094
vt 0.03125 0.96094
vt 0.10938 0.96875
vt 0.10938 0.96094
vt 0.10938 0.96875
vt 0.10938 0.85938
vt 0.10938 0.85938
vt 0.03125 0.85938
vt 0.03125 0.96875
vt 0.10938 0.85938
vt 0.03125 0.96875
vt 0.10938 0.96875
vt 0.10938 0.85938
vt 0.03125 0.85938
vt 0.03125 0.96875
vt 0.10938 0.85938
vt 0.03125 0.96875
vt 0.10938 0.96875
vt 0.10938 0.85938
vt 0.03125 0.85938
vt 0.03125 0.96875
vt 0.10938 0.85938
vt 0.03125 0.96875
vt 0.10938 0.96875
vt 0.10938 0.85938
vt 0.03125 0.85938
vt 0.03125 0.96875
vt 0.10938 0.85938
vt 0.03125 0.96875
vt 0.10938 0.96875
vt -1.10156 1.50000
vt -3.50000 1.50000
vt -3.50000 1.38281
vt -1.10156 1.50000
vt -3.50000 1.38281
vt -1.10156 1.38281
vt -1.10156 1.38281
vt -3.50000 1.38281
vt -3.50000 1.27344
vt -1.10156 1.38281
vt -3.50000 1.27344
vt -1.10156 1.26953
vt -1.10156 1.26953
vt -3.50000 1.27344
vt -0.69922 -0.50000
vt -1.10156 1.26953
vt -0.69922 -0.50000
vt 1.69922 -0.50000
vt 4.50000 0.53906
vt -1.10156 1.50000
vt -1.10156 1.38281
vt 4.50000 0.53906
vt -1.10156 1.38281
vt 4.50000 0.42578
vt 4.50000 0.42578
vt -1.10156 1.38281
vt -1.10156 1.26953
vt 4.50000 0.42578
vt -1.10156 1.26953
vt 4.50000 0.30859
vt 4.50000 0.30859
vt -1.10156 1.26953
vt 1.69922 -0.50000
vt 4.50000 0.30859
vt 1.69922 -0.50000
vt 4.50000 -0.50000
vt 2.02344 0.66016
vt 3.50000 0.66016
vt 3.50000 0.53125
vt 2.02344 0.66016
vt 3.50000 0.53125
vt 2.02344 0.53125
vt 2.02344 0.53125
vt 3.50000 0.53125
vt 3.50000 0.40234
vt 2.02344 0.53125
vt 3.50000 0.40234
vt 2.02344 0.40234
vt 2.02344 0.40234
vt 3.50000 0.40234
vt 3.50000 -0.50000
vt 2.02344 0.40234
vt 3.50000 -0.50000
vt 2.02344 -0.50000
vt -2.50000 0.66016
vt 2.02344 0.66016
vt 2.02344 0.53125
vt -2.50000 0.66016
vt 2.02344 0.53125
vt -2.50000 0.53125
vt -2.50000 0.53125
vt 2.02344 0.53125
vt 2.02344 0.40234
vt -2.50000 0.53125
vt 2.02344 0.40234
vt -2.50000 0.40234
vt -2.50000 0.40234
vt 2.02344 0.40234
vt 2.02344 -0.50000
vt -2.50000 0.40234
vt 2.02344 -0.50000
vt -2.50000 -0.50000
vt 3.50000 -0.50000
vt 3.50000 1.48828
vt 2.02344 1.48828
vt 3.50000 -0.50000
vt 2.02344 1.48828
vt 2.02344 -0.50000
vt 2.02344 -0.50000
vt 2.02344 1.48828
vt -2.50000 1.50000
vt 2.02344 -0.50000
vt -2.50000 1.50000
vt -2.50000 -0.50000
vt 0.40625 1.00000
vt 5.00000 1.00000
vt 5.00000 0.85156
vt 0.40625 1.00000
vt 5.00000 0.85156
vt 0.40625 0.83203
vt 0.40625 0.83203
vt 5.00000 0.85156
vt 5.00000 0.70312
vt 0.40625 0.83203
vt 5.00000 0.70312
vt 0.40625 0.68359
vt -0.87500 1.00000
vt 0.40625 1.00000
vt 0.40625 0.83203
vt -0.87500 1.00000
vt 0.40625 0.83203
vt -0.87500 0.83203
vt -0.87500 0.83203
vt 0.40625 0.83203
vt 0.40625 0.68359
vt -0.87500 0.83203
vt 0.40625 0.68359
vt -0.87500 0.68359
vt -3.50000 1.27344
vt -3.50000 -0.50000
vt -0.69922 -0.50000
vt 0.00000 0.00000
vt 1.00000 0.00000
vt 1.00000 1.00000
vt 0.00000 0.00000
vt 1.00000 1.00000
vt 0.00000 1.00000
vt 0.00000 0.00000
vt 1.00000 0.00000
vt 1.00000 1.00000
vt 0.00000 0.00000
vt 1.00000 1.00000
vt 0.00000 1.00000
vt 0.00000 0.38281
vt 1.00000 0.38281
vt 1.00000 0.42969
vt 0.00000 0.38281
vt 1.00000 0.42969
vt 0.00000 0.42969
vt 0.00000 0.00000
vt 1.00000 0.00000
vt 1.00000 1.00000
vt 0.00000 0.00000
vt 1.00000 1.00000
vt 0.00000 1.00000
vt 0.00000 1.00000
vt 0.00000 0.00000
vt 1.00000 0.00000
vt 0.00000 1.00000
vt 1.00000 0.00000
vt 1.00000 1.00000
vt 0.00000 0.00000
vt 1.00000 0.00000
vt 1.00000 1.00000
vt 0.00000 0.00000
vt 1.00000 1.00000
vt 0.00000 1.00000
vt 0.00000 0.01562
vt 1.00000 0.01562
vt 1.00000 0.98438
vt 0.00000 0.01562
vt 1.00000 0.98438
vt 0.00000 0.98438
vt 1.00000 0.98438
vt 0.00000 0.98438
vt 0.00000 0.02344
vt 1.00000 0.98438
vt 0.00000 0.02344
vt 1.00000 0.02344
vt 0.00000 0.38281
vt 1.00000 0.38281
vt 1.00000 0.42969
vt 0.00000 0.38281
vt 1.00000 0.42969
vt 0.00000 0.42969
vt 0.00000 0.01562
vt 1.00000 0.98438
vt 0.00000 0.98438
vt 0.00000 0.01562
vt 0.00000 0.98438
vt 0.00000 0.01562
vt 0.00000 0.00000
vt 1.00000 1.00000
vt 0.00000 1.00000
vt 0.00000 0.00000
vt 1.00000 1.00000
vt 0.00000 1.00000
vt 0.00000 1.00000
vt 0.00000 0.00000
vt 1.00000 1.00000
vt 0.00000 0.00000
vt 1.00000 1.00000
vt 0.00000 1.00000
vt 0.00000 0.00000
vt 1.00000 1.00000
vt 0.00000 1.00000
vt 0.00000 0.00000
vt 1.00000 1.00000
vt 0.00000 1.00000
vt 0.00000 0.00000
vt 1.00000 1.00000
vt 0.00000 1.00000
vt 0.00000 0.00000
vt 1.00000 1.00000
vt 0.00000 1.00000
vt 0.00000 0.98438
vt 0.00000 0.01562
vt 1.00000 0.98438
vt 0.00000 0.01562
vt 1.00000 0.98438
vt 0.00000 0.98438
vt 0.54297 5.98438
vt 0.54297 0.00000
vt 0.93750 0.00000
vt 0.54297 5.98438
vt 0.93750 0.00000
vt 0.93750 5.98438
vt 0.93750 5.98438
vt 0.93750 0.00000
vt 1.06641 0.00000
vt 0.93750 5.98438
vt 1.06641 0.00000
vt 1.06641 5.98438
vt 1.06641 5.98438
vt 1.06641 0.00000
vt 1.85938 0.00000
vt 1.06641 5.98438
vt 1.85938 0.00000
vt 1.85938 5.98438
vt 1.85938 5.98438
vt 1.85938 0.00000
vt 3.56250 0.00000
vt 1.85938 5.98438
vt 3.56250 0.00000
vt 3.56250 5.98438
vt 3.56250 5.98438
vt 3.56250 0.00000
vt 6.50000 0.00000
vt 3.56250 5.98438
vt 6.50000 0.00000
vt 6.50000 5.98438
vt 6.50000 5.98438
vt 6.50000 0.00000
vt 10.00000 0.00000
vt 6.50000 5.98438
vt 10.00000 0.00000
vt 10.00000 5.98438
vt 6.50000 5.98438
vt 10.00000 5.98438
vt 10.00000 6.51172
vt 6.50000 5.98438
vt 10.00000 6.51172
vt 6.50000 6.51172
vt 6.50000 6.51172
vt 10.00000 6.51172
vt 10.00000 6.65234
vt 6.50000 6.51172
vt 10.00000 6.65234
vt 6.50000 6.65234
vt 6.50000 6.65234
vt 10.00000 6.65234
vt 10.00000 7.07031
vt 6.50000 6.65234
vt 10.00000 7.07031
vt 6.50000 7.07031
vt 6.50000 7.07031
vt 10.00000 7.07031
vt 10.00000 7.56250
vt 6.50000 7.07031
vt 10.00000 7.56250
vt 6.50000 7.56250
vt 3.56250 5.98438
vt 6.50000 5.98438
vt 6.50000 6.51172
vt 3.56250 5.98438
vt 6.50000 6.51172
vt 3.56250 6.51172
vt 3.56250 6.51172
vt 6.50000 6.51172
vt 6.50000 6.65234
vt 3.56250 6.51172
vt 6.50000 6.65234
vt 3.56250 6.65234
vt 3.56250 6.65234
vt 6.50000 6.65234
vt 6.50000 7.07031
vt 3.56250 6.65234
vt 6.50000 7.07031
vt 3.56250 7.07031
vt 3.56250 7.07031
vt 6.50000 7.07031
vt 6.50000 7.56250
vt 3.56250 7.07031
vt 6.50000 7.56250
vt 3.56250 7.56250
vt 1.85938 7.07031
vt 3.56250 7.56250
vt 0.00000 7.56250
vt 1.85938 7.07031
vt 0.00000 7.56250
vt 0.54297 7.07031
vt 0.54297 7.07031
vt 0.00000 7.56250
vt 0.00000 5.98438
vt 0.54297 7.07031
vt 0.00000 5.98438
vt 0.54297 5.98438
vt 0.54297 5.98438
vt 0.00000 5.98438
vt 0.00000 0.00000
vt 0.54297 5.98438
vt 0.00000 0.00000
vt 0.54297 0.00000
vt 3.56250 7.07031
vt 1.85938 7.07031
vt 1.85938 6.65234
vt 3.56250 7.07031
vt 1.85938 6.65234
vt 3.56250 6.65234
vt 3.56250 6.65234
vt 1.85938 6.65234
vt 1.85938 6.51172
vt 3.56250 6.65234
vt 1.85938 6.51172
vt 3.56250 6.51172
vt 3.56250 6.51172
vt 1.85938 6.51172
vt 1.85938 5.98438
vt 3.56250 6.51172
vt 1.85938 5.98438
vt 3.56250 5.98438
vt 3.56250 7.56250
vt 1.85938 7.07031
vt 3.56250 7.07031
vt -0.18750 0.50000
vt -0.18750 0.00000
vt 0.56250 0.00000
vt -0.18750 0.50000
vt 0.56250 0.00000
vt 0.56250 0.50000
vt 0.56250 0.50000
vt 0.56250 0.00000
vt 1.31250 0.00000
vt 0.56250 0.50000
vt 1.31250 0.00000
vt 1.31250 0.50000
vt 0.49609 0.37500
vt 0.49609 0.02734
vt 0.49609 0.02734
vt 0.49609 0.37500
vt 0.49609 0.02734
vt 0.49609 0.37500
vt 0.49609 0.37500
vt 0.49609 0.02734
vt 0.49609 0.02734
vt 0.49609 0.37500
vt 0.49609 0.02734
vt 0.49609 0.37500
vt 0.49609 0.37500
vt 0.49609 0.02734
vt 0.49609 0.02734
vt 0.49609 0.37500
vt 0.49609 0.02734
vt 0.49609 0.37500
vt 0.49609 0.37500
vt 0.49609 0.02734
vt 0.49609 0.02734
vt 0.49609 0.37500
vt 0.49609 0.02734
vt 0.49609 0.37500
vt 0.08203 1.00000
vt 0.18750 1.00000
vt 0.18750 0.51562
vt 0.08203 1.00000
vt 0.18750 0.51562
vt 0.08203 0.51562
vt 0.18750 0.98438
vt 0.08203 0.98438
vt 0.08203 0.51562
vt 0.18750 0.98438
vt 0.08203 0.51562
vt 0.18750 0.51562
vt 0.18750 0.98438
vt 0.08203 0.98438
vt 0.08203 0.51562
vt 0.18750 0.98438
vt 0.08203 0.51562
vt 0.18750 0.51562
vt 0.18750 0.98438
vt 0.08203 0.98438
vt 0.08203 0.51562
vt 0.18750 0.98438
vt 0.08203 0.51562
vt 0.18750 0.51562
vt 0.08203 1.00000
vt 0.18750 1.00000
vt 0.18750 0.51562
vt 0.08203 1.00000
vt 0.18750 0.51562
vt 0.08203 0.51562
vt 0.18750 0.98438
vt 0.08203 0.98438
vt 0.08203 0.51562
vt 0.18750 0.98438
vt 0.08203 0.51562
vt 0.18750 0.51562
vt 0.18750 0.51562
vt 0.18750 1.00000
vt 0.08203 1.00000
vt 0.18750 0.51562
vt 0.08203 1.00000
vt 0.08203 0.51562
vt 0.18750 0.51562
vt 0.18750 1.00000
vt 0.08203 1.00000
vt 0.18750 0.51562
vt 0.08203 1.00000
vt 0.08203 0.51562
vt 0.31250 0.50000
vt 0.81250 0.50000
vt 0.81250 0.00000
vt 0.31250 0.50000
vt 0.81250 0.00000
vt 0.31250 0.00000
vt -0.18750 0.50000
vt -0.18750 0.00000
vt 4.31250 0.00000
vt -0.18750 0.50000
vt 4.31250 0.00000
vt 4.31250 0.50000
vt 0.31250 0.50000
vt 0.81250 0.50000
vt 0.81250 0.00000
vt 0.31250 0.50000
vt 0.81250 0.00000
vt 0.31250 0.00000
vt 0.95312 0.47656
vt 0.60156 0.47656
vt 0.77734 0.47656
vt 0.95312 0.47656
vt 0.77734 0.47656
vt 0.77734 0.47656
vt 0.49609 0.37500
vt 0.49609 0.37500
vt 0.49609 0.02734
vt 0.49609 0.37500
vt 0.49609 0.02734
vt 0.49609 0.02734
vt 0.60156 0.47656
vt 0.77734 0.47656
vt 0.77734 0.47656
vt 0.60156 0.47656
vt 0.77734 0.47656
vt 0.95312 0.47656
vt 0.49609 0.37500
vt 0.49609 0.02734
vt 0.49609 0.02734
vt 0.49609 0.37500
vt 0.49609 0.02734
vt 0.49609 0.37500
vt 0.50000 0.02734
vt 0.50391 0.02734
vt 0.50391 0.37500
vt 0.50000 0.02734
vt 0.50391 0.02734
vt 0.50391 0.37500
vt 0.50391 0.02734
vt 0.50391 0.37500
vt 0.50000 0.02734
vt 0.50391 0.02734
vt 0.50391 0.37500
vt 0.50000 0.02734
vt 0.05859 0.90234
vt 0.05859 0.91797
vt 0.05859 0.91797
vt 0.05859 0.90234
vt 0.05859 0.91797
vt 0.05859 0.90234
vt 0.05859 0.90234
vt 0.05859 0.91797
vt 0.03516 0.91797
vt 0.05859 0.90234
vt 0.03516 0.91797
vt 0.03516 0.90234
vt 0.03516 0.90234
vt 0.03516 0.91797
vt 0.03516 0.91797
vt 0.03516 0.90234
vt 0.03516 0.91797
vt 0.03516 0.90234
vt 0.03516 0.90234
vt 0.03516 0.91797
vt 0.09766 0.91797
vt 0.03516 0.90234
vt 0.09766 0.91797
vt 0.09766 0.90234
vt 0.09766 0.90234
vt 0.09766 0.91797
vt 0.09766 0.91797
vt 0.09766 0.90234
vt 0.09766 0.91797
vt 0.09766 0.90234
vt 0.09766 0.90234
vt 0.09766 0.91797
vt 0.07812 0.91797
vt 0.09766 0.90234
vt 0.07812 0.91797
vt 0.07812 0.90234
vt 0.07812 0.90234
vt 0.07812 0.91797
vt 0.07812 0.91797
vt 0.07812 0.90234
vt 0.07812 0.91797
vt 0.07812 0.90234
vt 0.07812 0.90234
vt 0.07812 0.91797
vt 0.05859 0.91797
vt 0.07812 0.90234
vt 0.05859 0.91797
vt 0.05859 0.90234
vt 0.05078 0.92188
vt 0.05078 0.92188
vt 0.05078 0.92188
vt 0.05078 0.92188
vt 0.05078 0.92188
vt 0.05078 0.92188
vt 0.05078 0.92188
vt 0.05078 0.92188
vt 0.05078 0.92188
vt 0.05078 0.92188
vt 0.05078 0.92188
vt 0.05078 0.92188
vt 0.05078 0.92188
vt 0.05078 0.92188
vt 0.05078 0.92188
vt 0.05078 0.92188
vt 0.05078 0.92188
vt 0.05078 0.92188
vt 0.05078 0.92188
vt 0.05078 0.92188
vt 0.05078 0.92188
vt 0.05078 0.92188
vt 0.05078 0.92188
vt 0.05078 0.92188
vt 0.05078 0.92188
vt 0.05078 0.92188
vt 0.05078 0.92188
vt 0.05078 0.92188
vt 0.05078 0.92188
vt 0.05078 0.92188
vt 0.96484 0.25000
vt 0.96484 0.01562
vt 0.93750 0.01562
vt 0.96484 0.25000
vt 0.93750 0.01562
vt 0.93750 0.25000
vt 0.93750 0.25000
vt 0.93750 0.01562
vt 0.96484 0.01562
vt 0.93750 0.25000
vt 0.96484 0.01562
vt 0.96484 0.25000
vt 0.96484 0.25000
vt 0.96484 0.01562
vt 0.93750 0.01562
vt 0.96484 0.25000
vt 0.93750 0.01562
vt 0.93750 0.25000
vt 0.93750 0.25000
vt 0.93750 0.01562
vt 0.82422 0.01562
vt 0.93750 0.25000
vt 0.82422 0.01562
vt 0.82422 0.25000
vt 0.03516 0.91797
vt 0.03516 0.91797
vt 0.05859 0.91797
vt 0.03516 0.91797
vt 0.05859 0.91797
vt 0.05859 0.91797
vt 0.05859 0.91797
vt 0.05859 0.91797
vt 0.05859 0.91797
vt 0.05859 0.91797
vt 0.05859 0.91797
vt 0.05859 0.91797
vt 0.05859 0.91797
vt 0.05859 0.91797
vt 0.03516 0.91797
vt 0.05859 0.91797
vt 0.03516 0.91797
vt 0.03516 0.91797
vt 0.03516 0.91797
vt 0.03516 0.91797
vt 0.03516 0.91797
vt 0.03516 0.91797
vt 0.03516 0.91797
vt 0.03516 0.91797
vt 0.07812 0.91797
vt 0.07812 0.91797
vt 0.09766 0.91797
vt 0.07812 0.91797
vt 0.09766 0.91797
vt 0.09766 0.91797
vt 0.09766 0.91797
vt 0.09766 0.91797
vt 0.09766 0.91797
vt 0.09766 0.91797
vt 0.09766 0.91797
vt 0.09766 0.91797
vt 0.09766 0.91797
vt 0.09766 0.91797
vt 0.07812 0.91797
vt 0.09766 0.91797
vt 0.07812 0.91797
vt 0.07812 0.91797
vt 0.07812 0.91797
vt 0.07812 0.91797
vt 0.07812 0.91797
vt 0.07812 0.91797
vt 0.07812 0.91797
vt 0.07812 0.91797
vt 0.05078 0.92188
vt 0.05078 0.92188
vt 0.05078 0.92188
vt 0.05078 0.92188
vt 0.05078 0.92188
vt 0.05078 0.92188
vt 0.05078 0.92188
vt 0.05078 0.92188
vt 0.05078 0.93750
vt 0.05078 0.92188
vt 0.05078 0.93750
vt 0.05078 0.92188
vt 0.05078 0.92188
vt 0.05078 0.93750
vt 0.05078 0.93750
vt 0.05078 0.92188
vt 0.05078 0.93750
vt 0.05078 0.92188
vt 0.05078 0.92188
vt 0.05078 0.92188
vt 0.05078 0.92188
vt 0.05078 0.92188
vt 0.05078 0.92188
vt 0.05078 0.92188
vt 0.05078 0.92188
vt 0.05078 0.92188
vt 0.05078 0.92188
vt 0.05078 0.92188
vt 0.05078 0.92188
vt 0.05078 0.92188
vt 0.05078 0.92188
vt 0.05078 0.92188
vt 0.05078 0.92188
vt 0.05078 0.92188
vt 0.05078 0.92188
vt 0.05078 0.92188
vt 1.93750 0.25000
vt 1.93750 1.00000
vt 1.93750 1.00000
vt 1.93750 0.25000
vt 1.93750 1.00000
vt 1.93750 0.25000
vt 1.93750 0.25000
vt 1.93750 1.00000
vt 1.93750 1.00000
vt 1.93750 0.25000
vt 1.93750 1.00000
vt 1.93750 0.25000
vt 1.93750 0.25000
vt 1.93750 1.00000
vt 1.93750 1.00000
vt 1.93750 0.25000
vt 1.93750 1.00000
vt 1.93750 0.25000
vt 0.05859 0.90234
vt 0.03516 0.90234
vt 0.03516 0.90234
vt 0.05859 0.90234
vt 0.03516 0.90234
vt 0.05859 0.90234
vt 0.05859 0.90234
vt 0.03516 0.90234
vt 0.09766 0.90234
vt 0.05859 0.90234
vt 0.09766 0.90234
vt 0.07812 0.90234
vt 0.07812 0.90234
vt 0.09766 0.90234
vt 0.09766 0.90234
vt 0.07812 0.90234
vt 0.09766 0.90234
vt 0.07812 0.90234
vt 0.82422 0.01562
vt 0.95703 0.01562
vt 0.95703 0.25000
vt 0.82422 0.01562
vt 0.95703 0.25000
vt 0.82422 0.25000
vt 0.82422 0.25000
vt 0.95703 0.25000
vt 0.95703 0.98047
vt 0.82422 0.25000
vt 0.95703 0.98047
vt 0.82422 0.98047
vt 0.12891 0.49609
vt 0.12891 0.00781
vt 0.80469 0.00781
vt 0.12891 0.49609
vt 0.80469 0.00781
vt 0.80469 0.49609
vt 0.80469 0.49609
vt 0.80469 0.00781
vt 0.12891 0.00781
vt 0.80469 0.49609
vt 0.12891 0.00781
vt 0.12891 0.49609
vt 0.05078 0.92188
vt 0.05078 0.93750
vt 0.05078 0.93750
vt 0.05078 0.92188
vt 0.05078 0.93750
vt 0.05078 0.92188
vt 0.05078 0.92188
vt 0.05078 0.92188
vt 0.05078 0.92188
vt 0.05078 0.92188
vt 0.05078 0.92188
vt 0.05078 0.92188
vt 0.05078 0.92188
vt 0.05078 0.92188
vt 0.05078 0.92188
vt 0.05078 0.92188
vt 0.05078 0.92188
vt 0.05078 0.92188
vt 0.80469 0.51562
vt 0.80469 1.00000
vt 0.12891 1.00000
vt 0.80469 0.51562
vt 0.12891 1.00000
vt 0.12891 0.51562
vt 0.93750 0.25000
vt 0.82422 0.25000
vt 0.82422 0.98047
vt 0.93750 0.25000
vt 0.82422 0.98047
vt 0.93750 0.98047
vt 0.05859 0.91797
vt 0.03516 0.91797
vt 0.03516 0.91797
vt 0.05859 0.91797
vt 0.03516 0.91797
vt 0.05859 0.91797
vt 0.09766 0.91797
vt 0.07812 0.91797
vt 0.07812 0.91797
vt 0.09766 0.91797
vt 0.07812 0.91797
vt 0.09766 0.91797
vt 0.09766 0.91797
vt 0.03516 0.91797
vt 0.05859 0.91797
vt 0.09766 0.91797
vt 0.05859 0.91797
vt 0.07812 0.91797
vt 0.05078 0.92188
vt 0.05078 0.92188
vt 0.05078 0.92188
vt 0.05078 0.92188
vt 0.05078 0.92188
vt 0.05078 0.92188
vt 0.05078 0.92188
vt 0.05078 0.92188
vt 0.05078 0.92188
vt 0.05078 0.92188
vt 0.05078 0.92188
vt 0.05078 0.92188
vt 0.02344 1.02734
vt 0.02344 1.02734
vt 0.02344 1.02734
vt 0.02344 1.02734
vt 0.02344 1.02734
vt 0.02344 1.02734
vt 0.02344 1.02734
vt 0.02344 1.02734
vt 0.02344 1.02734
vt 0.02344 1.02734
vt 0.02344 1.02734
vt 0.02344 1.02734
vt 0.02344 1.02734
vt 0.02344 1.02734
vt 0.02344 1.02734
vt 0.02344 1.02734
vt 0.02344 1.02734
vt 0.02344 1.02734
vt 0.84375 -2.00000
vt 0.84375 0.99609
vt 0.04688 0.99609
vt 0.84375 -2.00000
vt 0.04688 0.99609
vt 0.04688 -2.00000
vt 0.62500 -2.00000
vt 0.62500 0.99609
vt 0.62500 0.99609
vt 0.62500 -2.00000
vt 0.62500 0.99609
vt 0.62500 -2.00000
vt 0.04688 0.99609
vt 0.84375 0.99609
vt 0.84375 -2.00000
vt 0.04688 0.99609
vt 0.84375 -2.00000
vt 0.04688 -2.00000
vt 0.02344 1.02734
vt 0.02344 1.02734
vt 0.02344 1.02734
vt 0.02344 1.02734
vt 0.02344 1.02734
vt 0.02344 1.02734
vt 0.91016 0.99609
vt 0.91797 0.75391
vt 0.98438 0.75391
vt 0.91016 0.99609
vt 0.98438 0.75391
vt 0.97656 0.99609
vt 0.97656 0.99609
vt 0.98438 0.75391
vt 0.91797 0.75391
vt 0.97656 0.99609
vt 0.91797 0.75391
vt 0.91016 0.99609
vt 0.91016 0.99609
vt 0.91797 0.75391
vt 0.91797 0.75391
vt 0.91016 0.99609
vt 0.91797 0.75391
vt 0.97656 0.99609
vt 0.94141 0.99609
vt 0.98438 0.75391
vt 0.91016 0.75391
vt 0.94141 0.99609
vt 0.91016 0.75391
vt 0.90234 0.99609
vt 0.90234 0.99609
vt 0.91016 0.75391
vt 0.98438 0.75391
vt 0.90234 0.99609
vt 0.98438 0.75391
vt 0.97656 0.99609
vt 0.93750 0.68750
vt 0.93750 0.68750
vt 0.93750 0.68750
vt 0.93750 0.68750
vt 0.93750 0.68750
vt 0.93750 0.68750
vt 0.93750 0.68750
vt 0.93750 0.68750
vt 0.93750 0.68750
vt 0.93750 0.68750
vt 0.93750 0.68750
vt 0.93750 0.68750
vt 0.91016 0.99609
vt 0.98438 0.75391
vt 0.91797 0.75391
vt 0.91016 0.99609
vt 0.91797 0.75391
vt 0.97656 0.99609
vt 0.91406 0.99609
vt 0.97656 0.99609
vt 0.92188 0.75781
vt 0.91406 0.99609
vt 0.92188 0.75781
vt 0.92188 0.75781
vt 0.91406 0.99609
vt 0.97656 0.99609
vt 0.98438 0.75781
vt 0.91406 0.99609
vt 0.98438 0.75781
vt 0.91797 0.75391
vt 0.91797 0.75391
vt 0.98438 0.75391
vt 0.97656 0.99609
vt 0.91797 0.75391
vt 0.97656 0.99609
vt 0.91016 0.99609
vt 0.91797 0.75391
vt 0.98438 0.75391
vt 0.97656 0.99609
vt 0.91797 0.75391
vt 0.97656 0.99609
vt 0.91016 0.99609
vt 0.91406 0.99609
vt 0.92188 0.75781
vt 0.91797 0.75391
vt 0.91406 0.99609
vt 0.91797 0.75391
vt 0.91016 0.99609
vt 0.93750 0.68750
vt 0.93750 0.68750
vt 0.93750 0.68750
vt 0.93750 0.68750
vt 0.93750 0.68750
vt 0.93750 0.68750
vt 0.38281 0.07031
vt 0.38281 0.96875
vt 0.61719 0.96875
vt 0.38281 0.07031
vt 0.61719 0.96875
vt 0.61719 0.07031
vt 0.61719 0.07031
vt 0.61719 0.96875
vt 0.38281 0.96875
vt 0.61719 0.07031
vt 0.38281 0.96875
vt 0.38281 0.07031
vt 0.38281 0.07031
vt 0.61719 0.07031
vt 0.61719 0.96875
vt 0.38281 0.07031
vt 0.61719 0.96875
vt 0.38281 0.96875
vt 0.38281 0.07031
vt 0.61719 0.07031
vt 0.61719 0.96875
vt 0.38281 0.07031
vt 0.61719 0.96875
vt 0.38281 0.96875
vt 0.48438 0.42969
vt 0.51562 0.42969
vt 0.51562 0.57031
vt 0.48438 0.42969
vt 0.51562 0.57031
vt 0.48438 0.57031
vt 0.61719 0.96875
vt 0.61719 0.07031
vt 0.38281 0.96875
vt 0.61719 0.07031
vt 0.38281 0.96875
vt 0.61719 0.96875
vt 0.05859 0.25000
vt 0.05859 0.25000
vt 0.05859 1.00000
vt 0.05859 0.25000
vt 0.05859 1.00000
vt 0.05859 1.00000
vt 0.05859 0.25000
vt 0.05859 0.25000
vt 0.05859 1.00000
vt 0.05859 0.25000
vt 0.05859 1.00000
vt 0.05859 1.00000
vt 0.00000 0.25000
vt 1.93750 0.25000
vt 1.93750 1.00000
vt 0.00000 0.25000
vt 1.93750 1.00000
vt 0.00000 1.00000
vt 0.01953 0.00000
vt 0.01953 0.00000
vt 0.01953 0.25000
vt 0.01953 0.00000
vt 0.01953 0.25000
vt 0.01953 0.25000
vt 0.01953 0.00000
vt 0.01953 0.00000
vt 0.01953 0.25000
vt 0.01953 0.00000
vt 0.01953 0.25000
vt 0.01953 0.25000
vt 0.43750 0.03320
vt 0.43750 -0.03320
vt 0.43750 -0.03320
vt 0.43750 0.03320
vt 0.43750 -0.03320
vt 0.43750 0.03320
vt 0.00000 0.00000
vt 2.06250 0.00000
vt 2.06250 0.25000
vt 0.00000 0.00000
vt 2.06250 0.25000
vt 0.00000 0.25000
vt -1.00000 0.97656
vt 0.00000 0.97656
vt 0.00000 0.97656
vt -1.00000 0.97656
vt 0.00000 0.97656
vt -1.00000 0.97656
vt 1.00000 0.97656
vt 2.00000 0.97656
vt 2.00000 0.97656
vt 1.00000 0.97656
vt 2.00000 0.97656
vt 1.00000 0.97656
vt 0.06641 0.91797
vt 0.93359 0.91797
vt 0.93359 0.91797
vt 0.06641 0.91797
vt 0.93359 0.91797
vt 0.06641 0.91797
vt 0.00000 -2.12500
vt 1.00000 -2.12500
vt 1.00000 1.00000
vt 0.00000 -2.12500
vt 1.00000 1.00000
vt 0.00000 1.00000
vt 0.38281 0.07031
vt 0.38281 0.96875
vt 0.61719 0.96875
vt 0.38281 0.07031
vt 0.61719 0.96875
vt 0.61719 0.07031
vt 0.61719 0.07031
vt 0.61719 0.96875
vt 0.38281 0.96875
vt 0.61719 0.07031
vt 0.38281 0.96875
vt 0.38281 0.07031
vt 0.38281 0.07031
vt 0.61719 0.07031
vt 0.61719 0.96875
vt 0.38281 0.07031
vt 0.61719 0.96875
vt 0.38281 0.96875
vt 0.38281 0.07031
vt 0.61719 0.07031
vt 0.61719 0.96875
vt 0.38281 0.07031
vt 0.61719 0.96875
vt 0.38281 0.96875
vt 0.48438 0.42969
vt 0.51562 0.42969
vt 0.51562 0.57031
vt 0.48438 0.42969
vt 0.51562 0.57031
vt 0.48438 0.57031
vt 0.61719 0.96875
vt 0.61719 0.07031
vt 0.38281 0.96875
vt 0.61719 0.07031
vt 0.38281 0.96875
vt 0.61719 0.96875
vt -1.00000 0.97656
vt 0.00000 0.97656
vt 0.00000 0.97656
vt -1.00000 0.97656
vt 0.00000 0.97656
vt -1.00000 0.97656
vt 1.00000 0.97656
vt 2.00000 0.97656
vt 2.00000 0.97656
vt 1.00000 0.97656
vt 2.00000 0.97656
vt 1.00000 0.97656
vt 0.06641 0.91797
vt 0.93359 0.91797
vt 0.93359 0.91797
vt 0.06641 0.91797
vt 0.93359 0.91797
vt 0.06641 0.91797
vt 0.00000 -2.12500
vt 1.00000 -2.12500
vt 1.00000 1.00000
vt 0.00000 -2.12500
vt 1.00000 1.00000
vt 0.00000 1.00000
vt 0.38281 0.07031
vt 0.38281 0.96875
vt 0.61719 0.96875
vt 0.38281 0.07031
vt 0.61719 0.96875
vt 0.61719 0.07031
vt 0.61719 0.07031
vt 0.61719 0.96875
vt 0.38281 0.96875
vt 0.61719 0.07031
vt 0.38281 0.96875
vt 0.38281 0.07031
vt 0.38281 0.07031
vt 0.61719 0.07031
vt 0.61719 0.96875
vt 0.38281 0.07031
vt 0.61719 0.96875
vt 0.38281 0.96875
vt 0.38281 0.07031
vt 0.61719 0.07031
vt 0.61719 0.96875
vt 0.38281 0.07031
vt 0.61719 0.96875
vt 0.38281 0.96875
vt 0.48438 0.42969
vt 0.51562 0.42969
vt 0.51562 0.57031
vt 0.48438 0.42969
vt 0.51562 0.57031
vt 0.48438 0.57031
vt 0.61719 0.96875
vt 0.61719 0.07031
vt 0.38281 0.96875
vt 0.61719 0.07031
vt 0.38281 0.96875
vt 0.61719 0.96875
vt 0.00000 0.00000
vt 1.00000 0.00000
vt 1.00000 0.25000
vt 0.00000 0.00000
vt 1.00000 0.25000
vt 0.00000 0.25000
vt 0.00000 0.25000
vt 1.00000 0.25000
vt 1.00000 0.87500
vt 0.00000 0.25000
vt 1.00000 0.87500
vt 0.00000 0.87500
vt 0.00000 0.25000
vt 1.00000 0.25000
vt 1.00000 0.87500
vt 0.00000 0.25000
vt 1.00000 0.87500
vt 0.00000 0.87500
vt 1.00000 0.25000
vt 1.00000 0.87500
vt 0.00000 0.87500
vt 1.00000 0.87500
vt 0.00000 0.87500
vt 0.00000 0.87500
vt 1.00000 0.87500
vt 0.00000 0.87500
vt 1.00000 0.87500
vt 0.25000 -1.31250
vt 1.00000 -1.31250
vt 1.00000 1.00000
vt 0.25000 -1.31250
vt 1.00000 1.00000
vt 0.25000 1.00000
vt 0.25000 0.94531
vt 0.25000 0.94531
vt 0.25000 0.80859
vt 0.25000 0.94531
vt 0.25000 0.80859
vt 0.25000 0.80859
vt 0.00000 0.99219
vt 0.00000 0.69531
vt 0.00000 0.69531
vt 0.00000 0.99219
vt 0.00000 0.69531
vt 0.00000 0.99219
vt 0.00000 0.99219
vt 0.00000 0.69531
vt 0.00000 0.69531
vt 0.00000 0.99219
vt 0.00000 0.69531
vt 0.00000 0.99219
vt 1.00000 0.95312
vt 1.00000 0.95312
vt 0.00000 0.95312
vt 1.00000 0.95312
vt 0.00000 0.95312
vt 0.00000 0.95312
vt 0.00000 0.69531
vt 0.00000 0.99609
vt 0.00000 0.99609
vt 0.00000 0.69531
vt 0.00000 0.99609
vt 0.00000 0.69531
vt 0.00000 0.69531
vt 0.00000 0.99609
vt 0.00000 0.99609
vt 0.00000 0.69531
vt 0.00000 0.99609
vt 0.00000 0.69531
vt 0.00000 0.00000
vt 1.00000 0.00000
vt 1.00000 1.00000
vt 0.00000 0.00000
vt 1.00000 1.00000
vt 0.00000 1.00000
vt 0.00000 0.00000
vt 1.00000 0.00000
vt 1.00000 1.00000
vt 0.00000 0.00000
vt 1.00000 1.00000
vt 0.00000 1.00000
vt 0.00000 0.00000
vt 1.00000 0.00000
vt 1.00000 1.00000
vt 0.00000 0.00000
vt 1.00000 1.00000
vt 0.00000 1.00000
vt 0.07031 0.97266
vt 0.07031 0.97266
vt 0.07031 0.97266
vt 0.07031 0.97266
vt 0.07031 0.97266
vt 0.07031 0.97266
vt 0.07031 0.97266
vt 0.07031 0.97266
vt 0.07031 0.97266
vt 0.07031 0.97266
vt 0.07031 0.97266
vt 0.07031 0.97266
vt 0.07031 0.97266
vt 0.07031 0.97266
vt 0.07031 0.97266
vt 0.07031 0.97266
vt 0.07031 0.97266
vt 0.07812 0.96484
vt 0.07031 0.97266
vt 0.07031 0.97266
vt 0.07031 0.97266
vt 0.07031 0.97266
vt 0.07031 0.97266
vt 0.07031 0.97266
vt 0.07031 0.97266
vt 0.07031 0.97266
vt 0.07031 0.97266
vt 0.07031 0.97266
vt 0.07031 0.97266
vt 0.07031 0.97266
vt 0.07031 0.97266
vt 0.07031 0.97266
vt 0.07031 0.97266
vt 0.07031 0.97266
vt 0.07031 0.97266
vt 0.07031 0.97266
vt 0.07031 0.97266
vt 0.07031 0.97266
vt 0.07031 0.97266
vt 0.07031 0.97266
vt 0.07031 0.97266
vt 0.07812 0.96484
vt 0.08203 0.96484
vt 0.08203 0.96484
vt 0.00781 0.95898
vt 0.08203 0.96484
vt 0.08203 0.96484
vt 0.00781 0.95898
vt 0.00781 0.95898
vt 0.08203 0.96484
vt 0.08203 0.96484
vt 0.08203 0.96484
vt 0.08203 0.96484
vt 0.00781 0.95898
vt 0.08203 0.96484
vt 0.08203 0.96484
vt 0.00781 0.95898
vt 0.00781 0.95898
vt 0.08203 0.96484
vt 0.08203 0.96484
vt 0.08203 0.96484
vt 0.00781 0.95898
vt 0.08203 0.96484
vt 0.00781 0.95898
vt 0.08203 0.96484
vt 0.08203 0.96484
vt 1.00000 0.87500
vt 0.00000 0.87500
vt 0.00000 0.00195
vt 1.00000 0.87500
vt 0.00000 0.00195
vt 1.00000 0.00195
vt 0.00000 0.00000
vt 1.00000 0.00000
vt 1.00000 1.00000
vt 0.00000 0.00000
vt 1.00000 1.00000
vt 0.00000 1.00000
vt 0.00000 0.00000
vt 1.00000 0.00000
vt 1.00000 1.00000
vt 0.00000 0.00000
vt 1.00000 1.00000
vt 0.00000 1.00000
vt 0.00000 0.00000
vt 1.00000 0.00000
vt 1.00000 1.00000
vt 0.00000 0.00000
vt 1.00000 1.00000
vt 0.00000 1.00000
vt 0.07031 0.97266
vt 0.07031 0.97266
vt 0.07031 0.97266
vt 0.07031 0.97266
vt 0.07031 0.97266
vt 0.07031 0.97266
vt 0.07031 0.97266
vt 0.07031 0.97266
vt 0.07031 0.97266
vt 0.07031 0.97266
vt 0.07031 0.97266
vt 0.07031 0.97266
vt 0.07031 0.97266
vt 0.07031 0.97266
vt 0.07031 0.97266
vt 0.07031 0.97266
vt 0.07031 0.97266
vt 0.07812 0.96484
vt 0.07031 0.97266
vt 0.07031 0.97266
vt 0.07031 0.97266
vt 0.07031 0.97266
vt 0.07031 0.97266
vt 0.07031 0.97266
vt 0.07031 0.97266
vt 0.07031 0.97266
vt 0.07031 0.97266
vt 0.07031 0.97266
vt 0.07031 0.97266
vt 0.07031 0.97266
vt 0.07031 0.97266
vt 0.07031 0.97266
vt 0.07031 0.97266
vt 0.07031 0.97266
vt 0.07031 0.97266
vt 0.07031 0.97266
vt 0.07031 0.97266
vt 0.07031 0.97266
vt 0.07031 0.97266
vt 0.07031 0.97266
vt 0.07031 0.97266
vt 0.07812 0.96484
vt 0.08203 0.96484
vt 0.08203 0.96484
vt 0.00781 0.95898
vt 0.08203 0.96484
vt 0.08203 0.96484
vt 0.00781 0.95898
vt 0.00781 0.95898
vt 0.08203 0.96484
vt 0.08203 0.96484
vt 0.08203 0.96484
vt 0.08203 0.96484
vt 0.00781 0.95898
vt 0.08203 0.96484
vt 0.08203 0.96484
vt 0.00781 0.95898
vt 0.00781 0.95898
vt 0.08203 0.96484
vt 0.08203 0.96484
vt 0.08203 0.96484
vt 0.00781 0.95898
vt 0.08203 0.96484
vt 0.00781 0.95898
vt 0.08203 0.96484
vt 0.08203 0.96484
vt 1.00000 0.87500
vt 0.00000 0.87500
vt 0.00000 0.00195
vt 1.00000 0.87500
vt 0.00000 0.00195
vt 1.00000 0.00195
vt 0.01953 0.00000
vt 0.01953 1.00000
vt 0.01953 1.00000
vt 0.01953 0.00000
vt 0.01953 1.00000
vt 0.01953 0.00000
vt 0.01953 0.00000
vt 0.01953 1.00000
vt 0.01953 1.00000
vt 0.01953 0.00000
vt 0.01953 1.00000
vt 0.01953 0.00000
vt 0.01953 0.00000
vt 0.01953 1.00000
vt 0.01953 1.00000
vt 0.01953 0.00000
vt 0.01953 1.00000
vt 0.01953 0.00000
vt 0.01953 0.00000
vt 0.01953 1.00000
vt 0.01953 1.00000
vt 0.01953 0.00000
vt 0.01953 1.00000
vt 0.01953 0.00000
vt 0.01953 0.00000
vt 0.01953 1.00000
vt 0.01953 1.00000
vt 0.01953 0.00000
vt 0.01953 1.00000
vt 0.01953 0.00000
vt 0.01953 0.00000
vt 0.01953 1.00000
vt 0.01953 1.00000
vt 0.01953 0.00000
vt 0.01953 1.00000
vt 0.01953 0.00000
vt 0.03906 0.01562
vt 0.03906 0.01562
vt 0.03906 0.01562
vt 0.03906 0.01562
vt 0.03906 0.01562
vt 0.03906 0.01562
vt 0.03906 0.01562
vt 0.03906 0.01562
vt 0.03906 0.01562
vt 0.03906 0.01562
vt 0.03906 0.01562
vt 0.03906 0.01562
vt 0.03906 0.01562
vt 0.03906 0.01562
vt 0.03906 0.01562
vt 0.03906 0.01562
vt 0.03906 0.01562
vt 0.03906 0.01562
vt 0.03906 0.01562
vt 0.03906 0.01562
vt 0.03906 0.01562
vt 0.03906 0.01562
vt 0.03906 0.01562
vt 0.03906 0.01562
vt 0.03906 0.01562
vt 0.03906 0.01562
vt 0.03906 0.01562
vt 0.03906 0.01562
vt 0.03906 0.01562
vt 0.03906 0.01562
vt 0.03906 0.01562
vt 0.03906 0.01562
vt 0.03906 0.01562
vt 0.03906 0.01562
vt 0.03906 0.01562
vt 0.03906 0.01562
vt 0.03906 0.01562
vt 0.03906 0.01562
vt 0.03906 0.01562
vt 0.03906 0.01562
vt 0.03906 0.01562
vt 0.03906 0.01562
vt 0.03906 0.01562
vt 0.03906 0.01562
vt 0.03906 0.01562
vt 0.03906 0.01562
vt 0.03906 0.01562
vt 0.03906 0.01562
vt 0.01953 -0.04688
vt 0.01953 0.07031
vt 0.05469 0.04297
vt 0.01953 -0.04688
vt 0.05469 0.04297
vt 0.05469 -0.03516
vt 0.01953 -0.04688
vt 0.01953 0.07031
vt 0.05469 0.04297
vt 0.01953 -0.04688
vt 0.05469 0.04297
vt 0.05469 -0.03516
vt 0.01953 -0.04688
vt 0.01953 0.07031
vt 0.05469 0.04297
vt 0.01953 -0.04688
vt 0.05469 0.04297
vt 0.05469 -0.03516
vt 0.01953 -0.04688
vt 0.01953 0.07031
vt 0.05469 0.04297
vt 0.01953 -0.04688
vt 0.05469 0.04297
vt 0.05469 -0.03516
vt 0.01953 -0.04688
vt 0.01953 0.07031
vt 0.05469 0.04297
vt 0.01953 -0.04688
vt 0.05469 0.04297
vt 0.05469 -0.03516
vt 0.01953 -0.04688
vt 0.01953 0.07031
vt 0.05469 0.04297
vt 0.01953 -0.04688
vt 0.05469 0.04297
vt 0.05469 -0.03516
vt 0.01953 -0.04688
vt 0.01953 0.07031
vt 0.05469 0.04297
vt 0.01953 -0.04688
vt 0.05469 0.04297
vt 0.05469 -0.03516
vt 0.01953 -0.04688
vt 0.01953 0.07031
vt 0.05469 0.04297
vt 0.01953 -0.04688
vt 0.05469 0.04297
vt 0.05469 -0.03516
vt 0.03906 0.01562
vt 0.03906 0.01562
vt 0.03906 0.01562
vt 0.03906 0.01562
vt 0.03906 0.01562
vt 0.03906 0.01562
vt 0.03906 0.01562
vt 0.03906 0.01562
vt 0.03906 0.01562
vt 0.03906 0.01562
vt 0.03906 0.01562
vt 0.03906 0.01562
vt 0.03906 0.01562
vt 0.03906 0.01562
vt 0.03906 0.01562
vt 0.03906 0.01562
vt 0.03906 0.01562
vt 0.03906 0.01562
vt 0.03906 0.01562
vt 0.03906 0.01562
vt 0.03906 0.01562
vt 0.03906 0.01562
vt 0.03906 0.01562
vt 0.03906 0.01562
vt 0.00000 0.00000
vt 1.00000 0.00000
vt 1.00000 1.00000
vt 0.00000 0.00000
vt 1.00000 1.00000
vt 0.00000 1.00000
vt 0.00000 0.00000
vt 1.00000 0.00000
vt 1.00000 1.00000
vt 0.00000 0.00000
vt 1.00000 1.00000
vt 0.00000 1.00000
vt 0.00000 0.00000
vt 1.00000 0.00000
vt 1.00000 1.00000
vt 0.00000 0.00000
vt 1.00000 1.00000
vt 0.00000 1.00000
vt 0.00000 0.00000
vt 1.00000 0.00000
vt 1.00000 1.00000
vt 0.00000 0.00000
vt 1.00000 1.00000
vt 0.00000 1.00000
usemtl fh_wflower_1
f 1/1 2/2 3/3
f 4/4 5/5 6/6
usemtl fh_wcushion_1
f 7/7 8/8 9/9
f 10/10 11/11 12/12
f 13/13 14/14 15/15
f 16/16 17/17 18/18
usemtl h_mado_1
f 19/19 20/20 21/21
f 22/22 23/23 24/24
f 25/25 26/26 27/27
f 28/28 29/29 30/30
usemtl fh_wcurtain_1
f 31/31 32/32 33/33
f 34/34 35/35 36/36
f 37/37 38/38 39/39
f 40/40 41/41 42/42
f 43/43 44/44 45/45
f 46/46 47/47 48/48
usemtl fh_wshiki2_1
f 49/49 50/50 51/51
f 52/52 53/53 54/54
f 55/55 56/56 57/57
f 58/58 59/59 60/60
f 61/61 62/62 63/63
f 64/64 65/65 66/66
f 67/67 68/68 69/69
f 70/70 71/71 72/72
f 73/73 74/74 75/75
f 76/76 77/77 78/78
f 79/79 80/80 81/81
f 82/82 83/83 84/84
usemtl fh_wshiki3_1
f 85/85 86/86 87/87
f 88/88 89/89 90/90
f 91/91 92/92 93/93
f 94/94 95/95 96/96
f 97/97 98/98 99/99
f 100/100 101/101 102/102
f 103/103 104/104 105/105
f 106/106 107/107 108/108
f 109/109 110/110 111/111
f 112/112 113/113 114/114
f 115/115 116/116 117/117
f 118/118 119/119 120/120
f 121/121 122/122 123/123
f 124/124 125/125 126/126
f 127/127 128/128 129/129
f 130/130 131/131 132/132
f 133/133 134/134 135/135
f 136/136 137/137 138/138
f 139/139 140/140 141/141
f 142/142 143/143 144/144
usemtl idr_win01_1
f 145/145 146/146 147/147
f 148/148 149/149 150/150
f 151/151 152/152 153/153
f 154/154 155/155 156/156
f 157/157 158/158 159/159
f 160/160 161/161 162/162
f 163/163 164/164 165/165
f 166/166 167/167 168/168
f 169/169 170/170 171/171
f 172/172 173/173 174/174
f 175/175 176/176 177/177
f 178/178 179/179 180/180
f 181/181 182/182 183/183
f 184/184 185/185 186/186
f 187/187 188/188 189/189
f 190/190 191/191 192/192
f 193/193 194/194 195/195
f 196/196 197/197 198/198
f 199/199 200/200 201/201
f 202/202 203/203 204/204
f 205/205 206/206 207/207
f 208/208 209/209 210/210
f 211/211 212/212 213/213
f 214/214 215/215 216/216
usemtl fhkabe2_1
f 217/217 218/218 219/219
f 220/220 221/221 222/222
f 223/223 224/224 225/225
f 226/226 227/227 228/228
f 229/229 230/230 231/231
f 232/232 233/233 234/234
f 235/235 236/236 237/237
f 238/238 239/239 240/240
f 241/241 242/242 243/243
f 244/244 245/245 246/246
f 247/247 248/248 249/249
f 250/250 251/251 252/252
f 253/253 254/254 255/255
f 256/256 257/257 258/258
f 259/259 260/260 261/261
f 262/262 263/263 264/264
f 265/265 266/266 267/267
f 268/268 269/269 270/270
f 271/271 272/272 273/273
f 274/274 275/275 276/276
f 277/277 278/278 279/279
f 280/280 281/281 282/282
f 283/283 284/284 285/285
f 286/286 287/287 288/288
f 289/289 290/290 291/291
f 292/292 293/293 294/294
f 295/295 296/296 297/297
f 298/298 299/299 300/300
f 301/301 302/302 303/303
usemtl hkabeue_1
f 304/304 305/305 306/306
f 307/307 308/308 309/309
f 310/310 311/311 312/312
f 313/313 314/314 315/315
f 316/316 317/317 318/318
f 319/319 320/320 321/321
f 322/322 323/323 324/324
f 325/325 326/326 327/327
f 328/328 329/329 330/330
f 331/331 332/332 333/333
f 334/334 335/335 336/336
f 337/337 338/338 339/339
f 340/340 341/341 342/342
f 343/343 344/344 345/345
f 346/346 347/347 348/348
f 349/349 350/350 351/351
f 352/352 353/353 354/354
f 355/355 356/356 357/357
f 358/358 359/359 360/360
f 361/361 362/362 363/363
f 364/364 365/365 366/366
f 367/367 368/368 369/369
f 370/370 371/371 372/372
f 373/373 374/374 375/375
f 376/376 377/377 378/378
f 379/379 380/380 381/381
f 382/382 383/383 384/384
f 385/385 386/386 387/387
f 388/388 389/389 390/390
f 391/391 392/392 393/393
f 394/394 395/395 396/396
f 397/397 398/398 399/399
f 400/400 401/401 402/402
f 403/403 404/404 405/405
f 406/406 407/407 408/408
f 409/409 410/410 411/411
usemtl fhkabe_1
f 412/412 413/413 414/414
f 415/415 416/416 417/417
f 418/418 419/419 420/420
f 421/421 422/422 423/423
f 424/424 425/425 426/426
f 427/427 428/428 429/429
f 430/430 431/431 432/432
f 433/433 434/434 435/435
f 436/436 437/437 438/438
f 439/439 440/440 441/441
f 442/442 443/443 444/444
f 445/445 446/446 447/447
f 448/448 449/449 450/450
f 451/451 452/452 453/453
f 454/454 455/455 456/456
f 457/457 458/458 459/459
f 460/460 461/461 462/462
f 463/463 464/464 465/465
f 466/466 467/467 468/468
f 469/469 470/470 471/471
f 472/472 473/473 474/474
f 475/475 476/476 477/477
f 478/478 479/479 480/480
f 481/481 482/482 483/483
f 484/484 485/485 486/486
f 487/487 488/488 489/489
f 490/490 491/491 492/492
f 493/493 494/494 495/495
f 496/496 497/497 498/498
f 499/499 500/500 501/501
f 502/502 503/503 504/504
f 505/505 506/506 507/507
f 508/508 509/509 510/510
f 511/511 512/512 513/513
f 514/514 515/515 516/516
f 517/517 518/518 519/519
f 520/520 521/521 522/522
usemtl h_kage_1
f 523/523 524/524 525/525
f 526/526 527/527 528/528
f 529/529 530/530 531/531
f 532/532 533/533 534/534
f 535/535 536/536 537/537
f 538/538 539/539 540/540
f 541/541 542/542 543/543
f 544/544 545/545 546/546
f 547/547 548/548 549/549
f 550/550 551/551 552/552
f 553/553 554/554 555/555
f 556/556 557/557 558/558
f 559/559 560/560 561/561
f 562/562 563/563 564/564
f 565/565 566/566 567/567
f 568/568 569/569 570/570
f 571/571 572/572 573/573
f 574/574 575/575 576/576
f 577/577 578/578 579/579
f 580/580 581/581 582/582
f 583/583 584/584 585/585
f 586/586 587/587 588/588
f 589/589 590/590 591/591
f 592/592 593/593 594/594
f 595/595 596/596 597/597
f 598/598 599/599 600/600
f 601/601 602/602 603/603
f 604/604 605/605 606/606
f 607/607 608/608 609/609
f 610/610 611/611 612/612
usemtl fhyuka_1
f 613/613 614/614 615/615
f 616/616 617/617 618/618
f 619/619 620/620 621/621
f 622/622 623/623 624/624
f 625/625 626/626 627/627
f 628/628 629/629 630/630
f 631/631 632/632 633/633
f 634/634 635/635 636/636
f 637/637 638/638 639/639
f 640/640 641/641 642/642
f 643/643 644/644 645/645
f 646/646 647/647 648/648
f 649/649 650/650 651/651
f 652/652 653/653 654/654
f 655/655 656/656 657/657
f 658/658 659/659 660/660
f 661/661 662/662 663/663
f 664/664 665/665 666/666
f 667/667 668/668 669/669
f 670/670 671/671 672/672
f 673/673 674/674 675/675
f 676/676 677/677 678/678
f 679/679 680/680 681/681
f 682/682 683/683 684/684
f 685/685 686/686 687/687
f 688/688 689/689 690/690
f 691/691 692/692 693/693
f 694/694 695/695 696/696
f 697/697 698/698 699/699
f 700/700 701/701 702/702
f 703/703 704/704 705/705
f 706/706 707/707 708/708
f 709/709 710/710 711/711
f 712/712 713/713 714/714
f 715/715 716/716 717/717
f 718/718 719/719 720/720
f 721/721 722/722 723/723
f 724/724 725/725 726/726
f 727/727 728/728 729/729
f 730/730 731/731 732/732
f 733/733 734/734 735/735
usemtl fh_wtable_1
f 736/736 737/737 738/738
f 739/739 740/740 741/741
f 742/742 743/743 744/744
f 745/745 746/746 747/747
f 748/748 749/749 750/750
f 751/751 752/752 753/753
f 754/754 755/755 756/756
f 757/757 758/758 759/759
f 760/760 761/761 762/762
f 763/763 764/764 765/765
f 766/766 767/767 768/768
f 769/769 770/770 771/771
f 772/772 773/773 774/774
f 775/775 776/776 777/777
f 778/778 779/779 780/780
f 781/781 782/782 783/783
f 784/784 785/785 786/786
f 787/787 788/788 789/789
f 790/790 791/791 792/792
f 793/793 794/794 795/795
f 796/796 797/797 798/798
f 799/799 800/800 801/801
f 802/802 803/803 804/804
f 805/805 806/806 807/807
f 808/808 809/809 810/810
f 811/811 812/812 813/813
f 814/814 815/815 816/816
f 817/817 818/818 819/819
f 820/820 821/821 822/822
f 823/823 824/824 825/825
f 826/826 827/827 828/828
f 829/829 830/830 831/831
f 832/832 833/833 834/834
f 835/835 836/836 837/837
f 838/838 839/839 840/840
f 841/841 842/842 843/843
f 844/844 845/845 846/846
f 847/847 848/848 849/849
f 850/850 851/851 852/852
f 853/853 854/854 855/855
f 856/856 857/857 858/858
f 859/859 860/860 861/861
f 862/862 863/863 864/864
f 865/865 866/866 867/867
f 868/868 869/869 870/870
f 871/871 872/872 873/873
usemtl fh_wbed01_1
f 874/874 875/875 876/876
f 877/877 878/878 879/879
f 880/880 881/881 882/882
f 883/883 884/884 885/885
f 886/886 887/887 888/888
f 889/889 890/890 891/891
f 892/892 893/893 894/894
f 895/895 896/896 897/897
f 898/898 899/899 900/900
f 901/901 902/902 903/903
f 904/904 905/905 906/906
f 907/907 908/908 909/909
f 910/910 911/911 912/912
f 913/913 914/914 915/915
f 916/916 917/917 918/918
f 919/919 920/920 921/921
f 922/922 923/923 924/924
f 925/925 926/926 927/927
f 928/928 929/929 930/930
f 931/931 932/932 933/933
f 934/934 935/935 936/936
f 937/937 938/938 939/939
f 940/940 941/941 942/942
f 943/943 944/944 945/945
f 946/946 947/947 948/948
f 949/949 950/950 951/951
f 952/952 953/953 954/954
f 955/955 956/956 957/957
f 958/958 959/959 960/960
f 961/961 962/962 963/963
f 964/964 965/965 966/966
f 967/967 968/968 969/969
f 970/970 971/971 972/972
f 973/973 974/974 975/975
f 976/976 977/977 978/978
f 979/979 980/980 981/981
f 982/982 983/983 984/984
f 985/985 986/986 987/987
f 988/988 989/989 990/990
f 991/991 992/992 993/993
f 994/994 995/995 996/996
f 997/997 998/998 999/999
f 1000/1000 1001/1001 1002/1002
f 1003/1003 1004/1004 1005/1005
f 1006/1006 1007/1007 1008/1008
f 1009/1009 1010/1010 1011/1011
f 1012/1012 1013/1013 1014/1014
f 1015/1015 1016/1016 1017/1017
f 1018/1018 1019/1019 1020/1020
f 1021/1021 1022/1022 1023/1023
f 1024/1024 1025/1025 1026/1026
f 1027/1027 1028/1028 1029/1029
f 1030/1030 1031/1031 1032/1032
f 1033/1033 1034/1034 1035/1035
f 1036/1036 1037/1037 1038/1038
f 1039/1039 1040/1040 1041/1041
f 1042/1042 1043/1043 1044/1044
f 1045/1045 1046/1046 1047/1047
f 1048/1048 1049/1049 1050/1050
f 1051/1051 1052/1052 1053/1053
f 1054/1054 1055/1055 1056/1056
f 1057/1057 1058/1058 1059/1059
f 1060/1060 1061/1061 1062/1062
f 1063/1063 1064/1064 1065/1065
f 1066/1066 1067/1067 1068/1068
f 1069/1069 1070/1070 1071/1071
f 1072/1072 1073/1073 1074/1074
f 1075/1075 1076/1076 1077/1077
f 1078/1078 1079/1079 1080/1080
f 1081/1081 1082/1082 1083/1083
f 1084/1084 1085/1085 1086/1086
f 1087/1087 1088/1088 1089/1089
f 1090/1090 1091/1091 1092/1092
f 1093/1093 1094/1094 1095/1095
f 1096/1096 1097/1097 1098/1098
f 1099/1099 1100/1100 1101/1101
f 1102/1102 1103/1103 1104/1104
f 1105/1105 1106/1106 1107/1107
f 1108/1108 1109/1109 1110/1110
f 1111/1111 1112/1112 1113/1113
f 1114/1114 1115/1115 1116/1116
f 1117/1117 1118/1118 1119/1119
f 1120/1120 1121/1121 1122/1122
f 1123/1123 1124/1124 1125/1125
f 1126/1126 1127/1127 1128/1128
f 1129/1129 1130/1130 1131/1131
f 1132/1132 1133/1133 1134/1134
f 1135/1135 1136/1136 1137/1137
f 1138/1138 1139/1139 1140/1140
f 1141/1141 1142/1142 1143/1143
f 1144/1144 1145/1145 1146/1146
f 1147/1147 1148/1148 1149/1149
f 1150/1150 1151/1151 1152/1152
f 1153/1153 1154/1154 1155/1155
f 1156/1156 1157/1157 1158/1158
f 1159/1159 1160/1160 1161/1161
f 1162/1162 1163/1163 1164/1164
f 1165/1165 1166/1166 1167/1167
f 1168/1168 1169/1169 1170/1170
f 1171/1171 1172/1172 1173/1173
f 1174/1174 1175/1175 1176/1176
f 1177/1177 1178/1178 1179/1179
usemtl a_lambert2
f 1180/1180 1181/1181 1182/1182
f 1183/1183 1184/1184 1185/1185
f 1186/1186 1187/1187 1188/1188
f 1189/1189 1190/1190 1191/1191
f 1192/1192 1193/1193 1194/1194
f 1195/1195 1196/1196 1197/1197
f 1198/1198 1199/1199 1200/1200
f 1201/1201 1202/1202 1203/1203
f 1204/1204 1205/1205 1206/1206
f 1207/1207 1208/1208 1209/1209
f 1210/1210 1211/1211 1212/1212
f 1213/1213 1214/1214 1215/1215
f 1216/1216 1217/1217 1218/1218
f 1219/1219 1220/1220 1221/1221
usemtl a_a_lambert2
f 1222/1222 1223/1223 1224/1224
f 1225/1225 1226/1226 1227/1227
f 1228/1228 1229/1229 1230/1230
f 1231/1231 1232/1232 1233/1233
f 1234/1234 1235/1235 1236/1236
f 1237/1237 1238/1238 1239/1239
f 1240/1240 1241/1241 1242/1242
f 1243/1243 1244/1244 1245/1245
f 1246/1246 1247/1247 1248/1248
f 1249/1249 1250/1250 1251/1251
f 1252/1252 1253/1253 1254/1254
f 1255/1255 1256/1256 1257/1257
f 1258/1258 1259/1259 1260/1260
f 1261/1261 1262/1262 1263/1263
f 1264/1264 1265/1265 1266/1266
f 1267/1267 1268/1268 1269/1269
f 1270/1270 1271/1271 1272/1272
f 1273/1273 1274/1274 1275/1275
f 1276/1276 1277/1277 1278/1278
f 1279/1279 1280/1280 1281/1281
f 1282/1282 1283/1283 1284/1284
f 1285/1285 1286/1286 1287/1287
f 1288/1288 1289/1289 1290/1290
f 1291/1291 1292/1292 1293/1293
f 1294/1294 1295/1295 1296/1296
f 1297/1297 1298/1298 1299/1299
f 1300/1300 1301/1301 1302/1302
f 1303/1303 1304/1304 1305/1305
usemtl in40_kage
f 1306/1306 1307/1307 1308/1308
f 1309/1309 1310/1310 1311/1311
f 1312/1312 1313/1313 1314/1314
f 1315/1315 1316/1316 1317/1317
f 1318/1318 1319/1319 1320/1320
f 1321/1321 1322/1322 1323/1323
f 1324/1324 1325/1325 1326/1326
f 1327/1327 1328/1328 1329/1329
f 1330/1330 1331/1331 1332/1332
f 1333/1333 1334/1334 1335/1335
f 1336/1336 1337/1337 1338/1338
f 1339/1339 1340/1340 1341/1341
usemtl lambert2
f 1342/1342 1343/1343 1344/1344
f 1345/1345 1346/1346 1347/1347
f 1348/1348 1349/1349 1350/1350
f 1351/1351 1352/1352 1353/1353
f 1354/1354 1355/1355 1356/1356
f 1357/1357 1358/1358 1359/1359
f 1360/1360 1361/1361 1362/1362
f 1363/1363 1364/1364 1365/1365
f 1366/1366 1367/1367 1368/1368
f 1369/1369 1370/1370 1371/1371
f 1372/1372 1373/1373 1374/1374
f 1375/1375 1376/1376 1377/1377
f 1378/1378 1379/1379 1380/1380
f 1381/1381 1382/1382 1383/1383
usemtl lambert2_1
f 1384/1384 1385/1385 1386/1386
f 1387/1387 1388/1388 1389/1389
f 1390/1390 1391/1391 1392/1392
f 1393/1393 1394/1394 1395/1395
f 1396/1396 1397/1397 1398/1398
f 1399/1399 1400/1400 1401/1401
f 1402/1402 1403/1403 1404/1404
f 1405/1405 1406/1406 1407/1407
usemtl in40_kage_1
f 1408/1408 1409/1409 1410/1410
f 1411/1411 1412/1412 1413/1413
f 1414/1414 1415/1415 1416/1416
f 1417/1417 1418/1418 1419/1419
f 1420/1420 1421/1421 1422/1422
f 1423/1423 1424/1424 1425/1425
f 1426/1426 1427/1427 1428/1428
f 1429/1429 1430/1430 1431/1431
f 1432/1432 1433/1433 1434/1434
f 1435/1435 1436/1436 1437/1437
f 1438/1438 1439/1439 1440/1440
f 1441/1441 1442/1442 1443/1443
usemtl lambert2_2
f 1444/1444 1445/1445 1446/1446
f 1447/1447 1448/1448 1449/1449
f 1450/1450 1451/1451 1452/1452
f 1453/1453 1454/1454 1455/1455
f 1456/1456 1457/1457 1458/1458
f 1459/1459 1460/1460 1461/1461
f 1462/1462 1463/1463 1464/1464
f 1465/1465 1466/1466 1467/1467
usemtl in40_kage_2
f 1468/1468 1469/1469 1470/1470
f 1471/1471 1472/1472 1473/1473
f 1474/1474 1475/1475 1476/1476
f 1477/1477 1478/1478 1479/1479
f 1480/1480 1481/1481 1482/1482
f 1483/1483 1484/1484 1485/1485
f 1486/1486 1487/1487 1488/1488
f 1489/1489 1490/1490 1491/1491
f 1492/1492 1493/1493 1494/1494
f 1495/1495 1496/1496 1497/1497
f 1498/1498 1499/1499 1500/1500
f 1501/1501 1502/1502 1503/1503
usemtl _lambert3
f 1504/1504 1505/1505 1506/1506
f 1507/1507 1508/1508 1509/1509
f 1510/1510 1511/1511 1512/1512
f 1513/1513 1514/1514 1515/1515
f 1516/1516 1517/1517 1518/1518
f 1519/1519 1520/1520 1521/1521
f 1522/1522 1523/1523 1524/1524
usemtl fh_bshelf_1
f 1525/1525 1526/1526 1527/1527
f 1528/1528 1529/1529 1530/1530
f 1531/1531 1532/1532 1533/1533
f 1534/1534 1535/1535 1536/1536
f 1537/1537 1538/1538 1539/1539
f 1540/1540 1541/1541 1542/1542
f 1543/1543 1544/1544 1545/1545
f 1546/1546 1547/1547 1548/1548
f 1549/1549 1550/1550 1551/1551
f 1552/1552 1553/1553 1554/1554
f 1555/1555 1556/1556 1557/1557
f 1558/1558 1559/1559 1560/1560
f 1561/1561 1562/1562 1563/1563
f 1564/1564 1565/1565 1566/1566
f 1567/1567 1568/1568 1569/1569
f 1570/1570 1571/1571 1572/1572
usemtl lambert3
f 1573/1573 1574/1574 1575/1575
f 1576/1576 1577/1577 1578/1578
f 1579/1579 1580/1580 1581/1581
f 1582/1582 1583/1583 1584/1584
f 1585/1585 1586/1586 1587/1587
f 1588/1588 1589/1589 1590/1590
usemtl lambert2_3
f 1591/1591 1592/1592 1593/1593
f 1594/1594 1595/1595 1596/1596
f 1597/1597 1598/1598 1599/1599
f 1600/1600 1601/1601 1602/1602
f 1603/1603 1604/1604 1605/1605
f 1606/1606 1607/1607 1608/1608
f 1609/1609 1610/1610 1611/1611
f 1612/1612 1613/1613 1614/1614
f 1615/1615 1616/1616 1617/1617
f 1618/1618 1619/1619 1620/1620
f 1621/1621 1622/1622 1623/1623
f 1624/1624 1625/1625 1626/1626
f 1627/1627 1628/1628 1629/1629
f 1630/1630 1631/1631 1632/1632
f 1633/1633 1634/1634 1635/1635
f 1636/1636 1637/1637 1638/1638
f 1639/1639 1640/1640 1641/1641
f 1642/1642 1643/1643 1644/1644
f 1645/1645 1646/1646 1647/1647
f 1648/1648 1649/1649 1650/1650
f 1651/1651 1652/1652 1653/1653
f 1654/1654 1655/1655 1656/1656
f 1657/1657 1658/1658 1659/1659
f 1660/1660 1661/1661 1662/1662
usemtl lambert3_1
f 1663/1663 1664/1664 1665/1665
f 1666/1666 1667/1667 1668/1668
f 1669/1669 1670/1670 1671/1671
f 1672/1672 1673/1673 1674/1674
f 1675/1675 1676/1676 1677/1677
f 1678/1678 1679/1679 1680/1680
usemtl lambert2_4
f 1681/1681 1682/1682 1683/1683
f 1684/1684 1685/1685 1686/1686
f 1687/1687 1688/1688 1689/1689
f 1690/1690 1691/1691 1692/1692
f 1693/1693 1694/1694 1695/1695
f 1696/1696 1697/1697 1698/1698
f 1699/1699 1700/1700 1701/1701
f 1702/1702 1703/1703 1704/1704
f 1705/1705 1706/1706 1707/1707
f 1708/1708 1709/1709 1710/1710
f 1711/1711 1712/1712 1713/1713
f 1714/1714 1715/1715 1716/1716
f 1717/1717 1718/1718 1719/1719
f 1720/1720 1721/1721 1722/1722
f 1723/1723 1724/1724 1725/1725
f 1726/1726 1727/1727 1728/1728
f 1729/1729 1730/1730 1731/1731
f 1732/1732 1733/1733 1734/1734
f 1735/1735 1736/1736 1737/1737
f 1738/1738 1739/1739 1740/1740
f 1741/1741 1742/1742 1743/1743
f 1744/1744 1745/1745 1746/1746
f 1747/1747 1748/1748 1749/1749
f 1750/1750 1751/1751 1752/1752
usemtl _lambert5
f 1753/1753 1754/1754 1755/1755
f 1756/1756 1757/1757 1758/1758
f 1759/1759 1760/1760 1761/1761
f 1762/1762 1763/1763 1764/1764
f 1765/1765 1766/1766 1767/1767
f 1768/1768 1769/1769 1770/1770
f 1771/1771 1772/1772 1773/1773
f 1774/1774 1775/1775 1776/1776
f 1777/1777 1778/1778 1779/1779
f 1780/1780 1781/1781 1782/1782
f 1783/1783 1784/1784 1785/1785
f 1786/1786 1787/1787 1788/1788
f 1789/1789 1790/1790 1791/1791
f 1792/1792 1793/1793 1794/1794
f 1795/1795 1796/1796 1797/1797
f 1798/1798 1799/1799 1800/1800
f 1801/1801 1802/1802 1803/1803
f 1804/1804 1805/1805 1806/1806
f 1807/1807 1808/1808 1809/1809
f 1810/1810 1811/1811 1812/1812
f 1813/1813 1814/1814 1815/1815
f 1816/1816 1817/1817 1818/1818
f 1819/1819 1820/1820 1821/1821
f 1822/1822 1823/1823 1824/1824
f 1825/1825 1826/1826 1827/1827
f 1828/1828 1829/1829 1830/1830
f 1831/1831 1832/1832 1833/1833
f 1834/1834 1835/1835 1836/1836
f 1837/1837 1838/1838 1839/1839
f 1840/1840 1841/1841 1842/1842
f 1843/1843 1844/1844 1845/1845
f 1846/1846 1847/1847 1848/1848
f 1849/1849 1850/1850 1851/1851
f 1852/1852 1853/1853 1854/1854
f 1855/1855 1856/1856 1857/1857
f 1858/1858 1859/1859 1860/1860
f 1861/1861 1862/1862 1863/1863
f 1864/1864 1865/1865 1866/1866
f 1867/1867 1868/1868 1869/1869
f 1870/1870 1871/1871 1872/1872
f 1873/1873 1874/1874 1875/1875
f 1876/1876 1877/1877 1878/1878
f 1879/1879 1880/1880 1881/1881
f 1882/1882 1883/1883 1884/1884
f 1885/1885 1886/1886 1887/1887
f 1888/1888 1889/1889 1890/1890
f 1891/1891 1892/1892 1893/1893
f 1894/1894 1895/1895 1896/1896
f 1897/1897 1898/1898 1899/1899
f 1900/1900 1901/1901 1902/1902
f 1903/1903 1904/1904 1905/1905
f 1906/1906 1907/1907 1908/1908
usemtl in40_kage1
f 1909/1909 1910/1910 1911/1911
f 1912/1912 1913/1913 1914/1914
f 1915/1915 1916/1916 1917/1917
f 1918/1918 1919/1919 1920/1920
f 1921/1921 1922/1922 1923/1923
f 1924/1924 1925/1925 1926/1926
f 1927/1927 1928/1928 1929/1929
f 1930/1930 1931/1931 1932/1932
