# Aspertia 7 et l'escalier d'Aspertia 8, assemblés par tools/maps/build_interiors.py
mtllib aspertia_building_7_mid.mtl
usemtl m_b07_kabe2
v -314.6000 59.8000 -20.8000 0.1255 0.1255 0.1255
vt 1.00000 0.98633
v -314.6000 -2.6000 -20.8000 0.3333 0.3333 0.3333
vt 1.00000 0.01074
v -314.6000 -2.6000 -28.6000 0.3333 0.3333 0.3333
vt 1.13477 0.01074
f 1/1 2/2 3/3
v -314.6000 59.8000 -20.8000 0.1255 0.1255 0.1255
vt 1.00000 0.98633
v -314.6000 -2.6000 -28.6000 0.3333 0.3333 0.3333
vt 1.13477 0.01074
v -314.6000 59.8000 -28.6000 0.1255 0.1255 0.1255
vt 1.11914 0.98633
f 4/4 5/5 6/6
v -314.6000 59.8000 -28.6000 0.1255 0.1255 0.1255
vt 1.11914 0.98633
v -314.6000 -2.6000 -28.6000 0.3333 0.3333 0.3333
vt 1.13477 0.01074
v -314.6000 -2.6000 -72.8000 0.3333 0.3333 0.3333
vt 1.87109 0.01074
f 7/7 8/8 9/9
v -314.6000 59.8000 -28.6000 0.1255 0.1255 0.1255
vt 1.11914 0.98633
v -314.6000 -2.6000 -72.8000 0.3333 0.3333 0.3333
vt 1.87109 0.01074
v -314.6000 59.8000 -72.8000 0.1255 0.1255 0.1255
vt 1.87109 0.98633
f 10/10 11/11 12/12
v -39.0000 59.8000 -72.8000 0.1255 0.1255 0.1255
vt 1.87305 0.98633
v -39.0000 -2.6000 -72.8000 0.3333 0.3333 0.3333
vt 1.87305 0.01074
v -39.0000 -2.6000 -28.6000 0.3333 0.3333 0.3333
vt 1.12109 0.01074
f 13/13 14/14 15/15
v -39.0000 59.8000 -72.8000 0.1255 0.1255 0.1255
vt 1.87305 0.98633
v -39.0000 -2.6000 -28.6000 0.3333 0.3333 0.3333
vt 1.12109 0.01074
v -39.0000 59.8000 -28.6000 0.1255 0.1255 0.1255
vt 1.11719 0.98633
f 16/16 17/17 18/18
v -39.0000 59.8000 -28.6000 0.1255 0.1255 0.1255
vt 1.11719 0.98633
v -39.0000 -2.6000 -28.6000 0.3333 0.3333 0.3333
vt 1.12109 0.01074
v -39.0000 -2.6000 -20.8000 0.3333 0.3333 0.3333
vt 1.00195 0.01074
f 19/19 20/20 21/21
v -39.0000 59.8000 -28.6000 0.1255 0.1255 0.1255
vt 1.11719 0.98633
v -39.0000 -2.6000 -20.8000 0.3333 0.3333 0.3333
vt 1.00195 0.01074
v -39.0000 59.8000 -20.8000 0.1255 0.1255 0.1255
vt 1.00195 0.98633
f 22/22 23/23 24/24
v -71.5000 59.8000 -72.8000 0.6157 0.6157 0.6157
vt 2.35938 0.98633
v -71.5000 -2.6000 -72.8000 1.0000 1.0000 1.0000
vt 2.35938 0.01074
v -48.1000 -2.6000 -72.8000 1.0000 1.0000 1.0000
vt 2.88281 0.01074
f 25/25 26/26 27/27
v -71.5000 59.8000 -72.8000 0.6157 0.6157 0.6157
vt 2.35938 0.98633
v -48.1000 -2.6000 -72.8000 1.0000 1.0000 1.0000
vt 2.88281 0.01074
v -48.1000 59.8000 -72.8000 0.6157 0.6157 0.6157
vt 2.88672 0.98633
f 28/28 29/29 30/30
v -48.1000 59.8000 -72.8000 0.6157 0.6157 0.6157
vt 2.88672 0.98633
v -48.1000 -2.6000 -72.8000 1.0000 1.0000 1.0000
vt 2.88281 0.01074
v -39.0000 -2.6000 -72.8000 1.0000 1.0000 1.0000
vt 3.00391 0.01074
f 31/31 32/32 33/33
v -48.1000 59.8000 -72.8000 0.6157 0.6157 0.6157
vt 2.88672 0.98633
v -39.0000 -2.6000 -72.8000 1.0000 1.0000 1.0000
vt 3.00391 0.01074
v -39.0000 59.8000 -72.8000 0.6157 0.6157 0.6157
vt 3.00391 0.98633
f 34/34 35/35 36/36
v -104.0000 59.8000 -72.8000 0.6157 0.6157 0.6157
vt -0.00586 0.98730
v -104.0000 -2.6000 -72.8000 1.0000 1.0000 1.0000
vt -0.00586 0.00781
v -94.9000 -2.6000 -72.8000 1.0000 1.0000 1.0000
vt 0.11523 0.00781
f 37/37 38/38 39/39
v -104.0000 59.8000 -72.8000 0.6157 0.6157 0.6157
vt -0.00586 0.98730
v -94.9000 -2.6000 -72.8000 1.0000 1.0000 1.0000
vt 0.11523 0.00781
v -94.9000 59.8000 -72.8000 0.6157 0.6157 0.6157
vt 0.11914 0.98730
f 40/40 41/41 42/42
v -94.9000 59.8000 -72.8000 0.6157 0.6157 0.6157
vt 0.11914 0.98730
v -94.9000 -2.6000 -72.8000 1.0000 1.0000 1.0000
vt 0.11523 0.00781
v -71.5000 -2.6000 -72.8000 1.0000 1.0000 1.0000
vt 0.60352 0.00781
f 43/43 44/44 45/45
v -94.9000 59.8000 -72.8000 0.6157 0.6157 0.6157
vt 0.11914 0.98730
v -71.5000 -2.6000 -72.8000 1.0000 1.0000 1.0000
vt 0.60352 0.00781
v -71.5000 59.8000 -72.8000 0.6157 0.6157 0.6157
vt 0.60352 0.98730
f 46/46 47/47 48/48
v -217.8719 -2.6000 -72.8000 1.0000 1.0000 1.0000
vt 11.25977 0.00000
v -196.2188 -2.6000 -72.8000 1.0000 1.0000 1.0000
vt 11.74023 0.00000
v -196.2188 59.8000 -72.8000 0.6157 0.6157 0.6157
vt 11.74023 1.00000
f 49/49 50/50 51/51
v -217.8719 -2.6000 -72.8000 1.0000 1.0000 1.0000
vt 11.25977 0.00000
v -196.2188 59.8000 -72.8000 0.6157 0.6157 0.6157
vt 11.74023 1.00000
v -217.8719 59.8000 -72.8000 0.6157 0.6157 0.6157
vt 11.25977 1.00000
f 52/52 53/53 54/54
v -305.5000 -2.6000 -72.8000 1.0000 1.0000 1.0000
vt 11.25977 0.00000
v -284.7812 -2.6000 -72.8000 1.0000 1.0000 1.0000
vt 11.74023 0.00000
v -284.7812 59.8000 -72.8000 0.6157 0.6157 0.6157
vt 11.74023 1.00000
f 55/55 56/56 57/57
v -305.5000 -2.6000 -72.8000 1.0000 1.0000 1.0000
vt 11.25977 0.00000
v -284.7812 59.8000 -72.8000 0.6157 0.6157 0.6157
vt 11.74023 1.00000
v -305.5000 59.8000 -72.8000 0.6157 0.6157 0.6157
vt 11.25977 1.00000
f 58/58 59/59 60/60
v -240.5000 -2.6000 -72.8000 1.0000 1.0000 1.0000
vt 11.25977 0.00000
v -217.8719 -2.6000 -72.8000 1.0000 1.0000 1.0000
vt 11.74023 0.00000
v -217.8719 59.8000 -72.8000 0.6157 0.6157 0.6157
vt 11.74023 1.00000
f 61/61 62/62 63/63
v -240.5000 -2.6000 -72.8000 1.0000 1.0000 1.0000
vt 11.25977 0.00000
v -217.8719 59.8000 -72.8000 0.6157 0.6157 0.6157
vt 11.74023 1.00000
v -240.5000 59.8000 -72.8000 0.6157 0.6157 0.6157
vt 11.25977 1.00000
f 64/64 65/65 66/66
v -284.7812 -2.6000 -72.8000 1.0000 1.0000 1.0000
vt 11.25977 0.00000
v -263.1281 -2.6000 -72.8000 1.0000 1.0000 1.0000
vt 11.74023 0.00000
v -263.1281 59.8000 -72.8000 0.6157 0.6157 0.6157
vt 11.74023 1.00000
f 67/67 68/68 69/69
v -284.7812 -2.6000 -72.8000 1.0000 1.0000 1.0000
vt 11.25977 0.00000
v -263.1281 59.8000 -72.8000 0.6157 0.6157 0.6157
vt 11.74023 1.00000
v -284.7812 59.8000 -72.8000 0.6157 0.6157 0.6157
vt 11.25977 1.00000
f 70/70 71/71 72/72
v -263.1281 -2.6000 -72.8000 1.0000 1.0000 1.0000
vt 11.25977 0.00000
v -240.5000 -2.6000 -72.8000 1.0000 1.0000 1.0000
vt 11.74023 0.00000
v -240.5000 59.8000 -72.8000 0.6157 0.6157 0.6157
vt 11.74023 1.00000
f 73/73 74/74 75/75
v -263.1281 -2.6000 -72.8000 1.0000 1.0000 1.0000
vt 11.25977 0.00000
v -240.5000 59.8000 -72.8000 0.6157 0.6157 0.6157
vt 11.74023 1.00000
v -263.1281 59.8000 -72.8000 0.6157 0.6157 0.6157
vt 11.25977 1.00000
f 76/76 77/77 78/78
v -196.2188 -2.6000 -72.8000 1.0000 1.0000 1.0000
vt 11.23828 0.00000
v -175.5000 -2.6000 -72.8000 1.0000 1.0000 1.0000
vt 11.72070 0.00000
v -175.5000 59.8000 -72.8000 0.6157 0.6157 0.6157
vt 11.72070 1.00000
f 79/79 80/80 81/81
v -196.2188 -2.6000 -72.8000 1.0000 1.0000 1.0000
vt 11.23828 0.00000
v -175.5000 59.8000 -72.8000 0.6157 0.6157 0.6157
vt 11.72070 1.00000
v -196.2188 59.8000 -72.8000 0.6157 0.6157 0.6157
vt 11.23828 1.00000
f 82/82 83/83 84/84
v -314.6000 59.8000 -72.8000 0.6157 0.6157 0.6157
vt -0.00391 1.00000
v -314.6000 -2.6000 -72.8000 1.0000 1.0000 1.0000
vt -0.00391 0.00000
v -305.5000 -2.6000 -72.8000 1.0000 1.0000 1.0000
vt 0.12500 0.00000
f 85/85 86/86 87/87
v -314.6000 59.8000 -72.8000 0.6157 0.6157 0.6157
vt -0.00391 1.00000
v -305.5000 -2.6000 -72.8000 1.0000 1.0000 1.0000
vt 0.12500 0.00000
v -305.5000 59.8000 -72.8000 0.6157 0.6157 0.6157
vt 0.12891 1.00000
f 88/88 89/89 90/90
v -166.4000 59.8000 -72.8000 0.2275 0.2275 0.2275
vt 1.03906 0.98633
v -166.4000 -2.6000 -72.8000 0.3333 0.3333 0.3333
vt 1.03906 0.01074
v -166.4000 -2.6000 -83.2000 0.3333 0.3333 0.3333
vt 1.24219 0.01074
f 91/91 92/92 93/93
v -166.4000 59.8000 -72.8000 0.2275 0.2275 0.2275
vt 1.03906 0.98633
v -166.4000 -2.6000 -83.2000 0.3333 0.3333 0.3333
vt 1.24219 0.01074
v -166.4000 59.8000 -83.2000 0.2275 0.2275 0.2275
vt 1.24219 0.98633
f 94/94 95/95 96/96
v -104.0000 59.8000 -93.6000 0.2275 0.2275 0.2275
vt 2.95508 0.98730
v -104.0000 -2.6000 -93.6000 0.3333 0.3333 0.3333
vt 2.95508 0.01074
v -104.0000 -2.6000 -83.2000 0.3333 0.3333 0.3333
vt 2.78711 0.01074
f 97/97 98/98 99/99
v -104.0000 59.8000 -93.6000 0.2275 0.2275 0.2275
vt 2.95508 0.98730
v -104.0000 -2.6000 -83.2000 0.3333 0.3333 0.3333
vt 2.78711 0.01074
v -104.0000 59.8000 -83.2000 0.2275 0.2275 0.2275
vt 2.78711 0.98730
f 100/100 101/101 102/102
v -104.0000 59.8000 -83.2000 0.2275 0.2275 0.2275
vt 1.23242 0.98633
v -104.0000 -2.6000 -83.2000 0.3333 0.3333 0.3333
vt 1.23242 0.01074
v -104.0000 -2.6000 -72.8000 0.3333 0.3333 0.3333
vt 1.03906 0.01074
f 103/103 104/104 105/105
v -104.0000 59.8000 -83.2000 0.2275 0.2275 0.2275
vt 1.23242 0.98633
v -104.0000 -2.6000 -72.8000 0.3333 0.3333 0.3333
vt 1.03906 0.01074
v -104.0000 59.8000 -72.8000 0.2275 0.2275 0.2275
vt 1.03906 0.98633
f 106/106 107/107 108/108
v -166.4000 59.8000 -83.2000 0.2275 0.2275 0.2275
vt 2.78711 0.98730
v -166.4000 -2.6000 -83.2000 0.3333 0.3333 0.3333
vt 2.78711 0.01074
v -166.4000 -2.6000 -93.6000 0.3333 0.3333 0.3333
vt 2.95508 0.01074
f 109/109 110/110 111/111
v -166.4000 59.8000 -83.2000 0.2275 0.2275 0.2275
vt 2.78711 0.98730
v -166.4000 -2.6000 -93.6000 0.3333 0.3333 0.3333
vt 2.95508 0.01074
v -166.4000 59.8000 -93.6000 0.2275 0.2275 0.2275
vt 2.95508 0.98730
f 112/112 113/113 114/114
v -175.5000 59.8000 -72.8000 0.6157 0.6157 0.6157
vt 0.87305 1.00000
v -175.5000 -2.6000 -72.8000 1.0000 1.0000 1.0000
vt 0.87305 0.00000
v -166.4000 -2.6000 -72.8000 1.0000 1.0000 1.0000
vt 1.00195 0.00000
f 115/115 116/116 117/117
v -175.5000 59.8000 -72.8000 0.6157 0.6157 0.6157
vt 0.87305 1.00000
v -166.4000 -2.6000 -72.8000 1.0000 1.0000 1.0000
vt 1.00195 0.00000
v -166.4000 59.8000 -72.8000 0.6157 0.6157 0.6157
vt 1.00195 1.00000
f 118/118 119/119 120/120
usemtl m_b07_mat
v -238.5703 -2.6000 -204.4656 1.0000 1.0000 1.0000
vt 0.01562 0.01367
v -291.2000 -2.6000 -204.4656 1.0000 1.0000 1.0000
vt 0.85547 0.01367
v -291.2000 -2.6000 -199.8750 1.0000 1.0000 1.0000
vt 0.85547 0.08789
f 121/121 122/122 123/123
v -238.5703 -2.6000 -204.4656 1.0000 1.0000 1.0000
vt 0.01562 0.01367
v -291.2000 -2.6000 -199.8750 1.0000 1.0000 1.0000
vt 0.85547 0.08789
v -238.5703 -2.6000 -199.8750 1.0000 1.0000 1.0000
vt 0.01562 0.08789
f 124/124 125/125 126/126
v -238.5703 -2.6000 -199.8750 1.0000 1.0000 1.0000
vt 0.01562 0.08789
v -291.2000 -2.6000 -199.8750 1.0000 1.0000 1.0000
vt 0.85547 0.08789
v -291.2000 -2.6000 -143.4875 1.0000 1.0000 1.0000
vt 0.85547 0.98828
f 127/127 128/128 129/129
v -238.5703 -2.6000 -199.8750 1.0000 1.0000 1.0000
vt 0.01562 0.08789
v -291.2000 -2.6000 -143.4875 1.0000 1.0000 1.0000
vt 0.85547 0.98828
v -238.5703 -2.6000 -143.4875 1.0000 1.0000 1.0000
vt 0.01562 0.98828
f 130/130 131/131 132/132
v -238.5703 -2.6000 -143.4875 1.0000 1.0000 1.0000
vt 0.01562 0.98828
v -291.2000 -2.6000 -143.4875 1.0000 1.0000 1.0000
vt 0.01562 0.14844
v -291.2000 -2.6000 -87.0797 1.0000 1.0000 1.0000
vt 0.91602 0.14844
f 133/133 134/134 135/135
v -238.5703 -2.6000 -143.4875 1.0000 1.0000 1.0000
vt 0.01562 0.98828
v -291.2000 -2.6000 -87.0797 1.0000 1.0000 1.0000
vt 0.91602 0.14844
v -238.5703 -2.6000 -87.0797 1.0000 1.0000 1.0000
vt 0.91602 0.98828
f 136/136 137/137 138/138
v -238.5703 -2.6000 -87.0797 1.0000 1.0000 1.0000
vt 0.91602 0.98828
v -291.2000 -2.6000 -87.0797 1.0000 1.0000 1.0000
vt 0.91602 0.14844
v -291.2000 -2.6000 -82.5094 1.0000 1.0000 1.0000
vt 0.99023 0.14844
f 139/139 140/140 141/141
v -238.5703 -2.6000 -87.0797 1.0000 1.0000 1.0000
vt 0.91602 0.98828
v -291.2000 -2.6000 -82.5094 1.0000 1.0000 1.0000
vt 0.99023 0.14844
v -238.5703 -2.6000 -82.5094 1.0000 1.0000 1.0000
vt 0.99023 0.98828
f 142/142 143/143 144/144
v -291.2000 -2.6000 -87.0797 0.6157 0.6157 0.6157
vt 0.91602 0.14844
v -291.2000 -2.6000 -143.4875 0.6157 0.6157 0.6157
vt 0.01562 0.14844
v -294.9781 -2.6000 -143.4875 0.6157 0.6157 0.6157
vt 0.01562 0.08789
f 145/145 146/146 147/147
v -291.2000 -2.6000 -87.0797 0.6157 0.6157 0.6157
vt 0.91602 0.14844
v -294.9781 -2.6000 -143.4875 0.6157 0.6157 0.6157
vt 0.01562 0.08789
v -294.9781 -2.6000 -87.0797 0.6157 0.6157 0.6157
vt 0.91602 0.08789
f 148/148 149/149 150/150
v -294.9781 -2.6000 -87.0797 0.6157 0.6157 0.6157
vt 0.91602 0.08789
v -294.9781 -2.6000 -143.4875 0.6157 0.6157 0.6157
vt 0.01562 0.08789
v -299.5485 -2.6000 -143.4875 0.6157 0.6157 0.6157
vt 0.01562 0.01367
f 151/151 152/152 153/153
v -294.9781 -2.6000 -87.0797 0.6157 0.6157 0.6157
vt 0.91602 0.08789
v -299.5485 -2.6000 -143.4875 0.6157 0.6157 0.6157
vt 0.01562 0.01367
v -299.5485 -2.6000 -87.0797 0.6157 0.6157 0.6157
vt 0.91602 0.01367
f 154/154 155/155 156/156
v -291.2000 -2.6000 -82.5094 0.6157 0.6157 0.6157
vt 0.99023 0.14844
v -291.2000 -2.6000 -87.0797 0.6157 0.6157 0.6157
vt 0.91602 0.14844
v -294.9781 -2.6000 -87.0797 0.6157 0.6157 0.6157
vt 0.91602 0.08789
f 157/157 158/158 159/159
v -291.2000 -2.6000 -82.5094 0.6157 0.6157 0.6157
vt 0.99023 0.14844
v -294.9781 -2.6000 -87.0797 0.6157 0.6157 0.6157
vt 0.91602 0.08789
v -294.9781 -2.6000 -82.5094 0.6157 0.6157 0.6157
vt 0.99023 0.08789
f 160/160 161/161 162/162
v -294.9781 -2.6000 -82.5094 0.6157 0.6157 0.6157
vt 0.99023 0.08789
v -294.9781 -2.6000 -87.0797 0.6157 0.6157 0.6157
vt 0.91602 0.08789
v -299.5485 -2.6000 -87.0797 0.6157 0.6157 0.6157
vt 0.91602 0.01367
f 163/163 164/164 165/165
v -294.9781 -2.6000 -82.5094 0.6157 0.6157 0.6157
vt 0.99023 0.08789
v -299.5485 -2.6000 -87.0797 0.6157 0.6157 0.6157
vt 0.91602 0.01367
v -298.0250 -2.6000 -84.0328 0.6157 0.6157 0.6157
vt 0.96484 0.03906
f 166/166 167/167 168/168
v -291.2000 -2.6000 -143.4875 0.6157 0.6157 0.6157
vt 0.85547 0.98828
v -291.2000 -2.6000 -199.8750 0.6157 0.6157 0.6157
vt 0.85547 0.08789
v -294.9781 -2.6000 -199.8750 0.6157 0.6157 0.6157
vt 0.91602 0.08789
f 169/169 170/170 171/171
v -291.2000 -2.6000 -143.4875 0.6157 0.6157 0.6157
vt 0.85547 0.98828
v -294.9781 -2.6000 -199.8750 0.6157 0.6157 0.6157
vt 0.91602 0.08789
v -294.9781 -2.6000 -143.4875 0.6157 0.6157 0.6157
vt 0.91602 0.98828
f 172/172 173/173 174/174
v -294.9781 -2.6000 -143.4875 0.6157 0.6157 0.6157
vt 0.91602 0.98828
v -294.9781 -2.6000 -199.8750 0.6157 0.6157 0.6157
vt 0.91602 0.08789
v -299.5485 -2.6000 -199.8750 0.6157 0.6157 0.6157
vt 0.99023 0.08789
f 175/175 176/176 177/177
v -294.9781 -2.6000 -143.4875 0.6157 0.6157 0.6157
vt 0.91602 0.98828
v -299.5485 -2.6000 -199.8750 0.6157 0.6157 0.6157
vt 0.99023 0.08789
v -299.5485 -2.6000 -143.4875 0.6157 0.6157 0.6157
vt 0.99023 0.98828
f 178/178 179/179 180/180
v -298.0250 -2.6000 -202.9219 0.6157 0.6157 0.6157
vt 0.96484 0.03906
v -299.5485 -2.6000 -199.8750 0.6157 0.6157 0.6157
vt 0.99023 0.08789
v -294.9781 -2.6000 -199.8750 0.6157 0.6157 0.6157
vt 0.91602 0.08789
f 181/181 182/182 183/183
v -298.0250 -2.6000 -202.9219 0.6157 0.6157 0.6157
vt 0.96484 0.03906
v -294.9781 -2.6000 -199.8750 0.6157 0.6157 0.6157
vt 0.91602 0.08789
v -294.9781 -2.6000 -204.4656 0.6157 0.6157 0.6157
vt 0.91602 0.01367
f 184/184 185/185 186/186
v -294.9781 -2.6000 -204.4656 0.6157 0.6157 0.6157
vt 0.91602 0.01367
v -294.9781 -2.6000 -199.8750 0.6157 0.6157 0.6157
vt 0.91602 0.08789
v -291.2000 -2.6000 -199.8750 0.6157 0.6157 0.6157
vt 0.85547 0.08789
f 187/187 188/188 189/189
v -294.9781 -2.6000 -204.4656 0.6157 0.6157 0.6157
vt 0.91602 0.01367
v -291.2000 -2.6000 -199.8750 0.6157 0.6157 0.6157
vt 0.85547 0.08789
v -291.2000 -2.6000 -204.4656 0.6157 0.6157 0.6157
vt 0.85547 0.01367
f 190/190 191/191 192/192
v -238.5703 -2.6000 -204.4656 1.0000 1.0000 1.0000
vt 0.99023 0.98828
v -238.5703 -2.6000 -199.8750 1.0000 1.0000 1.0000
vt 0.91602 0.98828
v -182.1828 -2.6000 -199.8750 1.0000 1.0000 1.0000
vt 0.91602 0.08789
f 193/193 194/194 195/195
v -238.5703 -2.6000 -204.4656 1.0000 1.0000 1.0000
vt 0.99023 0.98828
v -182.1828 -2.6000 -199.8750 1.0000 1.0000 1.0000
vt 0.91602 0.08789
v -182.1828 -2.6000 -204.4656 1.0000 1.0000 1.0000
vt 0.99023 0.08789
f 196/196 197/197 198/198
v -182.1828 -2.6000 -204.4656 1.0000 1.0000 1.0000
vt 0.99023 0.08789
v -182.1828 -2.6000 -199.8750 1.0000 1.0000 1.0000
vt 0.91602 0.08789
v -177.5922 -2.6000 -199.8750 1.0000 1.0000 1.0000
vt 0.91602 0.01367
f 199/199 200/200 201/201
v -182.1828 -2.6000 -204.4656 1.0000 1.0000 1.0000
vt 0.99023 0.08789
v -177.5922 -2.6000 -199.8750 1.0000 1.0000 1.0000
vt 0.91602 0.01367
v -179.1360 -2.6000 -202.9219 1.0000 1.0000 1.0000
vt 0.96484 0.03906
f 202/202 203/203 204/204
v -177.5922 -2.6000 -143.4875 1.0000 1.0000 1.0000
vt 0.01562 0.01367
v -177.5922 -2.6000 -199.8750 1.0000 1.0000 1.0000
vt 0.91602 0.01367
v -182.1828 -2.6000 -199.8750 1.0000 1.0000 1.0000
vt 0.91602 0.08789
f 205/205 206/206 207/207
v -177.5922 -2.6000 -143.4875 1.0000 1.0000 1.0000
vt 0.01562 0.01367
v -182.1828 -2.6000 -199.8750 1.0000 1.0000 1.0000
vt 0.91602 0.08789
v -182.1828 -2.6000 -143.4875 1.0000 1.0000 1.0000
vt 0.01562 0.08789
f 208/208 209/209 210/210
v -182.1828 -2.6000 -143.4875 1.0000 1.0000 1.0000
vt 0.01562 0.08789
v -182.1828 -2.6000 -199.8750 1.0000 1.0000 1.0000
vt 0.91602 0.08789
v -238.5703 -2.6000 -199.8750 1.0000 1.0000 1.0000
vt 0.91602 0.98828
f 211/211 212/212 213/213
v -182.1828 -2.6000 -143.4875 1.0000 1.0000 1.0000
vt 0.01562 0.08789
v -238.5703 -2.6000 -199.8750 1.0000 1.0000 1.0000
vt 0.91602 0.98828
v -238.5703 -2.6000 -143.4875 1.0000 1.0000 1.0000
vt 0.01562 0.98828
f 214/214 215/215 216/216
v -177.5922 -2.6000 -143.4875 1.0000 1.0000 1.0000
vt 0.99023 0.98828
v -182.1828 -2.6000 -143.4875 1.0000 1.0000 1.0000
vt 0.91602 0.98828
v -182.1828 -2.6000 -87.0797 1.0000 1.0000 1.0000
vt 0.91602 0.08789
f 217/217 218/218 219/219
v -177.5922 -2.6000 -143.4875 1.0000 1.0000 1.0000
vt 0.99023 0.98828
v -182.1828 -2.6000 -87.0797 1.0000 1.0000 1.0000
vt 0.91602 0.08789
v -177.5922 -2.6000 -87.0797 1.0000 1.0000 1.0000
vt 0.99023 0.08789
f 220/220 221/221 222/222
v -177.5922 -2.6000 -87.0797 1.0000 1.0000 1.0000
vt 0.99023 0.08789
v -182.1828 -2.6000 -87.0797 1.0000 1.0000 1.0000
vt 0.91602 0.08789
v -182.1828 -2.6000 -82.5094 1.0000 1.0000 1.0000
vt 0.91602 0.01367
f 223/223 224/224 225/225
v -177.5922 -2.6000 -87.0797 1.0000 1.0000 1.0000
vt 0.99023 0.08789
v -182.1828 -2.6000 -82.5094 1.0000 1.0000 1.0000
vt 0.91602 0.01367
v -179.1360 -2.6000 -84.0328 1.0000 1.0000 1.0000
vt 0.96484 0.03906
f 226/226 227/227 228/228
v -182.1828 -2.6000 -143.4875 1.0000 1.0000 1.0000
vt 0.91602 0.98828
v -238.5703 -2.6000 -143.4875 1.0000 1.0000 1.0000
vt 0.01562 0.98828
v -238.5703 -2.6000 -87.0797 1.0000 1.0000 1.0000
vt 0.01562 0.08789
f 229/229 230/230 231/231
v -182.1828 -2.6000 -143.4875 1.0000 1.0000 1.0000
vt 0.91602 0.98828
v -238.5703 -2.6000 -87.0797 1.0000 1.0000 1.0000
vt 0.01562 0.08789
v -182.1828 -2.6000 -87.0797 1.0000 1.0000 1.0000
vt 0.91602 0.08789
f 232/232 233/233 234/234
v -182.1828 -2.6000 -87.0797 1.0000 1.0000 1.0000
vt 0.91602 0.08789
v -238.5703 -2.6000 -87.0797 1.0000 1.0000 1.0000
vt 0.01562 0.08789
v -238.5703 -2.6000 -82.5094 1.0000 1.0000 1.0000
vt 0.01562 0.01367
f 235/235 236/236 237/237
v -182.1828 -2.6000 -87.0797 1.0000 1.0000 1.0000
vt 0.91602 0.08789
v -238.5703 -2.6000 -82.5094 1.0000 1.0000 1.0000
vt 0.01562 0.01367
v -182.1828 -2.6000 -82.5094 1.0000 1.0000 1.0000
vt 0.91602 0.01367
f 238/238 239/239 240/240
usemtl m_b07_yuka
v -270.4000 -5.2000 -52.0000 0.6157 0.6157 0.6157
vt 0.50000 -0.18750
v -270.4000 -5.2000 -93.6000 0.6157 0.6157 0.6157
vt 0.50000 0.50000
v -291.2000 -5.2000 -93.6000 0.6157 0.6157 0.6157
vt 0.11523 0.50000
f 241/241 242/242 243/243
v -270.4000 -5.2000 -52.0000 0.6157 0.6157 0.6157
vt 0.50000 -0.18750
v -291.2000 -5.2000 -93.6000 0.6157 0.6157 0.6157
vt 0.11523 0.50000
v -291.2000 -5.2000 -52.0000 0.6157 0.6157 0.6157
vt 0.11523 -0.18750
f 244/244 245/245 246/246
v -291.2000 -5.2000 -52.0000 0.6157 0.6157 0.6157
vt 0.11523 -0.18750
v -291.2000 -5.2000 -93.6000 0.6157 0.6157 0.6157
vt 0.11523 0.50000
v -332.8000 -5.2000 -93.6000 0.6157 0.6157 0.6157
vt -0.62305 0.50000
f 247/247 248/248 249/249
v -291.2000 -5.2000 -52.0000 0.6157 0.6157 0.6157
vt 0.11523 -0.18750
v -332.8000 -5.2000 -93.6000 0.6157 0.6157 0.6157
vt -0.62305 0.50000
v -332.8000 -5.2000 -52.0000 0.6157 0.6157 0.6157
vt -0.62305 -0.18750
f 250/250 251/251 252/252
v -187.2000 -5.2000 -218.4000 1.0000 0.8588 0.5608
vt -1.00000 -0.25781
v -187.2000 -5.2000 -176.8000 1.0000 0.9294 0.7294
vt -1.00000 -1.00000
v -104.0000 -5.2000 -176.8000 1.0000 0.9294 0.7294
vt 0.50000 -1.00000
f 253/253 254/254 255/255
v -187.2000 -5.2000 -218.4000 1.0000 0.8588 0.5608
vt -1.00000 -0.25781
v -104.0000 -5.2000 -176.8000 1.0000 0.9294 0.7294
vt 0.50000 -1.00000
v -145.6000 -5.2000 -218.4000 1.0000 0.8588 0.5608
vt -0.25977 -0.25781
f 256/256 257/257 258/258
v -145.6000 -5.2000 -218.4000 1.0000 0.8588 0.5608
vt -0.25977 -0.25781
v -104.0000 -5.2000 -176.8000 1.0000 0.9294 0.7294
vt 0.50000 -1.00000
v -124.8000 -5.2000 -265.2000 0.7922 0.7294 0.4627
vt 0.12012 0.59180
f 259/259 260/260 261/261
v -145.6000 -5.2000 -218.4000 1.0000 0.8588 0.5608
vt -0.25977 -0.25781
v -124.8000 -5.2000 -265.2000 0.7922 0.7294 0.4627
vt 0.12012 0.59180
v -145.6000 -5.2000 -265.2000 0.7922 0.7294 0.4627
vt -0.25977 0.58789
f 262/262 263/263 264/264
v -187.2000 -5.2000 -52.0000 1.0000 1.0000 1.0000
vt 1.00000 -0.20508
v -187.2000 -5.2000 -20.8000 1.0000 1.0000 1.0000
vt 1.00000 -0.73926
v -145.6000 -5.2000 -20.8000 1.0000 1.0000 1.0000
vt 1.75098 -0.73926
f 265/265 266/266 267/267
v -187.2000 -5.2000 -52.0000 1.0000 1.0000 1.0000
vt 1.00000 -0.20508
v -145.6000 -5.2000 -20.8000 1.0000 1.0000 1.0000
vt 1.75098 -0.73926
v -145.6000 -5.2000 -52.0000 1.0000 1.0000 1.0000
vt 1.75098 -0.20801
f 268/268 269/269 270/270
v -145.6000 -5.2000 -52.0000 1.0000 1.0000 1.0000
vt 1.75098 -0.20801
v -145.6000 -5.2000 -20.8000 1.0000 1.0000 1.0000
vt 1.75098 -0.73926
v -104.0000 -5.2000 -20.8000 1.0000 1.0000 1.0000
vt 2.50000 -0.73926
f 271/271 272/272 273/273
v -145.6000 -5.2000 -52.0000 1.0000 1.0000 1.0000
vt 1.75098 -0.20801
v -104.0000 -5.2000 -20.8000 1.0000 1.0000 1.0000
vt 2.50000 -0.73926
v -104.0000 -5.2000 -52.0000 1.0000 1.0000 1.0000
vt 2.50000 -0.20801
f 274/274 275/275 276/276
v -145.6000 -5.2000 -52.0000 1.0000 1.0000 1.0000
vt 1.75098 -0.20801
v -104.0000 -5.2000 -52.0000 1.0000 1.0000 1.0000
vt 2.50000 -0.20801
v -104.0000 -5.2000 -72.8000 1.0000 1.0000 1.0000
vt 2.50000 0.14355
f 277/277 278/278 279/279
v -145.6000 -5.2000 -52.0000 1.0000 1.0000 1.0000
vt 1.75098 -0.20801
v -104.0000 -5.2000 -72.8000 1.0000 1.0000 1.0000
vt 2.50000 0.14355
v -145.6000 -5.2000 -72.8000 1.0000 1.0000 1.0000
vt 1.75098 0.14355
f 280/280 281/281 282/282
v -145.6000 -5.2000 -72.8000 1.0000 1.0000 1.0000
vt 1.75098 0.14355
v -104.0000 -5.2000 -72.8000 1.0000 1.0000 1.0000
vt 2.50000 0.14355
v -104.0000 -5.2000 -93.6000 1.0000 1.0000 1.0000
vt 2.50000 0.50000
f 283/283 284/284 285/285
v -145.6000 -5.2000 -72.8000 1.0000 1.0000 1.0000
vt 1.75098 0.14355
v -104.0000 -5.2000 -93.6000 1.0000 1.0000 1.0000
vt 2.50000 0.50000
v -145.6000 -5.2000 -93.6000 1.0000 1.0000 1.0000
vt 1.75098 0.50000
f 286/286 287/287 288/288
v -270.4000 -5.2000 -218.4000 0.6157 0.6157 0.6157
vt 0.50000 -0.25391
v -270.4000 -5.2000 -265.2000 0.4627 0.4627 0.4627
vt 0.50000 0.60742
v -291.2000 -5.2000 -265.2000 0.4627 0.4627 0.4627
vt 0.10449 0.60742
f 289/289 290/290 291/291
v -270.4000 -5.2000 -218.4000 0.6157 0.6157 0.6157
vt 0.50000 -0.25391
v -291.2000 -5.2000 -265.2000 0.4627 0.4627 0.4627
vt 0.10449 0.60742
v -291.2000 -5.2000 -218.4000 0.6157 0.6157 0.6157
vt 0.10449 -0.25391
f 292/292 293/293 294/294
v -291.2000 -5.2000 -218.4000 0.6157 0.6157 0.6157
vt 0.10449 -0.25391
v -291.2000 -5.2000 -265.2000 0.4627 0.4627 0.4627
vt 0.10449 0.60742
v -332.8000 -5.2000 -265.2000 0.4627 0.4627 0.4627
vt -0.66211 0.60742
f 295/295 296/296 297/297
v -291.2000 -5.2000 -218.4000 0.6157 0.6157 0.6157
vt 0.10449 -0.25391
v -332.8000 -5.2000 -265.2000 0.4627 0.4627 0.4627
vt -0.66211 0.60742
v -332.8000 -5.2000 -218.4000 0.6157 0.6157 0.6157
vt -0.66211 -0.25391
f 298/298 299/299 300/300
v -270.4000 -5.2000 -265.2000 0.4627 0.4627 0.4627
vt -1.00000 0.59473
v -270.4000 -5.2000 -218.4000 0.6157 0.6157 0.6157
vt -1.00000 -0.25684
v -187.2000 -5.2000 -218.4000 0.6157 0.6157 0.6157
vt 0.50000 -0.25684
f 301/301 302/302 303/303
v -270.4000 -5.2000 -265.2000 0.4627 0.4627 0.4627
vt -1.00000 0.59473
v -187.2000 -5.2000 -218.4000 0.6157 0.6157 0.6157
vt 0.50000 -0.25684
v -187.2000 -5.2000 -265.2000 0.4627 0.4627 0.4627
vt 0.50000 0.59473
f 304/304 305/305 306/306
v -270.4000 -5.2000 -218.4000 1.0000 0.8588 0.5608
vt -1.00000 -0.25684
v -270.4000 -5.2000 -176.8000 1.0000 0.9294 0.7294
vt -1.00000 -1.00000
v -187.2000 -5.2000 -176.8000 1.0000 0.9294 0.7294
vt 0.50000 -1.00000
f 307/307 308/308 309/309
v -270.4000 -5.2000 -218.4000 1.0000 0.8588 0.5608
vt -1.00000 -0.25684
v -187.2000 -5.2000 -176.8000 1.0000 0.9294 0.7294
vt 0.50000 -1.00000
v -187.2000 -5.2000 -218.4000 1.0000 0.8588 0.5608
vt 0.50000 -0.25684
f 310/310 311/311 312/312
v -270.4000 -5.2000 -93.6000 1.0000 1.0000 1.0000
vt -1.00000 -1.00000
v -187.2000 -5.2000 -93.6000 1.0000 1.0000 1.0000
vt 0.50000 -1.00000
v -187.2000 -5.2000 -176.8000 1.0000 0.9294 0.7294
vt 0.50000 0.50000
f 313/313 314/314 315/315
v -270.4000 -5.2000 -93.6000 1.0000 1.0000 1.0000
vt -1.00000 -1.00000
v -187.2000 -5.2000 -176.8000 1.0000 0.9294 0.7294
vt 0.50000 0.50000
v -270.4000 -5.2000 -176.8000 1.0000 0.9294 0.7294
vt -1.00000 0.50000
f 316/316 317/317 318/318
v -83.2000 -5.2000 -52.0000 0.6157 0.6157 0.6157
vt -0.62109 1.79785
v -20.8000 -5.2000 -52.0000 0.6157 0.6157 0.6157
vt 0.50000 1.79785
v -20.8000 -5.2000 -93.6000 0.6157 0.6157 0.6157
vt 0.50000 2.50000
f 319/319 320/320 321/321
v -83.2000 -5.2000 -52.0000 0.6157 0.6157 0.6157
vt -0.62109 1.79785
v -20.8000 -5.2000 -93.6000 0.6157 0.6157 0.6157
vt 0.50000 2.50000
v -104.0000 -5.2000 -72.8000 0.6157 0.6157 0.6157
vt -1.00000 2.15918
f 322/322 323/323 324/324
v -104.0000 -5.2000 -20.8000 1.0000 1.0000 1.0000
vt -1.00000 1.26562
v -20.8000 -5.2000 -20.8000 1.0000 1.0000 1.0000
vt 0.50000 1.26562
v -83.2000 -5.2000 -52.0000 1.0000 1.0000 1.0000
vt -0.62109 1.79785
f 325/325 326/326 327/327
v -104.0000 -5.2000 -20.8000 1.0000 1.0000 1.0000
vt -1.00000 1.26562
v -83.2000 -5.2000 -52.0000 1.0000 1.0000 1.0000
vt -0.62109 1.79785
v -104.0000 -5.2000 -52.0000 1.0000 1.0000 1.0000
vt -1.00000 1.79785
f 328/328 329/329 330/330
v -187.2000 -5.2000 -52.0000 0.6157 0.6157 0.6157
vt 1.00000 -0.20508
v -145.6000 -5.2000 -72.8000 0.6157 0.6157 0.6157
vt 1.75098 0.14355
v -166.4000 -5.2000 -93.6000 0.6157 0.6157 0.6157
vt 1.37695 0.50000
f 331/331 332/332 333/333
v -187.2000 -5.2000 -52.0000 0.6157 0.6157 0.6157
vt 1.00000 -0.20508
v -166.4000 -5.2000 -93.6000 0.6157 0.6157 0.6157
vt 1.37695 0.50000
v -187.2000 -5.2000 -93.6000 0.6157 0.6157 0.6157
vt 1.00000 0.50000
f 334/334 335/335 336/336
v -187.2000 -5.2000 -176.8000 1.0000 0.9294 0.7294
vt -1.00000 0.50000
v -166.4000 -5.2000 -93.6000 1.0000 1.0000 1.0000
vt -0.59961 -1.00000
v -145.6000 -5.2000 -93.6000 1.0000 1.0000 1.0000
vt -0.25000 -1.00000
f 337/337 338/338 339/339
v -187.2000 -5.2000 -176.8000 1.0000 0.9294 0.7294
vt -1.00000 0.50000
v -145.6000 -5.2000 -93.6000 1.0000 1.0000 1.0000
vt -0.25000 -1.00000
v -104.0000 -5.2000 -176.8000 1.0000 0.9294 0.7294
vt 0.50000 0.50000
f 340/340 341/341 342/342
v -187.2000 -5.2000 -52.0000 1.0000 1.0000 1.0000
vt 0.50000 -0.20312
v -270.4000 -5.2000 -52.0000 1.0000 1.0000 1.0000
vt -1.00000 -0.19922
v -270.4000 -5.2000 -20.8000 1.0000 1.0000 1.0000
vt -1.00000 -0.73926
f 343/343 344/344 345/345
v -187.2000 -5.2000 -52.0000 1.0000 1.0000 1.0000
vt 0.50000 -0.20312
v -270.4000 -5.2000 -20.8000 1.0000 1.0000 1.0000
vt -1.00000 -0.73926
v -187.2000 -5.2000 -20.8000 1.0000 1.0000 1.0000
vt 0.50000 -0.73926
f 346/346 347/347 348/348
v -291.2000 -5.2000 -52.0000 1.0000 1.0000 1.0000
vt 0.11523 -0.18750
v -291.2000 -5.2000 -20.8000 1.0000 1.0000 1.0000
vt 0.11523 -0.73047
v -270.4000 -5.2000 -20.8000 1.0000 1.0000 1.0000
vt 0.50000 -0.73047
f 349/349 350/350 351/351
v -291.2000 -5.2000 -52.0000 1.0000 1.0000 1.0000
vt 0.11523 -0.18750
v -270.4000 -5.2000 -20.8000 1.0000 1.0000 1.0000
vt 0.50000 -0.73047
v -270.4000 -5.2000 -52.0000 1.0000 1.0000 1.0000
vt 0.50000 -0.18750
f 352/352 353/353 354/354
v -187.2000 -5.2000 -322.4000 0.4627 0.4627 0.4627
vt -1.00000 0.12988
v -157.3000 -5.2000 -300.3000 0.4627 0.4627 0.4627
vt -0.46289 -0.26367
v -124.8000 -5.2000 -300.3000 0.4627 0.4627 0.4627
vt 0.12402 -0.26270
f 355/355 356/356 357/357
v -187.2000 -5.2000 -322.4000 0.4627 0.4627 0.4627
vt -1.00000 0.12988
v -124.8000 -5.2000 -300.3000 0.4627 0.4627 0.4627
vt 0.12402 -0.26270
v -124.8000 -5.2000 -322.4000 0.4627 0.4627 0.4627
vt 0.12500 0.12988
f 358/358 359/359 360/360
v -187.2000 -5.2000 -218.4000 0.6157 0.6157 0.6157
vt -1.00000 -0.25781
v -145.6000 -5.2000 -218.4000 0.6157 0.6157 0.6157
vt -0.25977 -0.25781
v -145.6000 -5.2000 -265.2000 0.4627 0.4627 0.4627
vt -0.25977 0.59473
f 361/361 362/362 363/363
v -187.2000 -5.2000 -218.4000 0.6157 0.6157 0.6157
vt -1.00000 -0.25781
v -145.6000 -5.2000 -265.2000 0.4627 0.4627 0.4627
vt -0.25977 0.59473
v -157.3000 -5.2000 -265.2000 0.4627 0.4627 0.4627
vt -0.46777 0.59473
f 364/364 365/365 366/366
v -187.2000 -5.2000 -265.2000 0.4627 0.4627 0.4627
vt -1.00000 -0.90625
v -157.3000 -5.2000 -265.2000 0.4627 0.4627 0.4627
vt -0.47461 -0.90430
v -157.3000 -5.2000 -300.3000 0.4627 0.4627 0.4627
vt -0.47461 -0.26855
f 367/367 368/368 369/369
v -187.2000 -5.2000 -265.2000 0.4627 0.4627 0.4627
vt -1.00000 -0.90625
v -157.3000 -5.2000 -300.3000 0.4627 0.4627 0.4627
vt -0.47461 -0.26855
v -187.2000 -5.2000 -322.4000 0.4627 0.4627 0.4627
vt -1.00000 0.12988
f 370/370 371/371 372/372
v -104.0000 -5.2000 -265.2000 0.7922 0.7294 0.4627
vt -1.00000 -0.90332
v -20.8000 -5.2000 -265.2000 0.7922 0.7294 0.4627
vt 0.50000 -0.90332
v -20.8000 -5.2000 -280.8000 0.7922 0.7294 0.4627
vt 0.50000 -0.61230
f 373/373 374/374 375/375
v -104.0000 -5.2000 -265.2000 0.7922 0.7294 0.4627
vt -1.00000 -0.90332
v -20.8000 -5.2000 -280.8000 0.7922 0.7294 0.4627
vt 0.50000 -0.61230
v -104.0000 -5.2000 -280.8000 0.7922 0.7294 0.4627
vt -1.00000 -0.61230
f 376/376 377/377 378/378
v -270.4000 -5.2000 -218.4000 1.0000 0.8588 0.5608
vt 0.50000 -0.25391
v -291.2000 -5.2000 -218.4000 1.0000 0.8588 0.5608
vt 0.10449 -0.25391
v -291.2000 -5.2000 -176.8000 1.0000 0.9294 0.7294
vt 0.10449 -1.00000
f 379/379 380/380 381/381
v -270.4000 -5.2000 -218.4000 1.0000 0.8588 0.5608
vt 0.50000 -0.25391
v -291.2000 -5.2000 -176.8000 1.0000 0.9294 0.7294
vt 0.10449 -1.00000
v -270.4000 -5.2000 -176.8000 1.0000 0.9294 0.7294
vt 0.50000 -1.00000
f 382/382 383/383 384/384
v -291.2000 -5.2000 -93.6000 0.6157 0.6157 0.6157
vt 0.12012 -1.00000
v -291.2000 -5.2000 -176.8000 0.6157 0.6157 0.6157
vt 0.12012 0.50000
v -332.8000 -5.2000 -176.8000 0.6157 0.6157 0.6157
vt -0.62598 0.50000
f 385/385 386/386 387/387
v -291.2000 -5.2000 -93.6000 0.6157 0.6157 0.6157
vt 0.12012 -1.00000
v -332.8000 -5.2000 -176.8000 0.6157 0.6157 0.6157
vt -0.62598 0.50000
v -332.8000 -5.2000 -93.6000 0.6157 0.6157 0.6157
vt -0.62598 -1.00000
f 388/388 389/389 390/390
v -104.0000 -5.2000 -280.8000 0.7922 0.7294 0.4627
vt 0.50000 -0.61035
v -124.8000 -5.2000 -280.8000 0.7922 0.7294 0.4627
vt 0.11523 -0.61035
v -124.8000 -5.2000 -265.2000 0.7922 0.7294 0.4627
vt 0.11523 -0.90234
f 391/391 392/392 393/393
v -104.0000 -5.2000 -280.8000 0.7922 0.7294 0.4627
vt 0.50000 -0.61035
v -124.8000 -5.2000 -265.2000 0.7922 0.7294 0.4627
vt 0.11523 -0.90234
v -104.0000 -5.2000 -265.2000 0.7922 0.7294 0.4627
vt 0.50000 -0.90234
f 394/394 395/395 396/396
v -124.8000 -5.2000 -300.3000 0.4627 0.4627 0.4627
vt 0.00000 0.00000
v -157.3000 -5.2000 -300.3000 0.4627 0.4627 0.4627
vt 1.00000 0.00000
v -157.3000 -26.0000 -300.3000 0.4627 0.4627 0.4627
vt 1.00000 1.00000
f 397/397 398/398 399/399
v -124.8000 -5.2000 -300.3000 0.4627 0.4627 0.4627
vt 0.00000 0.00000
v -157.3000 -26.0000 -300.3000 0.4627 0.4627 0.4627
vt 1.00000 1.00000
v -124.8000 -26.0000 -300.3000 0.4627 0.4627 0.4627
vt 0.00000 1.00000
f 400/400 401/401 402/402
v -20.8000 -5.2000 -176.8000 1.0000 0.9294 0.7294
vt 0.50000 0.50000
v -104.0000 -5.2000 -176.8000 1.0000 0.9294 0.7294
vt -1.00000 0.50000
v -104.0000 -5.2000 -93.6000 1.0000 1.0000 1.0000
vt -1.00000 -1.00000
f 403/403 404/404 405/405
v -20.8000 -5.2000 -176.8000 1.0000 0.9294 0.7294
vt 0.50000 0.50000
v -104.0000 -5.2000 -93.6000 1.0000 1.0000 1.0000
vt -1.00000 -1.00000
v -20.8000 -5.2000 -93.6000 1.0000 1.0000 1.0000
vt 0.50000 -1.00000
f 406/406 407/407 408/408
v -332.8000 -5.2000 -176.8000 0.6157 0.6157 0.6157
vt -0.66211 -1.00000
v -291.2000 -5.2000 -176.8000 0.6157 0.6157 0.6157
vt 0.10449 -1.00000
v -291.2000 -5.2000 -218.4000 0.6157 0.6157 0.6157
vt 0.10449 -0.25391
f 409/409 410/410 411/411
v -332.8000 -5.2000 -176.8000 0.6157 0.6157 0.6157
vt -0.66211 -1.00000
v -291.2000 -5.2000 -218.4000 0.6157 0.6157 0.6157
vt 0.10449 -0.25391
v -332.8000 -5.2000 -218.4000 0.6157 0.6157 0.6157
vt -0.66211 -0.25391
f 412/412 413/413 414/414
v -104.0000 -5.2000 -280.8000 0.4627 0.4627 0.4627
vt -1.00000 -0.61230
v -20.8000 -5.2000 -280.8000 0.4627 0.4627 0.4627
vt 0.50000 -0.61230
v -20.8000 -5.2000 -322.4000 0.4627 0.4627 0.4627
vt 0.50000 0.11035
f 415/415 416/416 417/417
v -104.0000 -5.2000 -280.8000 0.4627 0.4627 0.4627
vt -1.00000 -0.61230
v -20.8000 -5.2000 -322.4000 0.4627 0.4627 0.4627
vt 0.50000 0.11035
v -104.0000 -5.2000 -322.4000 0.4627 0.4627 0.4627
vt -1.00000 0.11035
f 418/418 419/419 420/420
v -270.4000 -5.2000 -93.6000 0.6157 0.6157 0.6157
vt -1.00000 0.50000
v -270.4000 -5.2000 -52.0000 0.6157 0.6157 0.6157
vt -1.00000 -0.19922
v -187.2000 -5.2000 -52.0000 0.6157 0.6157 0.6157
vt 0.50000 -0.20312
f 421/421 422/422 423/423
v -270.4000 -5.2000 -93.6000 0.6157 0.6157 0.6157
vt -1.00000 0.50000
v -187.2000 -5.2000 -52.0000 0.6157 0.6157 0.6157
vt 0.50000 -0.20312
v -187.2000 -5.2000 -93.6000 0.6157 0.6157 0.6157
vt 0.50000 0.50000
f 424/424 425/425 426/426
v -270.4000 -5.2000 -93.6000 1.0000 1.0000 1.0000
vt 0.50000 -1.00000
v -270.4000 -5.2000 -176.8000 1.0000 0.9294 0.7294
vt 0.50000 0.50000
v -291.2000 -5.2000 -176.8000 1.0000 0.9294 0.7294
vt 0.12012 0.50000
f 427/427 428/428 429/429
v -270.4000 -5.2000 -93.6000 1.0000 1.0000 1.0000
vt 0.50000 -1.00000
v -291.2000 -5.2000 -176.8000 1.0000 0.9294 0.7294
vt 0.12012 0.50000
v -291.2000 -5.2000 -93.6000 1.0000 1.0000 1.0000
vt 0.12012 -1.00000
f 430/430 431/431 432/432
v -104.0000 -5.2000 -322.4000 0.4627 0.4627 0.4627
vt 0.50000 0.12988
v -124.8000 -5.2000 -300.3000 0.4627 0.4627 0.4627
vt 0.12402 -0.26270
v -124.8000 -5.2000 -280.8000 0.4627 0.4627 0.4627
vt 0.12109 -0.61035
f 433/433 434/434 435/435
v -104.0000 -5.2000 -322.4000 0.4627 0.4627 0.4627
vt 0.50000 0.12988
v -124.8000 -5.2000 -280.8000 0.4627 0.4627 0.4627
vt 0.12109 -0.61035
v -104.0000 -5.2000 -280.8000 0.4627 0.4627 0.4627
vt 0.50000 -0.61035
f 436/436 437/437 438/438
v -332.8000 -5.2000 -20.8000 0.6157 0.6157 0.6157
vt -0.62305 -0.73047
v -291.2000 -5.2000 -20.8000 0.6157 0.6157 0.6157
vt 0.11523 -0.73047
v -291.2000 -5.2000 -52.0000 0.6157 0.6157 0.6157
vt 0.11523 -0.18750
f 439/439 440/440 441/441
v -332.8000 -5.2000 -20.8000 0.6157 0.6157 0.6157
vt -0.62305 -0.73047
v -291.2000 -5.2000 -52.0000 0.6157 0.6157 0.6157
vt 0.11523 -0.18750
v -332.8000 -5.2000 -52.0000 0.6157 0.6157 0.6157
vt -0.62305 -0.18750
f 442/442 443/443 444/444
v -104.0000 -5.2000 -265.2000 0.7922 0.7294 0.4627
vt -1.00000 0.59375
v -104.0000 -5.2000 -176.8000 1.0000 0.9294 0.7294
vt -1.00000 -1.00000
v -20.8000 -5.2000 -176.8000 1.0000 0.9294 0.7294
vt 0.50000 -1.00000
f 445/445 446/446 447/447
v -104.0000 -5.2000 -265.2000 0.7922 0.7294 0.4627
vt -1.00000 0.59375
v -20.8000 -5.2000 -176.8000 1.0000 0.9294 0.7294
vt 0.50000 -1.00000
v -20.8000 -5.2000 -265.2000 0.7922 0.7294 0.4627
vt 0.50000 0.59375
f 448/448 449/449 450/450
v -124.8000 -5.2000 -300.3000 0.4627 0.4627 0.4627
vt 0.00000 0.00000
v -124.8000 -26.0000 -300.3000 0.4627 0.4627 0.4627
vt 1.00000 0.00000
v -124.8000 -5.2000 -280.8000 0.4627 0.4627 0.4627
vt 0.00000 0.93750
f 451/451 452/452 453/453
v -187.2000 -5.2000 -52.0000 0.6157 0.6157 0.6157
vt 1.00000 -0.20508
v -145.6000 -5.2000 -52.0000 0.6157 0.6157 0.6157
vt 1.75098 -0.20801
v -145.6000 -5.2000 -72.8000 0.6157 0.6157 0.6157
vt 1.75098 0.14355
f 454/454 455/455 456/456
v -166.4000 -5.2000 -93.6000 1.0000 1.0000 1.0000
vt 1.37695 0.50000
v -145.6000 -5.2000 -72.8000 1.0000 1.0000 1.0000
vt 1.75098 0.14355
v -145.6000 -5.2000 -93.6000 1.0000 1.0000 1.0000
vt 1.75098 0.50000
f 457/457 458/458 459/459
v -187.2000 -5.2000 -218.4000 0.6157 0.6157 0.6157
vt -1.00000 -0.25781
v -157.3000 -5.2000 -265.2000 0.4627 0.4627 0.4627
vt -0.46777 0.59473
v -187.2000 -5.2000 -265.2000 0.4627 0.4627 0.4627
vt -1.00000 0.59473
f 460/460 461/461 462/462
v -104.0000 -5.2000 -52.0000 1.0000 1.0000 1.0000
vt -1.00000 1.79785
v -83.2000 -5.2000 -52.0000 1.0000 1.0000 1.0000
vt -0.62109 1.79785
v -104.0000 -5.2000 -72.8000 1.0000 1.0000 1.0000
vt -1.00000 2.15918
f 463/463 464/464 465/465
v -124.8000 -5.2000 -322.4000 0.4627 0.4627 0.4627
vt 0.12500 0.12988
v -124.8000 -5.2000 -300.3000 0.4627 0.4627 0.4627
vt 0.12402 -0.26270
v -104.0000 -5.2000 -322.4000 0.4627 0.4627 0.4627
vt 0.50000 0.12988
f 466/466 467/467 468/468
v -83.2000 -5.2000 -52.0000 1.0000 1.0000 1.0000
vt -0.62109 1.79785
v -20.8000 -5.2000 -20.8000 1.0000 1.0000 1.0000
vt 0.50000 1.26562
v -20.8000 -5.2000 -52.0000 1.0000 1.0000 1.0000
vt 0.50000 1.79785
f 469/469 470/470 471/471
v -104.0000 -5.2000 -176.8000 1.0000 0.9294 0.7294
vt 0.50000 0.50000
v -145.6000 -5.2000 -93.6000 1.0000 1.0000 1.0000
vt -0.25000 -1.00000
v -104.0000 -5.2000 -93.6000 1.0000 1.0000 1.0000
vt 0.50000 -1.00000
f 472/472 473/473 474/474
v -104.0000 -5.2000 -72.8000 0.6157 0.6157 0.6157
vt -1.00000 2.15918
v -20.8000 -5.2000 -93.6000 0.6157 0.6157 0.6157
vt 0.50000 2.50000
v -104.0000 -5.2000 -93.6000 0.6157 0.6157 0.6157
vt -1.00000 2.50000
f 475/475 476/476 477/477
v -124.8000 -5.2000 -265.2000 0.7922 0.7294 0.4627
vt 0.12012 0.59180
v -104.0000 -5.2000 -176.8000 1.0000 0.9294 0.7294
vt 0.50000 -1.00000
v -104.0000 -5.2000 -265.2000 0.7922 0.7294 0.4627
vt 0.50000 0.59375
f 478/478 479/479 480/480
v -187.2000 -5.2000 -93.6000 1.0000 1.0000 1.0000
vt -1.00000 -1.00000
v -166.4000 -5.2000 -93.6000 1.0000 1.0000 1.0000
vt -0.59961 -1.00000
v -187.2000 -5.2000 -176.8000 1.0000 0.9294 0.7294
vt -1.00000 0.50000
f 481/481 482/482 483/483
usemtl m_b07_kabe
v -166.4000 59.8000 -72.8000 0.0000 0.0000 0.0000
vt -5.37695 -0.33496
v -166.4000 59.8000 -83.2000 0.0000 0.0000 0.0000
vt -5.37695 -0.30273
v -175.5000 59.8000 -93.6000 0.0000 0.0000 0.0000
vt -5.39648 -0.27051
f 484/484 485/485 486/486
v -166.4000 59.8000 -72.8000 0.0000 0.0000 0.0000
vt -5.37695 -0.33496
v -175.5000 59.8000 -93.6000 0.0000 0.0000 0.0000
vt -5.39648 -0.27051
v -175.5000 59.8000 -72.8000 0.0000 0.0000 0.0000
vt -5.39648 -0.33496
f 487/487 488/488 489/489
v -175.5000 59.8000 -72.8000 0.0000 0.0000 0.0000
vt -5.39648 -0.33496
v -175.5000 59.8000 -93.6000 0.0000 0.0000 0.0000
vt -5.39648 -0.27051
v -196.1985 59.8000 -93.6000 0.0000 0.0000 0.0000
vt -5.45508 -0.27051
f 490/490 491/491 492/492
v -175.5000 59.8000 -72.8000 0.0000 0.0000 0.0000
vt -5.39648 -0.33496
v -196.1985 59.8000 -93.6000 0.0000 0.0000 0.0000
vt -5.45508 -0.27051
v -196.2188 59.8000 -72.8000 0.0000 0.0000 0.0000
vt -5.44922 -0.33496
f 493/493 494/494 495/495
v -196.2188 59.8000 -72.8000 0.0000 0.0000 0.0000
vt -5.44922 -0.33496
v -196.1985 59.8000 -93.6000 0.0000 0.0000 0.0000
vt -5.45508 -0.27051
v -217.7906 59.8000 -93.6000 0.0000 0.0000 0.0000
vt -5.52930 -0.27051
f 496/496 497/497 498/498
v -196.2188 59.8000 -72.8000 0.0000 0.0000 0.0000
vt -5.44922 -0.33496
v -217.7906 59.8000 -93.6000 0.0000 0.0000 0.0000
vt -5.52930 -0.27051
v -217.8719 59.8000 -72.8000 0.0000 0.0000 0.0000
vt -5.50195 -0.33496
f 499/499 500/500 501/501
v -217.8719 59.8000 -72.8000 0.0000 0.0000 0.0000
vt -5.50195 -0.33496
v -217.7906 59.8000 -93.6000 0.0000 0.0000 0.0000
vt -5.52930 -0.27051
v -240.5000 59.8000 -93.6000 0.0000 0.0000 0.0000
vt -5.60938 -0.27051
f 502/502 503/503 504/504
v -217.8719 59.8000 -72.8000 0.0000 0.0000 0.0000
vt -5.50195 -0.33496
v -240.5000 59.8000 -93.6000 0.0000 0.0000 0.0000
vt -5.60938 -0.27051
v -240.5000 59.8000 -72.8000 0.0000 0.0000 0.0000
vt -5.60938 -0.33496
f 505/505 506/506 507/507
v -240.5000 59.8000 -72.8000 0.0000 0.0000 0.0000
vt -5.60938 -0.33496
v -240.5000 59.8000 -93.6000 0.0000 0.0000 0.0000
vt -5.60938 -0.27051
v -263.0875 59.8000 -93.6000 0.0000 0.0000 0.0000
vt -5.68164 -0.27051
f 508/508 509/509 510/510
v -240.5000 59.8000 -72.8000 0.0000 0.0000 0.0000
vt -5.60938 -0.33496
v -263.0875 59.8000 -93.6000 0.0000 0.0000 0.0000
vt -5.68164 -0.27051
v -263.1281 59.8000 -72.8000 0.0000 0.0000 0.0000
vt -5.71484 -0.33496
f 511/511 512/512 513/513
v -263.1281 59.8000 -72.8000 0.0000 0.0000 0.0000
vt -5.71484 -0.33496
v -263.0875 59.8000 -93.6000 0.0000 0.0000 0.0000
vt -5.68164 -0.27051
v -284.8422 59.8000 -93.6000 0.0000 0.0000 0.0000
vt -5.75195 -0.27051
f 514/514 515/515 516/516
v -263.1281 59.8000 -72.8000 0.0000 0.0000 0.0000
vt -5.71484 -0.33496
v -284.8422 59.8000 -93.6000 0.0000 0.0000 0.0000
vt -5.75195 -0.27051
v -284.7812 59.8000 -72.8000 0.0000 0.0000 0.0000
vt -5.76758 -0.33496
f 517/517 518/518 519/519
v -284.7812 59.8000 -72.8000 0.0000 0.0000 0.0000
vt -5.76758 -0.33496
v -284.8422 59.8000 -93.6000 0.0000 0.0000 0.0000
vt -5.75195 -0.27051
v -305.5000 59.8000 -93.6000 0.0000 0.0000 0.0000
vt -5.82227 -0.27051
f 520/520 521/521 522/522
v -284.7812 59.8000 -72.8000 0.0000 0.0000 0.0000
vt -5.76758 -0.33496
v -305.5000 59.8000 -93.6000 0.0000 0.0000 0.0000
vt -5.82227 -0.27051
v -305.5000 59.8000 -72.8000 0.0000 0.0000 0.0000
vt -5.82031 -0.33496
f 523/523 524/524 525/525
v -305.5000 59.8000 -72.8000 0.0000 0.0000 0.0000
vt -5.82031 -0.33496
v -305.5000 59.8000 -93.6000 0.0000 0.0000 0.0000
vt -5.82227 -0.27051
v -314.6000 59.8000 -93.6000 0.0000 0.0000 0.0000
vt -5.84375 -0.27051
f 526/526 527/527 528/528
v -305.5000 59.8000 -72.8000 0.0000 0.0000 0.0000
vt -5.82031 -0.33496
v -314.6000 59.8000 -93.6000 0.0000 0.0000 0.0000
vt -5.84375 -0.27051
v -314.6000 59.8000 -72.8000 0.0000 0.0000 0.0000
vt -5.84375 -0.33496
f 529/529 530/530 531/531
v -314.6000 59.8000 -72.8000 0.0000 0.0000 0.0000
vt -5.84375 -0.33496
v -314.6000 59.8000 -93.6000 0.0000 0.0000 0.0000
vt -5.84375 -0.27051
v -335.4000 59.8000 -93.6000 0.0000 0.0000 0.0000
vt -5.91016 -0.27051
f 532/532 533/533 534/534
v -314.6000 59.8000 -72.8000 0.0000 0.0000 0.0000
vt -5.84375 -0.33496
v -335.4000 59.8000 -93.6000 0.0000 0.0000 0.0000
vt -5.91016 -0.27051
v -335.4000 59.8000 -72.8000 0.0000 0.0000 0.0000
vt -5.91016 -0.33496
f 535/535 536/536 537/537
v -39.0000 59.8000 -93.6000 0.0000 0.0000 0.0000
vt -4.97656 -0.27051
v -18.2000 59.8000 -93.6000 0.0000 0.0000 0.0000
vt -4.91016 -0.27051
v -18.2000 59.8000 -122.2000 0.0000 0.0000 0.0000
vt -4.91016 -0.19043
f 538/538 539/539 540/540
v -39.0000 59.8000 -93.6000 0.0000 0.0000 0.0000
vt -4.97656 -0.27051
v -18.2000 59.8000 -122.2000 0.0000 0.0000 0.0000
vt -4.91016 -0.19043
v -39.0000 59.8000 -122.2000 0.0000 0.0000 0.0000
vt -4.97656 -0.19043
f 541/541 542/542 543/543
v -39.0000 59.8000 -122.2000 0.0000 0.0000 0.0000
vt -4.97656 -0.19043
v -18.2000 59.8000 -122.2000 0.0000 0.0000 0.0000
vt -4.91016 -0.19043
v -18.2000 59.8000 -148.2000 0.0000 0.0000 0.0000
vt -4.91016 -0.10938
f 544/544 545/545 546/546
v -39.0000 59.8000 -122.2000 0.0000 0.0000 0.0000
vt -4.97656 -0.19043
v -18.2000 59.8000 -148.2000 0.0000 0.0000 0.0000
vt -4.91016 -0.10938
v -39.0000 59.8000 -148.2000 0.0000 0.0000 0.0000
vt -4.97656 -0.10938
f 547/547 548/548 549/549
v -39.0000 59.8000 -148.2000 0.0000 0.0000 0.0000
vt -4.97656 -0.10938
v -18.2000 59.8000 -148.2000 0.0000 0.0000 0.0000
vt -4.91016 -0.10938
v -18.2000 59.8000 -174.2000 0.0000 0.0000 0.0000
vt -4.91016 -0.02930
f 550/550 551/551 552/552
v -39.0000 59.8000 -148.2000 0.0000 0.0000 0.0000
vt -4.97656 -0.10938
v -18.2000 59.8000 -174.2000 0.0000 0.0000 0.0000
vt -4.91016 -0.02930
v -39.0000 59.8000 -174.2000 0.0000 0.0000 0.0000
vt -4.97656 -0.02930
f 553/553 554/554 555/555
v -39.0000 59.8000 -174.2000 0.0000 0.0000 0.0000
vt -4.97656 -0.02930
v -18.2000 59.8000 -174.2000 0.0000 0.0000 0.0000
vt -4.91016 -0.02930
v -18.2000 59.8000 -200.2000 0.0000 0.0000 0.0000
vt -4.91016 0.05176
f 556/556 557/557 558/558
v -39.0000 59.8000 -174.2000 0.0000 0.0000 0.0000
vt -4.97656 -0.02930
v -18.2000 59.8000 -200.2000 0.0000 0.0000 0.0000
vt -4.91016 0.05176
v -39.0000 59.8000 -200.2000 0.0000 0.0000 0.0000
vt -4.97656 0.05176
f 559/559 560/560 561/561
v -39.0000 59.8000 -200.2000 0.0000 0.0000 0.0000
vt -4.97656 0.05176
v -18.2000 59.8000 -200.2000 0.0000 0.0000 0.0000
vt -4.91016 0.05176
v -18.2000 59.8000 -226.2000 0.0000 0.0000 0.0000
vt -4.91016 0.13184
f 562/562 563/563 564/564
v -39.0000 59.8000 -200.2000 0.0000 0.0000 0.0000
vt -4.97656 0.05176
v -18.2000 59.8000 -226.2000 0.0000 0.0000 0.0000
vt -4.91016 0.13184
v -39.0000 59.8000 -226.2000 0.0000 0.0000 0.0000
vt -4.97656 0.13184
f 565/565 566/566 567/567
v -39.0000 59.8000 -226.2000 0.0000 0.0000 0.0000
vt -4.97656 0.13184
v -18.2000 59.8000 -226.2000 0.0000 0.0000 0.0000
vt -4.91016 0.13184
v -18.2000 59.8000 -252.2000 0.0000 0.0000 0.0000
vt -4.91016 0.21289
f 568/568 569/569 570/570
v -39.0000 59.8000 -226.2000 0.0000 0.0000 0.0000
vt -4.97656 0.13184
v -18.2000 59.8000 -252.2000 0.0000 0.0000 0.0000
vt -4.91016 0.21289
v -39.0000 59.8000 -252.2000 0.0000 0.0000 0.0000
vt -4.97656 0.21289
f 571/571 572/572 573/573
v -39.0000 59.8000 -252.2000 0.0000 0.0000 0.0000
vt -4.97656 0.21289
v -18.2000 59.8000 -252.2000 0.0000 0.0000 0.0000
vt -4.91016 0.21289
v -18.2000 59.8000 -278.2000 0.0000 0.0000 0.0000
vt -4.91016 0.29395
f 574/574 575/575 576/576
v -39.0000 59.8000 -252.2000 0.0000 0.0000 0.0000
vt -4.97656 0.21289
v -18.2000 59.8000 -278.2000 0.0000 0.0000 0.0000
vt -4.91016 0.29395
v -39.0000 59.8000 -278.2000 0.0000 0.0000 0.0000
vt -4.97656 0.29395
f 577/577 578/578 579/579
v -39.0000 59.8000 -278.2000 0.0000 0.0000 0.0000
vt -4.97656 0.29395
v -18.2000 59.8000 -278.2000 0.0000 0.0000 0.0000
vt -4.91016 0.29395
v -18.2000 59.8000 -306.8000 0.0000 0.0000 0.0000
vt -4.91016 0.37402
f 580/580 581/581 582/582
v -39.0000 59.8000 -278.2000 0.0000 0.0000 0.0000
vt -4.97656 0.29395
v -18.2000 59.8000 -306.8000 0.0000 0.0000 0.0000
vt -4.91016 0.37402
v -39.0000 59.8000 -306.8000 0.0000 0.0000 0.0000
vt -4.97656 0.37402
f 583/583 584/584 585/585
v -39.0000 59.8000 -306.8000 0.0000 0.0000 0.0000
vt -4.97656 0.37402
v -18.2000 59.8000 -306.8000 0.0000 0.0000 0.0000
vt -4.91016 0.37402
v -18.2000 59.8000 -327.6000 0.0000 0.0000 0.0000
vt -4.91016 0.43848
f 586/586 587/587 588/588
v -39.0000 59.8000 -306.8000 0.0000 0.0000 0.0000
vt -4.97656 0.37402
v -18.2000 59.8000 -327.6000 0.0000 0.0000 0.0000
vt -4.91016 0.43848
v -39.0000 59.8000 -327.6000 0.0000 0.0000 0.0000
vt -4.97656 0.43848
f 589/589 590/590 591/591
v -39.0000 59.8000 -306.8000 0.0000 0.0000 0.0000
vt -4.97656 0.37402
v -39.0000 59.8000 -327.6000 0.0000 0.0000 0.0000
vt -4.97656 0.43848
v -48.1000 59.8000 -327.6000 0.0000 0.0000 0.0000
vt -5.01172 0.43848
f 592/592 593/593 594/594
v -39.0000 59.8000 -306.8000 0.0000 0.0000 0.0000
vt -4.97656 0.37402
v -48.1000 59.8000 -327.6000 0.0000 0.0000 0.0000
vt -5.01172 0.43848
v -48.1000 59.8000 -306.8000 0.0000 0.0000 0.0000
vt -4.99609 0.37402
f 595/595 596/596 597/597
v -48.1000 59.8000 -306.8000 0.0000 0.0000 0.0000
vt -4.99609 0.37402
v -48.1000 59.8000 -327.6000 0.0000 0.0000 0.0000
vt -5.01172 0.43848
v -75.4000 59.8000 -327.6000 0.0000 0.0000 0.0000
vt -5.09766 0.43848
f 598/598 599/599 600/600
v -48.1000 59.8000 -306.8000 0.0000 0.0000 0.0000
vt -4.99609 0.37402
v -75.4000 59.8000 -327.6000 0.0000 0.0000 0.0000
vt -5.09766 0.43848
v -75.4000 59.8000 -306.8000 0.0000 0.0000 0.0000
vt -5.08398 0.37402
f 601/601 602/602 603/603
v -75.4000 59.8000 -306.8000 0.0000 0.0000 0.0000
vt -5.08398 0.37402
v -75.4000 59.8000 -327.6000 0.0000 0.0000 0.0000
vt -5.09766 0.43848
v -102.7000 59.8000 -327.6000 0.0000 0.0000 0.0000
vt -5.18359 0.43848
f 604/604 605/605 606/606
v -75.4000 59.8000 -306.8000 0.0000 0.0000 0.0000
vt -5.08398 0.37402
v -102.7000 59.8000 -327.6000 0.0000 0.0000 0.0000
vt -5.18359 0.43848
v -102.7000 59.8000 -306.8000 0.0000 0.0000 0.0000
vt -5.17188 0.37402
f 607/607 608/608 609/609
v -102.7000 59.8000 -306.8000 0.0000 0.0000 0.0000
vt -5.17188 0.37402
v -102.7000 59.8000 -327.6000 0.0000 0.0000 0.0000
vt -5.18359 0.43848
v -130.0000 59.8000 -327.6000 0.0000 0.0000 0.0000
vt -5.26953 0.43848
f 610/610 611/611 612/612
v -102.7000 59.8000 -306.8000 0.0000 0.0000 0.0000
vt -5.17188 0.37402
v -130.0000 59.8000 -327.6000 0.0000 0.0000 0.0000
vt -5.26953 0.43848
v -130.0000 59.8000 -306.8000 0.0000 0.0000 0.0000
vt -5.25977 0.37402
f 613/613 614/614 615/615
v -130.0000 59.8000 -306.8000 0.0000 0.0000 0.0000
vt -5.25977 0.37402
v -130.0000 59.8000 -327.6000 0.0000 0.0000 0.0000
vt -5.26953 0.43848
v -157.3000 59.8000 -327.6000 0.0000 0.0000 0.0000
vt -5.35547 0.43848
f 616/616 617/617 618/618
v -130.0000 59.8000 -306.8000 0.0000 0.0000 0.0000
vt -5.25977 0.37402
v -157.3000 59.8000 -327.6000 0.0000 0.0000 0.0000
vt -5.35547 0.43848
v -157.3000 59.8000 -306.8000 0.0000 0.0000 0.0000
vt -5.34961 0.37402
f 619/619 620/620 621/621
v -157.3000 59.8000 -306.8000 0.0000 0.0000 0.0000
vt -5.34961 0.37402
v -157.3000 59.8000 -327.6000 0.0000 0.0000 0.0000
vt -5.35547 0.43848
v -166.4000 59.8000 -327.6000 0.0000 0.0000 0.0000
vt -5.37695 0.43848
f 622/622 623/623 624/624
v -157.3000 59.8000 -306.8000 0.0000 0.0000 0.0000
vt -5.34961 0.37402
v -166.4000 59.8000 -327.6000 0.0000 0.0000 0.0000
vt -5.37695 0.43848
v -166.4000 59.8000 -306.8000 0.0000 0.0000 0.0000
vt -5.37695 0.37402
f 625/625 626/626 627/627
v -335.4000 59.8000 -93.6000 0.0000 0.0000 0.0000
vt -5.91016 -0.27051
v -314.6000 59.8000 -93.6000 0.0000 0.0000 0.0000
vt -5.84375 -0.27051
v -314.6000 59.8000 -121.9969 0.0000 0.0000 0.0000
vt -5.84375 -0.15820
f 628/628 629/629 630/630
v -335.4000 59.8000 -93.6000 0.0000 0.0000 0.0000
vt -5.91016 -0.27051
v -314.6000 59.8000 -121.9969 0.0000 0.0000 0.0000
vt -5.84375 -0.15820
v -335.4000 59.8000 -121.9969 0.0000 0.0000 0.0000
vt -5.91016 -0.15820
f 631/631 632/632 633/633
v -335.4000 59.8000 -121.9969 0.0000 0.0000 0.0000
vt -5.91016 -0.15820
v -314.6000 59.8000 -121.9969 0.0000 0.0000 0.0000
vt -5.84375 -0.15820
v -314.6000 59.8000 -151.8563 0.0000 0.0000 0.0000
vt -5.84375 -0.04492
f 634/634 635/635 636/636
v -335.4000 59.8000 -121.9969 0.0000 0.0000 0.0000
vt -5.91016 -0.15820
v -314.6000 59.8000 -151.8563 0.0000 0.0000 0.0000
vt -5.84375 -0.04492
v -335.4000 59.8000 -151.8563 0.0000 0.0000 0.0000
vt -5.91016 -0.04492
f 637/637 638/638 639/639
v -335.4000 59.8000 -151.8563 0.0000 0.0000 0.0000
vt -5.91016 -0.04492
v -314.6000 59.8000 -151.8563 0.0000 0.0000 0.0000
vt -5.84375 -0.04492
v -314.6000 59.8000 -183.5438 0.0000 0.0000 0.0000
vt -5.84375 0.06738
f 640/640 641/641 642/642
v -335.4000 59.8000 -151.8563 0.0000 0.0000 0.0000
vt -5.91016 -0.04492
v -314.6000 59.8000 -183.5438 0.0000 0.0000 0.0000
vt -5.84375 0.06738
v -335.4000 59.8000 -183.5438 0.0000 0.0000 0.0000
vt -5.91016 0.06738
f 643/643 644/644 645/645
v -335.4000 59.8000 -183.5438 0.0000 0.0000 0.0000
vt -5.91016 0.06738
v -314.6000 59.8000 -183.5438 0.0000 0.0000 0.0000
vt -5.84375 0.06738
v -314.6000 59.8000 -212.6110 0.0000 0.0000 0.0000
vt -5.84375 0.12402
f 646/646 647/647 648/648
v -335.4000 59.8000 -183.5438 0.0000 0.0000 0.0000
vt -5.91016 0.06738
v -314.6000 59.8000 -212.6110 0.0000 0.0000 0.0000
vt -5.84375 0.12402
v -335.4000 59.8000 -212.6110 0.0000 0.0000 0.0000
vt -5.91016 0.12695
f 649/649 650/650 651/651
v -335.4000 59.8000 -212.6110 0.0000 0.0000 0.0000
vt -5.91016 0.12695
v -314.6000 59.8000 -212.6110 0.0000 0.0000 0.0000
vt -5.84375 0.12402
v -314.6000 59.8000 -239.2000 0.0000 0.0000 0.0000
vt -5.84375 0.18066
f 652/652 653/653 654/654
v -335.4000 59.8000 -212.6110 0.0000 0.0000 0.0000
vt -5.91016 0.12695
v -314.6000 59.8000 -239.2000 0.0000 0.0000 0.0000
vt -5.84375 0.18066
v -335.4000 59.8000 -239.2000 0.0000 0.0000 0.0000
vt -5.91016 0.18066
f 655/655 656/656 657/657
v -335.4000 59.8000 -239.2000 0.0000 0.0000 0.0000
vt -5.91016 0.18066
v -314.6000 59.8000 -239.2000 0.0000 0.0000 0.0000
vt -5.84375 0.18066
v -314.6000 59.8000 -260.0000 0.0000 0.0000 0.0000
vt -5.84375 0.24512
f 658/658 659/659 660/660
v -335.4000 59.8000 -239.2000 0.0000 0.0000 0.0000
vt -5.91016 0.18066
v -314.6000 59.8000 -260.0000 0.0000 0.0000 0.0000
vt -5.84375 0.24512
v -335.4000 59.8000 -260.0000 0.0000 0.0000 0.0000
vt -5.91016 0.24512
f 661/661 662/662 663/663
v -104.0000 59.8000 -83.2000 0.0000 0.0000 0.0000
vt -5.17578 -0.30273
v -104.0000 59.8000 -72.8000 0.0000 0.0000 0.0000
vt -5.17578 -0.33496
v -94.9000 59.8000 -72.8000 0.0000 0.0000 0.0000
vt -5.15625 -0.33496
f 664/664 665/665 666/666
v -104.0000 59.8000 -83.2000 0.0000 0.0000 0.0000
vt -5.17578 -0.30273
v -94.9000 59.8000 -72.8000 0.0000 0.0000 0.0000
vt -5.15625 -0.33496
v -94.9000 59.8000 -93.6000 0.0000 0.0000 0.0000
vt -5.15430 -0.27051
f 667/667 668/668 669/669
v -94.9000 59.8000 -93.6000 0.0000 0.0000 0.0000
vt -5.15430 -0.27051
v -94.9000 59.8000 -72.8000 0.0000 0.0000 0.0000
vt -5.15625 -0.33496
v -71.5000 59.8000 -72.8000 0.0000 0.0000 0.0000
vt -5.07617 -0.33496
f 670/670 671/671 672/672
v -94.9000 59.8000 -93.6000 0.0000 0.0000 0.0000
vt -5.15430 -0.27051
v -71.5000 59.8000 -72.8000 0.0000 0.0000 0.0000
vt -5.07617 -0.33496
v -71.5000 59.8000 -93.6000 0.0000 0.0000 0.0000
vt -5.07617 -0.27051
f 673/673 674/674 675/675
v -71.5000 59.8000 -93.6000 0.0000 0.0000 0.0000
vt -5.07617 -0.27051
v -71.5000 59.8000 -72.8000 0.0000 0.0000 0.0000
vt -5.07617 -0.33496
v -48.1000 59.8000 -72.8000 0.0000 0.0000 0.0000
vt -4.99414 -0.33496
f 676/676 677/677 678/678
v -71.5000 59.8000 -93.6000 0.0000 0.0000 0.0000
vt -5.07617 -0.27051
v -48.1000 59.8000 -72.8000 0.0000 0.0000 0.0000
vt -4.99414 -0.33496
v -48.1000 59.8000 -93.6000 0.0000 0.0000 0.0000
vt -4.99805 -0.27051
f 679/679 680/680 681/681
v -48.1000 59.8000 -93.6000 0.0000 0.0000 0.0000
vt -4.99805 -0.27051
v -48.1000 59.8000 -72.8000 0.0000 0.0000 0.0000
vt -4.99414 -0.33496
v -39.0000 59.8000 -72.8000 0.0000 0.0000 0.0000
vt -4.97656 -0.33496
f 682/682 683/683 684/684
v -48.1000 59.8000 -93.6000 0.0000 0.0000 0.0000
vt -4.99805 -0.27051
v -39.0000 59.8000 -72.8000 0.0000 0.0000 0.0000
vt -4.97656 -0.33496
v -39.0000 59.8000 -93.6000 0.0000 0.0000 0.0000
vt -4.97656 -0.27051
f 685/685 686/686 687/687
v -39.0000 59.8000 -93.6000 0.0000 0.0000 0.0000
vt -4.97656 -0.27051
v -39.0000 59.8000 -72.8000 0.0000 0.0000 0.0000
vt -4.97656 -0.33496
v -18.2000 59.8000 -72.8000 0.0000 0.0000 0.0000
vt -4.91016 -0.33496
f 688/688 689/689 690/690
v -39.0000 59.8000 -93.6000 0.0000 0.0000 0.0000
vt -4.97656 -0.27051
v -18.2000 59.8000 -72.8000 0.0000 0.0000 0.0000
vt -4.91016 -0.33496
v -18.2000 59.8000 -93.6000 0.0000 0.0000 0.0000
vt -4.91016 -0.27051
f 691/691 692/692 693/693
v -191.1000 59.8000 -239.2000 0.0000 0.0000 0.0000
vt -5.41016 0.18066
v -187.2000 59.8000 -260.0000 0.0000 0.0000 0.0000
vt -5.44336 0.24512
v -213.2000 59.8000 -260.0000 0.0000 0.0000 0.0000
vt -5.47852 0.24512
f 694/694 695/695 696/696
v -191.1000 59.8000 -239.2000 0.0000 0.0000 0.0000
vt -5.41016 0.18066
v -213.2000 59.8000 -260.0000 0.0000 0.0000 0.0000
vt -5.47852 0.24512
v -213.2000 59.8000 -239.2000 0.0000 0.0000 0.0000
vt -5.42969 0.18066
f 697/697 698/698 699/699
v -213.2000 59.8000 -239.2000 0.0000 0.0000 0.0000
vt -5.42969 0.18066
v -213.2000 59.8000 -260.0000 0.0000 0.0000 0.0000
vt -5.47852 0.24512
v -235.3000 59.8000 -260.0000 0.0000 0.0000 0.0000
vt -5.50977 0.24512
f 700/700 701/701 702/702
v -213.2000 59.8000 -239.2000 0.0000 0.0000 0.0000
vt -5.42969 0.18066
v -235.3000 59.8000 -260.0000 0.0000 0.0000 0.0000
vt -5.50977 0.24512
v -235.3000 59.8000 -239.2000 0.0000 0.0000 0.0000
vt -5.45898 0.18066
f 703/703 704/704 705/705
v -235.3000 59.8000 -239.2000 0.0000 0.0000 0.0000
vt -5.45898 0.18066
v -235.3000 59.8000 -260.0000 0.0000 0.0000 0.0000
vt -5.50977 0.24512
v -258.1515 59.8000 -260.0000 0.0000 0.0000 0.0000
vt -5.54297 0.24512
f 706/706 707/707 708/708
v -235.3000 59.8000 -239.2000 0.0000 0.0000 0.0000
vt -5.45898 0.18066
v -258.1515 59.8000 -260.0000 0.0000 0.0000 0.0000
vt -5.54297 0.24512
v -258.0297 59.8000 -239.2000 0.0000 0.0000 0.0000
vt -5.50586 0.18066
f 709/709 710/710 711/711
v -258.0297 59.8000 -239.2000 0.0000 0.0000 0.0000
vt -5.50586 0.18066
v -258.1515 59.8000 -260.0000 0.0000 0.0000 0.0000
vt -5.54297 0.24512
v -282.1000 59.8000 -260.0000 0.0000 0.0000 0.0000
vt -5.69531 0.24512
f 712/712 713/713 714/714
v -258.0297 59.8000 -239.2000 0.0000 0.0000 0.0000
vt -5.50586 0.18066
v -282.1000 59.8000 -260.0000 0.0000 0.0000 0.0000
vt -5.69531 0.24512
v -282.1000 59.8000 -239.2000 0.0000 0.0000 0.0000
vt -5.67969 0.18066
f 715/715 716/716 717/717
v -18.2000 59.8000 -72.8000 0.0000 0.0000 0.0000
vt -4.91016 -0.33496
v -39.0000 59.8000 -72.8000 0.0000 0.0000 0.0000
vt -4.97656 -0.33496
v -39.0000 59.8000 -28.6000 0.0000 0.0000 0.0000
vt -4.97656 -0.47559
f 718/718 719/719 720/720
v -18.2000 59.8000 -72.8000 0.0000 0.0000 0.0000
vt -4.91016 -0.33496
v -39.0000 59.8000 -28.6000 0.0000 0.0000 0.0000
vt -4.97656 -0.47559
v -18.2000 59.8000 -28.6000 0.0000 0.0000 0.0000
vt -4.91016 -0.46973
f 721/721 722/722 723/723
v -18.2000 59.8000 -28.6000 0.0000 0.0000 0.0000
vt -4.91016 -0.46973
v -39.0000 59.8000 -28.6000 0.0000 0.0000 0.0000
vt -4.97656 -0.47559
v -39.0000 59.8000 -20.8000 0.0000 0.0000 0.0000
vt -4.97656 -0.49707
f 724/724 725/725 726/726
v -18.2000 59.8000 -28.6000 0.0000 0.0000 0.0000
vt -4.91016 -0.46973
v -39.0000 59.8000 -20.8000 0.0000 0.0000 0.0000
vt -4.97656 -0.49707
v -18.2000 59.8000 -20.8000 0.0000 0.0000 0.0000
vt -4.91016 -0.49707
f 727/727 728/728 729/729
v -18.2000 59.8000 -20.8000 0.0000 0.0000 0.0000
vt -4.91016 -0.49707
v -39.0000 59.8000 -20.8000 0.0000 0.0000 0.0000
vt -4.97656 -0.49707
v -39.0000 -2.6000 -20.8000 0.0000 0.0000 0.0000
vt -4.97656 -0.49707
f 730/730 731/731 732/732
v -18.2000 59.8000 -20.8000 0.0000 0.0000 0.0000
vt -4.91016 -0.49707
v -39.0000 -2.6000 -20.8000 0.0000 0.0000 0.0000
vt -4.97656 -0.49707
v -18.2000 -2.6000 -20.8000 0.0000 0.0000 0.0000
vt -4.91016 -0.49707
f 733/733 734/734 735/735
v -18.2000 -2.6000 -20.8000 0.0000 0.0000 0.0000
vt -4.91016 -0.49707
v -39.0000 -2.6000 -20.8000 0.0000 0.0000 0.0000
vt -4.97656 -0.49707
v -39.0000 -2.6000 0.0000 0.0000 0.0000 0.0000
vt -4.97656 -0.56152
f 736/736 737/737 738/738
v -18.2000 -2.6000 -20.8000 0.0000 0.0000 0.0000
vt -4.91016 -0.49707
v -39.0000 -2.6000 0.0000 0.0000 0.0000 0.0000
vt -4.97656 -0.56152
v -18.2000 -2.6000 0.0000 0.0000 0.0000 0.0000
vt -4.91016 -0.56152
f 739/739 740/740 741/741
v -335.4000 -2.6000 -20.8000 0.0000 0.0000 0.0000
vt -5.91016 -0.49707
v -314.6000 -2.6000 -20.8000 0.0000 0.0000 0.0000
vt -5.84375 -0.49707
v -314.6000 59.8000 -20.8000 0.0000 0.0000 0.0000
vt -5.84375 -0.49707
f 742/742 743/743 744/744
v -335.4000 -2.6000 -20.8000 0.0000 0.0000 0.0000
vt -5.91016 -0.49707
v -314.6000 59.8000 -20.8000 0.0000 0.0000 0.0000
vt -5.84375 -0.49707
v -335.4000 59.8000 -20.8000 0.0000 0.0000 0.0000
vt -5.91016 -0.49707
f 745/745 746/746 747/747
v -335.4000 59.8000 -20.8000 0.0000 0.0000 0.0000
vt -5.91016 -0.49707
v -314.6000 59.8000 -20.8000 0.0000 0.0000 0.0000
vt -5.84375 -0.49707
v -314.6000 59.8000 -28.6000 0.0000 0.0000 0.0000
vt -5.84375 -0.47461
f 748/748 749/749 750/750
v -335.4000 59.8000 -20.8000 0.0000 0.0000 0.0000
vt -5.91016 -0.49707
v -314.6000 59.8000 -28.6000 0.0000 0.0000 0.0000
vt -5.84375 -0.47461
v -335.4000 59.8000 -28.6000 0.0000 0.0000 0.0000
vt -5.91016 -0.47656
f 751/751 752/752 753/753
v -335.4000 59.8000 -28.6000 0.0000 0.0000 0.0000
vt -5.91016 -0.47656
v -314.6000 59.8000 -28.6000 0.0000 0.0000 0.0000
vt -5.84375 -0.47461
v -314.6000 59.8000 -72.8000 0.0000 0.0000 0.0000
vt -5.84375 -0.33496
f 754/754 755/755 756/756
v -335.4000 59.8000 -28.6000 0.0000 0.0000 0.0000
vt -5.91016 -0.47656
v -314.6000 59.8000 -72.8000 0.0000 0.0000 0.0000
vt -5.84375 -0.33496
v -335.4000 59.8000 -72.8000 0.0000 0.0000 0.0000
vt -5.91016 -0.33496
f 757/757 758/758 759/759
v -187.2000 59.8000 -260.0000 0.0000 0.0000 0.0000
vt -5.44336 0.24512
v -166.4000 59.8000 -271.7000 0.0000 0.0000 0.0000
vt -5.37695 0.27734
v -166.4000 59.8000 -306.8000 0.0000 0.0000 0.0000
vt -5.37695 0.37402
f 760/760 761/761 762/762
v -187.2000 59.8000 -260.0000 0.0000 0.0000 0.0000
vt -5.44336 0.24512
v -166.4000 59.8000 -306.8000 0.0000 0.0000 0.0000
vt -5.37695 0.37402
v -187.2000 59.8000 -306.8000 0.0000 0.0000 0.0000
vt -5.44336 0.37402
f 763/763 764/764 765/765
v -187.2000 59.8000 -306.8000 0.0000 0.0000 0.0000
vt -5.44336 0.37402
v -166.4000 59.8000 -306.8000 0.0000 0.0000 0.0000
vt -5.37695 0.37402
v -166.4000 59.8000 -327.6000 0.0000 0.0000 0.0000
vt -5.37695 0.43848
f 766/766 767/767 768/768
v -187.2000 59.8000 -306.8000 0.0000 0.0000 0.0000
vt -5.44336 0.37402
v -166.4000 59.8000 -327.6000 0.0000 0.0000 0.0000
vt -5.37695 0.43848
v -187.2000 59.8000 -327.6000 0.0000 0.0000 0.0000
vt -5.44336 0.43848
f 769/769 770/770 771/771
v -39.0000 -2.6000 0.0000 0.0000 0.0000 0.0000
vt -4.97656 -0.56152
v -39.0000 -2.6000 -20.8000 0.0000 0.0000 0.0000
vt -4.97656 -0.49707
v -314.6000 -2.6000 -20.8000 0.0000 0.0000 0.0000
vt -5.84375 -0.49707
f 772/772 773/773 774/774
v -39.0000 -2.6000 0.0000 0.0000 0.0000 0.0000
vt -4.97656 -0.56152
v -314.6000 -2.6000 -20.8000 0.0000 0.0000 0.0000
vt -5.84375 -0.49707
v -314.6000 -2.6000 0.0000 0.0000 0.0000 0.0000
vt -5.84375 -0.56152
f 775/775 776/776 777/777
v -314.6000 -2.6000 0.0000 0.0000 0.0000 0.0000
vt -5.84375 -0.56152
v -314.6000 -2.6000 -20.8000 0.0000 0.0000 0.0000
vt -5.84375 -0.49707
v -335.4000 -2.6000 -20.8000 0.0000 0.0000 0.0000
vt -5.91016 -0.49707
f 778/778 779/779 780/780
v -314.6000 -2.6000 0.0000 0.0000 0.0000 0.0000
vt -5.84375 -0.56152
v -335.4000 -2.6000 -20.8000 0.0000 0.0000 0.0000
vt -5.91016 -0.49707
v -335.4000 -2.6000 0.0000 0.0000 0.0000 0.0000
vt -5.91016 -0.56152
f 781/781 782/782 783/783
v -191.1000 59.8000 -239.2000 0.0000 0.0000 0.0000
vt -5.41016 0.18066
v -175.5000 59.8000 -239.2000 0.0000 0.0000 0.0000
vt -5.39844 0.18066
v -187.2000 59.8000 -260.0000 0.0000 0.0000 0.0000
vt -5.44336 0.24512
f 784/784 785/785 786/786
v -175.5000 59.8000 -239.2000 0.0000 0.0000 0.0000
vt -5.39844 0.18066
v -166.4000 59.8000 -239.2000 0.0000 0.0000 0.0000
vt -5.37695 0.18066
v -187.2000 59.8000 -260.0000 0.0000 0.0000 0.0000
vt -5.44336 0.24512
f 787/787 788/788 789/789
v -187.2000 59.8000 -260.0000 0.0000 0.0000 0.0000
vt -5.44336 0.24512
v -166.4000 59.8000 -239.2000 0.0000 0.0000 0.0000
vt -5.37695 0.18066
v -166.4000 59.8000 -271.7000 0.0000 0.0000 0.0000
vt -5.37695 0.27734
f 790/790 791/791 792/792
v -39.0000 -2.6000 -174.2000 0.3333 0.3333 0.3333
vt -9.11914 0.00000
v -39.0000 -2.6000 -148.2000 0.3333 0.3333 0.3333
vt -9.76953 0.00000
v -39.0000 59.8000 -148.2000 0.1255 0.1255 0.1255
vt -9.76953 1.00000
f 793/793 794/794 795/795
v -39.0000 -2.6000 -174.2000 0.3333 0.3333 0.3333
vt -9.11914 0.00000
v -39.0000 59.8000 -148.2000 0.1255 0.1255 0.1255
vt -9.76953 1.00000
v -39.0000 59.8000 -174.2000 0.1255 0.1255 0.1255
vt -9.11914 1.00000
f 796/796 797/797 798/798
v -39.0000 -2.6000 -148.2000 0.3333 0.3333 0.3333
vt -9.11914 0.00000
v -39.0000 -2.6000 -122.2000 0.3333 0.3333 0.3333
vt -9.76953 0.00000
v -39.0000 59.8000 -122.2000 0.1255 0.1255 0.1255
vt -9.76953 1.00000
f 799/799 800/800 801/801
v -39.0000 -2.6000 -148.2000 0.3333 0.3333 0.3333
vt -9.11914 0.00000
v -39.0000 59.8000 -122.2000 0.1255 0.1255 0.1255
vt -9.76953 1.00000
v -39.0000 59.8000 -148.2000 0.1255 0.1255 0.1255
vt -9.11914 1.00000
f 802/802 803/803 804/804
v -39.0000 -2.6000 -252.2000 0.3333 0.3333 0.3333
vt -9.11914 0.00000
v -39.0000 -2.6000 -226.2000 0.3333 0.3333 0.3333
vt -9.76953 0.00000
v -39.0000 59.8000 -226.2000 0.1255 0.1255 0.1255
vt -9.76953 1.00000
f 805/805 806/806 807/807
v -39.0000 -2.6000 -252.2000 0.3333 0.3333 0.3333
vt -9.11914 0.00000
v -39.0000 59.8000 -226.2000 0.1255 0.1255 0.1255
vt -9.76953 1.00000
v -39.0000 59.8000 -252.2000 0.1255 0.1255 0.1255
vt -9.11914 1.00000
f 808/808 809/809 810/810
v -39.0000 -2.6000 -200.2000 0.3333 0.3333 0.3333
vt -9.11914 0.00000
v -39.0000 -2.6000 -174.2000 0.3333 0.3333 0.3333
vt -9.76953 0.00000
v -39.0000 59.8000 -174.2000 0.1255 0.1255 0.1255
vt -9.76953 1.00000
f 811/811 812/812 813/813
v -39.0000 -2.6000 -200.2000 0.3333 0.3333 0.3333
vt -9.11914 0.00000
v -39.0000 59.8000 -174.2000 0.1255 0.1255 0.1255
vt -9.76953 1.00000
v -39.0000 59.8000 -200.2000 0.1255 0.1255 0.1255
vt -9.11914 1.00000
f 814/814 815/815 816/816
v -75.4000 59.8000 -306.8000 0.6157 0.6157 0.6157
vt -2.83398 1.00000
v -75.4000 -2.6000 -306.8000 1.0000 1.0000 1.0000
vt -2.83398 0.00000
v -48.1000 -2.6000 -306.8000 1.0000 1.0000 1.0000
vt -2.05078 0.00000
f 817/817 818/818 819/819
v -75.4000 59.8000 -306.8000 0.6157 0.6157 0.6157
vt -2.83398 1.00000
v -48.1000 -2.6000 -306.8000 1.0000 1.0000 1.0000
vt -2.05078 0.00000
v -48.1000 59.8000 -306.8000 0.6157 0.6157 0.6157
vt -2.05078 1.00000
f 820/820 821/821 822/822
v -130.0000 59.8000 -306.8000 0.6157 0.6157 0.6157
vt -2.83398 1.00000
v -130.0000 -2.6000 -306.8000 1.0000 1.0000 1.0000
vt -2.83398 0.00000
v -102.7000 -2.6000 -306.8000 1.0000 1.0000 1.0000
vt -2.05078 0.00000
f 823/823 824/824 825/825
v -130.0000 59.8000 -306.8000 0.6157 0.6157 0.6157
vt -2.83398 1.00000
v -102.7000 -2.6000 -306.8000 1.0000 1.0000 1.0000
vt -2.05078 0.00000
v -102.7000 59.8000 -306.8000 0.6157 0.6157 0.6157
vt -2.05078 1.00000
f 826/826 827/827 828/828
v -157.3000 59.8000 -306.8000 0.6157 0.6157 0.6157
vt -2.83398 1.00000
v -157.3000 -2.6000 -306.8000 1.0000 1.0000 1.0000
vt -2.83398 0.00000
v -130.0000 -2.6000 -306.8000 1.0000 1.0000 1.0000
vt -2.05078 0.00000
f 829/829 830/830 831/831
v -157.3000 59.8000 -306.8000 0.6157 0.6157 0.6157
vt -2.83398 1.00000
v -130.0000 -2.6000 -306.8000 1.0000 1.0000 1.0000
vt -2.05078 0.00000
v -130.0000 59.8000 -306.8000 0.6157 0.6157 0.6157
vt -2.05078 1.00000
f 832/832 833/833 834/834
v -213.2000 59.8000 -239.2000 0.6157 0.6157 0.6157
vt 7.20117 1.00000
v -213.2000 -2.6000 -239.2000 1.0000 1.0000 1.0000
vt 7.20117 0.00000
v -191.1000 -2.6000 -239.2000 1.0000 1.0000 1.0000
vt 7.88867 0.00000
f 835/835 836/836 837/837
v -213.2000 59.8000 -239.2000 0.6157 0.6157 0.6157
vt 7.20117 1.00000
v -191.1000 -2.6000 -239.2000 1.0000 1.0000 1.0000
vt 7.88867 0.00000
v -191.1000 59.8000 -239.2000 0.6157 0.6157 0.6157
vt 7.88867 1.00000
f 838/838 839/839 840/840
v -235.3000 59.8000 -239.2000 0.6157 0.6157 0.6157
vt 6.40039 1.00000
v -235.3000 -2.6000 -239.2000 1.0000 1.0000 1.0000
vt 6.40039 0.00000
v -213.2000 -2.6000 -239.2000 1.0000 1.0000 1.0000
vt 6.99414 0.00000
f 841/841 842/842 843/843
v -235.3000 59.8000 -239.2000 0.6157 0.6157 0.6157
vt 6.40039 1.00000
v -213.2000 -2.6000 -239.2000 1.0000 1.0000 1.0000
vt 6.99414 0.00000
v -213.2000 59.8000 -239.2000 0.6157 0.6157 0.6157
vt 6.99414 1.00000
f 844/844 845/845 846/846
v -258.0297 59.8000 -239.2000 0.6157 0.6157 0.6157
vt 5.13672 1.00000
v -258.0297 -2.6000 -239.2000 1.0000 1.0000 1.0000
vt 5.13672 0.00000
v -235.3000 -2.6000 -239.2000 1.0000 1.0000 1.0000
vt 5.77148 0.00000
f 847/847 848/848 849/849
v -258.0297 59.8000 -239.2000 0.6157 0.6157 0.6157
vt 5.13672 1.00000
v -235.3000 -2.6000 -239.2000 1.0000 1.0000 1.0000
vt 5.77148 0.00000
v -235.3000 59.8000 -239.2000 0.6157 0.6157 0.6157
vt 5.77148 1.00000
f 850/850 851/851 852/852
v -102.7000 59.8000 -306.8000 0.6157 0.6157 0.6157
vt -2.83398 1.00000
v -102.7000 -2.6000 -306.8000 1.0000 1.0000 1.0000
vt -2.83398 0.00000
v -75.4000 -2.6000 -306.8000 1.0000 1.0000 1.0000
vt -2.05078 0.00000
f 853/853 854/854 855/855
v -102.7000 59.8000 -306.8000 0.6157 0.6157 0.6157
vt -2.83398 1.00000
v -75.4000 -2.6000 -306.8000 1.0000 1.0000 1.0000
vt -2.05078 0.00000
v -75.4000 59.8000 -306.8000 0.6157 0.6157 0.6157
vt -2.05078 1.00000
f 856/856 857/857 858/858
v -314.6000 59.8000 -93.6000 0.1255 0.1255 0.1255
vt 3.13281 1.00000
v -314.6000 -2.6000 -93.6000 0.3333 0.3333 0.3333
vt 3.13281 0.00000
v -314.6000 -2.6000 -121.9969 0.3333 0.3333 0.3333
vt 3.86719 0.00000
f 859/859 860/860 861/861
v -314.6000 59.8000 -93.6000 0.1255 0.1255 0.1255
vt 3.13281 1.00000
v -314.6000 -2.6000 -121.9969 0.3333 0.3333 0.3333
vt 3.86719 0.00000
v -314.6000 59.8000 -121.9969 0.1255 0.1255 0.1255
vt 3.86719 1.00000
f 862/862 863/863 864/864
v -314.6000 59.8000 -151.8563 0.1255 0.1255 0.1255
vt 3.13281 1.00000
v -314.6000 -2.6000 -151.8563 0.3333 0.3333 0.3333
vt 3.13281 0.00000
v -314.6000 -2.6000 -183.5438 0.3333 0.3333 0.3333
vt 3.86719 0.00000
f 865/865 866/866 867/867
v -314.6000 59.8000 -151.8563 0.1255 0.1255 0.1255
vt 3.13281 1.00000
v -314.6000 -2.6000 -183.5438 0.3333 0.3333 0.3333
vt 3.86719 0.00000
v -314.6000 59.8000 -183.5438 0.1255 0.1255 0.1255
vt 3.86719 1.00000
f 868/868 869/869 870/870
v -314.6000 59.8000 -121.9969 0.1255 0.1255 0.1255
vt 3.13281 1.00000
v -314.6000 -2.6000 -121.9969 0.3333 0.3333 0.3333
vt 3.13281 0.00000
v -314.6000 -2.6000 -151.8563 0.3333 0.3333 0.3333
vt 3.86719 0.00000
f 871/871 872/872 873/873
v -314.6000 59.8000 -121.9969 0.1255 0.1255 0.1255
vt 3.13281 1.00000
v -314.6000 -2.6000 -151.8563 0.3333 0.3333 0.3333
vt 3.86719 0.00000
v -314.6000 59.8000 -151.8563 0.1255 0.1255 0.1255
vt 3.86719 1.00000
f 874/874 875/875 876/876
v -282.1000 -2.6000 -239.2000 1.0000 1.0000 1.0000
vt 3.14648 0.00000
v -258.0297 -2.6000 -239.2000 1.0000 1.0000 1.0000
vt 3.88477 0.00000
v -258.0297 59.8000 -239.2000 0.6157 0.6157 0.6157
vt 3.88477 1.00000
f 877/877 878/878 879/879
v -282.1000 -2.6000 -239.2000 1.0000 1.0000 1.0000
vt 3.14648 0.00000
v -258.0297 59.8000 -239.2000 0.6157 0.6157 0.6157
vt 3.88477 1.00000
v -282.1000 59.8000 -239.2000 0.6157 0.6157 0.6157
vt 3.14648 1.00000
f 880/880 881/881 882/882
v -305.5000 59.8000 -239.2000 0.6157 0.6157 0.6157
vt 3.23047 1.00000
v -305.5000 -2.6000 -239.2000 1.0000 1.0000 1.0000
vt 3.23047 0.00000
v -282.1000 -2.6000 -239.2000 1.0000 1.0000 1.0000
vt 3.94531 0.00000
f 883/883 884/884 885/885
v -305.5000 59.8000 -239.2000 0.6157 0.6157 0.6157
vt 3.23047 1.00000
v -282.1000 -2.6000 -239.2000 1.0000 1.0000 1.0000
vt 3.94531 0.00000
v -282.1000 59.8000 -239.2000 0.6157 0.6157 0.6157
vt 3.94531 1.00000
f 886/886 887/887 888/888
v -166.4000 59.8000 -306.8000 0.6157 0.6157 0.6157
vt 0.00195 1.00000
v -166.4000 -2.6000 -306.8000 1.0000 1.0000 1.0000
vt 0.00195 0.00000
v -157.3000 -2.6000 -306.8000 1.0000 1.0000 1.0000
vt 0.12305 0.00000
f 889/889 890/890 891/891
v -166.4000 59.8000 -306.8000 0.6157 0.6157 0.6157
vt 0.00195 1.00000
v -157.3000 -2.6000 -306.8000 1.0000 1.0000 1.0000
vt 0.12305 0.00000
v -157.3000 59.8000 -306.8000 0.6157 0.6157 0.6157
vt 0.12305 1.00000
f 892/892 893/893 894/894
v -191.1000 59.8000 -239.2000 0.6157 0.6157 0.6157
vt 8.50000 1.00000
v -191.1000 -2.6000 -239.2000 1.0000 1.0000 1.0000
vt 8.50000 0.00000
v -175.5000 -2.6000 -239.2000 1.0000 1.0000 1.0000
vt 8.99609 0.00000
f 895/895 896/896 897/897
v -191.1000 59.8000 -239.2000 0.6157 0.6157 0.6157
vt 8.50000 1.00000
v -175.5000 -2.6000 -239.2000 1.0000 1.0000 1.0000
vt 8.99609 0.00000
v -175.5000 59.8000 -239.2000 0.6157 0.6157 0.6157
vt 8.99609 1.00000
f 898/898 899/899 900/900
v -314.6000 59.8000 -239.2000 0.6157 0.6157 0.6157
vt 0.00195 1.00000
v -314.6000 -2.6000 -239.2000 1.0000 1.0000 1.0000
vt 0.00195 0.00000
v -305.5000 -2.6000 -239.2000 1.0000 1.0000 1.0000
vt 0.12305 0.00000
f 901/901 902/902 903/903
v -314.6000 59.8000 -239.2000 0.6157 0.6157 0.6157
vt 0.00195 1.00000
v -305.5000 -2.6000 -239.2000 1.0000 1.0000 1.0000
vt 0.12305 0.00000
v -305.5000 59.8000 -239.2000 0.6157 0.6157 0.6157
vt 0.12305 1.00000
f 904/904 905/905 906/906
v -166.4000 59.8000 -239.2000 0.1255 0.1255 0.1255
vt -3.84375 1.00000
v -166.4000 -2.6000 -239.2000 0.3333 0.3333 0.3333
vt -3.84375 0.00000
v -166.4000 -2.6000 -271.7000 0.3333 0.3333 0.3333
vt -3.08398 0.00000
f 907/907 908/908 909/909
v -166.4000 59.8000 -239.2000 0.1255 0.1255 0.1255
vt -3.84375 1.00000
v -166.4000 -2.6000 -271.7000 0.3333 0.3333 0.3333
vt -3.08398 0.00000
v -166.4000 59.8000 -271.7000 0.1255 0.1255 0.1255
vt -3.08398 1.00000
f 910/910 911/911 912/912
v -314.6000 59.8000 -239.2000 0.0000 0.0000 0.0000
vt -5.84375 0.18066
v -305.5000 59.8000 -239.2000 0.0000 0.0000 0.0000
vt -5.82422 0.18066
v -282.1000 59.8000 -260.0000 0.0000 0.0000 0.0000
vt -5.69531 0.24512
f 913/913 914/914 915/915
v -314.6000 59.8000 -239.2000 0.0000 0.0000 0.0000
vt -5.84375 0.18066
v -282.1000 59.8000 -260.0000 0.0000 0.0000 0.0000
vt -5.69531 0.24512
v -314.6000 59.8000 -260.0000 0.0000 0.0000 0.0000
vt -5.84375 0.24512
f 916/916 917/917 918/918
v -314.6000 59.8000 -183.5438 0.1255 0.1255 0.1255
vt -0.83008 1.00000
v -314.6000 -2.6000 -183.5438 0.3333 0.3333 0.3333
vt -0.83008 0.00000
v -314.6000 -2.6000 -212.6110 0.3333 0.3333 0.3333
vt -0.10742 0.00000
f 919/919 920/920 921/921
v -314.6000 59.8000 -183.5438 0.1255 0.1255 0.1255
vt -0.83008 1.00000
v -314.6000 -2.6000 -212.6110 0.3333 0.3333 0.3333
vt -0.10742 0.00000
v -314.6000 59.8000 -212.6110 0.1255 0.1255 0.1255
vt -0.10742 1.00000
f 922/922 923/923 924/924
v -39.0000 -2.6000 -278.2000 0.3333 0.3333 0.3333
vt -9.11914 0.00000
v -39.0000 -2.6000 -252.2000 0.3333 0.3333 0.3333
vt -9.76953 0.00000
v -39.0000 59.8000 -252.2000 0.1255 0.1255 0.1255
vt -9.76953 1.00000
f 925/925 926/926 927/927
v -39.0000 -2.6000 -278.2000 0.3333 0.3333 0.3333
vt -9.11914 0.00000
v -39.0000 59.8000 -252.2000 0.1255 0.1255 0.1255
vt -9.76953 1.00000
v -39.0000 59.8000 -278.2000 0.1255 0.1255 0.1255
vt -9.11914 1.00000
f 928/928 929/929 930/930
v -39.0000 -2.6000 -226.2000 0.3333 0.3333 0.3333
vt -9.11914 0.00000
v -39.0000 -2.6000 -200.2000 0.3333 0.3333 0.3333
vt -9.76953 0.00000
v -39.0000 59.8000 -200.2000 0.1255 0.1255 0.1255
vt -9.76953 1.00000
f 931/931 932/932 933/933
v -39.0000 -2.6000 -226.2000 0.3333 0.3333 0.3333
vt -9.11914 0.00000
v -39.0000 59.8000 -200.2000 0.1255 0.1255 0.1255
vt -9.76953 1.00000
v -39.0000 59.8000 -226.2000 0.1255 0.1255 0.1255
vt -9.11914 1.00000
f 934/934 935/935 936/936
v -39.0000 -2.6000 -306.8000 0.3333 0.3333 0.3333
vt -9.11914 0.00000
v -39.0000 -2.6000 -278.2000 0.3333 0.3333 0.3333
vt -9.76953 0.00000
v -39.0000 59.8000 -278.2000 0.1255 0.1255 0.1255
vt -9.76953 1.00000
f 937/937 938/938 939/939
v -39.0000 -2.6000 -306.8000 0.3333 0.3333 0.3333
vt -9.11914 0.00000
v -39.0000 59.8000 -278.2000 0.1255 0.1255 0.1255
vt -9.76953 1.00000
v -39.0000 59.8000 -306.8000 0.1255 0.1255 0.1255
vt -9.11914 1.00000
f 940/940 941/941 942/942
v -48.1000 59.8000 -306.8000 0.6157 0.6157 0.6157
vt 0.12305 1.00000
v -48.1000 -2.6000 -306.8000 1.0000 1.0000 1.0000
vt 0.12305 0.00000
v -39.0000 -2.6000 -306.8000 1.0000 1.0000 1.0000
vt 0.00195 0.00000
f 943/943 944/944 945/945
v -48.1000 59.8000 -306.8000 0.6157 0.6157 0.6157
vt 0.12305 1.00000
v -39.0000 -2.6000 -306.8000 1.0000 1.0000 1.0000
vt 0.00195 0.00000
v -39.0000 59.8000 -306.8000 0.6157 0.6157 0.6157
vt 0.00195 1.00000
f 946/946 947/947 948/948
v -166.4000 59.8000 -271.7000 0.1255 0.1255 0.1255
vt -3.84375 1.00000
v -166.4000 -2.6000 -271.7000 0.3333 0.3333 0.3333
vt -3.84375 0.00000
v -166.4000 -2.6000 -306.8000 0.3333 0.3333 0.3333
vt -3.08398 0.00000
f 949/949 950/950 951/951
v -166.4000 59.8000 -271.7000 0.1255 0.1255 0.1255
vt -3.84375 1.00000
v -166.4000 -2.6000 -306.8000 0.3333 0.3333 0.3333
vt -3.08398 0.00000
v -166.4000 59.8000 -306.8000 0.1255 0.1255 0.1255
vt -3.08398 1.00000
f 952/952 953/953 954/954
v -175.5000 59.8000 -239.2000 0.6157 0.6157 0.6157
vt 0.12305 1.00000
v -175.5000 -2.6000 -239.2000 1.0000 1.0000 1.0000
vt 0.12305 0.00000
v -166.4000 -2.6000 -239.2000 1.0000 1.0000 1.0000
vt 0.00195 0.00000
f 955/955 956/956 957/957
v -175.5000 59.8000 -239.2000 0.6157 0.6157 0.6157
vt 0.12305 1.00000
v -166.4000 -2.6000 -239.2000 1.0000 1.0000 1.0000
vt 0.00195 0.00000
v -166.4000 59.8000 -239.2000 0.6157 0.6157 0.6157
vt 0.00195 1.00000
f 958/958 959/959 960/960
v -314.6000 59.8000 -212.6110 0.1255 0.1255 0.1255
vt -0.83008 1.00000
v -314.6000 -2.6000 -212.6110 0.3333 0.3333 0.3333
vt -0.83008 0.00000
v -314.6000 -2.6000 -239.2000 0.3333 0.3333 0.3333
vt -0.10742 0.00000
f 961/961 962/962 963/963
v -314.6000 59.8000 -212.6110 0.1255 0.1255 0.1255
vt -0.83008 1.00000
v -314.6000 -2.6000 -239.2000 0.3333 0.3333 0.3333
vt -0.10742 0.00000
v -314.6000 59.8000 -239.2000 0.1255 0.1255 0.1255
vt -0.10742 1.00000
f 964/964 965/965 966/966
v -39.0000 -2.6000 -122.2000 0.3333 0.3333 0.3333
vt -9.11914 0.00000
v -39.0000 -2.6000 -93.6000 0.3333 0.3333 0.3333
vt -9.76953 0.00000
v -39.0000 59.8000 -93.6000 0.1255 0.1255 0.1255
vt -9.76953 1.00000
f 967/967 968/968 969/969
v -39.0000 -2.6000 -122.2000 0.3333 0.3333 0.3333
vt -9.11914 0.00000
v -39.0000 59.8000 -93.6000 0.1255 0.1255 0.1255
vt -9.76953 1.00000
v -39.0000 59.8000 -122.2000 0.1255 0.1255 0.1255
vt -9.11914 1.00000
f 970/970 971/971 972/972
v -166.4000 59.8000 -93.6000 0.0000 0.0000 0.0000
vt -5.37695 -0.27051
v -175.5000 59.8000 -93.6000 0.0000 0.0000 0.0000
vt -5.39648 -0.27051
v -166.4000 59.8000 -83.2000 0.0000 0.0000 0.0000
vt -5.37695 -0.30273
f 973/973 974/974 975/975
v -282.1000 59.8000 -260.0000 0.0000 0.0000 0.0000
vt -5.69531 0.24512
v -305.5000 59.8000 -239.2000 0.0000 0.0000 0.0000
vt -5.82422 0.18066
v -282.1000 59.8000 -239.2000 0.0000 0.0000 0.0000
vt -5.67969 0.18066
f 976/976 977/977 978/978
v -94.9000 59.8000 -93.6000 0.0000 0.0000 0.0000
vt -5.15430 -0.27051
v -104.0000 59.8000 -93.6000 0.0000 0.0000 0.0000
vt -5.17578 -0.27051
v -104.0000 59.8000 -83.2000 0.0000 0.0000 0.0000
vt -5.17578 -0.30273
f 979/979 980/980 981/981
usemtl a_lambert2
v -154.7000 -26.0000 -265.2000 0.0314 0.0157 0.0235
vt 0.02344 1.02734
v -104.0000 -26.0000 -265.2000 0.0314 0.0157 0.0235
vt 0.02344 1.02734
v -104.0000 -26.0000 -270.5651 0.0314 0.0157 0.0235
vt 0.02344 1.02734
f 982/982 983/983 984/984
v -154.7000 -26.0000 -265.2000 0.0314 0.0157 0.0235
vt 0.02344 1.02734
v -104.0000 -26.0000 -270.5651 0.0314 0.0157 0.0235
vt 0.02344 1.02734
v -154.7000 -26.0000 -270.5651 0.0314 0.0157 0.0235
vt 0.02344 1.02734
f 985/985 986/986 987/987
v -154.7000 -26.0000 -270.5651 0.0314 0.0157 0.0235
vt 0.02344 1.02734
v -104.0000 -26.0000 -270.5651 0.0314 0.0157 0.0235
vt 0.02344 1.02734
v -104.0000 -26.0000 -291.7434 0.0314 0.0157 0.0235
vt 0.02344 1.02734
f 988/988 989/989 990/990
v -154.7000 -26.0000 -270.5651 0.0314 0.0157 0.0235
vt 0.02344 1.02734
v -104.0000 -26.0000 -291.7434 0.0314 0.0157 0.0235
vt 0.02344 1.02734
v -154.7000 -26.0000 -291.7434 0.0314 0.0157 0.0235
vt 0.02344 1.02734
f 991/991 992/992 993/993
v -154.7000 -26.0000 -291.7434 0.0314 0.0157 0.0235
vt 0.02344 1.02734
v -104.0000 -26.0000 -291.7434 0.0314 0.0157 0.0235
vt 0.02344 1.02734
v -104.0000 -26.0000 -296.4000 0.0314 0.0157 0.0235
vt 0.02344 1.02734
f 994/994 995/995 996/996
v -154.7000 -26.0000 -291.7434 0.0314 0.0157 0.0235
vt 0.02344 1.02734
v -104.0000 -26.0000 -296.4000 0.0314 0.0157 0.0235
vt 0.02344 1.02734
v -154.7000 -26.0000 -296.4000 0.0314 0.0157 0.0235
vt 0.02344 1.02734
f 997/997 998/998 999/999
v -154.7000 -26.0000 -291.7434 0.0314 0.0157 0.0235
vt 0.84375 -2.00000
v -124.8000 -2.5912 -291.7434 1.0000 1.0000 1.0000
vt 0.84375 0.99609
v -124.8000 -2.5912 -296.4000 1.0000 1.0000 1.0000
vt 0.04688 0.99609
f 1000/1000 1001/1001 1002/1002
v -154.7000 -26.0000 -291.7434 0.0314 0.0157 0.0235
vt 0.84375 -2.00000
v -124.8000 -2.5912 -296.4000 1.0000 1.0000 1.0000
vt 0.04688 0.99609
v -154.7000 -26.0000 -296.4000 0.0314 0.0157 0.0235
vt 0.04688 -2.00000
f 1003/1003 1004/1004 1005/1005
v -154.7000 -26.0000 -270.5651 0.0314 0.0157 0.0235
vt 0.62500 -2.00000
v -124.8000 -2.5912 -270.5651 1.0000 1.0000 1.0000
vt 0.62500 0.99609
v -124.8000 -2.5912 -291.7434 1.0000 1.0000 1.0000
vt 0.62500 0.99609
f 1006/1006 1007/1007 1008/1008
v -154.7000 -26.0000 -270.5651 0.0314 0.0157 0.0235
vt 0.62500 -2.00000
v -124.8000 -2.5912 -291.7434 1.0000 1.0000 1.0000
vt 0.62500 0.99609
v -154.7000 -26.0000 -291.7434 0.0314 0.0157 0.0235
vt 0.62500 -2.00000
f 1009/1009 1010/1010 1011/1011
v -124.8000 -2.5912 -265.2000 1.0000 1.0000 1.0000
vt 0.04688 0.99609
v -124.8000 -2.5912 -270.5651 1.0000 1.0000 1.0000
vt 0.84375 0.99609
v -154.7000 -26.0000 -270.5651 0.0314 0.0157 0.0235
vt 0.84375 -2.00000
f 1012/1012 1013/1013 1014/1014
v -124.8000 -2.5912 -265.2000 1.0000 1.0000 1.0000
vt 0.04688 0.99609
v -154.7000 -26.0000 -270.5651 0.0314 0.0157 0.0235
vt 0.84375 -2.00000
v -154.7000 -26.0000 -265.2000 0.0314 0.0157 0.0235
vt 0.04688 -2.00000
f 1015/1015 1016/1016 1017/1017
v -124.8000 -2.5912 -265.2000 0.2275 0.2275 0.2275
vt 0.02344 1.02734
v -104.0000 -26.0000 -265.2000 0.0314 0.0157 0.0235
vt 0.02344 1.02734
v -154.7000 -26.0000 -265.2000 0.0314 0.0157 0.0235
vt 0.02344 1.02734
f 1018/1018 1019/1019 1020/1020
v -154.7000 -26.0000 -296.4000 0.0314 0.0157 0.0235
vt 0.02344 1.02734
v -104.0000 -26.0000 -296.4000 0.0314 0.0157 0.0235
vt 0.02344 1.02734
v -124.8000 -2.5912 -296.4000 0.2275 0.2275 0.2275
vt 0.02344 1.02734
f 1021/1021 1022/1022 1023/1023
usemtl a_a_lambert2
v -124.8000 2.4908 -265.2000 0.2275 0.2275 0.2275
vt 0.91016 0.99609
v -124.8000 -2.5912 -265.2000 0.2275 0.2275 0.2275
vt 0.91797 0.75391
v -154.7000 -2.5912 -265.2000 0.2275 0.2275 0.2275
vt 0.98438 0.75391
f 1024/1024 1025/1025 1026/1026
v -124.8000 2.4908 -265.2000 0.2275 0.2275 0.2275
vt 0.91016 0.99609
v -154.7000 -2.5912 -265.2000 0.2275 0.2275 0.2275
vt 0.98438 0.75391
v -154.7000 2.4908 -265.2000 0.2275 0.2275 0.2275
vt 0.97656 0.99609
f 1027/1027 1028/1028 1029/1029
v -154.7000 2.4908 -265.2000 0.2275 0.2275 0.2275
vt 0.97656 0.99609
v -154.7000 -2.5912 -265.2000 0.2275 0.2275 0.2275
vt 0.98438 0.75391
v -154.7000 -2.5912 -296.4000 0.2275 0.2275 0.2275
vt 0.91797 0.75391
f 1030/1030 1031/1031 1032/1032
v -154.7000 2.4908 -265.2000 0.2275 0.2275 0.2275
vt 0.97656 0.99609
v -154.7000 -2.5912 -296.4000 0.2275 0.2275 0.2275
vt 0.91797 0.75391
v -154.7000 2.4908 -296.4000 0.2275 0.2275 0.2275
vt 0.91016 0.99609
f 1033/1033 1034/1034 1035/1035
v -154.7000 2.4908 -296.4000 0.2275 0.2275 0.2275
vt 0.91016 0.99609
v -154.7000 -2.5912 -296.4000 0.2275 0.2275 0.2275
vt 0.91797 0.75391
v -124.8000 -2.5912 -296.4000 0.2275 0.2275 0.2275
vt 0.91797 0.75391
f 1036/1036 1037/1037 1038/1038
v -154.7000 2.4908 -296.4000 0.2275 0.2275 0.2275
vt 0.91016 0.99609
v -124.8000 -2.5912 -296.4000 0.2275 0.2275 0.2275
vt 0.91797 0.75391
v -124.8000 2.4908 -296.4000 0.2275 0.2275 0.2275
vt 0.97656 0.99609
f 1039/1039 1040/1040 1041/1041
v -124.8000 2.4908 -302.9000 0.2275 0.2275 0.2275
vt 0.94141 0.99609
v -124.8000 -2.5912 -302.9000 0.2275 0.2275 0.2275
vt 0.98438 0.75391
v -161.2000 -2.6139 -302.9000 0.2275 0.2275 0.2275
vt 0.91016 0.75391
f 1042/1042 1043/1043 1044/1044
v -124.8000 2.4908 -302.9000 0.2275 0.2275 0.2275
vt 0.94141 0.99609
v -161.2000 -2.6139 -302.9000 0.2275 0.2275 0.2275
vt 0.91016 0.75391
v -161.2000 2.4908 -302.9000 0.2275 0.2275 0.2275
vt 0.90234 0.99609
f 1045/1045 1046/1046 1047/1047
v -161.2000 2.4908 -302.9000 0.2275 0.2275 0.2275
vt 0.90234 0.99609
v -161.2000 -2.6139 -302.9000 0.2275 0.2275 0.2275
vt 0.91016 0.75391
v -161.2000 -2.5886 -258.7000 0.2275 0.2275 0.2275
vt 0.98438 0.75391
f 1048/1048 1049/1049 1050/1050
v -161.2000 2.4908 -302.9000 0.2275 0.2275 0.2275
vt 0.90234 0.99609
v -161.2000 -2.5886 -258.7000 0.2275 0.2275 0.2275
vt 0.98438 0.75391
v -161.2000 2.4908 -258.7000 0.2275 0.2275 0.2275
vt 0.97656 0.99609
f 1051/1051 1052/1052 1053/1053
v -154.7000 -26.0000 -291.7434 0.0314 0.0157 0.0235
vt 0.93750 0.68750
v -154.7000 -26.0000 -296.4000 0.0314 0.0157 0.0235
vt 0.93750 0.68750
v -154.7000 -2.5912 -296.4000 0.1725 0.1725 0.1725
vt 0.93750 0.68750
f 1054/1054 1055/1055 1056/1056
v -154.7000 -26.0000 -296.4000 0.0314 0.0157 0.0235
vt 0.93750 0.68750
v -124.8000 -2.5912 -296.4000 0.2275 0.2275 0.2275
vt 0.93750 0.68750
v -154.7000 -2.5912 -296.4000 0.1725 0.1725 0.1725
vt 0.93750 0.68750
f 1057/1057 1058/1058 1059/1059
v -154.7000 -26.0000 -291.7434 0.0314 0.0157 0.0235
vt 0.93750 0.68750
v -154.7000 -2.5912 -296.4000 0.1725 0.1725 0.1725
vt 0.93750 0.68750
v -154.7000 -2.5912 -265.2000 0.1725 0.1725 0.1725
vt 0.93750 0.68750
f 1060/1060 1061/1061 1062/1062
v -154.7000 -26.0000 -291.7434 0.0314 0.0157 0.0235
vt 0.93750 0.68750
v -154.7000 -2.5912 -265.2000 0.1725 0.1725 0.1725
vt 0.93750 0.68750
v -154.7000 -26.0000 -270.5651 0.0314 0.0157 0.0235
vt 0.93750 0.68750
f 1063/1063 1064/1064 1065/1065
v -161.2000 2.4908 -258.7000 1.0000 1.0000 1.0000
vt 0.91016 0.99609
v -154.7000 2.4908 -265.2000 1.0000 1.0000 1.0000
vt 0.98438 0.75391
v -154.7000 2.4908 -296.4000 1.0000 1.0000 1.0000
vt 0.91797 0.75391
f 1066/1066 1067/1067 1068/1068
v -161.2000 2.4908 -258.7000 1.0000 1.0000 1.0000
vt 0.91016 0.99609
v -154.7000 2.4908 -296.4000 1.0000 1.0000 1.0000
vt 0.91797 0.75391
v -161.2000 2.4908 -302.9000 1.0000 1.0000 1.0000
vt 0.97656 0.99609
f 1069/1069 1070/1070 1071/1071
v -124.8000 2.4908 -302.9000 1.0000 1.0000 1.0000
vt 0.91406 0.99609
v -161.2000 2.4908 -302.9000 1.0000 1.0000 1.0000
vt 0.97656 0.99609
v -154.7000 2.4908 -296.4000 1.0000 1.0000 1.0000
vt 0.92188 0.75781
f 1072/1072 1073/1073 1074/1074
v -124.8000 2.4908 -302.9000 1.0000 1.0000 1.0000
vt 0.91406 0.99609
v -154.7000 2.4908 -296.4000 1.0000 1.0000 1.0000
vt 0.92188 0.75781
v -124.8000 2.4908 -296.4000 1.0000 1.0000 1.0000
vt 0.92188 0.75781
f 1075/1075 1076/1076 1077/1077
v -124.8000 2.4908 -258.7000 0.2275 0.2275 0.2275
vt 0.91406 0.99609
v -161.2000 2.4908 -258.7000 0.2275 0.2275 0.2275
vt 0.97656 0.99609
v -161.2000 -2.5886 -258.7000 0.2275 0.2275 0.2275
vt 0.98438 0.75781
f 1078/1078 1079/1079 1080/1080
v -124.8000 2.4908 -258.7000 0.2275 0.2275 0.2275
vt 0.91406 0.99609
v -161.2000 -2.5886 -258.7000 0.2275 0.2275 0.2275
vt 0.98438 0.75781
v -124.8000 -2.5912 -258.7000 0.2275 0.2275 0.2275
vt 0.91797 0.75391
f 1081/1081 1082/1082 1083/1083
v -124.8000 -2.5912 -258.7000 0.2275 0.2275 0.2275
vt 0.91797 0.75391
v -124.8000 -2.5912 -265.2000 0.2275 0.2275 0.2275
vt 0.98438 0.75391
v -124.8000 2.4908 -265.2000 0.2275 0.2275 0.2275
vt 0.97656 0.99609
f 1084/1084 1085/1085 1086/1086
v -124.8000 -2.5912 -258.7000 0.2275 0.2275 0.2275
vt 0.91797 0.75391
v -124.8000 2.4908 -265.2000 0.2275 0.2275 0.2275
vt 0.97656 0.99609
v -124.8000 2.4908 -258.7000 0.2275 0.2275 0.2275
vt 0.91016 0.99609
f 1087/1087 1088/1088 1089/1089
v -124.8000 -2.5912 -296.4000 0.2275 0.2275 0.2275
vt 0.91797 0.75391
v -124.8000 -2.5912 -302.9000 0.2275 0.2275 0.2275
vt 0.98438 0.75391
v -124.8000 2.4908 -302.9000 0.2275 0.2275 0.2275
vt 0.97656 0.99609
f 1090/1090 1091/1091 1092/1092
v -124.8000 -2.5912 -296.4000 0.2275 0.2275 0.2275
vt 0.91797 0.75391
v -124.8000 2.4908 -302.9000 0.2275 0.2275 0.2275
vt 0.97656 0.99609
v -124.8000 2.4908 -296.4000 0.2275 0.2275 0.2275
vt 0.91016 0.99609
f 1093/1093 1094/1094 1095/1095
v -124.8000 2.4908 -258.7000 1.0000 1.0000 1.0000
vt 0.91406 0.99609
v -124.8000 2.4908 -265.2000 1.0000 1.0000 1.0000
vt 0.92188 0.75781
v -154.7000 2.4908 -265.2000 1.0000 1.0000 1.0000
vt 0.91797 0.75391
f 1096/1096 1097/1097 1098/1098
v -124.8000 2.4908 -258.7000 1.0000 1.0000 1.0000
vt 0.91406 0.99609
v -154.7000 2.4908 -265.2000 1.0000 1.0000 1.0000
vt 0.91797 0.75391
v -161.2000 2.4908 -258.7000 1.0000 1.0000 1.0000
vt 0.91016 0.99609
f 1099/1099 1100/1100 1101/1101
v -154.7000 -26.0000 -270.5651 0.0314 0.0157 0.0235
vt 0.93750 0.68750
v -154.7000 -2.5912 -265.2000 0.1725 0.1725 0.1725
vt 0.93750 0.68750
v -154.7000 -26.0000 -265.2000 0.0314 0.0157 0.0235
vt 0.93750 0.68750
f 1102/1102 1103/1103 1104/1104
v -124.8000 -2.5912 -265.2000 0.2275 0.2275 0.2275
vt 0.93750 0.68750
v -154.7000 -26.0000 -265.2000 0.1725 0.1725 0.1725
vt 0.93750 0.68750
v -154.7000 -2.5912 -265.2000 0.1725 0.1725 0.1725
vt 0.93750 0.68750
f 1105/1105 1106/1106 1107/1107
usemtl h_kage_lm1
v -220.2611 2.6000 -147.4815 1.0000 1.0000 1.0000
vt 0.50000 0.50000
v -258.1389 2.6000 -147.4815 1.0000 1.0000 1.0000
vt 0.50000 0.50000
v -258.1389 2.6000 -112.5185 1.0000 1.0000 1.0000
vt 0.50000 0.50000
f 1108/1108 1109/1109 1110/1110
v -220.2611 2.6000 -147.4815 1.0000 1.0000 1.0000
vt 0.50000 0.50000
v -258.1389 2.6000 -112.5185 1.0000 1.0000 1.0000
vt 0.50000 0.50000
v -220.2611 2.6000 -112.5185 1.0000 1.0000 1.0000
vt 0.50000 0.50000
f 1111/1111 1112/1112 1113/1113
v -258.1389 2.6000 -112.5185 1.0000 1.0000 1.0000
vt 0.37500 0.12500
v -258.1389 2.6000 -147.4815 1.0000 1.0000 1.0000
vt 0.37500 0.12500
v -268.3357 2.6000 -147.4815 1.0000 1.0000 1.0000
vt 0.37500 0.87500
f 1114/1114 1115/1115 1116/1116
v -258.1389 2.6000 -112.5185 1.0000 1.0000 1.0000
vt 0.37500 0.12500
v -268.3357 2.6000 -147.4815 1.0000 1.0000 1.0000
vt 0.37500 0.87500
v -268.3357 2.6000 -112.5185 1.0000 1.0000 1.0000
vt 0.37500 0.87500
f 1117/1117 1118/1118 1119/1119
v -220.2611 2.6000 -147.4815 1.0000 1.0000 1.0000
vt 0.37500 0.12500
v -220.2611 2.6000 -159.1357 1.0000 1.0000 1.0000
vt 0.37500 0.87500
v -258.1389 2.6000 -159.1357 1.0000 1.0000 1.0000
vt 0.37500 0.87500
f 1120/1120 1121/1121 1122/1122
v -220.2611 2.6000 -147.4815 1.0000 1.0000 1.0000
vt 0.37500 0.12500
v -258.1389 2.6000 -159.1357 1.0000 1.0000 1.0000
vt 0.37500 0.87500
v -258.1389 2.6000 -147.4815 1.0000 1.0000 1.0000
vt 0.37500 0.12500
f 1123/1123 1124/1124 1125/1125
v -220.2611 2.6000 -112.5185 1.0000 1.0000 1.0000
vt 0.37500 0.12500
v -210.0643 2.6000 -112.5185 1.0000 1.0000 1.0000
vt 0.37500 0.87500
v -210.0643 2.6000 -147.4815 1.0000 1.0000 1.0000
vt 0.62500 0.87500
f 1126/1126 1127/1127 1128/1128
v -220.2611 2.6000 -112.5185 1.0000 1.0000 1.0000
vt 0.37500 0.12500
v -210.0643 2.6000 -147.4815 1.0000 1.0000 1.0000
vt 0.62500 0.87500
v -220.2611 2.6000 -147.4815 1.0000 1.0000 1.0000
vt 0.62500 0.12500
f 1129/1129 1130/1130 1131/1131
v -258.1389 2.6000 -112.5185 1.0000 1.0000 1.0000
vt 0.37500 0.12500
v -258.1389 2.6000 -100.8643 1.0000 1.0000 1.0000
vt 0.37500 0.87500
v -220.2611 2.6000 -100.8643 1.0000 1.0000 1.0000
vt 0.62500 0.87500
f 1132/1132 1133/1133 1134/1134
v -258.1389 2.6000 -112.5185 1.0000 1.0000 1.0000
vt 0.37500 0.12500
v -220.2611 2.6000 -100.8643 1.0000 1.0000 1.0000
vt 0.62500 0.87500
v -220.2611 2.6000 -112.5185 1.0000 1.0000 1.0000
vt 0.62500 0.12500
f 1135/1135 1136/1136 1137/1137
v -258.1389 2.6000 -159.1357 1.0000 1.0000 1.0000
vt 0.37500 0.87500
v -268.3357 2.6000 -147.4815 1.0000 1.0000 1.0000
vt 0.62500 0.87500
v -258.1389 2.6000 -147.4815 1.0000 1.0000 1.0000
vt 0.50000 0.12500
f 1138/1138 1139/1139 1140/1140
v -210.0643 2.6000 -147.4815 1.0000 1.0000 1.0000
vt 0.37500 0.87500
v -220.2611 2.6000 -159.1357 1.0000 1.0000 1.0000
vt 0.62500 0.87500
v -220.2611 2.6000 -147.4815 1.0000 1.0000 1.0000
vt 0.50000 0.12500
f 1141/1141 1142/1142 1143/1143
v -210.0643 2.6000 -112.5185 1.0000 1.0000 1.0000
vt 0.62500 0.87500
v -220.2611 2.6000 -112.5185 1.0000 1.0000 1.0000
vt 0.50000 0.12500
v -220.2611 2.6000 -100.8643 1.0000 1.0000 1.0000
vt 0.37500 0.87500
f 1144/1144 1145/1145 1146/1146
v -258.1389 2.6000 -100.8643 1.0000 1.0000 1.0000
vt 0.62500 0.87500
v -258.1389 2.6000 -112.5185 1.0000 1.0000 1.0000
vt 0.50000 0.12500
v -268.3357 2.6000 -112.5185 1.0000 1.0000 1.0000
vt 0.37500 0.87500
f 1147/1147 1148/1148 1149/1149
usemtl idr_table01_lm1
v -224.0329 18.2000 -144.0003 1.0000 1.0000 1.0000
vt -1.00000 0.56250
v -254.3671 18.2000 -144.0003 1.0000 1.0000 1.0000
vt 0.00000 0.56250
v -239.2000 18.2000 -130.0000 1.0000 1.0000 1.0000
vt -0.50000 0.81250
f 1150/1150 1151/1151 1152/1152
v -254.3671 18.2000 -144.0003 1.0000 1.0000 1.0000
vt 0.00000 0.56250
v -254.3671 18.2000 -115.9997 1.0000 1.0000 1.0000
vt -1.00000 0.56250
v -239.2000 18.2000 -130.0000 1.0000 1.0000 1.0000
vt -0.50000 0.81250
f 1153/1153 1154/1154 1155/1155
v -239.2000 18.2000 -130.0000 1.0000 1.0000 1.0000
vt -0.50000 0.81250
v -254.3671 18.2000 -115.9997 1.0000 1.0000 1.0000
vt -1.00000 0.56250
v -224.0329 18.2000 -115.9997 1.0000 1.0000 1.0000
vt 0.00000 0.56250
f 1156/1156 1157/1157 1158/1158
v -219.7000 13.0000 -107.9000 0.2275 0.2275 0.2275
vt -1.06250 0.87500
v -219.7000 3.9000 -107.9000 0.2275 0.2275 0.2275
vt -2.00000 0.87500
v -219.7000 3.9000 -114.2324 0.2275 0.2275 0.2275
vt -2.00000 0.89844
f 1159/1159 1160/1160 1161/1161
v -219.7000 13.0000 -107.9000 0.2275 0.2275 0.2275
vt -1.06250 0.87500
v -219.7000 3.9000 -114.2324 0.2275 0.2275 0.2275
vt -2.00000 0.89844
v -219.7000 13.0000 -114.2324 0.2275 0.2275 0.2275
vt -1.06250 0.89844
f 1162/1162 1163/1163 1164/1164
v -226.2000 3.9000 -107.9000 0.2275 0.2275 0.2275
vt -2.00000 0.89844
v -226.2000 13.0000 -107.9000 0.2275 0.2275 0.2275
vt -1.06250 0.89844
v -226.2000 13.0000 -114.2324 0.2275 0.2275 0.2275
vt -1.06250 0.87500
f 1165/1165 1166/1166 1167/1167
v -226.2000 3.9000 -107.9000 0.2275 0.2275 0.2275
vt -2.00000 0.89844
v -226.2000 13.0000 -114.2324 0.2275 0.2275 0.2275
vt -1.06250 0.87500
v -226.2000 3.9000 -114.2324 0.2275 0.2275 0.2275
vt -2.00000 0.87500
f 1168/1168 1169/1169 1170/1170
v -252.2000 13.0000 -107.9000 0.2275 0.2275 0.2275
vt -1.06250 0.87500
v -252.2000 3.9000 -107.9000 0.2275 0.2275 0.2275
vt -2.00000 0.87500
v -252.2000 3.9000 -114.2324 0.2275 0.2275 0.2275
vt -2.00000 0.89844
f 1171/1171 1172/1172 1173/1173
v -252.2000 13.0000 -107.9000 0.2275 0.2275 0.2275
vt -1.06250 0.87500
v -252.2000 3.9000 -114.2324 0.2275 0.2275 0.2275
vt -2.00000 0.89844
v -252.2000 13.0000 -114.2324 0.2275 0.2275 0.2275
vt -1.06250 0.89844
f 1174/1174 1175/1175 1176/1176
v -258.7000 3.9000 -107.9000 0.2275 0.2275 0.2275
vt -2.00000 0.87500
v -258.7000 13.0000 -107.9000 0.2275 0.2275 0.2275
vt -1.06250 0.87500
v -258.7000 13.0000 -114.2324 0.2275 0.2275 0.2275
vt -1.06250 0.89844
f 1177/1177 1178/1178 1179/1179
v -258.7000 3.9000 -107.9000 0.2275 0.2275 0.2275
vt -2.00000 0.87500
v -258.7000 13.0000 -114.2324 0.2275 0.2275 0.2275
vt -1.06250 0.89844
v -258.7000 3.9000 -114.2324 0.2275 0.2275 0.2275
vt -2.00000 0.89844
f 1180/1180 1181/1181 1182/1182
v -256.1000 18.2000 -104.0000 0.3333 0.3333 0.3333
vt 2.00000 0.15625
v -265.2000 18.2000 -114.4000 0.3333 0.3333 0.3333
vt 4.00000 0.15625
v -265.2000 13.0000 -114.4000 0.3333 0.3333 0.3333
vt 4.00000 0.00000
f 1183/1183 1184/1184 1185/1185
v -256.1000 18.2000 -104.0000 0.3333 0.3333 0.3333
vt 2.00000 0.15625
v -265.2000 13.0000 -114.4000 0.3333 0.3333 0.3333
vt 4.00000 0.00000
v -256.1000 13.0000 -104.0000 0.3333 0.3333 0.3333
vt 2.00000 0.00000
f 1186/1186 1187/1187 1188/1188
v -265.2000 18.2000 -145.6000 0.2275 0.2275 0.2275
vt 4.00000 0.15625
v -265.2000 13.0000 -145.6000 0.2275 0.2275 0.2275
vt 4.00000 0.00000
v -265.2000 13.0000 -114.4000 0.2275 0.2275 0.2275
vt 2.00000 0.00000
f 1189/1189 1190/1190 1191/1191
v -265.2000 18.2000 -145.6000 0.2275 0.2275 0.2275
vt 4.00000 0.15625
v -265.2000 13.0000 -114.4000 0.2275 0.2275 0.2275
vt 2.00000 0.00000
v -265.2000 18.2000 -114.4000 0.2275 0.2275 0.2275
vt 2.00000 0.15625
f 1192/1192 1193/1193 1194/1194
v -213.2000 18.2000 -114.4000 0.2275 0.2275 0.2275
vt 4.00000 0.15625
v -213.2000 13.0000 -114.4000 0.2275 0.2275 0.2275
vt 4.00000 0.00000
v -213.2000 13.0000 -145.6000 0.2275 0.2275 0.2275
vt 2.00000 0.00000
f 1195/1195 1196/1196 1197/1197
v -213.2000 18.2000 -114.4000 0.2275 0.2275 0.2275
vt 4.00000 0.15625
v -213.2000 13.0000 -145.6000 0.2275 0.2275 0.2275
vt 2.00000 0.00000
v -213.2000 18.2000 -145.6000 0.2275 0.2275 0.2275
vt 2.00000 0.15625
f 1198/1198 1199/1199 1200/1200
v -213.2000 18.2000 -114.4000 0.3333 0.3333 0.3333
vt 2.00000 0.15625
v -222.3000 18.2000 -104.0000 0.3333 0.3333 0.3333
vt 4.00000 0.15625
v -222.2974 13.0000 -104.0000 0.3333 0.3333 0.3333
vt 4.00000 0.00000
f 1201/1201 1202/1202 1203/1203
v -213.2000 18.2000 -114.4000 0.3333 0.3333 0.3333
vt 2.00000 0.15625
v -222.2974 13.0000 -104.0000 0.3333 0.3333 0.3333
vt 4.00000 0.00000
v -213.2000 13.0000 -114.4000 0.3333 0.3333 0.3333
vt 2.00000 0.00000
f 1204/1204 1205/1205 1206/1206
v -256.1000 13.0000 -104.0000 0.4627 0.4627 0.4627
vt 2.00000 0.00000
v -222.2974 13.0000 -104.0000 0.4627 0.4627 0.4627
vt 4.00000 0.00000
v -222.3000 18.2000 -104.0000 0.4627 0.4627 0.4627
vt 4.00000 0.15625
f 1207/1207 1208/1208 1209/1209
v -256.1000 13.0000 -104.0000 0.4627 0.4627 0.4627
vt 2.00000 0.00000
v -222.3000 18.2000 -104.0000 0.4627 0.4627 0.4627
vt 4.00000 0.15625
v -256.1000 18.2000 -104.0000 0.4627 0.4627 0.4627
vt 2.00000 0.15625
f 1210/1210 1211/1211 1212/1212
v -254.3671 18.2000 -115.9997 1.0000 1.0000 1.0000
vt 4.00000 0.59375
v -254.3671 18.2000 -144.0003 1.0000 1.0000 1.0000
vt 2.00000 0.59375
v -265.2000 18.2000 -145.6000 1.0000 1.0000 1.0000
vt 2.00000 0.15625
f 1213/1213 1214/1214 1215/1215
v -254.3671 18.2000 -115.9997 1.0000 1.0000 1.0000
vt 4.00000 0.59375
v -265.2000 18.2000 -145.6000 1.0000 1.0000 1.0000
vt 2.00000 0.15625
v -265.2000 18.2000 -114.4000 1.0000 1.0000 1.0000
vt 4.00000 0.15625
f 1216/1216 1217/1217 1218/1218
v -224.0329 18.2000 -144.0003 1.0000 1.0000 1.0000
vt 2.00000 0.59375
v -222.3000 18.2000 -156.0000 1.0000 1.0000 1.0000
vt 2.00000 0.15625
v -256.1000 18.2000 -156.0000 1.0000 1.0000 1.0000
vt 4.00000 0.15625
f 1219/1219 1220/1220 1221/1221
v -224.0329 18.2000 -144.0003 1.0000 1.0000 1.0000
vt 2.00000 0.59375
v -256.1000 18.2000 -156.0000 1.0000 1.0000 1.0000
vt 4.00000 0.15625
v -254.3671 18.2000 -144.0003 1.0000 1.0000 1.0000
vt 4.00000 0.59375
f 1222/1222 1223/1223 1224/1224
v -224.0329 18.2000 -115.9997 1.0000 1.0000 1.0000
vt 2.00000 0.59375
v -213.2000 18.2000 -114.4000 1.0000 1.0000 1.0000
vt 2.00000 0.15625
v -213.2000 18.2000 -145.6000 1.0000 1.0000 1.0000
vt 4.00000 0.15625
f 1225/1225 1226/1226 1227/1227
v -224.0329 18.2000 -115.9997 1.0000 1.0000 1.0000
vt 2.00000 0.59375
v -213.2000 18.2000 -145.6000 1.0000 1.0000 1.0000
vt 4.00000 0.15625
v -224.0329 18.2000 -144.0003 1.0000 1.0000 1.0000
vt 4.00000 0.59375
f 1228/1228 1229/1229 1230/1230
v -254.3671 18.2000 -115.9997 1.0000 1.0000 1.0000
vt 2.00000 0.59375
v -256.1000 18.2000 -104.0000 1.0000 1.0000 1.0000
vt 2.00000 0.15625
v -222.3000 18.2000 -104.0000 1.0000 1.0000 1.0000
vt 4.00000 0.15625
f 1231/1231 1232/1232 1233/1233
v -254.3671 18.2000 -115.9997 1.0000 1.0000 1.0000
vt 2.00000 0.59375
v -222.3000 18.2000 -104.0000 1.0000 1.0000 1.0000
vt 4.00000 0.15625
v -224.0329 18.2000 -115.9997 1.0000 1.0000 1.0000
vt 4.00000 0.59375
f 1234/1234 1235/1235 1236/1236
v -226.2000 3.9000 -107.9000 0.3333 0.3333 0.3333
vt -2.00000 0.87500
v -219.7000 3.9000 -107.9000 0.3333 0.3333 0.3333
vt -2.00000 1.00000
v -219.7000 13.0000 -107.9000 0.3333 0.3333 0.3333
vt -1.06250 1.00000
f 1237/1237 1238/1238 1239/1239
v -226.2000 3.9000 -107.9000 0.3333 0.3333 0.3333
vt -2.00000 0.87500
v -219.7000 13.0000 -107.9000 0.3333 0.3333 0.3333
vt -1.06250 1.00000
v -226.2000 13.0000 -107.9000 0.3333 0.3333 0.3333
vt -1.06250 0.87500
f 1240/1240 1241/1241 1242/1242
v -258.7000 3.9000 -107.9000 0.3333 0.3333 0.3333
vt -2.00000 0.87500
v -252.2000 3.9000 -107.9000 0.3333 0.3333 0.3333
vt -2.00000 1.00000
v -252.2000 13.0000 -107.9000 0.3333 0.3333 0.3333
vt -1.06250 1.00000
f 1243/1243 1244/1244 1245/1245
v -258.7000 3.9000 -107.9000 0.3333 0.3333 0.3333
vt -2.00000 0.87500
v -252.2000 13.0000 -107.9000 0.3333 0.3333 0.3333
vt -1.06250 1.00000
v -258.7000 13.0000 -107.9000 0.3333 0.3333 0.3333
vt -1.06250 0.87500
f 1246/1246 1247/1247 1248/1248
v -256.1000 18.2000 -156.0000 1.0000 1.0000 1.0000
vt 3.00000 0.15625
v -265.2000 18.2000 -145.6000 1.0000 1.0000 1.0000
vt 2.00000 0.15625
v -254.3671 18.2000 -144.0003 1.0000 1.0000 1.0000
vt 2.50000 0.59375
f 1249/1249 1250/1250 1251/1251
v -213.2000 18.2000 -145.6000 1.0000 1.0000 1.0000
vt 3.00000 0.15625
v -222.3000 18.2000 -156.0000 1.0000 1.0000 1.0000
vt 2.00000 0.15625
v -224.0329 18.2000 -144.0003 1.0000 1.0000 1.0000
vt 2.50000 0.59375
f 1252/1252 1253/1253 1254/1254
v -213.2000 18.2000 -114.4000 1.0000 1.0000 1.0000
vt 3.00000 0.15625
v -224.0329 18.2000 -115.9997 1.0000 1.0000 1.0000
vt 2.50000 0.59375
v -222.3000 18.2000 -104.0000 1.0000 1.0000 1.0000
vt 2.00000 0.15625
f 1255/1255 1256/1256 1257/1257
v -239.2000 18.2000 -130.0000 1.0000 1.0000 1.0000
vt -0.50000 0.81250
v -224.0329 18.2000 -115.9997 1.0000 1.0000 1.0000
vt -1.00000 0.56250
v -224.0329 18.2000 -144.0003 1.0000 1.0000 1.0000
vt 0.00000 0.56250
f 1258/1258 1259/1259 1260/1260
v -256.1000 18.2000 -104.0000 1.0000 1.0000 1.0000
vt 3.00000 0.15625
v -254.3671 18.2000 -115.9997 1.0000 1.0000 1.0000
vt 2.50000 0.59375
v -265.2000 18.2000 -114.4000 1.0000 1.0000 1.0000
vt 2.00000 0.15625
f 1261/1261 1262/1262 1263/1263
usemtl in40_kage
v -42.6208 2.6000 -106.8768 0.5608 0.5608 0.5608
vt 0.38281 0.07031
v -38.9035 2.6000 -106.8768 0.5608 0.5608 0.5608
vt 0.38281 0.96875
v -38.9035 2.6000 -146.4378 0.5608 0.5608 0.5608
vt 0.61719 0.96875
f 1264/1264 1265/1265 1266/1266
v -42.6208 2.6000 -106.8768 0.5608 0.5608 0.5608
vt 0.38281 0.07031
v -38.9035 2.6000 -146.4378 0.5608 0.5608 0.5608
vt 0.61719 0.96875
v -42.6208 2.6000 -142.7232 0.5608 0.5608 0.5608
vt 0.61719 0.07031
f 1267/1267 1268/1268 1269/1269
v -42.6208 2.6000 -142.7232 0.5608 0.5608 0.5608
vt 0.61719 0.07031
v -38.9035 2.6000 -146.4378 0.5608 0.5608 0.5608
vt 0.61719 0.96875
v -50.3292 2.6000 -146.4378 0.5608 0.5608 0.5608
vt 0.38281 0.96875
f 1270/1270 1271/1271 1272/1272
v -42.6208 2.6000 -142.7232 0.5608 0.5608 0.5608
vt 0.61719 0.07031
v -50.3292 2.6000 -146.4378 0.5608 0.5608 0.5608
vt 0.38281 0.96875
v -50.3292 2.6000 -142.7232 0.5608 0.5608 0.5608
vt 0.38281 0.07031
f 1273/1273 1274/1274 1275/1275
v -42.6208 2.6000 -106.8768 0.5608 0.5608 0.5608
vt 0.38281 0.07031
v -50.3292 2.6000 -106.8768 0.5608 0.5608 0.5608
vt 0.61719 0.07031
v -55.3465 2.6000 -103.1622 0.5608 0.5608 0.5608
vt 0.61719 0.96875
f 1276/1276 1277/1277 1278/1278
v -42.6208 2.6000 -106.8768 0.5608 0.5608 0.5608
vt 0.38281 0.07031
v -55.3465 2.6000 -103.1622 0.5608 0.5608 0.5608
vt 0.61719 0.96875
v -42.6208 2.6000 -103.1622 0.5608 0.5608 0.5608
vt 0.38281 0.96875
f 1279/1279 1280/1280 1281/1281
v -50.3292 2.6000 -106.8768 0.5608 0.5608 0.5608
vt 0.38281 0.07031
v -50.3292 2.6000 -142.7232 0.5608 0.5608 0.5608
vt 0.61719 0.07031
v -55.3465 2.6000 -142.7232 0.5608 0.5608 0.5608
vt 0.61719 0.96875
f 1282/1282 1283/1283 1284/1284
v -50.3292 2.6000 -106.8768 0.5608 0.5608 0.5608
vt 0.38281 0.07031
v -55.3465 2.6000 -142.7232 0.5608 0.5608 0.5608
vt 0.61719 0.96875
v -55.3465 2.6000 -103.1622 0.5608 0.5608 0.5608
vt 0.38281 0.96875
f 1285/1285 1286/1286 1287/1287
v -50.3292 2.6000 -142.7232 0.5608 0.5608 0.5608
vt 0.48438 0.42969
v -50.3292 2.6000 -106.8768 0.5608 0.5608 0.5608
vt 0.51562 0.42969
v -42.6208 2.6000 -106.8768 0.5608 0.5608 0.5608
vt 0.51562 0.57031
f 1288/1288 1289/1289 1290/1290
v -50.3292 2.6000 -142.7232 0.5608 0.5608 0.5608
vt 0.48438 0.42969
v -42.6208 2.6000 -106.8768 0.5608 0.5608 0.5608
vt 0.51562 0.57031
v -42.6208 2.6000 -142.7232 0.5608 0.5608 0.5608
vt 0.48438 0.57031
f 1291/1291 1292/1292 1293/1293
v -38.9035 2.6000 -106.8768 0.5608 0.5608 0.5608
vt 0.61719 0.96875
v -42.6208 2.6000 -106.8768 0.5608 0.5608 0.5608
vt 0.61719 0.07031
v -42.6208 2.6000 -103.1622 0.5608 0.5608 0.5608
vt 0.38281 0.96875
f 1294/1294 1295/1295 1296/1296
v -50.3292 2.6000 -142.7232 0.5608 0.5608 0.5608
vt 0.61719 0.07031
v -50.3292 2.6000 -146.4378 0.5608 0.5608 0.5608
vt 0.38281 0.96875
v -55.3465 2.6000 -142.7232 0.5608 0.5608 0.5608
vt 0.61719 0.96875
f 1297/1297 1298/1298 1299/1299
usemtl lambert2
v -41.6000 23.3315 -143.0000 0.4157 0.4157 0.4157
vt 0.05469 0.53125
v -52.0000 23.3315 -143.0000 0.4157 0.4157 0.4157
vt 0.05469 0.53125
v -52.0000 41.6000 -143.0000 0.4157 0.4157 0.4157
vt 0.05469 1.00000
f 1300/1300 1301/1301 1302/1302
v -41.6000 23.3315 -143.0000 0.4157 0.4157 0.4157
vt 0.05469 0.53125
v -52.0000 41.6000 -143.0000 0.4157 0.4157 0.4157
vt 0.05469 1.00000
v -41.6000 41.6000 -143.0000 0.4157 0.4157 0.4157
vt 0.05469 1.00000
f 1303/1303 1304/1304 1305/1305
v -52.0000 23.3315 -106.6000 0.4157 0.4157 0.4157
vt 0.05469 0.53125
v -41.6000 23.3315 -106.6000 0.4157 0.4157 0.4157
vt 0.05469 0.53125
v -41.6000 41.6000 -106.6000 0.4157 0.4157 0.4157
vt 0.05469 1.00000
f 1306/1306 1307/1307 1308/1308
v -52.0000 23.3315 -106.6000 0.4157 0.4157 0.4157
vt 0.05469 0.53125
v -41.6000 41.6000 -106.6000 0.4157 0.4157 0.4157
vt 0.05469 1.00000
v -52.0000 41.6000 -106.6000 0.4157 0.4157 0.4157
vt 0.05469 1.00000
f 1309/1309 1310/1310 1311/1311
v -52.0000 23.3315 -143.0000 0.6157 0.6157 0.6157
vt 0.00000 0.53125
v -52.0000 23.3315 -106.6000 0.6157 0.6157 0.6157
vt 3.24219 0.53125
v -52.0000 41.6000 -106.6000 0.6157 0.6157 0.6157
vt 3.24219 1.00000
f 1312/1312 1313/1313 1314/1314
v -52.0000 23.3315 -143.0000 0.6157 0.6157 0.6157
vt 0.00000 0.53125
v -52.0000 41.6000 -106.6000 0.6157 0.6157 0.6157
vt 3.24219 1.00000
v -52.0000 41.6000 -143.0000 0.6157 0.6157 0.6157
vt 0.00000 1.00000
f 1315/1315 1316/1316 1317/1317
v -41.6000 2.6000 -143.0000 0.4157 0.4157 0.4157
vt 0.90625 0.00000
v -52.0000 2.6000 -143.0000 0.4157 0.4157 0.4157
vt 0.96094 0.00000
v -52.0000 23.3315 -143.0000 0.4157 0.4157 0.4157
vt 0.96094 0.53125
f 1318/1318 1319/1319 1320/1320
v -41.6000 2.6000 -143.0000 0.4157 0.4157 0.4157
vt 0.90625 0.00000
v -52.0000 23.3315 -143.0000 0.4157 0.4157 0.4157
vt 0.96094 0.53125
v -41.6000 23.3315 -143.0000 0.4157 0.4157 0.4157
vt 0.90625 0.53125
f 1321/1321 1322/1322 1323/1323
v -52.0000 2.6000 -106.6000 0.4157 0.4157 0.4157
vt 0.90625 0.00000
v -41.6000 2.6000 -106.6000 0.4157 0.4157 0.4157
vt 0.96094 0.00000
v -41.6000 23.3315 -106.6000 0.4157 0.4157 0.4157
vt 0.96094 0.53125
f 1324/1324 1325/1325 1326/1326
v -52.0000 2.6000 -106.6000 0.4157 0.4157 0.4157
vt 0.90625 0.00000
v -41.6000 23.3315 -106.6000 0.4157 0.4157 0.4157
vt 0.96094 0.53125
v -52.0000 23.3315 -106.6000 0.4157 0.4157 0.4157
vt 0.90625 0.53125
f 1327/1327 1328/1328 1329/1329
v -52.0000 41.6000 -143.0000 1.0000 1.0000 1.0000
vt 0.47656 0.03320
v -52.0000 41.6000 -106.6000 1.0000 1.0000 1.0000
vt 0.47656 -0.00195
v -41.6000 41.6000 -106.6000 1.0000 1.0000 1.0000
vt 0.52344 -0.00195
f 1330/1330 1331/1331 1332/1332
v -52.0000 41.6000 -143.0000 1.0000 1.0000 1.0000
vt 0.47656 0.03320
v -41.6000 41.6000 -106.6000 1.0000 1.0000 1.0000
vt 0.52344 -0.00195
v -41.6000 41.6000 -143.0000 1.0000 1.0000 1.0000
vt 0.52344 0.03320
f 1333/1333 1334/1334 1335/1335
v -52.0000 2.6000 -143.0000 0.6157 0.6157 0.6157
vt 0.00000 0.00000
v -52.0000 2.6000 -106.6000 0.6157 0.6157 0.6157
vt 2.12500 0.00000
v -52.0000 23.3315 -106.6000 0.6157 0.6157 0.6157
vt 2.12500 0.53125
f 1336/1336 1337/1337 1338/1338
v -52.0000 2.6000 -143.0000 0.6157 0.6157 0.6157
vt 0.00000 0.00000
v -52.0000 23.3315 -106.6000 0.6157 0.6157 0.6157
vt 2.12500 0.53125
v -52.0000 23.3315 -143.0000 0.6157 0.6157 0.6157
vt 0.00000 0.53125
f 1339/1339 1340/1340 1341/1341
usemtl in40_kage_1
v -42.6208 2.6000 -148.4768 0.5608 0.5608 0.5608
vt 0.38281 0.07031
v -38.9035 2.6000 -148.4768 0.5608 0.5608 0.5608
vt 0.38281 0.96875
v -38.9035 2.6000 -188.0378 0.5608 0.5608 0.5608
vt 0.61719 0.96875
f 1342/1342 1343/1343 1344/1344
v -42.6208 2.6000 -148.4768 0.5608 0.5608 0.5608
vt 0.38281 0.07031
v -38.9035 2.6000 -188.0378 0.5608 0.5608 0.5608
vt 0.61719 0.96875
v -42.6208 2.6000 -184.3232 0.5608 0.5608 0.5608
vt 0.61719 0.07031
f 1345/1345 1346/1346 1347/1347
v -42.6208 2.6000 -184.3232 0.5608 0.5608 0.5608
vt 0.61719 0.07031
v -38.9035 2.6000 -188.0378 0.5608 0.5608 0.5608
vt 0.61719 0.96875
v -50.3292 2.6000 -188.0378 0.5608 0.5608 0.5608
vt 0.38281 0.96875
f 1348/1348 1349/1349 1350/1350
v -42.6208 2.6000 -184.3232 0.5608 0.5608 0.5608
vt 0.61719 0.07031
v -50.3292 2.6000 -188.0378 0.5608 0.5608 0.5608
vt 0.38281 0.96875
v -50.3292 2.6000 -184.3232 0.5608 0.5608 0.5608
vt 0.38281 0.07031
f 1351/1351 1352/1352 1353/1353
v -42.6208 2.6000 -148.4768 0.5608 0.5608 0.5608
vt 0.38281 0.07031
v -50.3292 2.6000 -148.4768 0.5608 0.5608 0.5608
vt 0.61719 0.07031
v -55.3465 2.6000 -144.7622 0.5608 0.5608 0.5608
vt 0.61719 0.96875
f 1354/1354 1355/1355 1356/1356
v -42.6208 2.6000 -148.4768 0.5608 0.5608 0.5608
vt 0.38281 0.07031
v -55.3465 2.6000 -144.7622 0.5608 0.5608 0.5608
vt 0.61719 0.96875
v -42.6208 2.6000 -144.7622 0.5608 0.5608 0.5608
vt 0.38281 0.96875
f 1357/1357 1358/1358 1359/1359
v -50.3292 2.6000 -148.4768 0.5608 0.5608 0.5608
vt 0.38281 0.07031
v -50.3292 2.6000 -184.3232 0.5608 0.5608 0.5608
vt 0.61719 0.07031
v -55.3465 2.6000 -184.3232 0.5608 0.5608 0.5608
vt 0.61719 0.96875
f 1360/1360 1361/1361 1362/1362
v -50.3292 2.6000 -148.4768 0.5608 0.5608 0.5608
vt 0.38281 0.07031
v -55.3465 2.6000 -184.3232 0.5608 0.5608 0.5608
vt 0.61719 0.96875
v -55.3465 2.6000 -144.7622 0.5608 0.5608 0.5608
vt 0.38281 0.96875
f 1363/1363 1364/1364 1365/1365
v -50.3292 2.6000 -184.3232 0.5608 0.5608 0.5608
vt 0.48438 0.42969
v -50.3292 2.6000 -148.4768 0.5608 0.5608 0.5608
vt 0.51562 0.42969
v -42.6208 2.6000 -148.4768 0.5608 0.5608 0.5608
vt 0.51562 0.57031
f 1366/1366 1367/1367 1368/1368
v -50.3292 2.6000 -184.3232 0.5608 0.5608 0.5608
vt 0.48438 0.42969
v -42.6208 2.6000 -148.4768 0.5608 0.5608 0.5608
vt 0.51562 0.57031
v -42.6208 2.6000 -184.3232 0.5608 0.5608 0.5608
vt 0.48438 0.57031
f 1369/1369 1370/1370 1371/1371
v -38.9035 2.6000 -148.4768 0.5608 0.5608 0.5608
vt 0.61719 0.96875
v -42.6208 2.6000 -148.4768 0.5608 0.5608 0.5608
vt 0.61719 0.07031
v -42.6208 2.6000 -144.7622 0.5608 0.5608 0.5608
vt 0.38281 0.96875
f 1372/1372 1373/1373 1374/1374
v -50.3292 2.6000 -184.3232 0.5608 0.5608 0.5608
vt 0.61719 0.07031
v -50.3292 2.6000 -188.0378 0.5608 0.5608 0.5608
vt 0.38281 0.96875
v -55.3465 2.6000 -184.3232 0.5608 0.5608 0.5608
vt 0.61719 0.96875
f 1375/1375 1376/1376 1377/1377
usemtl lambert2_1
v -41.6000 23.3315 -184.6000 0.4157 0.4157 0.4157
vt 0.05469 0.53125
v -52.0000 23.3315 -184.6000 0.4157 0.4157 0.4157
vt 0.05469 0.53125
v -52.0000 41.6000 -184.6000 0.4157 0.4157 0.4157
vt 0.05469 1.00000
f 1378/1378 1379/1379 1380/1380
v -41.6000 23.3315 -184.6000 0.4157 0.4157 0.4157
vt 0.05469 0.53125
v -52.0000 41.6000 -184.6000 0.4157 0.4157 0.4157
vt 0.05469 1.00000
v -41.6000 41.6000 -184.6000 0.4157 0.4157 0.4157
vt 0.05469 1.00000
f 1381/1381 1382/1382 1383/1383
v -52.0000 23.3315 -148.2000 0.4157 0.4157 0.4157
vt 0.05469 0.53125
v -41.6000 23.3315 -148.2000 0.4157 0.4157 0.4157
vt 0.05469 0.53125
v -41.6000 41.6000 -148.2000 0.4157 0.4157 0.4157
vt 0.05469 1.00000
f 1384/1384 1385/1385 1386/1386
v -52.0000 23.3315 -148.2000 0.4157 0.4157 0.4157
vt 0.05469 0.53125
v -41.6000 41.6000 -148.2000 0.4157 0.4157 0.4157
vt 0.05469 1.00000
v -52.0000 41.6000 -148.2000 0.4157 0.4157 0.4157
vt 0.05469 1.00000
f 1387/1387 1388/1388 1389/1389
v -52.0000 23.3315 -184.6000 0.6157 0.6157 0.6157
vt 0.00000 0.53125
v -52.0000 23.3315 -148.2000 0.6157 0.6157 0.6157
vt 3.24219 0.53125
v -52.0000 41.6000 -148.2000 0.6157 0.6157 0.6157
vt 3.24219 1.00000
f 1390/1390 1391/1391 1392/1392
v -52.0000 23.3315 -184.6000 0.6157 0.6157 0.6157
vt 0.00000 0.53125
v -52.0000 41.6000 -148.2000 0.6157 0.6157 0.6157
vt 3.24219 1.00000
v -52.0000 41.6000 -184.6000 0.6157 0.6157 0.6157
vt 0.00000 1.00000
f 1393/1393 1394/1394 1395/1395
v -41.6000 2.6000 -184.6000 0.4157 0.4157 0.4157
vt 0.90625 0.00000
v -52.0000 2.6000 -184.6000 0.4157 0.4157 0.4157
vt 0.96094 0.00000
v -52.0000 23.3315 -184.6000 0.4157 0.4157 0.4157
vt 0.96094 0.53125
f 1396/1396 1397/1397 1398/1398
v -41.6000 2.6000 -184.6000 0.4157 0.4157 0.4157
vt 0.90625 0.00000
v -52.0000 23.3315 -184.6000 0.4157 0.4157 0.4157
vt 0.96094 0.53125
v -41.6000 23.3315 -184.6000 0.4157 0.4157 0.4157
vt 0.90625 0.53125
f 1399/1399 1400/1400 1401/1401
v -52.0000 2.6000 -148.2000 0.4157 0.4157 0.4157
vt 0.90625 0.00000
v -41.6000 2.6000 -148.2000 0.4157 0.4157 0.4157
vt 0.96094 0.00000
v -41.6000 23.3315 -148.2000 0.4157 0.4157 0.4157
vt 0.96094 0.53125
f 1402/1402 1403/1403 1404/1404
v -52.0000 2.6000 -148.2000 0.4157 0.4157 0.4157
vt 0.90625 0.00000
v -41.6000 23.3315 -148.2000 0.4157 0.4157 0.4157
vt 0.96094 0.53125
v -52.0000 23.3315 -148.2000 0.4157 0.4157 0.4157
vt 0.90625 0.53125
f 1405/1405 1406/1406 1407/1407
v -52.0000 41.6000 -184.6000 1.0000 1.0000 1.0000
vt 0.47656 0.03320
v -52.0000 41.6000 -148.2000 1.0000 1.0000 1.0000
vt 0.47656 -0.00195
v -41.6000 41.6000 -148.2000 1.0000 1.0000 1.0000
vt 0.52344 -0.00195
f 1408/1408 1409/1409 1410/1410
v -52.0000 41.6000 -184.6000 1.0000 1.0000 1.0000
vt 0.47656 0.03320
v -41.6000 41.6000 -148.2000 1.0000 1.0000 1.0000
vt 0.52344 -0.00195
v -41.6000 41.6000 -184.6000 1.0000 1.0000 1.0000
vt 0.52344 0.03320
f 1411/1411 1412/1412 1413/1413
v -52.0000 2.6000 -184.6000 0.6157 0.6157 0.6157
vt 0.00000 0.00000
v -52.0000 2.6000 -148.2000 0.6157 0.6157 0.6157
vt 2.12500 0.00000
v -52.0000 23.3315 -148.2000 0.6157 0.6157 0.6157
vt 2.12500 0.53125
f 1414/1414 1415/1415 1416/1416
v -52.0000 2.6000 -184.6000 0.6157 0.6157 0.6157
vt 0.00000 0.00000
v -52.0000 23.3315 -148.2000 0.6157 0.6157 0.6157
vt 2.12500 0.53125
v -52.0000 23.3315 -184.6000 0.6157 0.6157 0.6157
vt 0.00000 0.53125
f 1417/1417 1418/1418 1419/1419
usemtl in40_kage_2
v -44.4768 2.6000 -61.3792 0.5608 0.5608 0.5608
vt 0.38281 0.07031
v -44.4768 2.6000 -65.0965 0.5608 0.5608 0.5608
vt 0.38281 0.96875
v -84.0378 2.6000 -65.0965 0.5608 0.5608 0.5608
vt 0.61719 0.96875
f 1420/1420 1421/1421 1422/1422
v -44.4768 2.6000 -61.3792 0.5608 0.5608 0.5608
vt 0.38281 0.07031
v -84.0378 2.6000 -65.0965 0.5608 0.5608 0.5608
vt 0.61719 0.96875
v -80.3232 2.6000 -61.3792 0.5608 0.5608 0.5608
vt 0.61719 0.07031
f 1423/1423 1424/1424 1425/1425
v -80.3232 2.6000 -61.3792 0.5608 0.5608 0.5608
vt 0.61719 0.07031
v -84.0378 2.6000 -65.0965 0.5608 0.5608 0.5608
vt 0.61719 0.96875
v -84.0378 2.6000 -53.6708 0.5608 0.5608 0.5608
vt 0.38281 0.96875
f 1426/1426 1427/1427 1428/1428
v -80.3232 2.6000 -61.3792 0.5608 0.5608 0.5608
vt 0.61719 0.07031
v -84.0378 2.6000 -53.6708 0.5608 0.5608 0.5608
vt 0.38281 0.96875
v -80.3232 2.6000 -53.6708 0.5608 0.5608 0.5608
vt 0.38281 0.07031
f 1429/1429 1430/1430 1431/1431
v -44.4768 2.6000 -61.3792 0.5608 0.5608 0.5608
vt 0.38281 0.07031
v -44.4768 2.6000 -53.6708 0.5608 0.5608 0.5608
vt 0.61719 0.07031
v -40.7621 2.6000 -48.6535 0.5608 0.5608 0.5608
vt 0.61719 0.96875
f 1432/1432 1433/1433 1434/1434
v -44.4768 2.6000 -61.3792 0.5608 0.5608 0.5608
vt 0.38281 0.07031
v -40.7621 2.6000 -48.6535 0.5608 0.5608 0.5608
vt 0.61719 0.96875
v -40.7621 2.6000 -61.3792 0.5608 0.5608 0.5608
vt 0.38281 0.96875
f 1435/1435 1436/1436 1437/1437
v -44.4768 2.6000 -53.6708 0.5608 0.5608 0.5608
vt 0.38281 0.07031
v -80.3232 2.6000 -53.6708 0.5608 0.5608 0.5608
vt 0.61719 0.07031
v -80.3232 2.6000 -48.6535 0.5608 0.5608 0.5608
vt 0.61719 0.96875
f 1438/1438 1439/1439 1440/1440
v -44.4768 2.6000 -53.6708 0.5608 0.5608 0.5608
vt 0.38281 0.07031
v -80.3232 2.6000 -48.6535 0.5608 0.5608 0.5608
vt 0.61719 0.96875
v -40.7621 2.6000 -48.6535 0.5608 0.5608 0.5608
vt 0.38281 0.96875
f 1441/1441 1442/1442 1443/1443
v -80.3232 2.6000 -53.6708 0.5608 0.5608 0.5608
vt 0.48438 0.42969
v -44.4768 2.6000 -53.6708 0.5608 0.5608 0.5608
vt 0.51562 0.42969
v -44.4768 2.6000 -61.3792 0.5608 0.5608 0.5608
vt 0.51562 0.57031
f 1444/1444 1445/1445 1446/1446
v -80.3232 2.6000 -53.6708 0.5608 0.5608 0.5608
vt 0.48438 0.42969
v -44.4768 2.6000 -61.3792 0.5608 0.5608 0.5608
vt 0.51562 0.57031
v -80.3232 2.6000 -61.3792 0.5608 0.5608 0.5608
vt 0.48438 0.57031
f 1447/1447 1448/1448 1449/1449
v -44.4768 2.6000 -65.0965 0.5608 0.5608 0.5608
vt 0.61719 0.96875
v -44.4768 2.6000 -61.3792 0.5608 0.5608 0.5608
vt 0.61719 0.07031
v -40.7621 2.6000 -61.3792 0.5608 0.5608 0.5608
vt 0.38281 0.96875
f 1450/1450 1451/1451 1452/1452
v -80.3232 2.6000 -53.6708 0.5608 0.5608 0.5608
vt 0.61719 0.07031
v -84.0378 2.6000 -53.6708 0.5608 0.5608 0.5608
vt 0.38281 0.96875
v -80.3232 2.6000 -48.6535 0.5608 0.5608 0.5608
vt 0.61719 0.96875
f 1453/1453 1454/1454 1455/1455
usemtl lambert2_2
v -80.6000 23.3315 -62.4000 0.4157 0.4157 0.4157
vt 0.05469 0.53125
v -80.6000 23.3315 -52.0000 0.4157 0.4157 0.4157
vt 0.05469 0.53125
v -80.6000 41.6000 -52.0000 0.4157 0.4157 0.4157
vt 0.05469 1.00000
f 1456/1456 1457/1457 1458/1458
v -80.6000 23.3315 -62.4000 0.4157 0.4157 0.4157
vt 0.05469 0.53125
v -80.6000 41.6000 -52.0000 0.4157 0.4157 0.4157
vt 0.05469 1.00000
v -80.6000 41.6000 -62.4000 0.4157 0.4157 0.4157
vt 0.05469 1.00000
f 1459/1459 1460/1460 1461/1461
v -44.2000 23.3315 -52.0000 0.4157 0.4157 0.4157
vt 0.05469 0.53125
v -44.2000 23.3315 -62.4000 0.4157 0.4157 0.4157
vt 0.05469 0.53125
v -44.2000 41.6000 -62.4000 0.4157 0.4157 0.4157
vt 0.05469 1.00000
f 1462/1462 1463/1463 1464/1464
v -44.2000 23.3315 -52.0000 0.4157 0.4157 0.4157
vt 0.05469 0.53125
v -44.2000 41.6000 -62.4000 0.4157 0.4157 0.4157
vt 0.05469 1.00000
v -44.2000 41.6000 -52.0000 0.4157 0.4157 0.4157
vt 0.05469 1.00000
f 1465/1465 1466/1466 1467/1467
v -80.6000 23.3315 -52.0000 0.6157 0.6157 0.6157
vt 0.00000 0.53125
v -44.2000 23.3315 -52.0000 0.6157 0.6157 0.6157
vt 3.24219 0.53125
v -44.2000 41.6000 -52.0000 0.6157 0.6157 0.6157
vt 3.24219 1.00000
f 1468/1468 1469/1469 1470/1470
v -80.6000 23.3315 -52.0000 0.6157 0.6157 0.6157
vt 0.00000 0.53125
v -44.2000 41.6000 -52.0000 0.6157 0.6157 0.6157
vt 3.24219 1.00000
v -80.6000 41.6000 -52.0000 0.6157 0.6157 0.6157
vt 0.00000 1.00000
f 1471/1471 1472/1472 1473/1473
v -80.6000 2.6000 -62.4000 0.4157 0.4157 0.4157
vt 0.90625 0.00000
v -80.6000 2.6000 -52.0000 0.4157 0.4157 0.4157
vt 0.96094 0.00000
v -80.6000 23.3315 -52.0000 0.4157 0.4157 0.4157
vt 0.96094 0.53125
f 1474/1474 1475/1475 1476/1476
v -80.6000 2.6000 -62.4000 0.4157 0.4157 0.4157
vt 0.90625 0.00000
v -80.6000 23.3315 -52.0000 0.4157 0.4157 0.4157
vt 0.96094 0.53125
v -80.6000 23.3315 -62.4000 0.4157 0.4157 0.4157
vt 0.90625 0.53125
f 1477/1477 1478/1478 1479/1479
v -44.2000 2.6000 -52.0000 0.4157 0.4157 0.4157
vt 0.90625 0.00000
v -44.2000 2.6000 -62.4000 0.4157 0.4157 0.4157
vt 0.96094 0.00000
v -44.2000 23.3315 -62.4000 0.4157 0.4157 0.4157
vt 0.96094 0.53125
f 1480/1480 1481/1481 1482/1482
v -44.2000 2.6000 -52.0000 0.4157 0.4157 0.4157
vt 0.90625 0.00000
v -44.2000 23.3315 -62.4000 0.4157 0.4157 0.4157
vt 0.96094 0.53125
v -44.2000 23.3315 -52.0000 0.4157 0.4157 0.4157
vt 0.90625 0.53125
f 1483/1483 1484/1484 1485/1485
v -80.6000 41.6000 -52.0000 1.0000 1.0000 1.0000
vt 0.47656 0.03320
v -44.2000 41.6000 -52.0000 1.0000 1.0000 1.0000
vt 0.47656 -0.00195
v -44.2000 41.6000 -62.4000 1.0000 1.0000 1.0000
vt 0.52344 -0.00195
f 1486/1486 1487/1487 1488/1488
v -80.6000 41.6000 -52.0000 1.0000 1.0000 1.0000
vt 0.47656 0.03320
v -44.2000 41.6000 -62.4000 1.0000 1.0000 1.0000
vt 0.52344 -0.00195
v -80.6000 41.6000 -62.4000 1.0000 1.0000 1.0000
vt 0.52344 0.03320
f 1489/1489 1490/1490 1491/1491
v -80.6000 2.6000 -52.0000 0.6157 0.6157 0.6157
vt 0.00000 0.00000
v -44.2000 2.6000 -52.0000 0.6157 0.6157 0.6157
vt 2.12500 0.00000
v -44.2000 23.3315 -52.0000 0.6157 0.6157 0.6157
vt 2.12500 0.53125
f 1492/1492 1493/1493 1494/1494
v -80.6000 2.6000 -52.0000 0.6157 0.6157 0.6157
vt 0.00000 0.00000
v -44.2000 23.3315 -52.0000 0.6157 0.6157 0.6157
vt 2.12500 0.53125
v -80.6000 23.3315 -52.0000 0.6157 0.6157 0.6157
vt 0.00000 0.53125
f 1495/1495 1496/1496 1497/1497
usemtl in40_kage_3
v -210.8768 2.6000 -62.4203 0.5608 0.5608 0.5608
vt 0.38281 0.07031
v -210.8768 2.6000 -66.3965 0.5608 0.5608 0.5608
vt 0.38281 0.96875
v -250.4378 2.6000 -66.3965 0.5608 0.5608 0.5608
vt 0.61719 0.96875
f 1498/1498 1499/1499 1500/1500
v -210.8768 2.6000 -62.4203 0.5608 0.5608 0.5608
vt 0.38281 0.07031
v -250.4378 2.6000 -66.3965 0.5608 0.5608 0.5608
vt 0.61719 0.96875
v -246.7232 2.6000 -62.4203 0.5608 0.5608 0.5608
vt 0.61719 0.07031
f 1501/1501 1502/1502 1503/1503
v -246.7232 2.6000 -62.4203 0.5608 0.5608 0.5608
vt 0.61719 0.07031
v -250.4378 2.6000 -66.3965 0.5608 0.5608 0.5608
vt 0.61719 0.96875
v -250.4378 2.6000 -52.3708 0.5608 0.5608 0.5608
vt 0.38281 0.96875
f 1504/1504 1505/1505 1506/1506
v -246.7232 2.6000 -62.4203 0.5608 0.5608 0.5608
vt 0.61719 0.07031
v -250.4378 2.6000 -52.3708 0.5608 0.5608 0.5608
vt 0.38281 0.96875
v -246.7232 2.6000 -52.3708 0.5608 0.5608 0.5608
vt 0.38281 0.07031
f 1507/1507 1508/1508 1509/1509
v -210.8768 2.6000 -62.4203 0.5608 0.5608 0.5608
vt 0.38281 0.07031
v -210.8768 2.6000 -52.3708 0.5608 0.5608 0.5608
vt 0.61719 0.07031
v -207.1622 2.6000 -48.6535 0.5608 0.5608 0.5608
vt 0.61719 0.96875
f 1510/1510 1511/1511 1512/1512
v -210.8768 2.6000 -62.4203 0.5608 0.5608 0.5608
vt 0.38281 0.07031
v -207.1622 2.6000 -48.6535 0.5608 0.5608 0.5608
vt 0.61719 0.96875
v -207.1622 2.6000 -62.4203 0.5608 0.5608 0.5608
vt 0.38281 0.96875
f 1513/1513 1514/1514 1515/1515
v -210.8768 2.6000 -52.3708 0.5608 0.5608 0.5608
vt 0.38281 0.07031
v -246.7232 2.6000 -52.3708 0.5608 0.5608 0.5608
vt 0.61719 0.07031
v -246.7232 2.6000 -48.6535 0.5608 0.5608 0.5608
vt 0.61719 0.96875
f 1516/1516 1517/1517 1518/1518
v -210.8768 2.6000 -52.3708 0.5608 0.5608 0.5608
vt 0.38281 0.07031
v -246.7232 2.6000 -48.6535 0.5608 0.5608 0.5608
vt 0.61719 0.96875
v -207.1622 2.6000 -48.6535 0.5608 0.5608 0.5608
vt 0.38281 0.96875
f 1519/1519 1520/1520 1521/1521
v -246.7232 2.6000 -52.3708 0.5608 0.5608 0.5608
vt 0.48438 0.42969
v -210.8768 2.6000 -52.3708 0.5608 0.5608 0.5608
vt 0.51562 0.42969
v -210.8768 2.6000 -62.4203 0.5608 0.5608 0.5608
vt 0.51562 0.57031
f 1522/1522 1523/1523 1524/1524
v -246.7232 2.6000 -52.3708 0.5608 0.5608 0.5608
vt 0.48438 0.42969
v -210.8768 2.6000 -62.4203 0.5608 0.5608 0.5608
vt 0.51562 0.57031
v -246.7232 2.6000 -62.4203 0.5608 0.5608 0.5608
vt 0.48438 0.57031
f 1525/1525 1526/1526 1527/1527
v -210.8768 2.6000 -66.3965 0.5608 0.5608 0.5608
vt 0.61719 0.96875
v -210.8768 2.6000 -62.4203 0.5608 0.5608 0.5608
vt 0.61719 0.07031
v -207.1622 2.6000 -62.4203 0.5608 0.5608 0.5608
vt 0.38281 0.96875
f 1528/1528 1529/1529 1530/1530
v -246.7232 2.6000 -52.3708 0.5608 0.5608 0.5608
vt 0.61719 0.07031
v -250.4378 2.6000 -52.3708 0.5608 0.5608 0.5608
vt 0.38281 0.96875
v -246.7232 2.6000 -48.6535 0.5608 0.5608 0.5608
vt 0.61719 0.96875
f 1531/1531 1532/1532 1533/1533
usemtl lambert2_3
v -247.0000 12.9315 -62.4000 0.3333 0.3333 0.3333
vt 0.05859 0.25000
v -247.0000 12.9315 -52.0000 0.3333 0.3333 0.3333
vt 0.05859 0.25000
v -247.0000 41.6000 -52.0000 0.3333 0.3333 0.3333
vt 0.05859 1.00000
f 1534/1534 1535/1535 1536/1536
v -247.0000 12.9315 -62.4000 0.3333 0.3333 0.3333
vt 0.05859 0.25000
v -247.0000 41.6000 -52.0000 0.3333 0.3333 0.3333
vt 0.05859 1.00000
v -247.0000 41.6000 -62.4000 0.3333 0.3333 0.3333
vt 0.05859 1.00000
f 1537/1537 1538/1538 1539/1539
v -210.6000 12.9315 -52.0000 0.3333 0.3333 0.3333
vt 0.05859 0.25000
v -210.6000 12.9315 -62.4000 0.3333 0.3333 0.3333
vt 0.05859 0.25000
v -210.6000 41.6000 -62.4000 0.3333 0.3333 0.3333
vt 0.05859 1.00000
f 1540/1540 1541/1541 1542/1542
v -210.6000 12.9315 -52.0000 0.3333 0.3333 0.3333
vt 0.05859 0.25000
v -210.6000 41.6000 -62.4000 0.3333 0.3333 0.3333
vt 0.05859 1.00000
v -210.6000 41.6000 -52.0000 0.3333 0.3333 0.3333
vt 0.05859 1.00000
f 1543/1543 1544/1544 1545/1545
v -247.0000 12.9315 -52.0000 0.6157 0.6157 0.6157
vt 0.00000 0.25000
v -210.6000 12.9315 -52.0000 0.6157 0.6157 0.6157
vt 1.93750 0.25000
v -210.6000 41.6000 -52.0000 0.6157 0.6157 0.6157
vt 1.93750 1.00000
f 1546/1546 1547/1547 1548/1548
v -247.0000 12.9315 -52.0000 0.6157 0.6157 0.6157
vt 0.00000 0.25000
v -210.6000 41.6000 -52.0000 0.6157 0.6157 0.6157
vt 1.93750 1.00000
v -247.0000 41.6000 -52.0000 0.6157 0.6157 0.6157
vt 0.00000 1.00000
f 1549/1549 1550/1550 1551/1551
v -247.0000 2.6000 -62.4000 0.3333 0.3333 0.3333
vt 0.01953 0.00000
v -247.0000 2.6000 -52.0000 0.3333 0.3333 0.3333
vt 0.01953 0.00000
v -247.0000 12.9315 -52.0000 0.3333 0.3333 0.3333
vt 0.01953 0.25000
f 1552/1552 1553/1553 1554/1554
v -247.0000 2.6000 -62.4000 0.3333 0.3333 0.3333
vt 0.01953 0.00000
v -247.0000 12.9315 -52.0000 0.3333 0.3333 0.3333
vt 0.01953 0.25000
v -247.0000 12.9315 -62.4000 0.3333 0.3333 0.3333
vt 0.01953 0.25000
f 1555/1555 1556/1556 1557/1557
v -210.6000 2.6000 -52.0000 0.3333 0.3333 0.3333
vt 0.01953 0.00000
v -210.6000 2.6000 -62.4000 0.3333 0.3333 0.3333
vt 0.01953 0.00000
v -210.6000 12.9315 -62.4000 0.3333 0.3333 0.3333
vt 0.01953 0.25000
f 1558/1558 1559/1559 1560/1560
v -210.6000 2.6000 -52.0000 0.3333 0.3333 0.3333
vt 0.01953 0.00000
v -210.6000 12.9315 -62.4000 0.3333 0.3333 0.3333
vt 0.01953 0.25000
v -210.6000 12.9315 -52.0000 0.3333 0.3333 0.3333
vt 0.01953 0.25000
f 1561/1561 1562/1562 1563/1563
v -247.0000 41.6000 -52.0000 1.0000 1.0000 1.0000
vt 0.43750 0.03320
v -210.6000 41.6000 -52.0000 1.0000 1.0000 1.0000
vt 0.43750 -0.03320
v -210.6000 41.6000 -62.4000 1.0000 1.0000 1.0000
vt 0.43750 -0.03320
f 1564/1564 1565/1565 1566/1566
v -247.0000 41.6000 -52.0000 1.0000 1.0000 1.0000
vt 0.43750 0.03320
v -210.6000 41.6000 -62.4000 1.0000 1.0000 1.0000
vt 0.43750 -0.03320
v -247.0000 41.6000 -62.4000 1.0000 1.0000 1.0000
vt 0.43750 0.03320
f 1567/1567 1568/1568 1569/1569
v -247.0000 2.6000 -52.0000 0.6157 0.6157 0.6157
vt 0.00000 0.00000
v -210.6000 2.6000 -52.0000 0.6157 0.6157 0.6157
vt 2.06250 0.00000
v -210.6000 12.9315 -52.0000 0.6157 0.6157 0.6157
vt 2.06250 0.25000
f 1570/1570 1571/1571 1572/1572
v -247.0000 2.6000 -52.0000 0.6157 0.6157 0.6157
vt 0.00000 0.00000
v -210.6000 12.9315 -52.0000 0.6157 0.6157 0.6157
vt 2.06250 0.25000
v -247.0000 12.9315 -52.0000 0.6157 0.6157 0.6157
vt 0.00000 0.25000
f 1573/1573 1574/1574 1575/1575
usemtl _lambert3
v -187.2000 2.6000 -228.8000 0.6157 0.6157 0.6157
vt 0.00000 0.00000
v -208.0000 2.6000 -228.8000 0.6157 0.6157 0.6157
vt 1.00000 0.00000
v -208.0000 2.6000 -217.7500 0.6157 0.6157 0.6157
vt 1.00000 0.25000
f 1576/1576 1577/1577 1578/1578
v -187.2000 2.6000 -228.8000 0.6157 0.6157 0.6157
vt 0.00000 0.00000
v -208.0000 2.6000 -217.7500 0.6157 0.6157 0.6157
vt 1.00000 0.25000
v -187.2000 2.6000 -217.7500 0.6157 0.6157 0.6157
vt 0.00000 0.25000
f 1579/1579 1580/1580 1581/1581
v -187.2000 2.6000 -217.7500 0.6157 0.6157 0.6157
vt 0.00000 0.25000
v -208.0000 2.6000 -217.7500 0.6157 0.6157 0.6157
vt 1.00000 0.25000
v -204.1000 2.6000 -211.9000 0.6157 0.6157 0.6157
vt 1.00000 0.87500
f 1582/1582 1583/1583 1584/1584
v -187.2000 2.6000 -217.7500 0.6157 0.6157 0.6157
vt 0.00000 0.25000
v -204.1000 2.6000 -211.9000 0.6157 0.6157 0.6157
vt 1.00000 0.87500
v -187.2000 2.6000 -211.9000 0.6157 0.6157 0.6157
vt 0.00000 0.87500
f 1585/1585 1586/1586 1587/1587
v -187.2000 2.6000 -228.8000 0.6157 0.6157 0.6157
vt 0.00000 0.25000
v -187.2000 2.6000 -217.7500 0.6157 0.6157 0.6157
vt 1.00000 0.25000
v -182.0000 2.6000 -218.4000 0.6157 0.6157 0.6157
vt 1.00000 0.87500
f 1588/1588 1589/1589 1590/1590
v -187.2000 2.6000 -228.8000 0.6157 0.6157 0.6157
vt 0.00000 0.25000
v -182.0000 2.6000 -218.4000 0.6157 0.6157 0.6157
vt 1.00000 0.87500
v -182.0000 2.6000 -228.8000 0.6157 0.6157 0.6157
vt 0.00000 0.87500
f 1591/1591 1592/1592 1593/1593
v -187.2000 2.6000 -217.7500 0.6157 0.6157 0.6157
vt 1.00000 0.25000
v -187.2000 2.6000 -211.9000 0.6157 0.6157 0.6157
vt 1.00000 0.87500
v -182.0000 2.6000 -218.4000 0.6157 0.6157 0.6157
vt 0.00000 0.87500
f 1594/1594 1595/1595 1596/1596
usemtl fh_bshelf_1
v -208.0000 2.6000 -218.4000 0.3333 0.3333 0.3333
vt 1.00000 0.87500
v -208.0000 39.0000 -218.4000 0.3333 0.3333 0.3333
vt 0.00000 0.87500
v -208.0000 39.0000 -228.8000 0.3333 0.3333 0.3333
vt 0.00000 0.87500
f 1597/1597 1598/1598 1599/1599
v -208.0000 2.6000 -218.4000 0.3333 0.3333 0.3333
vt 1.00000 0.87500
v -208.0000 39.0000 -228.8000 0.3333 0.3333 0.3333
vt 0.00000 0.87500
v -208.0000 2.6000 -228.8000 0.3333 0.3333 0.3333
vt 1.00000 0.87500
f 1600/1600 1601/1601 1602/1602
v -202.8000 2.6000 -218.4000 0.3333 0.3333 0.3333
vt 0.25000 -1.31250
v -192.4000 2.6000 -218.4000 0.3333 0.3333 0.3333
vt 1.00000 -1.31250
v -192.4000 39.0000 -218.4000 0.3333 0.3333 0.3333
vt 1.00000 1.00000
f 1603/1603 1604/1604 1605/1605
v -202.8000 2.6000 -218.4000 0.3333 0.3333 0.3333
vt 0.25000 -1.31250
v -192.4000 39.0000 -218.4000 0.3333 0.3333 0.3333
vt 1.00000 1.00000
v -202.8000 39.0000 -218.4000 0.3333 0.3333 0.3333
vt 0.25000 1.00000
f 1606/1606 1607/1607 1608/1608
v -192.4000 39.0000 -218.4000 1.0000 1.0000 1.0000
vt 0.25000 0.94531
v -192.4000 39.0000 -228.8000 1.0000 1.0000 1.0000
vt 0.25000 0.94531
v -202.8000 39.0000 -228.8000 1.0000 1.0000 1.0000
vt 0.25000 0.80859
f 1609/1609 1610/1610 1611/1611
v -192.4000 39.0000 -218.4000 1.0000 1.0000 1.0000
vt 0.25000 0.94531
v -202.8000 39.0000 -228.8000 1.0000 1.0000 1.0000
vt 0.25000 0.80859
v -202.8000 39.0000 -218.4000 1.0000 1.0000 1.0000
vt 0.25000 0.80859
f 1612/1612 1613/1613 1614/1614
v -208.0000 2.6000 -218.4000 0.3333 0.3333 0.3333
vt 0.00000 0.99219
v -202.8000 2.6000 -218.4000 0.3333 0.3333 0.3333
vt 0.00000 0.69531
v -202.8000 39.0000 -218.4000 0.3333 0.3333 0.3333
vt 0.00000 0.69531
f 1615/1615 1616/1616 1617/1617
v -208.0000 2.6000 -218.4000 0.3333 0.3333 0.3333
vt 0.00000 0.99219
v -202.8000 39.0000 -218.4000 0.3333 0.3333 0.3333
vt 0.00000 0.69531
v -208.0000 39.0000 -218.4000 0.3333 0.3333 0.3333
vt 0.00000 0.99219
f 1618/1618 1619/1619 1620/1620
v -208.0000 39.0000 -218.4000 1.0000 1.0000 1.0000
vt 0.00000 0.99219
v -202.8000 39.0000 -218.4000 1.0000 1.0000 1.0000
vt 0.00000 0.69531
v -202.8000 39.0000 -228.8000 1.0000 1.0000 1.0000
vt 0.00000 0.69531
f 1621/1621 1622/1622 1623/1623
v -208.0000 39.0000 -218.4000 1.0000 1.0000 1.0000
vt 0.00000 0.99219
v -202.8000 39.0000 -228.8000 1.0000 1.0000 1.0000
vt 0.00000 0.69531
v -208.0000 39.0000 -228.8000 1.0000 1.0000 1.0000
vt 0.00000 0.99219
f 1624/1624 1625/1625 1626/1626
v -187.2000 2.6000 -218.4000 0.3333 0.3333 0.3333
vt 1.00000 0.95312
v -187.2000 2.6000 -228.8000 0.3333 0.3333 0.3333
vt 1.00000 0.95312
v -187.2000 39.0000 -228.8000 0.3333 0.3333 0.3333
vt 0.00000 0.95312
f 1627/1627 1628/1628 1629/1629
v -187.2000 2.6000 -218.4000 0.3333 0.3333 0.3333
vt 1.00000 0.95312
v -187.2000 39.0000 -228.8000 0.3333 0.3333 0.3333
vt 0.00000 0.95312
v -187.2000 39.0000 -218.4000 0.3333 0.3333 0.3333
vt 0.00000 0.95312
f 1630/1630 1631/1631 1632/1632
v -192.4000 39.0000 -218.4000 1.0000 1.0000 1.0000
vt 0.00000 0.69531
v -187.2000 39.0000 -218.4000 1.0000 1.0000 1.0000
vt 0.00000 0.99609
v -187.2000 39.0000 -228.8000 1.0000 1.0000 1.0000
vt 0.00000 0.99609
f 1633/1633 1634/1634 1635/1635
v -192.4000 39.0000 -218.4000 1.0000 1.0000 1.0000
vt 0.00000 0.69531
v -187.2000 39.0000 -228.8000 1.0000 1.0000 1.0000
vt 0.00000 0.99609
v -192.4000 39.0000 -228.8000 1.0000 1.0000 1.0000
vt 0.00000 0.69531
f 1636/1636 1637/1637 1638/1638
v -192.4000 2.6000 -218.4000 0.3333 0.3333 0.3333
vt 0.00000 0.69531
v -187.2000 2.6000 -218.4000 0.3333 0.3333 0.3333
vt 0.00000 0.99609
v -187.2000 39.0000 -218.4000 0.3333 0.3333 0.3333
vt 0.00000 0.99609
f 1639/1639 1640/1640 1641/1641
v -192.4000 2.6000 -218.4000 0.3333 0.3333 0.3333
vt 0.00000 0.69531
v -187.2000 39.0000 -218.4000 0.3333 0.3333 0.3333
vt 0.00000 0.99609
v -192.4000 39.0000 -218.4000 0.3333 0.3333 0.3333
vt 0.00000 0.69531
f 1642/1642 1643/1643 1644/1644
usemtl in40_kage_4
v -280.8000 2.6000 -62.4000 1.0000 1.0000 1.0000
vt 0.00000 0.00000
v -280.8000 2.6000 -46.8000 1.0000 1.0000 1.0000
vt 1.00000 0.00000
v -278.2000 2.6000 -44.2000 1.0000 1.0000 1.0000
vt 1.00000 1.00000
f 1645/1645 1646/1646 1647/1647
v -280.8000 2.6000 -62.4000 1.0000 1.0000 1.0000
vt 0.00000 0.00000
v -278.2000 2.6000 -44.2000 1.0000 1.0000 1.0000
vt 1.00000 1.00000
v -278.2000 2.6000 -62.4000 1.0000 1.0000 1.0000
vt 0.00000 1.00000
f 1648/1648 1649/1649 1650/1650
v -280.8000 2.6000 -46.8000 1.0000 1.0000 1.0000
vt 0.00000 0.00000
v -296.4000 2.6000 -46.8000 1.0000 1.0000 1.0000
vt 1.00000 0.00000
v -293.8000 2.6000 -44.2000 1.0000 1.0000 1.0000
vt 1.00000 1.00000
f 1651/1651 1652/1652 1653/1653
v -280.8000 2.6000 -46.8000 1.0000 1.0000 1.0000
vt 0.00000 0.00000
v -293.8000 2.6000 -44.2000 1.0000 1.0000 1.0000
vt 1.00000 1.00000
v -278.2000 2.6000 -44.2000 1.0000 1.0000 1.0000
vt 0.00000 1.00000
f 1654/1654 1655/1655 1656/1656
v -296.4000 2.6000 -26.0000 1.0000 1.0000 1.0000
vt 0.00000 0.00000
v -312.0000 2.6000 -26.0000 1.0000 1.0000 1.0000
vt 1.00000 0.00000
v -312.0000 2.6000 -23.4000 1.0000 1.0000 1.0000
vt 1.00000 1.00000
f 1657/1657 1658/1658 1659/1659
v -296.4000 2.6000 -26.0000 1.0000 1.0000 1.0000
vt 0.00000 0.00000
v -312.0000 2.6000 -23.4000 1.0000 1.0000 1.0000
vt 1.00000 1.00000
v -293.8000 2.6000 -23.4000 1.0000 1.0000 1.0000
vt 0.00000 1.00000
f 1660/1660 1661/1661 1662/1662
v -296.4000 2.6000 -46.8000 1.0000 1.0000 1.0000
vt 0.00000 0.00000
v -296.4000 2.6000 -26.0000 1.0000 1.0000 1.0000
vt 1.00000 0.00000
v -293.8000 2.6000 -23.4000 1.0000 1.0000 1.0000
vt 1.00000 1.00000
f 1663/1663 1664/1664 1665/1665
v -296.4000 2.6000 -46.8000 1.0000 1.0000 1.0000
vt 0.00000 0.00000
v -293.8000 2.6000 -23.4000 1.0000 1.0000 1.0000
vt 1.00000 1.00000
v -293.8000 2.6000 -44.2000 1.0000 1.0000 1.0000
vt 0.00000 1.00000
f 1666/1666 1667/1667 1668/1668
usemtl lambert2_4
v -296.4000 18.2000 -62.4000 0.7294 0.7294 0.8588
vt 0.50000 0.99023
v -293.9599 18.2000 -59.9599 0.7294 0.7294 0.8588
vt 0.57227 0.92383
v -283.2401 18.2000 -59.9599 0.7294 0.7294 0.8588
vt 0.57227 0.51367
f 1669/1669 1670/1670 1671/1671
v -296.4000 18.2000 -62.4000 0.7294 0.7294 0.8588
vt 0.50000 0.99023
v -283.2401 18.2000 -59.9599 0.7294 0.7294 0.8588
vt 0.57227 0.51367
v -280.8000 18.2000 -62.4000 0.7294 0.7294 0.8588
vt 0.50000 0.44727
f 1672/1672 1673/1673 1674/1674
v -280.8000 18.2000 -62.4000 0.7294 0.7294 0.8588
vt 0.50000 0.44727
v -283.2401 18.2000 -59.9599 0.7294 0.7294 0.8588
vt 0.57227 0.51367
v -283.2401 18.2000 -49.2401 1.0000 1.0000 1.0000
vt 1.00000 0.51367
f 1675/1675 1676/1676 1677/1677
v -280.8000 18.2000 -62.4000 0.7294 0.7294 0.8588
vt 0.50000 0.44727
v -283.2401 18.2000 -49.2401 1.0000 1.0000 1.0000
vt 1.00000 0.51367
v -280.8000 18.2000 -46.8000 1.0000 1.0000 1.0000
vt 1.00000 0.44727
f 1678/1678 1679/1679 1680/1680
v -280.8000 18.2000 -46.8000 1.0000 1.0000 1.0000
vt 1.00000 0.44727
v -283.2401 18.2000 -49.2401 1.0000 1.0000 1.0000
vt 1.00000 0.51367
v -293.9599 18.2000 -49.2401 1.0000 1.0000 1.0000
vt 1.00000 0.92383
f 1681/1681 1682/1682 1683/1683
v -280.8000 18.2000 -46.8000 1.0000 1.0000 1.0000
vt 1.00000 0.44727
v -293.9599 18.2000 -49.2401 1.0000 1.0000 1.0000
vt 1.00000 0.92383
v -296.4000 18.2000 -46.8000 1.0000 1.0000 1.0000
vt 1.00000 0.99023
f 1684/1684 1685/1685 1686/1686
v -296.4000 18.2000 -46.8000 1.0000 1.0000 1.0000
vt 1.00000 0.99023
v -293.9599 18.2000 -49.2401 1.0000 1.0000 1.0000
vt 1.00000 0.92383
v -293.9599 18.2000 -59.9599 0.7294 0.7294 0.8588
vt 0.57227 0.92383
f 1687/1687 1688/1688 1689/1689
v -296.4000 18.2000 -46.8000 1.0000 1.0000 1.0000
vt 1.00000 0.99023
v -293.9599 18.2000 -59.9599 0.7294 0.7294 0.8588
vt 0.57227 0.92383
v -296.4000 18.2000 -62.4000 0.7294 0.7294 0.8588
vt 0.50000 0.99023
f 1690/1690 1691/1691 1692/1692
v -308.4212 18.2000 -42.2881 1.0000 1.0000 1.0000
vt 1.12500 0.53125
v -312.0000 18.2000 -46.8000 1.0000 1.0000 1.0000
vt 1.12500 0.53125
v -312.0000 18.2000 -26.0000 0.6157 0.5098 0.6706
vt 1.12500 0.53125
f 1693/1693 1694/1694 1695/1695
v -308.4212 18.2000 -42.2881 1.0000 1.0000 1.0000
vt 1.12500 0.53125
v -312.0000 18.2000 -26.0000 0.6157 0.5098 0.6706
vt 1.12500 0.53125
v -308.4212 18.2000 -29.2119 1.0000 1.0000 1.0000
vt 1.12500 0.53125
f 1696/1696 1697/1697 1698/1698
v -308.4212 18.2000 -29.2119 1.0000 1.0000 1.0000
vt 1.12500 0.53125
v -312.0000 18.2000 -26.0000 0.6157 0.5098 0.6706
vt 1.12500 0.53125
v -296.4000 18.2000 -26.0000 0.6157 0.5098 0.6706
vt 1.12500 0.53125
f 1699/1699 1700/1700 1701/1701
v -308.4212 18.2000 -29.2119 1.0000 1.0000 1.0000
vt 1.12500 0.53125
v -296.4000 18.2000 -26.0000 0.6157 0.5098 0.6706
vt 1.12500 0.53125
v -299.9788 18.2000 -29.2119 1.0000 1.0000 1.0000
vt 1.12500 0.53125
f 1702/1702 1703/1703 1704/1704
v -299.9788 18.2000 -29.2119 1.0000 1.0000 1.0000
vt 1.12500 0.53125
v -296.4000 18.2000 -26.0000 0.6157 0.5098 0.6706
vt 1.12500 0.53125
v -296.4000 18.2000 -46.8000 1.0000 1.0000 1.0000
vt 1.12500 0.53125
f 1705/1705 1706/1706 1707/1707
v -299.9788 18.2000 -29.2119 1.0000 1.0000 1.0000
vt 1.12500 0.53125
v -296.4000 18.2000 -46.8000 1.0000 1.0000 1.0000
vt 1.12500 0.53125
v -299.9788 18.2000 -42.2881 1.0000 1.0000 1.0000
vt 1.12500 0.53125
f 1708/1708 1709/1709 1710/1710
v -312.0000 19.5000 -38.9340 1.0000 1.0000 1.0000
vt 0.34375 1.00000
v -312.0000 19.5000 -32.4340 1.0000 1.0000 1.0000
vt 0.03125 1.00000
v -306.8000 19.5000 -32.4340 1.0000 1.0000 1.0000
vt 0.03125 0.71875
f 1711/1711 1712/1712 1713/1713
v -312.0000 19.5000 -38.9340 1.0000 1.0000 1.0000
vt 0.34375 1.00000
v -306.8000 19.5000 -32.4340 1.0000 1.0000 1.0000
vt 0.03125 0.71875
v -306.8000 19.5000 -38.9340 1.0000 1.0000 1.0000
vt 0.34375 0.71875
f 1714/1714 1715/1715 1716/1716
v -306.8000 19.5000 -38.9340 1.0000 1.0000 1.0000
vt 0.34375 0.71875
v -306.8000 19.5000 -32.4340 1.0000 1.0000 1.0000
vt 0.03125 0.71875
v -302.9000 18.2000 -32.4340 1.0000 1.0000 1.0000
vt 0.03125 0.57227
f 1717/1717 1718/1718 1719/1719
v -306.8000 19.5000 -38.9340 1.0000 1.0000 1.0000
vt 0.34375 0.71875
v -302.9000 18.2000 -32.4340 1.0000 1.0000 1.0000
vt 0.03125 0.57227
v -302.9000 18.2000 -38.9340 1.0000 1.0000 1.0000
vt 0.34375 0.57227
f 1720/1720 1721/1721 1722/1722
v -308.4212 18.2000 -29.2119 0.4157 0.3725 0.4627
vt 0.23047 0.45508
v -299.9788 18.2000 -29.2119 0.4157 0.3725 0.4627
vt 0.23047 0.54492
v -299.9788 15.6000 -29.2119 0.6157 0.5608 0.7294
vt 0.42578 0.54492
f 1723/1723 1724/1724 1725/1725
v -308.4212 18.2000 -29.2119 0.4157 0.3725 0.4627
vt 0.23047 0.45508
v -299.9788 15.6000 -29.2119 0.6157 0.5608 0.7294
vt 0.42578 0.54492
v -308.4212 15.6000 -29.2119 0.6157 0.5608 0.7294
vt 0.42578 0.45508
f 1726/1726 1727/1727 1728/1728
v -308.4212 18.2000 -42.2881 0.4157 0.3725 0.4627
vt 0.23047 0.45508
v -308.4212 18.2000 -29.2119 0.4157 0.3725 0.4627
vt 0.23047 0.54492
v -308.4212 15.6000 -29.2119 0.6157 0.5608 0.7294
vt 0.42578 0.54492
f 1729/1729 1730/1730 1731/1731
v -308.4212 18.2000 -42.2881 0.4157 0.3725 0.4627
vt 0.23047 0.45508
v -308.4212 15.6000 -29.2119 0.6157 0.5608 0.7294
vt 0.42578 0.54492
v -308.4212 15.6000 -42.2881 0.6157 0.5608 0.7294
vt 0.42578 0.45508
f 1732/1732 1733/1733 1734/1734
v -299.9788 18.2000 -42.2881 0.4157 0.3725 0.4627
vt 0.23047 0.45508
v -308.4212 18.2000 -42.2881 0.4157 0.3725 0.4627
vt 0.23047 0.54492
v -308.4212 15.6000 -42.2881 0.6157 0.5608 0.7294
vt 0.42578 0.54492
f 1735/1735 1736/1736 1737/1737
v -299.9788 18.2000 -42.2881 0.4157 0.3725 0.4627
vt 0.23047 0.45508
v -308.4212 15.6000 -42.2881 0.6157 0.5608 0.7294
vt 0.42578 0.54492
v -299.9788 15.6000 -42.2881 0.6157 0.5608 0.7294
vt 0.42578 0.45508
f 1738/1738 1739/1739 1740/1740
v -296.4000 18.2000 -46.8000 1.0000 1.0000 1.0000
vt 1.00000 0.52344
v -312.0000 18.2000 -46.8000 1.0000 1.0000 1.0000
vt 1.00000 0.52344
v -308.4212 18.2000 -42.2881 1.0000 1.0000 1.0000
vt 1.00000 0.52344
f 1741/1741 1742/1742 1743/1743
v -296.4000 18.2000 -46.8000 1.0000 1.0000 1.0000
vt 1.00000 0.52344
v -308.4212 18.2000 -42.2881 1.0000 1.0000 1.0000
vt 1.00000 0.52344
v -299.9788 18.2000 -42.2881 1.0000 1.0000 1.0000
vt 1.00000 0.52344
f 1744/1744 1745/1745 1746/1746
v -280.8000 14.3000 -46.8000 0.4157 0.3725 0.4627
vt 0.42773 0.46875
v -280.8000 14.3000 -62.4000 0.4157 0.3725 0.4627
vt 0.42773 0.51367
v -280.8000 18.2000 -62.4000 0.4157 0.3725 0.4627
vt 0.28516 0.51367
f 1747/1747 1748/1748 1749/1749
v -280.8000 14.3000 -46.8000 0.4157 0.3725 0.4627
vt 0.42773 0.46875
v -280.8000 18.2000 -62.4000 0.4157 0.3725 0.4627
vt 0.28516 0.51367
v -280.8000 18.2000 -46.8000 0.4157 0.3725 0.4627
vt 0.28516 0.46875
f 1750/1750 1751/1751 1752/1752
v -296.4000 14.3000 -46.8000 0.4157 0.3725 0.4627
vt 0.42773 0.46875
v -280.8000 14.3000 -46.8000 0.4157 0.3725 0.4627
vt 0.42773 0.51367
v -280.8000 18.2000 -46.8000 0.4157 0.3725 0.4627
vt 0.28516 0.51367
f 1753/1753 1754/1754 1755/1755
v -296.4000 14.3000 -46.8000 0.4157 0.3725 0.4627
vt 0.42773 0.46875
v -280.8000 18.2000 -46.8000 0.4157 0.3725 0.4627
vt 0.28516 0.51367
v -296.4000 18.2000 -46.8000 0.4157 0.3725 0.4627
vt 0.28516 0.46875
f 1756/1756 1757/1757 1758/1758
v -312.0000 14.3000 -26.0000 0.4157 0.3725 0.4627
vt 0.42773 0.46875
v -296.4000 14.3000 -26.0000 0.4157 0.3725 0.4627
vt 0.42773 0.51367
v -296.4000 18.2000 -26.0000 0.4157 0.3725 0.4627
vt 0.28516 0.51367
f 1759/1759 1760/1760 1761/1761
v -312.0000 14.3000 -26.0000 0.4157 0.3725 0.4627
vt 0.42773 0.46875
v -296.4000 18.2000 -26.0000 0.4157 0.3725 0.4627
vt 0.28516 0.51367
v -312.0000 18.2000 -26.0000 0.4157 0.3725 0.4627
vt 0.28516 0.46875
f 1762/1762 1763/1763 1764/1764
v -296.4000 14.3000 -26.0000 0.4157 0.3725 0.4627
vt 0.42773 0.46875
v -296.4000 14.3000 -46.8000 0.4157 0.3725 0.4627
vt 0.42773 0.51367
v -296.4000 18.2000 -46.8000 0.4157 0.3725 0.4627
vt 0.28516 0.51367
f 1765/1765 1766/1766 1767/1767
v -296.4000 14.3000 -26.0000 0.4157 0.3725 0.4627
vt 0.42773 0.46875
v -296.4000 18.2000 -46.8000 0.4157 0.3725 0.4627
vt 0.28516 0.51367
v -296.4000 18.2000 -26.0000 0.4157 0.3725 0.4627
vt 0.28516 0.46875
f 1768/1768 1769/1769 1770/1770
v -296.4000 14.3000 -46.8000 0.4157 0.3725 0.4627
vt -0.53125 0.43750
v -296.4000 2.6000 -46.8000 0.2980 0.2627 0.3333
vt -0.53125 0.00000
v -280.8000 2.6000 -46.8000 0.2980 0.2627 0.3333
vt 0.53125 0.00000
f 1771/1771 1772/1772 1773/1773
v -296.4000 14.3000 -46.8000 0.4157 0.3725 0.4627
vt -0.53125 0.43750
v -280.8000 2.6000 -46.8000 0.2980 0.2627 0.3333
vt 0.53125 0.00000
v -280.8000 14.3000 -46.8000 0.4157 0.3725 0.4627
vt 0.53125 0.43750
f 1774/1774 1775/1775 1776/1776
v -280.8000 14.3000 -46.8000 0.4157 0.3725 0.4627
vt 1.53125 0.43750
v -280.8000 2.6000 -46.8000 0.4157 0.3725 0.4627
vt 1.53125 0.00000
v -280.8000 2.6000 -62.4000 0.4157 0.3725 0.4627
vt 0.46875 0.00000
f 1777/1777 1778/1778 1779/1779
v -280.8000 14.3000 -46.8000 0.4157 0.3725 0.4627
vt 1.53125 0.43750
v -280.8000 2.6000 -62.4000 0.4157 0.3725 0.4627
vt 0.46875 0.00000
v -280.8000 14.3000 -62.4000 0.4157 0.3725 0.4627
vt 0.46875 0.43750
f 1780/1780 1781/1781 1782/1782
v -312.0000 18.2000 -46.8000 1.0000 1.0000 1.0000
vt 1.12500 0.53125
v -296.4000 18.2000 -46.8000 1.0000 1.0000 1.0000
vt 1.12500 0.53125
v -296.4000 18.2000 -62.4000 0.7294 0.7294 0.8588
vt 1.12500 0.53125
f 1783/1783 1784/1784 1785/1785
v -312.0000 18.2000 -46.8000 1.0000 1.0000 1.0000
vt 1.12500 0.53125
v -296.4000 18.2000 -62.4000 0.7294 0.7294 0.8588
vt 1.12500 0.53125
v -312.0000 18.2000 -62.4000 0.7294 0.7294 0.8588
vt 1.12500 0.53125
f 1786/1786 1787/1787 1788/1788
v -312.0000 2.6000 -26.0000 0.2980 0.2627 0.3333
vt 0.50000 0.00000
v -296.4000 2.6000 -26.0000 0.2980 0.2627 0.3333
vt 1.50000 0.00000
v -296.4000 14.3000 -26.0000 0.4157 0.3725 0.4627
vt 1.50000 0.43750
f 1789/1789 1790/1790 1791/1791
v -312.0000 2.6000 -26.0000 0.2980 0.2627 0.3333
vt 0.50000 0.00000
v -296.4000 14.3000 -26.0000 0.4157 0.3725 0.4627
vt 1.50000 0.43750
v -312.0000 14.3000 -26.0000 0.4157 0.3725 0.4627
vt 0.50000 0.43750
f 1792/1792 1793/1793 1794/1794
v -299.9788 15.6000 -29.2119 0.4157 0.3725 0.4627
vt 1.39258 0.52344
v -299.9788 15.6000 -42.2881 0.4157 0.3725 0.4627
vt 1.39258 0.52344
v -308.4212 15.6000 -42.2881 0.4157 0.3725 0.4627
vt 1.39258 0.52344
f 1795/1795 1796/1796 1797/1797
v -299.9788 15.6000 -29.2119 0.4157 0.3725 0.4627
vt 1.39258 0.52344
v -308.4212 15.6000 -42.2881 0.4157 0.3725 0.4627
vt 1.39258 0.52344
v -308.4212 15.6000 -29.2119 0.4157 0.3725 0.4627
vt 1.39258 0.52344
f 1798/1798 1799/1799 1800/1800
v -296.4000 2.6000 -26.0000 0.4157 0.3725 0.4627
vt -0.53125 0.00000
v -296.4000 2.6000 -46.8000 0.4157 0.3725 0.4627
vt 0.53125 0.00000
v -296.4000 14.3000 -46.8000 0.4157 0.3725 0.4627
vt 0.53125 0.43750
f 1801/1801 1802/1802 1803/1803
v -296.4000 2.6000 -26.0000 0.4157 0.3725 0.4627
vt -0.53125 0.00000
v -296.4000 14.3000 -46.8000 0.4157 0.3725 0.4627
vt 0.53125 0.43750
v -296.4000 14.3000 -26.0000 0.4157 0.3725 0.4627
vt -0.53125 0.43750
f 1804/1804 1805/1805 1806/1806
v -293.9599 18.2000 -59.9599 0.7294 0.7294 0.8588
vt 0.57227 0.92383
v -293.9599 18.2000 -49.2401 1.0000 1.0000 1.0000
vt 1.00000 0.92383
v -283.2401 18.2000 -49.2401 1.0000 1.0000 1.0000
vt 1.00000 0.51367
f 1807/1807 1808/1808 1809/1809
v -293.9599 18.2000 -59.9599 0.7294 0.7294 0.8588
vt 0.57227 0.92383
v -283.2401 18.2000 -49.2401 1.0000 1.0000 1.0000
vt 1.00000 0.51367
v -283.2401 18.2000 -59.9599 0.7294 0.7294 0.8588
vt 0.57227 0.51367
f 1810/1810 1811/1811 1812/1812
usemtl in40_kage_5
v -250.9178 2.6000 -51.8502 0.5608 0.5608 0.5608
vt 0.61719 0.07031
v -247.2019 2.6000 -48.1343 0.5608 0.5608 0.5608
vt 0.61719 0.96875
v -247.2019 2.6000 -56.2530 0.5608 0.5608 0.5608
vt 0.44531 0.96875
f 1813/1813 1814/1814 1815/1815
v -250.9178 2.6000 -51.8502 0.5608 0.5608 0.5608
vt 0.61719 0.07031
v -247.2019 2.6000 -56.2530 0.5608 0.5608 0.5608
vt 0.44531 0.96875
v -250.9088 2.6013 -56.2530 0.5608 0.5608 0.5608
vt 0.47656 0.07031
f 1816/1816 1817/1817 1818/1818
v -250.9088 2.6013 -56.2530 0.5608 0.5608 0.5608
vt 0.47656 0.07031
v -247.2019 2.6000 -56.2530 0.5608 0.5608 0.5608
vt 0.44531 0.96875
v -247.2019 2.6000 -57.3498 0.5608 0.5608 0.5608
vt 0.38281 0.96875
f 1819/1819 1820/1820 1821/1821
v -250.9088 2.6013 -56.2530 0.5608 0.5608 0.5608
vt 0.47656 0.07031
v -247.2019 2.6000 -57.3498 0.5608 0.5608 0.5608
vt 0.38281 0.96875
v -250.9013 2.6000 -57.3498 0.5608 0.5608 0.5608
vt 0.38281 0.07031
f 1822/1822 1823/1823 1824/1824
v -269.0276 2.6000 -51.8502 0.5608 0.5608 0.5608
vt 0.38281 0.96875
v -265.3130 2.6000 -51.8502 0.5608 0.5608 0.5608
vt 0.38281 0.07031
v -265.3130 2.6000 -56.2530 0.5608 0.5608 0.5608
vt 0.52344 0.07031
f 1825/1825 1826/1826 1827/1827
v -269.0276 2.6000 -51.8502 0.5608 0.5608 0.5608
vt 0.38281 0.96875
v -265.3130 2.6000 -56.2530 0.5608 0.5608 0.5608
vt 0.52344 0.07031
v -269.0276 2.6000 -56.2530 0.5608 0.5608 0.5608
vt 0.48438 0.96875
f 1828/1828 1829/1829 1830/1830
v -269.0276 2.6000 -56.2530 0.5608 0.5608 0.5608
vt 0.48438 0.96875
v -265.3130 2.6000 -56.2530 0.5608 0.5608 0.5608
vt 0.52344 0.07031
v -265.3130 2.6000 -57.3498 0.5608 0.5608 0.5608
vt 0.61719 0.07031
f 1831/1831 1832/1832 1833/1833
v -269.0276 2.6000 -56.2530 0.5608 0.5608 0.5608
vt 0.48438 0.96875
v -265.3130 2.6000 -57.3498 0.5608 0.5608 0.5608
vt 0.61719 0.07031
v -269.0276 2.6000 -62.3657 0.5608 0.5608 0.5608
vt 0.61719 0.96875
f 1834/1834 1835/1835 1836/1836
v -250.9013 2.6000 -57.3498 0.5608 0.5608 0.5608
vt 0.51562 0.57031
v -265.3130 2.6000 -57.3498 0.5608 0.5608 0.5608
vt 0.48438 0.57031
v -265.3130 2.6000 -56.2530 0.5608 0.5608 0.5608
vt 0.48438 0.51562
f 1837/1837 1838/1838 1839/1839
v -250.9013 2.6000 -57.3498 0.5608 0.5608 0.5608
vt 0.51562 0.57031
v -265.3130 2.6000 -56.2530 0.5608 0.5608 0.5608
vt 0.48438 0.51562
v -250.9088 2.6013 -56.2530 0.5608 0.5608 0.5608
vt 0.51562 0.51562
f 1840/1840 1841/1841 1842/1842
v -250.9088 2.6013 -56.2530 0.5608 0.5608 0.5608
vt 0.51562 0.51562
v -265.3130 2.6000 -56.2530 0.5608 0.5608 0.5608
vt 0.48438 0.51562
v -265.3130 2.6000 -51.8502 0.5608 0.5608 0.5608
vt 0.48438 0.42969
f 1843/1843 1844/1844 1845/1845
v -250.9088 2.6013 -56.2530 0.5608 0.5608 0.5608
vt 0.51562 0.51562
v -265.3130 2.6000 -51.8502 0.5608 0.5608 0.5608
vt 0.48438 0.42969
v -250.9178 2.6000 -51.8502 0.5608 0.5608 0.5608
vt 0.51562 0.42969
f 1846/1846 1847/1847 1848/1848
v -250.9178 2.6000 -51.8502 0.5608 0.5608 0.5608
vt 0.38281 0.07031
v -265.3130 2.6000 -51.8502 0.5608 0.5608 0.5608
vt 0.61719 0.07031
v -265.3130 2.6000 -48.1343 0.5608 0.5608 0.5608
vt 0.61719 0.96875
f 1849/1849 1850/1850 1851/1851
v -250.9178 2.6000 -51.8502 0.5608 0.5608 0.5608
vt 0.38281 0.07031
v -265.3130 2.6000 -48.1343 0.5608 0.5608 0.5608
vt 0.61719 0.96875
v -247.2019 2.6000 -48.1343 0.5608 0.5608 0.5608
vt 0.38281 0.96875
f 1852/1852 1853/1853 1854/1854
v -250.9088 2.6013 -62.3734 0.5608 0.5608 0.5608
vt 0.38281 0.96875
v -269.0276 2.6000 -62.3657 0.2627 0.2627 0.2627
vt 0.61719 0.96875
v -265.3130 2.6000 -57.3498 0.5608 0.5608 0.5608
vt 0.61719 0.07031
f 1855/1855 1856/1856 1857/1857
v -250.9088 2.6013 -62.3734 0.5608 0.5608 0.5608
vt 0.38281 0.96875
v -265.3130 2.6000 -57.3498 0.5608 0.5608 0.5608
vt 0.61719 0.07031
v -250.9013 2.6000 -57.3498 0.5608 0.5608 0.5608
vt 0.38281 0.07031
f 1858/1858 1859/1859 1860/1860
v -250.9088 2.6013 -62.3734 0.5608 0.5608 0.5608
vt 0.61719 0.96875
v -250.9013 2.6000 -57.3498 0.5608 0.5608 0.5608
vt 0.61719 0.07031
v -247.2019 2.6000 -57.3498 0.5608 0.5608 0.5608
vt 0.38281 0.96875
f 1861/1861 1862/1862 1863/1863
v -265.3130 2.6000 -51.8502 0.5608 0.5608 0.5608
vt 0.61719 0.07031
v -269.0276 2.6000 -51.8502 0.5608 0.5608 0.5608
vt 0.38281 0.96875
v -265.3130 2.6000 -48.1343 0.5608 0.5608 0.5608
vt 0.61719 0.96875
f 1864/1864 1865/1865 1866/1866
usemtl lambert2_5
v -250.9000 2.6000 -52.0000 0.3333 0.3333 0.3333
vt 0.50000 0.53125
v -250.9088 2.6013 -56.2530 0.3725 0.3725 0.3725
vt 0.71875 0.53125
v -250.9000 16.1142 -56.2530 0.3333 0.3333 0.3333
vt 0.71875 0.53125
f 1867/1867 1868/1868 1869/1869
v -250.9000 2.6000 -52.0000 0.3333 0.3333 0.3333
vt 0.50000 0.53125
v -250.9000 16.1142 -56.2530 0.3333 0.3333 0.3333
vt 0.71875 0.53125
v -250.9000 16.1142 -52.0000 0.3333 0.3333 0.3333
vt 0.50000 0.53125
f 1870/1870 1871/1871 1872/1872
v -250.9000 16.1142 -52.0000 0.3333 0.3333 0.3333
vt 0.50000 0.53125
v -250.9000 16.1142 -56.2530 0.3333 0.3333 0.3333
vt 0.71875 0.53125
v -250.9000 22.0555 -56.2530 0.2980 0.2980 0.2980
vt 0.71875 0.53125
f 1873/1873 1874/1874 1875/1875
v -250.9000 16.1142 -52.0000 0.3333 0.3333 0.3333
vt 0.50000 0.53125
v -250.9000 22.0555 -56.2530 0.2980 0.2980 0.2980
vt 0.71875 0.53125
v -250.9000 22.0555 -52.0000 0.3333 0.3333 0.3333
vt 0.50000 0.53125
f 1876/1876 1877/1877 1878/1878
v -250.9000 22.0555 -52.0000 0.3333 0.3333 0.3333
vt 0.50000 0.53125
v -250.9000 22.0555 -56.2530 0.2980 0.2980 0.2980
vt 0.71875 0.53125
v -250.9000 39.0000 -56.2530 0.2980 0.2980 0.2980
vt 0.71875 0.53125
f 1879/1879 1880/1880 1881/1881
v -250.9000 22.0555 -52.0000 0.3333 0.3333 0.3333
vt 0.50000 0.53125
v -250.9000 39.0000 -56.2530 0.2980 0.2980 0.2980
vt 0.71875 0.53125
v -250.9000 39.0000 -52.0000 0.3333 0.3333 0.3333
vt 0.50000 0.53125
f 1882/1882 1883/1883 1884/1884
v -269.1000 2.6000 -56.2530 0.3725 0.3725 0.3725
vt 0.71875 0.53125
v -269.1000 2.6000 -52.0000 0.6706 0.6706 0.6706
vt 0.50000 0.53125
v -269.1000 16.1142 -52.0000 0.6706 0.6706 0.6706
vt 0.50000 0.53125
f 1885/1885 1886/1886 1887/1887
v -269.1000 2.6000 -56.2530 0.3725 0.3725 0.3725
vt 0.71875 0.53125
v -269.1000 16.1142 -52.0000 0.6706 0.6706 0.6706
vt 0.50000 0.53125
v -269.1000 16.1142 -56.2530 0.3333 0.3333 0.3333
vt 0.71875 0.53125
f 1888/1888 1889/1889 1890/1890
v -269.1000 16.1142 -56.2530 0.3333 0.3333 0.3333
vt 0.71875 0.53125
v -269.1000 16.1142 -52.0000 0.6706 0.6706 0.6706
vt 0.50000 0.53125
v -269.1000 22.0555 -52.0000 0.6706 0.6706 0.6706
vt 0.50000 0.53125
f 1891/1891 1892/1892 1893/1893
v -269.1000 16.1142 -56.2530 0.3333 0.3333 0.3333
vt 0.71875 0.53125
v -269.1000 22.0555 -52.0000 0.6706 0.6706 0.6706
vt 0.50000 0.53125
v -269.1000 22.0555 -56.2530 0.2980 0.2980 0.2980
vt 0.71875 0.53125
f 1894/1894 1895/1895 1896/1896
v -269.1000 22.0555 -56.2530 0.2980 0.2980 0.2980
vt 0.71875 0.53125
v -269.1000 22.0555 -52.0000 0.6706 0.6706 0.6706
vt 0.50000 0.53125
v -269.1000 39.0000 -52.0000 0.6706 0.6706 0.6706
vt 0.50000 0.53125
f 1897/1897 1898/1898 1899/1899
v -269.1000 22.0555 -56.2530 0.2980 0.2980 0.2980
vt 0.71875 0.53125
v -269.1000 39.0000 -52.0000 0.6706 0.6706 0.6706
vt 0.50000 0.53125
v -269.1000 39.0000 -56.2530 0.3725 0.3725 0.3725
vt 0.71875 0.53125
f 1900/1900 1901/1901 1902/1902
v -250.9000 39.0000 -62.4000 1.0000 1.0000 1.0000
vt 1.00000 0.00000
v -269.1000 39.0000 -62.4000 1.0000 1.0000 1.0000
vt 1.00000 1.00000
v -269.1000 39.0000 -56.2530 1.0000 1.0000 1.0000
vt 0.71875 1.00000
f 1903/1903 1904/1904 1905/1905
v -250.9000 39.0000 -62.4000 1.0000 1.0000 1.0000
vt 1.00000 0.00000
v -269.1000 39.0000 -56.2530 1.0000 1.0000 1.0000
vt 0.71875 1.00000
v -250.9000 39.0000 -56.2530 1.0000 1.0000 1.0000
vt 0.71875 0.00000
f 1906/1906 1907/1907 1908/1908
v -250.9000 39.0000 -56.2530 1.0000 1.0000 1.0000
vt 0.71875 0.00000
v -269.1000 39.0000 -56.2530 1.0000 1.0000 1.0000
vt 0.71875 1.00000
v -269.1000 39.0000 -52.0000 0.6706 0.6706 0.6706
vt 0.50000 1.00000
f 1909/1909 1910/1910 1911/1911
v -250.9000 39.0000 -56.2530 1.0000 1.0000 1.0000
vt 0.71875 0.00000
v -269.1000 39.0000 -52.0000 0.6706 0.6706 0.6706
vt 0.50000 1.00000
v -250.9000 39.0000 -52.0000 0.3333 0.3333 0.3333
vt 0.50000 0.00000
f 1912/1912 1913/1913 1914/1914
v -269.1000 2.6000 -56.2530 0.3725 0.3725 0.3725
vt 0.71875 0.00000
v -269.1000 16.1142 -56.2530 0.3333 0.3333 0.3333
vt 0.71875 1.06250
v -269.1000 16.1142 -62.4000 0.4157 0.4157 0.4157
vt 1.00000 1.06250
f 1915/1915 1916/1916 1917/1917
v -269.1000 2.6000 -56.2530 0.3725 0.3725 0.3725
vt 0.71875 0.00000
v -269.1000 16.1142 -62.4000 0.4157 0.4157 0.4157
vt 1.00000 1.06250
v -269.1000 2.6000 -62.4000 0.5098 0.5098 0.5098
vt 1.00000 0.00000
f 1918/1918 1919/1919 1920/1920
v -269.1000 22.0555 -56.2530 0.2980 0.2980 0.2980
vt 0.71875 0.08203
v -269.1000 39.0000 -56.2530 0.3725 0.3725 0.3725
vt 0.71875 1.00000
v -269.1000 39.0000 -62.4000 0.3333 0.3333 0.3333
vt 1.00000 1.00000
f 1921/1921 1922/1922 1923/1923
v -269.1000 22.0555 -56.2530 0.2980 0.2980 0.2980
vt 0.71875 0.08203
v -269.1000 39.0000 -62.4000 0.3333 0.3333 0.3333
vt 1.00000 1.00000
v -269.1000 22.0555 -62.4000 0.3333 0.3333 0.3333
vt 1.00000 0.08203
f 1924/1924 1925/1925 1926/1926
v -250.9000 39.0000 -56.2530 0.2980 0.2980 0.2980
vt 0.71875 1.00000
v -250.9000 22.0555 -56.2530 0.2980 0.2980 0.2980
vt 0.71875 0.08203
v -250.9000 22.0555 -62.4000 0.3333 0.3333 0.3333
vt 1.00000 0.08203
f 1927/1927 1928/1928 1929/1929
v -250.9000 39.0000 -56.2530 0.2980 0.2980 0.2980
vt 0.71875 1.00000
v -250.9000 22.0555 -62.4000 0.3333 0.3333 0.3333
vt 1.00000 0.08203
v -250.9000 39.0000 -62.4000 0.3333 0.3333 0.3333
vt 1.00000 1.00000
f 1930/1930 1931/1931 1932/1932
v -250.9000 22.0555 -56.2530 0.2980 0.2980 0.2980
vt 0.71875 0.92969
v -250.9000 16.1142 -56.2530 0.3333 0.3333 0.3333
vt 0.71875 0.07422
v -250.9000 16.1142 -62.3912 0.4157 0.4157 0.4157
vt 1.00000 0.07422
f 1933/1933 1934/1934 1935/1935
v -250.9000 22.0555 -56.2530 0.2980 0.2980 0.2980
vt 0.71875 0.92969
v -250.9000 16.1142 -62.3912 0.4157 0.4157 0.4157
vt 1.00000 0.07422
v -250.9000 22.0555 -62.4000 0.3333 0.3333 0.3333
vt 1.00000 0.92969
f 1936/1936 1937/1937 1938/1938
v -250.9000 16.1142 -62.3912 0.4157 0.4157 0.4157
vt 1.00000 0.92578
v -250.9000 16.1142 -56.2530 0.3333 0.3333 0.3333
vt 0.71875 0.92578
v -250.9088 2.6013 -56.2530 0.3725 0.3725 0.3725
vt 0.71875 0.00000
f 1939/1939 1940/1940 1941/1941
v -250.9000 16.1142 -62.3912 0.4157 0.4157 0.4157
vt 1.00000 0.92578
v -250.9088 2.6013 -56.2530 0.3725 0.3725 0.3725
vt 0.71875 0.00000
v -250.9088 2.6013 -62.3734 0.5098 0.5098 0.5098
vt 1.00000 0.00000
f 1942/1942 1943/1943 1944/1944
v -269.1000 16.1142 -52.0000 0.6706 0.6706 0.6706
vt 0.25000 1.00000
v -250.9000 16.1142 -52.0000 0.3333 0.3333 0.3333
vt 0.25000 0.00781
v -250.9000 22.0555 -52.0000 0.3333 0.3333 0.3333
vt 0.00000 0.00781
f 1945/1945 1946/1946 1947/1947
v -269.1000 16.1142 -52.0000 0.6706 0.6706 0.6706
vt 0.25000 1.00000
v -250.9000 22.0555 -52.0000 0.3333 0.3333 0.3333
vt 0.00000 0.00781
v -269.1000 22.0555 -52.0000 0.6706 0.6706 0.6706
vt 0.00000 1.00000
f 1948/1948 1949/1949 1950/1950
v -269.1000 22.0555 -62.4000 0.3333 0.3333 0.3333
vt 1.00000 1.00000
v -269.1000 16.1142 -62.4000 0.4157 0.4157 0.4157
vt 1.00000 0.00000
v -269.1000 16.1142 -56.2530 0.3333 0.3333 0.3333
vt 0.71875 0.00000
f 1951/1951 1952/1952 1953/1953
v -269.1000 22.0555 -62.4000 0.3333 0.3333 0.3333
vt 1.00000 1.00000
v -269.1000 16.1142 -56.2530 0.3333 0.3333 0.3333
vt 0.71875 0.00000
v -269.1000 22.0555 -56.2530 0.2980 0.2980 0.2980
vt 0.71875 1.00000
f 1954/1954 1955/1955 1956/1956
v -269.1000 22.0555 -52.0000 0.6706 0.6706 0.6706
vt 0.00000 0.00000
v -250.9000 22.0555 -52.0000 0.3333 0.3333 0.3333
vt 0.50000 0.00000
v -250.9000 39.0000 -52.0000 0.3333 0.3333 0.3333
vt 0.50000 1.00000
f 1957/1957 1958/1958 1959/1959
v -269.1000 22.0555 -52.0000 0.6706 0.6706 0.6706
vt 0.00000 0.00000
v -250.9000 39.0000 -52.0000 0.3333 0.3333 0.3333
vt 0.50000 1.00000
v -269.1000 39.0000 -52.0000 0.6706 0.6706 0.6706
vt 0.00000 1.00000
f 1960/1960 1961/1961 1962/1962
v -269.1000 2.6000 -52.0000 0.6706 0.6706 0.6706
vt 1.53125 1.00000
v -250.9000 2.6000 -52.0000 0.3333 0.3333 0.3333
vt 1.53125 0.00781
v -250.9000 16.1142 -52.0000 0.3333 0.3333 0.3333
vt 0.96875 0.00781
f 1963/1963 1964/1964 1965/1965
v -269.1000 2.6000 -52.0000 0.6706 0.6706 0.6706
vt 1.53125 1.00000
v -250.9000 16.1142 -52.0000 0.3333 0.3333 0.3333
vt 0.96875 0.00781
v -269.1000 16.1142 -52.0000 0.6706 0.6706 0.6706
vt 0.96875 1.00000
f 1966/1966 1967/1967 1968/1968
usemtl lambert3
v -296.0179 -0.0685 -214.0099 0.6157 0.6157 0.6157
vt 0.00000 0.00000
v -299.4469 -0.0685 -210.5822 0.6157 0.6157 0.6157
vt 1.00000 0.00000
v -294.1695 -0.1117 -205.9344 0.6157 0.6157 0.6157
vt 1.00000 1.00000
f 1969/1969 1970/1970 1971/1971
v -296.0179 -0.0685 -214.0099 0.6157 0.6157 0.6157
vt 0.00000 0.00000
v -294.1695 -0.1117 -205.9344 0.6157 0.6157 0.6157
vt 1.00000 1.00000
v -291.4488 -0.1117 -208.6551 0.6157 0.6157 0.6157
vt 0.00000 1.00000
f 1972/1972 1973/1973 1974/1974
v -296.0179 -0.0685 -218.5815 0.6157 0.6157 0.6157
vt 0.00000 0.00000
v -296.0179 -0.0685 -214.0099 0.6157 0.6157 0.6157
vt 1.00000 0.00000
v -291.4488 -0.1117 -208.6551 0.6157 0.6157 0.6157
vt 1.00000 1.00000
f 1975/1975 1976/1976 1977/1977
v -296.0179 -0.0685 -218.5815 0.6157 0.6157 0.6157
vt 0.00000 0.00000
v -291.4488 -0.1117 -208.6551 0.6157 0.6157 0.6157
vt 1.00000 1.00000
v -291.4488 -0.1117 -212.2809 0.6157 0.6157 0.6157
vt 0.00000 1.00000
f 1978/1978 1979/1979 1980/1980
v -299.4469 -0.0685 -210.5822 0.6157 0.6157 0.6157
vt 0.00000 0.00000
v -304.0172 -0.0685 -210.5822 0.6157 0.6157 0.6157
vt 1.00000 0.00000
v -297.7952 -0.1117 -205.9344 0.6157 0.6157 0.6157
vt 1.00000 1.00000
f 1981/1981 1982/1982 1983/1983
v -299.4469 -0.0685 -210.5822 0.6157 0.6157 0.6157
vt 0.00000 0.00000
v -297.7952 -0.1117 -205.9344 0.6157 0.6157 0.6157
vt 1.00000 1.00000
v -294.1695 -0.1117 -205.9344 0.6157 0.6157 0.6157
vt 0.00000 1.00000
f 1984/1984 1985/1985 1986/1986
usemtl lambert2_6
v -304.7421 9.6269 -223.4426 0.4157 0.3725 0.4627
vt 0.07031 0.97266
v -303.7964 -0.0432 -221.0965 0.4157 0.3725 0.4627
vt 0.07031 0.97266
v -307.4449 -0.0685 -218.5815 0.4157 0.3725 0.4627
vt 0.07031 0.97266
f 1987/1987 1988/1988 1989/1989
v -304.7421 9.6269 -223.4426 0.4157 0.3725 0.4627
vt 0.07031 0.97266
v -307.4449 -0.0685 -218.5815 0.4157 0.3725 0.4627
vt 0.07031 0.97266
v -309.2565 9.6269 -218.9281 0.4157 0.3725 0.4627
vt 0.07031 0.97266
f 1990/1990 1991/1991 1992/1992
v -309.2565 9.6269 -218.9281 0.4157 0.3725 0.4627
vt 0.07031 0.97266
v -307.4449 -0.0685 -218.5815 0.4157 0.3725 0.4627
vt 0.07031 0.97266
v -307.4449 -0.0685 -214.0099 0.4157 0.3725 0.4627
vt 0.07031 0.97266
f 1993/1993 1994/1994 1995/1995
v -309.2565 9.6269 -218.9281 0.4157 0.3725 0.4627
vt 0.07031 0.97266
v -307.4449 -0.0685 -214.0099 0.4157 0.3725 0.4627
vt 0.07031 0.97266
v -309.2565 9.6269 -212.9080 0.4157 0.3725 0.4627
vt 0.07031 0.97266
f 1996/1996 1997/1997 1998/1998
v -309.2565 9.6269 -212.9080 0.4157 0.3725 0.4627
vt 0.07031 0.97266
v -307.4449 -0.0685 -214.0099 0.4157 0.3725 0.4627
vt 0.07031 0.97266
v -304.0172 -0.0685 -210.5822 0.4157 0.3725 0.4627
vt 0.07031 0.97266
f 1999/1999 2000/2000 2001/2001
v -309.2565 9.6269 -212.9080 0.4157 0.3725 0.4627
vt 0.07031 0.97266
v -304.0172 -0.0685 -210.5822 0.4157 0.3725 0.4627
vt 0.07031 0.97266
v -304.7421 9.6269 -208.3923 0.4157 0.3725 0.4627
vt 0.07812 0.96484
f 2002/2002 2003/2003 2004/2004
v -294.2076 9.6269 -212.9080 0.4157 0.3725 0.4627
vt 0.07031 0.97266
v -296.0179 -0.0685 -214.0099 0.4157 0.3725 0.4627
vt 0.07031 0.97266
v -296.0179 -0.0685 -218.5815 0.4157 0.3725 0.4627
vt 0.07031 0.97266
f 2005/2005 2006/2006 2007/2007
v -294.2076 9.6269 -212.9080 0.4157 0.3725 0.4627
vt 0.07031 0.97266
v -296.0179 -0.0685 -218.5815 0.4157 0.3725 0.4627
vt 0.07031 0.97266
v -294.2076 9.6269 -218.9281 0.4157 0.3725 0.4627
vt 0.07031 0.97266
f 2008/2008 2009/2009 2010/2010
v -294.2076 9.6269 -218.9281 0.4157 0.3725 0.4627
vt 0.07031 0.97266
v -296.0179 -0.0685 -218.5815 0.4157 0.3725 0.4627
vt 0.07031 0.97266
v -299.6526 -0.0432 -221.0965 0.4157 0.3725 0.4627
vt 0.07031 0.97266
f 2011/2011 2012/2012 2013/2013
v -294.2076 9.6269 -218.9281 0.4157 0.3725 0.4627
vt 0.07031 0.97266
v -299.6526 -0.0432 -221.0965 0.4157 0.3725 0.4627
vt 0.07031 0.97266
v -298.7219 9.6269 -223.4426 0.4157 0.3725 0.4627
vt 0.07031 0.97266
f 2014/2014 2015/2015 2016/2016
v -304.7421 9.6269 -208.3923 0.4157 0.3725 0.4627
vt 0.07031 0.97266
v -304.0172 -0.0685 -210.5822 0.4157 0.3725 0.4627
vt 0.07031 0.97266
v -299.4469 -0.0685 -210.5822 0.4157 0.3725 0.4627
vt 0.07031 0.97266
f 2017/2017 2018/2018 2019/2019
v -304.7421 9.6269 -208.3923 0.4157 0.3725 0.4627
vt 0.07031 0.97266
v -299.4469 -0.0685 -210.5822 0.4157 0.3725 0.4627
vt 0.07031 0.97266
v -298.7219 9.6269 -208.3923 0.4157 0.3725 0.4627
vt 0.07031 0.97266
f 2020/2020 2021/2021 2022/2022
v -298.7219 9.6269 -208.3923 0.4157 0.3725 0.4627
vt 0.07031 0.97266
v -299.4469 -0.0685 -210.5822 0.4157 0.3725 0.4627
vt 0.07031 0.97266
v -296.0179 -0.0685 -214.0099 0.4157 0.3725 0.4627
vt 0.07031 0.97266
f 2023/2023 2024/2024 2025/2025
v -298.7219 9.6269 -208.3923 0.4157 0.3725 0.4627
vt 0.07031 0.97266
v -296.0179 -0.0685 -214.0099 0.4157 0.3725 0.4627
vt 0.07031 0.97266
v -294.2076 9.6269 -212.9080 0.4157 0.3725 0.4627
vt 0.07812 0.96484
f 2026/2026 2027/2027 2028/2028
v -294.2076 9.6269 -218.9281 1.0000 1.0000 1.0000
vt 0.08203 0.96484
v -298.7219 9.6269 -223.4426 1.0000 1.0000 1.0000
vt 0.08203 0.96484
v -301.7321 9.6269 -215.9180 1.0000 1.0000 1.0000
vt 0.00781 0.95898
f 2029/2029 2030/2030 2031/2031
v -298.7219 9.6269 -223.4426 1.0000 1.0000 1.0000
vt 0.08203 0.96484
v -304.7421 9.6269 -223.4426 1.0000 1.0000 1.0000
vt 0.08203 0.96484
v -301.7321 9.6269 -215.9180 1.0000 1.0000 1.0000
vt 0.00781 0.95898
f 2032/2032 2033/2033 2034/2034
v -301.7321 9.6269 -215.9180 1.0000 1.0000 1.0000
vt 0.00781 0.95898
v -304.7421 9.6269 -223.4426 1.0000 1.0000 1.0000
vt 0.08203 0.96484
v -309.2565 9.6269 -218.9281 1.0000 1.0000 1.0000
vt 0.08203 0.96484
f 2035/2035 2036/2036 2037/2037
v -309.2565 9.6269 -218.9281 1.0000 1.0000 1.0000
vt 0.08203 0.96484
v -309.2565 9.6269 -212.9080 1.0000 1.0000 1.0000
vt 0.08203 0.96484
v -301.7321 9.6269 -215.9180 1.0000 1.0000 1.0000
vt 0.00781 0.95898
f 2038/2038 2039/2039 2040/2040
v -309.2565 9.6269 -212.9080 1.0000 1.0000 1.0000
vt 0.08203 0.96484
v -304.7421 9.6269 -208.3923 1.0000 1.0000 1.0000
vt 0.08203 0.96484
v -301.7321 9.6269 -215.9180 1.0000 1.0000 1.0000
vt 0.00781 0.95898
f 2041/2041 2042/2042 2043/2043
v -301.7321 9.6269 -215.9180 1.0000 1.0000 1.0000
vt 0.00781 0.95898
v -304.7421 9.6269 -208.3923 1.0000 1.0000 1.0000
vt 0.08203 0.96484
v -298.7219 9.6269 -208.3923 1.0000 1.0000 1.0000
vt 0.08203 0.96484
f 2044/2044 2045/2045 2046/2046
v -294.2076 9.6269 -218.9281 1.0000 1.0000 1.0000
vt 0.08203 0.96484
v -301.7321 9.6269 -215.9180 1.0000 1.0000 1.0000
vt 0.00781 0.95898
v -294.2076 9.6269 -212.9080 1.0000 1.0000 1.0000
vt 0.08203 0.96484
f 2047/2047 2048/2048 2049/2049
v -301.7321 9.6269 -215.9180 1.0000 1.0000 1.0000
vt 0.00781 0.95898
v -298.7219 9.6269 -208.3923 1.0000 1.0000 1.0000
vt 0.08203 0.96484
v -294.2076 9.6269 -212.9080 1.0000 1.0000 1.0000
vt 0.08203 0.96484
f 2050/2050 2051/2051 2052/2052
v -291.2000 40.2542 -230.9861 1.0000 1.0000 1.0000
vt 1.00000 0.87500
v -312.0000 40.2542 -230.9861 1.0000 1.0000 1.0000
vt 0.00000 0.87500
v -312.0000 8.7305 -212.7861 0.4157 0.3725 0.4627
vt 0.00000 0.00195
f 2053/2053 2054/2054 2055/2055
v -291.2000 40.2542 -230.9861 1.0000 1.0000 1.0000
vt 1.00000 0.87500
v -312.0000 8.7305 -212.7861 0.4157 0.3725 0.4627
vt 0.00000 0.00195
v -291.2000 8.7305 -212.7861 0.4157 0.3725 0.4627
vt 1.00000 0.00195
f 2056/2056 2057/2057 2058/2058
usemtl h_mado_lm1
v -102.0500 49.4000 -299.0000 1.0000 1.0000 1.0000
vt -1.96875 0.96875
v -102.0500 32.5000 -299.0000 1.0000 1.0000 1.0000
vt -1.96875 0.03125
v -89.7000 32.5000 -299.0000 1.0000 1.0000 1.0000
vt -1.03125 0.03125
f 2059/2059 2060/2060 2061/2061
v -102.0500 49.4000 -299.0000 1.0000 1.0000 1.0000
vt -1.96875 0.96875
v -89.7000 32.5000 -299.0000 1.0000 1.0000 1.0000
vt -1.03125 0.03125
v -89.7000 49.4000 -299.0000 1.0000 1.0000 1.0000
vt -1.03125 0.96875
f 2062/2062 2063/2063 2064/2064
v -118.3000 49.4000 -299.0000 1.0000 1.0000 1.0000
vt -1.96875 0.96875
v -118.3000 32.5000 -299.0000 1.0000 1.0000 1.0000
vt -1.96875 0.03125
v -105.9500 32.5000 -299.0000 1.0000 1.0000 1.0000
vt -1.03125 0.03125
f 2065/2065 2066/2066 2067/2067
v -118.3000 49.4000 -299.0000 1.0000 1.0000 1.0000
vt -1.96875 0.96875
v -105.9500 32.5000 -299.0000 1.0000 1.0000 1.0000
vt -1.03125 0.03125
v -105.9500 49.4000 -299.0000 1.0000 1.0000 1.0000
vt -1.03125 0.96875
f 2068/2068 2069/2069 2070/2070
usemtl idr_win01_lm1
v -104.0000 54.6000 -299.0000 0.3333 0.3333 0.3333
vt 0.87500 0.96484
v -102.0500 49.4000 -299.0000 0.3333 0.3333 0.3333
vt 1.00000 0.69141
v -89.7000 49.4000 -299.0000 0.3333 0.3333 0.3333
vt 0.18750 0.69141
f 2071/2071 2072/2072 2073/2073
v -104.0000 54.6000 -299.0000 0.3333 0.3333 0.3333
vt 0.87500 0.96484
v -89.7000 49.4000 -299.0000 0.3333 0.3333 0.3333
vt 0.18750 0.69141
v -85.8000 54.6000 -299.0000 0.3333 0.3333 0.3333
vt 0.00000 0.96484
f 2074/2074 2075/2075 2076/2076
v -85.8000 54.6000 -299.0000 0.3333 0.3333 0.3333
vt 0.00000 0.96484
v -89.7000 49.4000 -299.0000 0.3333 0.3333 0.3333
vt 0.18750 0.69141
v -89.7000 32.5000 -299.0000 0.3333 0.3333 0.3333
vt 0.18750 0.18750
f 2077/2077 2078/2078 2079/2079
v -85.8000 54.6000 -299.0000 0.3333 0.3333 0.3333
vt 0.00000 0.96484
v -89.7000 32.5000 -299.0000 0.3333 0.3333 0.3333
vt 0.18750 0.18750
v -85.8000 27.3000 -299.0000 0.3333 0.3333 0.3333
vt 0.00000 0.00000
f 2080/2080 2081/2081 2082/2082
v -85.8000 27.3000 -299.0000 0.3333 0.3333 0.3333
vt 0.00000 0.00000
v -89.7000 32.5000 -299.0000 0.3333 0.3333 0.3333
vt 0.18750 0.18750
v -102.0500 32.5000 -299.0000 0.3333 0.3333 0.3333
vt 1.00000 0.18750
f 2083/2083 2084/2084 2085/2085
v -85.8000 27.3000 -299.0000 0.3333 0.3333 0.3333
vt 0.00000 0.00000
v -102.0500 32.5000 -299.0000 0.3333 0.3333 0.3333
vt 1.00000 0.18750
v -104.0000 27.3000 -299.0000 0.3333 0.3333 0.3333
vt 0.87500 0.00000
f 2086/2086 2087/2087 2088/2088
v -105.9500 49.4000 -299.0000 0.3333 0.3333 0.3333
vt 0.75000 0.69141
v -104.0000 54.6000 -299.0000 0.3333 0.3333 0.3333
vt 0.87500 0.96484
v -122.2000 54.6000 -299.0000 0.3333 0.3333 0.3333
vt 0.00000 0.96484
f 2089/2089 2090/2090 2091/2091
v -105.9500 49.4000 -299.0000 0.3333 0.3333 0.3333
vt 0.75000 0.69141
v -122.2000 54.6000 -299.0000 0.3333 0.3333 0.3333
vt 0.00000 0.96484
v -118.3000 49.4000 -299.0000 0.3333 0.3333 0.3333
vt 0.18750 0.69141
f 2092/2092 2093/2093 2094/2094
v -118.3000 49.4000 -299.0000 0.3333 0.3333 0.3333
vt 0.18750 0.69141
v -122.2000 54.6000 -299.0000 0.3333 0.3333 0.3333
vt 0.00000 0.96484
v -122.2000 27.3000 -299.0000 0.3333 0.3333 0.3333
vt 0.00000 0.00000
f 2095/2095 2096/2096 2097/2097
v -118.3000 49.4000 -299.0000 0.3333 0.3333 0.3333
vt 0.18750 0.69141
v -122.2000 27.3000 -299.0000 0.3333 0.3333 0.3333
vt 0.00000 0.00000
v -118.3000 32.5000 -299.0000 0.3333 0.3333 0.3333
vt 0.18750 0.18750
f 2098/2098 2099/2099 2100/2100
v -118.3000 32.5000 -299.0000 0.3333 0.3333 0.3333
vt 0.18750 0.18750
v -122.2000 27.3000 -299.0000 0.3333 0.3333 0.3333
vt 0.00000 0.00000
v -104.0000 27.3000 -299.0000 0.3333 0.3333 0.3333
vt 0.87500 0.00000
f 2101/2101 2102/2102 2103/2103
v -118.3000 32.5000 -299.0000 0.3333 0.3333 0.3333
vt 0.18750 0.18750
v -104.0000 27.3000 -299.0000 0.3333 0.3333 0.3333
vt 0.87500 0.00000
v -105.9500 32.5000 -299.0000 0.3333 0.3333 0.3333
vt 0.75000 0.18750
f 2104/2104 2105/2105 2106/2106
v -85.8000 54.6000 -299.0000 1.0000 1.0000 1.0000
vt 0.00000 0.96484
v -85.8000 54.6000 -301.6000 1.0000 1.0000 1.0000
vt 0.00000 0.96484
v -104.0000 54.6000 -301.6000 1.0000 1.0000 1.0000
vt 0.87500 0.96484
f 2107/2107 2108/2108 2109/2109
v -85.8000 54.6000 -299.0000 1.0000 1.0000 1.0000
vt 0.00000 0.96484
v -104.0000 54.6000 -301.6000 1.0000 1.0000 1.0000
vt 0.87500 0.96484
v -104.0000 54.6000 -299.0000 1.0000 1.0000 1.0000
vt 0.87500 0.96484
f 2110/2110 2111/2111 2112/2112
v -104.0000 54.6000 -299.0000 1.0000 1.0000 1.0000
vt 0.87500 0.96484
v -104.0000 54.6000 -301.6000 1.0000 1.0000 1.0000
vt 0.87500 0.96484
v -122.2000 54.6000 -301.6000 1.0000 1.0000 1.0000
vt 0.00000 0.96484
f 2113/2113 2114/2114 2115/2115
v -104.0000 54.6000 -299.0000 1.0000 1.0000 1.0000
vt 0.87500 0.96484
v -122.2000 54.6000 -301.6000 1.0000 1.0000 1.0000
vt 0.00000 0.96484
v -122.2000 54.6000 -299.0000 1.0000 1.0000 1.0000
vt 0.00000 0.96484
f 2116/2116 2117/2117 2118/2118
v -122.2000 27.3000 -301.6000 0.3333 0.3333 0.3333
vt 0.06250 0.00000
v -122.2000 27.3000 -299.0000 0.3333 0.3333 0.3333
vt 0.06250 0.00000
v -122.2000 54.6000 -299.0000 0.3333 0.3333 0.3333
vt 0.06250 0.96875
f 2119/2119 2120/2120 2121/2121
v -122.2000 27.3000 -301.6000 0.3333 0.3333 0.3333
vt 0.06250 0.00000
v -122.2000 54.6000 -299.0000 0.3333 0.3333 0.3333
vt 0.06250 0.96875
v -122.2000 54.6000 -301.6000 0.3333 0.3333 0.3333
vt 0.06250 0.96875
f 2122/2122 2123/2123 2124/2124
v -85.8000 27.3000 -299.0000 0.3333 0.3333 0.3333
vt 0.06250 0.00000
v -85.8000 27.3000 -301.6000 0.3333 0.3333 0.3333
vt 0.06250 0.00000
v -85.8000 54.6000 -301.6000 0.3333 0.3333 0.3333
vt 0.06250 0.96875
f 2125/2125 2126/2126 2127/2127
v -85.8000 27.3000 -299.0000 0.3333 0.3333 0.3333
vt 0.06250 0.00000
v -85.8000 54.6000 -301.6000 0.3333 0.3333 0.3333
vt 0.06250 0.96875
v -85.8000 54.6000 -299.0000 0.3333 0.3333 0.3333
vt 0.06250 0.96875
f 2128/2128 2129/2129 2130/2130
v -105.9500 32.5000 -299.0000 0.3333 0.3333 0.3333
vt 0.75000 0.18750
v -102.0500 32.5000 -299.0000 0.3333 0.3333 0.3333
vt 1.00000 0.18750
v -102.0500 49.4000 -299.0000 0.3333 0.3333 0.3333
vt 1.00000 0.69141
f 2131/2131 2132/2132 2133/2133
v -105.9500 32.5000 -299.0000 0.3333 0.3333 0.3333
vt 0.75000 0.18750
v -102.0500 49.4000 -299.0000 0.3333 0.3333 0.3333
vt 1.00000 0.69141
v -105.9500 49.4000 -299.0000 0.3333 0.3333 0.3333
vt 0.75000 0.69141
f 2134/2134 2135/2135 2136/2136
v -105.9500 49.4000 -299.0000 0.3333 0.3333 0.3333
vt 0.75000 0.69141
v -102.0500 49.4000 -299.0000 0.3333 0.3333 0.3333
vt 1.00000 0.69141
v -104.0000 54.6000 -299.0000 0.3333 0.3333 0.3333
vt 0.87500 0.96484
f 2137/2137 2138/2138 2139/2139
v -104.0000 27.3000 -299.0000 0.3333 0.3333 0.3333
vt 0.87500 0.00000
v -102.0500 32.5000 -299.0000 0.3333 0.3333 0.3333
vt 1.00000 0.18750
v -105.9500 32.5000 -299.0000 0.3333 0.3333 0.3333
vt 0.75000 0.18750
f 2140/2140 2141/2141 2142/2142
usemtl desk02a_lm1
v -61.1000 10.3892 -289.9000 0.3725 0.3725 0.3725
vt 0.46875 0.00000
v -61.1000 10.3892 -271.7000 0.3725 0.3725 0.3725
vt 0.46875 0.00000
v -61.1000 15.6000 -271.7000 0.3725 0.3725 0.3725
vt 0.46875 0.37500
f 2143/2143 2144/2144 2145/2145
v -61.1000 10.3892 -289.9000 0.3725 0.3725 0.3725
vt 0.46875 0.00000
v -61.1000 15.6000 -271.7000 0.3725 0.3725 0.3725
vt 0.46875 0.37500
v -61.1000 15.6000 -289.9000 0.3725 0.3725 0.3725
vt 0.46875 0.37500
f 2146/2146 2147/2147 2148/2148
v -42.9000 10.3892 -271.7000 0.3725 0.3725 0.3725
vt 0.46875 0.00000
v -42.9000 10.3892 -289.9000 0.3725 0.3725 0.3725
vt 0.46875 0.00000
v -42.9000 15.6000 -289.9000 0.3725 0.3725 0.3725
vt 0.46875 0.37500
f 2149/2149 2150/2150 2151/2151
v -42.9000 10.3892 -271.7000 0.3725 0.3725 0.3725
vt 0.46875 0.00000
v -42.9000 15.6000 -289.9000 0.3725 0.3725 0.3725
vt 0.46875 0.37500
v -42.9000 15.6000 -271.7000 0.3725 0.3725 0.3725
vt 0.46875 0.37500
f 2152/2152 2153/2153 2154/2154
v -61.1000 10.3892 -289.9000 0.1451 0.1451 0.1451
vt 0.53125 0.81250
v -42.9000 10.3892 -289.9000 0.1451 0.1451 0.1451
vt 1.00000 0.81250
v -42.9000 2.6000 -289.9000 0.1451 0.1451 0.1451
vt 1.00000 0.00000
f 2155/2155 2156/2156 2157/2157
v -61.1000 10.3892 -289.9000 0.1451 0.1451 0.1451
vt 0.53125 0.81250
v -42.9000 2.6000 -289.9000 0.1451 0.1451 0.1451
vt 1.00000 0.00000
v -61.1000 2.6000 -289.9000 0.1451 0.1451 0.1451
vt 0.53125 0.00000
f 2158/2158 2159/2159 2160/2160
v -61.1000 10.3892 -271.7000 0.6706 0.6706 0.6706
vt 0.00000 0.00000
v -42.9000 10.3892 -271.7000 0.6706 0.6706 0.6706
vt 0.46875 0.00000
v -42.9000 15.6000 -271.7000 0.6706 0.6706 0.6706
vt 0.46875 0.37500
f 2161/2161 2162/2162 2163/2163
v -61.1000 10.3892 -271.7000 0.6706 0.6706 0.6706
vt 0.00000 0.00000
v -42.9000 15.6000 -271.7000 0.6706 0.6706 0.6706
vt 0.46875 0.37500
v -61.1000 15.6000 -271.7000 0.6706 0.6706 0.6706
vt 0.00000 0.37500
f 2164/2164 2165/2165 2166/2166
v -61.1000 2.6000 -289.9000 0.3725 0.3725 0.3725
vt 1.00000 0.00000
v -61.1000 2.6000 -271.7000 0.3725 0.3725 0.3725
vt 0.53125 0.00000
v -61.1000 10.3892 -271.7000 0.3725 0.3725 0.3725
vt 0.53125 0.81250
f 2167/2167 2168/2168 2169/2169
v -61.1000 2.6000 -289.9000 0.3725 0.3725 0.3725
vt 1.00000 0.00000
v -61.1000 10.3892 -271.7000 0.3725 0.3725 0.3725
vt 0.53125 0.81250
v -61.1000 10.3892 -289.9000 0.3725 0.3725 0.3725
vt 1.00000 0.81250
f 2170/2170 2171/2171 2172/2172
v -42.9000 2.6000 -271.7000 0.3725 0.3725 0.3725
vt 1.00000 0.00000
v -42.9000 2.6000 -289.9000 0.3725 0.3725 0.3725
vt 0.53125 0.00000
v -42.9000 10.3892 -289.9000 0.3725 0.3725 0.3725
vt 0.53125 0.81250
f 2173/2173 2174/2174 2175/2175
v -42.9000 2.6000 -271.7000 0.3725 0.3725 0.3725
vt 1.00000 0.00000
v -42.9000 10.3892 -289.9000 0.3725 0.3725 0.3725
vt 0.53125 0.81250
v -42.9000 10.3892 -271.7000 0.3725 0.3725 0.3725
vt 1.00000 0.81250
f 2176/2176 2177/2177 2178/2178
v -62.4000 2.6000 -291.2000 0.5098 0.5098 0.5098
vt 0.71875 0.93750
v -62.4000 2.6000 -270.4000 0.5098 0.5098 0.5098
vt 0.71875 0.93750
v -41.6000 2.6000 -270.4000 0.5098 0.5098 0.5098
vt 0.71875 0.93750
f 2179/2179 2180/2180 2181/2181
v -62.4000 2.6000 -291.2000 0.5098 0.5098 0.5098
vt 0.71875 0.93750
v -41.6000 2.6000 -270.4000 0.5098 0.5098 0.5098
vt 0.71875 0.93750
v -41.6000 2.6000 -291.2000 0.5098 0.5098 0.5098
vt 0.71875 0.93750
f 2182/2182 2183/2183 2184/2184
v -61.1000 15.6000 -289.9000 0.1451 0.1451 0.1451
vt 0.46875 0.37500
v -42.9000 15.6000 -289.9000 0.1451 0.1451 0.1451
vt 0.46875 0.37500
v -42.9000 10.3892 -289.9000 0.1451 0.1451 0.1451
vt 0.46875 0.00000
f 2185/2185 2186/2186 2187/2187
v -61.1000 15.6000 -289.9000 0.1451 0.1451 0.1451
vt 0.46875 0.37500
v -42.9000 10.3892 -289.9000 0.1451 0.1451 0.1451
vt 0.46875 0.00000
v -61.1000 10.3892 -289.9000 0.1451 0.1451 0.1451
vt 0.46875 0.00000
f 2188/2188 2189/2189 2190/2190
v -61.1000 15.6000 -271.7000 1.0000 1.0000 1.0000
vt 0.00000 0.37500
v -42.9000 15.6000 -271.7000 1.0000 1.0000 1.0000
vt 0.46875 0.37500
v -42.9000 15.6000 -289.9000 1.0000 1.0000 1.0000
vt 0.46875 1.00000
f 2191/2191 2192/2192 2193/2193
v -61.1000 15.6000 -271.7000 1.0000 1.0000 1.0000
vt 0.00000 0.37500
v -42.9000 15.6000 -289.9000 1.0000 1.0000 1.0000
vt 0.46875 1.00000
v -61.1000 15.6000 -289.9000 1.0000 1.0000 1.0000
vt 0.00000 1.00000
f 2194/2194 2195/2195 2196/2196
v -61.1000 2.6000 -271.7000 0.6706 0.6706 0.6706
vt 0.53125 0.00000
v -42.9000 2.6000 -271.7000 0.6706 0.6706 0.6706
vt 1.00000 0.00000
v -42.9000 10.3892 -271.7000 0.6706 0.6706 0.6706
vt 1.00000 0.81250
f 2197/2197 2198/2198 2199/2199
v -61.1000 2.6000 -271.7000 0.6706 0.6706 0.6706
vt 0.53125 0.00000
v -42.9000 10.3892 -271.7000 0.6706 0.6706 0.6706
vt 1.00000 0.81250
v -61.1000 10.3892 -271.7000 0.6706 0.6706 0.6706
vt 0.53125 0.81250
f 2200/2200 2201/2201 2202/2202
usemtl desk02a_lm1_1
v -61.1000 10.3892 -269.1000 0.3725 0.3725 0.3725
vt 0.46875 0.00000
v -61.1000 10.3892 -250.9000 0.3725 0.3725 0.3725
vt 0.46875 0.00000
v -61.1000 15.6000 -250.9000 0.3725 0.3725 0.3725
vt 0.46875 0.37500
f 2203/2203 2204/2204 2205/2205
v -61.1000 10.3892 -269.1000 0.3725 0.3725 0.3725
vt 0.46875 0.00000
v -61.1000 15.6000 -250.9000 0.3725 0.3725 0.3725
vt 0.46875 0.37500
v -61.1000 15.6000 -269.1000 0.3725 0.3725 0.3725
vt 0.46875 0.37500
f 2206/2206 2207/2207 2208/2208
v -42.9000 10.3892 -250.9000 0.3725 0.3725 0.3725
vt 0.46875 0.00000
v -42.9000 10.3892 -269.1000 0.3725 0.3725 0.3725
vt 0.46875 0.00000
v -42.9000 15.6000 -269.1000 0.3725 0.3725 0.3725
vt 0.46875 0.37500
f 2209/2209 2210/2210 2211/2211
v -42.9000 10.3892 -250.9000 0.3725 0.3725 0.3725
vt 0.46875 0.00000
v -42.9000 15.6000 -269.1000 0.3725 0.3725 0.3725
vt 0.46875 0.37500
v -42.9000 15.6000 -250.9000 0.3725 0.3725 0.3725
vt 0.46875 0.37500
f 2212/2212 2213/2213 2214/2214
v -61.1000 10.3892 -269.1000 0.1451 0.1451 0.1451
vt 0.53125 0.81250
v -42.9000 10.3892 -269.1000 0.1451 0.1451 0.1451
vt 1.00000 0.81250
v -42.9000 2.6000 -269.1000 0.1451 0.1451 0.1451
vt 1.00000 0.00000
f 2215/2215 2216/2216 2217/2217
v -61.1000 10.3892 -269.1000 0.1451 0.1451 0.1451
vt 0.53125 0.81250
v -42.9000 2.6000 -269.1000 0.1451 0.1451 0.1451
vt 1.00000 0.00000
v -61.1000 2.6000 -269.1000 0.1451 0.1451 0.1451
vt 0.53125 0.00000
f 2218/2218 2219/2219 2220/2220
v -61.1000 10.3892 -250.9000 0.6706 0.6706 0.6706
vt 0.00000 0.00000
v -42.9000 10.3892 -250.9000 0.6706 0.6706 0.6706
vt 0.46875 0.00000
v -42.9000 15.6000 -250.9000 0.6706 0.6706 0.6706
vt 0.46875 0.37500
f 2221/2221 2222/2222 2223/2223
v -61.1000 10.3892 -250.9000 0.6706 0.6706 0.6706
vt 0.00000 0.00000
v -42.9000 15.6000 -250.9000 0.6706 0.6706 0.6706
vt 0.46875 0.37500
v -61.1000 15.6000 -250.9000 0.6706 0.6706 0.6706
vt 0.00000 0.37500
f 2224/2224 2225/2225 2226/2226
v -61.1000 2.6000 -269.1000 0.3725 0.3725 0.3725
vt 1.00000 0.00000
v -61.1000 2.6000 -250.9000 0.3725 0.3725 0.3725
vt 0.53125 0.00000
v -61.1000 10.3892 -250.9000 0.3725 0.3725 0.3725
vt 0.53125 0.81250
f 2227/2227 2228/2228 2229/2229
v -61.1000 2.6000 -269.1000 0.3725 0.3725 0.3725
vt 1.00000 0.00000
v -61.1000 10.3892 -250.9000 0.3725 0.3725 0.3725
vt 0.53125 0.81250
v -61.1000 10.3892 -269.1000 0.3725 0.3725 0.3725
vt 1.00000 0.81250
f 2230/2230 2231/2231 2232/2232
v -42.9000 2.6000 -250.9000 0.3725 0.3725 0.3725
vt 1.00000 0.00000
v -42.9000 2.6000 -269.1000 0.3725 0.3725 0.3725
vt 0.53125 0.00000
v -42.9000 10.3892 -269.1000 0.3725 0.3725 0.3725
vt 0.53125 0.81250
f 2233/2233 2234/2234 2235/2235
v -42.9000 2.6000 -250.9000 0.3725 0.3725 0.3725
vt 1.00000 0.00000
v -42.9000 10.3892 -269.1000 0.3725 0.3725 0.3725
vt 0.53125 0.81250
v -42.9000 10.3892 -250.9000 0.3725 0.3725 0.3725
vt 1.00000 0.81250
f 2236/2236 2237/2237 2238/2238
v -62.4000 2.6000 -270.4000 0.5098 0.5098 0.5098
vt 0.71875 0.93750
v -62.4000 2.6000 -249.6000 0.5098 0.5098 0.5098
vt 0.71875 0.93750
v -41.6000 2.6000 -249.6000 0.5098 0.5098 0.5098
vt 0.71875 0.93750
f 2239/2239 2240/2240 2241/2241
v -62.4000 2.6000 -270.4000 0.5098 0.5098 0.5098
vt 0.71875 0.93750
v -41.6000 2.6000 -249.6000 0.5098 0.5098 0.5098
vt 0.71875 0.93750
v -41.6000 2.6000 -270.4000 0.5098 0.5098 0.5098
vt 0.71875 0.93750
f 2242/2242 2243/2243 2244/2244
v -61.1000 15.6000 -269.1000 0.1451 0.1451 0.1451
vt 0.46875 0.37500
v -42.9000 15.6000 -269.1000 0.1451 0.1451 0.1451
vt 0.46875 0.37500
v -42.9000 10.3892 -269.1000 0.1451 0.1451 0.1451
vt 0.46875 0.00000
f 2245/2245 2246/2246 2247/2247
v -61.1000 15.6000 -269.1000 0.1451 0.1451 0.1451
vt 0.46875 0.37500
v -42.9000 10.3892 -269.1000 0.1451 0.1451 0.1451
vt 0.46875 0.00000
v -61.1000 10.3892 -269.1000 0.1451 0.1451 0.1451
vt 0.46875 0.00000
f 2248/2248 2249/2249 2250/2250
v -61.1000 15.6000 -250.9000 1.0000 1.0000 1.0000
vt 0.00000 0.37500
v -42.9000 15.6000 -250.9000 1.0000 1.0000 1.0000
vt 0.46875 0.37500
v -42.9000 15.6000 -269.1000 1.0000 1.0000 1.0000
vt 0.46875 1.00000
f 2251/2251 2252/2252 2253/2253
v -61.1000 15.6000 -250.9000 1.0000 1.0000 1.0000
vt 0.00000 0.37500
v -42.9000 15.6000 -269.1000 1.0000 1.0000 1.0000
vt 0.46875 1.00000
v -61.1000 15.6000 -269.1000 1.0000 1.0000 1.0000
vt 0.00000 1.00000
f 2254/2254 2255/2255 2256/2256
v -61.1000 2.6000 -250.9000 0.6706 0.6706 0.6706
vt 0.53125 0.00000
v -42.9000 2.6000 -250.9000 0.6706 0.6706 0.6706
vt 1.00000 0.00000
v -42.9000 10.3892 -250.9000 0.6706 0.6706 0.6706
vt 1.00000 0.81250
f 2257/2257 2258/2258 2259/2259
v -61.1000 2.6000 -250.9000 0.6706 0.6706 0.6706
vt 0.53125 0.00000
v -42.9000 10.3892 -250.9000 0.6706 0.6706 0.6706
vt 1.00000 0.81250
v -61.1000 10.3892 -250.9000 0.6706 0.6706 0.6706
vt 0.53125 0.81250
f 2260/2260 2261/2261 2262/2262
usemtl chushion01a
v -249.6000 1.3000 -104.0000 1.0000 1.0000 1.0000
vt 0.00000 0.00000
v -228.8000 1.3000 -104.0000 1.0000 1.0000 1.0000
vt 1.00000 0.00000
v -228.8000 1.3000 -124.8000 1.0000 1.0000 1.0000
vt 1.00000 1.00000
f 2263/2263 2264/2264 2265/2265
v -249.6000 1.3000 -104.0000 1.0000 1.0000 1.0000
vt 0.00000 0.00000
v -228.8000 1.3000 -124.8000 1.0000 1.0000 1.0000
vt 1.00000 1.00000
v -249.6000 1.3000 -124.8000 1.0000 1.0000 1.0000
vt 0.00000 1.00000
f 2266/2266 2267/2267 2268/2268
usemtl chushion01a_1
v -208.0000 1.3000 -145.6000 1.0000 1.0000 1.0000
vt 0.00000 0.00000
v -187.2000 1.3000 -145.6000 1.0000 1.0000 1.0000
vt 1.00000 0.00000
v -187.2000 1.3000 -166.4000 1.0000 1.0000 1.0000
vt 1.00000 1.00000
f 2269/2269 2270/2270 2271/2271
v -208.0000 1.3000 -145.6000 1.0000 1.0000 1.0000
vt 0.00000 0.00000
v -187.2000 1.3000 -166.4000 1.0000 1.0000 1.0000
vt 1.00000 1.00000
v -208.0000 1.3000 -166.4000 1.0000 1.0000 1.0000
vt 0.00000 1.00000
f 2272/2272 2273/2273 2274/2274
usemtl chushion01a_2
v -291.2000 1.3000 -145.6000 1.0000 1.0000 1.0000
vt 0.00000 0.00000
v -270.4000 1.3000 -145.6000 1.0000 1.0000 1.0000
vt 1.00000 0.00000
v -270.4000 1.3000 -166.4000 1.0000 1.0000 1.0000
vt 1.00000 1.00000
f 2275/2275 2276/2276 2277/2277
v -291.2000 1.3000 -145.6000 1.0000 1.0000 1.0000
vt 0.00000 0.00000
v -270.4000 1.3000 -166.4000 1.0000 1.0000 1.0000
vt 1.00000 1.00000
v -291.2000 1.3000 -166.4000 1.0000 1.0000 1.0000
vt 0.00000 1.00000
f 2278/2278 2279/2279 2280/2280
usemtl chushion01a_3
v -249.6000 1.3000 -161.2000 1.0000 1.0000 1.0000
vt 0.00000 0.00000
v -228.8000 1.3000 -161.2000 1.0000 1.0000 1.0000
vt 1.00000 0.00000
v -228.8000 1.3000 -182.0000 1.0000 1.0000 1.0000
vt 1.00000 1.00000
f 2281/2281 2282/2282 2283/2283
v -249.6000 1.3000 -161.2000 1.0000 1.0000 1.0000
vt 0.00000 0.00000
v -228.8000 1.3000 -182.0000 1.0000 1.0000 1.0000
vt 1.00000 1.00000
v -249.6000 1.3000 -182.0000 1.0000 1.0000 1.0000
vt 0.00000 1.00000
f 2284/2284 2285/2285 2286/2286
usemtl b08_lambert2
v -220.6000 25.2776 -235.1000 0.2000 0.2000 0.2000
vt 0.93750 0.63281
v -220.6000 35.1000 -235.1000 0.2000 0.2000 0.2000
vt 0.93750 0.99219
v -220.6000 35.1000 -229.9000 0.2000 0.2000 0.2000
vt 0.93750 0.99219
f 2287/2287 2288/2288 2289/2289
v -220.6000 25.2776 -235.1000 0.2000 0.2000 0.2000
vt 0.93750 0.63281
v -220.6000 35.1000 -229.9000 0.2000 0.2000 0.2000
vt 0.93750 0.99219
v -220.6000 25.2776 -229.9000 0.2000 0.2000 0.2000
vt 0.93750 0.63281
f 2290/2290 2291/2291 2292/2292
v -220.6000 25.2776 -229.9000 0.2000 0.2000 0.2000
vt 0.93750 0.63281
v -220.6000 35.1000 -229.9000 0.2000 0.2000 0.2000
vt 0.93750 0.99219
v -220.6000 35.1000 -222.2473 0.2000 0.2000 0.2000
vt 0.93750 0.99219
f 2293/2293 2294/2294 2295/2295
v -220.6000 25.2776 -229.9000 0.2000 0.2000 0.2000
vt 0.93750 0.63281
v -220.6000 35.1000 -222.2473 0.2000 0.2000 0.2000
vt 0.93750 0.99219
v -220.6000 25.2776 -222.2295 0.2000 0.2000 0.2000
vt 0.93750 0.63281
f 2296/2296 2297/2297 2298/2298
v -220.6000 25.2776 -222.2295 0.2000 0.2000 0.2000
vt 0.93750 0.63281
v -220.6000 35.1000 -222.2473 0.2000 0.2000 0.2000
vt 0.93750 0.99219
v -220.6000 35.1000 -210.9040 0.2000 0.2000 0.2000
vt 0.93750 0.99219
f 2299/2299 2300/2300 2301/2301
v -220.6000 25.2776 -222.2295 0.2000 0.2000 0.2000
vt 0.93750 0.63281
v -220.6000 35.1000 -210.9040 0.2000 0.2000 0.2000
vt 0.93750 0.99219
v -220.6000 25.2776 -210.9205 0.2000 0.2000 0.2000
vt 0.93750 0.63281
f 2302/2302 2303/2303 2304/2304
v -220.6000 25.2776 -210.9205 0.2000 0.2000 0.2000
vt 0.93750 0.63281
v -220.6000 35.1000 -210.9040 0.2000 0.2000 0.2000
vt 0.93750 0.99219
v -220.6000 35.1000 -203.9000 0.2000 0.2000 0.2000
vt 0.93750 0.99219
f 2305/2305 2306/2306 2307/2307
v -220.6000 25.2776 -210.9205 0.2000 0.2000 0.2000
vt 0.93750 0.63281
v -220.6000 35.1000 -203.9000 0.2000 0.2000 0.2000
vt 0.93750 0.99219
v -220.6000 25.2776 -203.9000 0.2000 0.2000 0.2000
vt 0.93750 0.63281
f 2308/2308 2309/2309 2310/2310
v -220.6000 25.2776 -203.9000 0.2000 0.2000 0.2000
vt 0.93750 0.63281
v -220.6000 35.1000 -203.9000 0.2000 0.2000 0.2000
vt 0.93750 0.99219
v -220.6000 35.1000 -198.7000 0.2000 0.2000 0.2000
vt 0.93750 0.99219
f 2311/2311 2312/2312 2313/2313
v -220.6000 25.2776 -203.9000 0.2000 0.2000 0.2000
vt 0.93750 0.63281
v -220.6000 35.1000 -198.7000 0.2000 0.2000 0.2000
vt 0.93750 0.99219
v -220.6000 25.2776 -198.7000 0.2000 0.2000 0.2000
vt 0.93750 0.63281
f 2314/2314 2315/2315 2316/2316
v -225.8000 35.1000 -203.9000 0.0000 0.0000 0.0000
vt 0.93750 0.63281
v -220.6000 35.1000 -203.9000 0.0000 0.0000 0.0000
vt 0.93750 1.00000
v -220.6000 35.1000 -210.9040 0.0000 0.0000 0.0000
vt 0.93750 1.00000
f 2317/2317 2318/2318 2319/2319
v -225.8000 35.1000 -203.9000 0.0000 0.0000 0.0000
vt 0.93750 0.63281
v -220.6000 35.1000 -210.9040 0.0000 0.0000 0.0000
vt 0.93750 1.00000
v -225.8000 35.1000 -210.8888 0.0000 0.0000 0.0000
vt 0.93750 0.63281
f 2320/2320 2321/2321 2322/2322
v -225.8000 35.1000 -210.8888 0.0000 0.0000 0.0000
vt 0.93750 0.63281
v -220.6000 35.1000 -210.9040 0.0000 0.0000 0.0000
vt 0.93750 1.00000
v -220.6000 35.1000 -222.2473 0.0000 0.0000 0.0000
vt 0.93750 1.00000
f 2323/2323 2324/2324 2325/2325
v -225.8000 35.1000 -210.8888 0.0000 0.0000 0.0000
vt 0.93750 0.63281
v -220.6000 35.1000 -222.2473 0.0000 0.0000 0.0000
vt 0.93750 1.00000
v -225.8000 35.1000 -222.2651 0.0000 0.0000 0.0000
vt 0.93750 0.63281
f 2326/2326 2327/2327 2328/2328
v -225.8000 35.1000 -222.2651 0.0000 0.0000 0.0000
vt 0.93750 0.63281
v -220.6000 35.1000 -222.2473 0.0000 0.0000 0.0000
vt 0.93750 1.00000
v -220.6000 35.1000 -229.9000 0.0000 0.0000 0.0000
vt 0.93750 1.00000
f 2329/2329 2330/2330 2331/2331
v -225.8000 35.1000 -222.2651 0.0000 0.0000 0.0000
vt 0.93750 0.63281
v -220.6000 35.1000 -229.9000 0.0000 0.0000 0.0000
vt 0.93750 1.00000
v -225.8000 35.1000 -229.9000 0.0000 0.0000 0.0000
vt 0.93750 0.63281
f 2332/2332 2333/2333 2334/2334
v -231.0000 29.9000 -210.8888 0.3333 0.3333 0.3333
vt 0.02344 1.02734
v -231.0000 29.9000 -222.2651 0.3333 0.3333 0.3333
vt 0.02344 1.02734
v -231.0000 19.5000 -229.9000 0.3333 0.3333 0.3333
vt 0.02344 1.02734
f 2335/2335 2336/2336 2337/2337
v -231.0000 29.9000 -210.8888 0.3333 0.3333 0.3333
vt 0.02344 1.02734
v -231.0000 19.5000 -229.9000 0.3333 0.3333 0.3333
vt 0.02344 1.02734
v -231.0000 19.5000 -203.9000 0.3333 0.3333 0.3333
vt 0.02344 1.02734
f 2338/2338 2339/2339 2340/2340
v -231.0000 19.5000 -203.9000 0.3333 0.3333 0.3333
vt 0.02344 1.02734
v -231.0000 19.5000 -229.9000 0.3333 0.3333 0.3333
vt 0.02344 1.02734
v -251.8000 1.3000 -229.9000 0.3333 0.3333 0.3333
vt 0.02344 1.02734
f 2341/2341 2342/2342 2343/2343
v -231.0000 19.5000 -203.9000 0.3333 0.3333 0.3333
vt 0.02344 1.02734
v -251.8000 1.3000 -229.9000 0.3333 0.3333 0.3333
vt 0.02344 1.02734
v -251.8000 1.3000 -203.9000 0.3333 0.3333 0.3333
vt 0.02344 1.02734
f 2344/2344 2345/2345 2346/2346
v -251.8000 1.3000 -203.9000 0.3333 0.3333 0.3333
vt 0.02344 1.02734
v -251.8000 1.3000 -229.9000 0.3333 0.3333 0.3333
vt 0.02344 1.02734
v -262.2000 -1.3000 -222.2651 1.0000 1.0000 1.0000
vt 0.02344 1.02734
f 2347/2347 2348/2348 2349/2349
v -251.8000 1.3000 -203.9000 0.3333 0.3333 0.3333
vt 0.02344 1.02734
v -262.2000 -1.3000 -222.2651 1.0000 1.0000 1.0000
vt 0.02344 1.02734
v -262.2000 -1.3000 -210.8888 1.0000 1.0000 1.0000
vt 0.02344 1.02734
f 2350/2350 2351/2351 2352/2352
v -231.0000 29.9000 -203.9000 0.3333 0.3333 0.3333
vt 1.68750 0.62500
v -225.8000 29.9000 -203.9000 0.3333 0.3333 0.3333
vt 1.68750 0.62500
v -225.8000 29.9000 -210.8888 0.3333 0.3333 0.3333
vt 1.68750 0.62500
f 2353/2353 2354/2354 2355/2355
v -231.0000 29.9000 -203.9000 0.3333 0.3333 0.3333
vt 1.68750 0.62500
v -225.8000 29.9000 -210.8888 0.3333 0.3333 0.3333
vt 1.68750 0.62500
v -231.0000 29.9000 -210.8888 0.3333 0.3333 0.3333
vt 1.68750 0.62500
f 2356/2356 2357/2357 2358/2358
v -231.0000 29.9000 -210.8888 0.3333 0.3333 0.3333
vt 1.68750 0.62500
v -225.8000 29.9000 -210.8888 0.3333 0.3333 0.3333
vt 1.68750 0.62500
v -225.8000 29.9000 -222.2651 0.3333 0.3333 0.3333
vt 1.68750 0.62500
f 2359/2359 2360/2360 2361/2361
v -231.0000 29.9000 -210.8888 0.3333 0.3333 0.3333
vt 1.68750 0.62500
v -225.8000 29.9000 -222.2651 0.3333 0.3333 0.3333
vt 1.68750 0.62500
v -231.0000 29.9000 -222.2651 0.3333 0.3333 0.3333
vt 1.68750 0.62500
f 2362/2362 2363/2363 2364/2364
v -231.0000 29.9000 -222.2651 0.3333 0.3333 0.3333
vt 1.68750 0.62500
v -225.8000 29.9000 -222.2651 0.3333 0.3333 0.3333
vt 1.68750 0.62500
v -225.8000 29.9000 -229.9000 0.3333 0.3333 0.3333
vt 1.68750 0.62500
f 2365/2365 2366/2366 2367/2367
v -231.0000 29.9000 -222.2651 0.3333 0.3333 0.3333
vt 1.68750 0.62500
v -225.8000 29.9000 -229.9000 0.3333 0.3333 0.3333
vt 1.68750 0.62500
v -231.0000 29.9000 -229.9000 0.3333 0.3333 0.3333
vt 1.68750 0.62500
f 2368/2368 2369/2369 2370/2370
v -225.8000 29.9000 -203.9000 0.3333 0.3333 0.3333
vt 1.93750 0.93750
v -225.8000 35.1000 -203.9000 0.3333 0.3333 0.3333
vt 1.93750 0.93750
v -225.8000 35.1000 -210.8888 0.3333 0.3333 0.3333
vt 1.93750 0.93750
f 2371/2371 2372/2372 2373/2373
v -225.8000 29.9000 -203.9000 0.3333 0.3333 0.3333
vt 1.93750 0.93750
v -225.8000 35.1000 -210.8888 0.3333 0.3333 0.3333
vt 1.93750 0.93750
v -225.8000 29.9000 -210.8888 0.3333 0.3333 0.3333
vt 1.93750 0.93750
f 2374/2374 2375/2375 2376/2376
v -225.8000 29.9000 -210.8888 0.3333 0.3333 0.3333
vt 1.93750 0.93750
v -225.8000 35.1000 -210.8888 0.3333 0.3333 0.3333
vt 1.93750 0.93750
v -225.8000 35.1000 -222.2651 0.3333 0.3333 0.3333
vt 1.93750 0.93750
f 2377/2377 2378/2378 2379/2379
v -225.8000 29.9000 -210.8888 0.3333 0.3333 0.3333
vt 1.93750 0.93750
v -225.8000 35.1000 -222.2651 0.3333 0.3333 0.3333
vt 1.93750 0.93750
v -225.8000 29.9000 -222.2651 0.3333 0.3333 0.3333
vt 1.93750 0.93750
f 2380/2380 2381/2381 2382/2382
v -225.8000 29.9000 -222.2651 0.3333 0.3333 0.3333
vt 1.93750 0.93750
v -225.8000 35.1000 -222.2651 0.3333 0.3333 0.3333
vt 1.93750 0.93750
v -225.8000 35.1000 -229.9000 0.3333 0.3333 0.3333
vt 1.93750 0.93750
f 2383/2383 2384/2384 2385/2385
v -225.8000 29.9000 -222.2651 0.3333 0.3333 0.3333
vt 1.93750 0.93750
v -225.8000 35.1000 -229.9000 0.3333 0.3333 0.3333
vt 1.93750 0.93750
v -225.8000 29.9000 -229.9000 0.3333 0.3333 0.3333
vt 1.93750 0.93750
f 2386/2386 2387/2387 2388/2388
v -262.2000 3.9000 -229.9000 0.3333 0.3333 0.3333
vt 0.93750 0.43750
v -262.2000 -1.3000 -229.9000 0.3333 0.3333 0.3333
vt 0.93750 0.43750
v -231.0000 35.1000 -229.9000 0.3333 0.3333 0.3333
vt 0.93750 0.43750
f 2389/2389 2390/2390 2391/2391
v -262.2000 -1.3000 -229.9000 0.3333 0.3333 0.3333
vt 0.93750 0.43750
v -231.0000 19.5000 -229.9000 0.3333 0.3333 0.3333
vt 0.93750 0.43750
v -231.0000 35.1000 -229.9000 0.3333 0.3333 0.3333
vt 0.93750 0.43750
f 2392/2392 2393/2393 2394/2394
v -231.0000 35.1000 -203.9000 0.3333 0.3333 0.3333
vt 1.93750 0.43750
v -231.0000 19.5000 -203.9000 0.3333 0.3333 0.3333
vt 1.93750 0.43750
v -262.2000 3.9000 -203.9000 0.3333 0.3333 0.3333
vt 1.93750 0.43750
f 2395/2395 2396/2396 2397/2397
v -231.0000 19.5000 -203.9000 0.3333 0.3333 0.3333
vt 1.93750 0.43750
v -262.2000 -1.3000 -203.9000 0.3333 0.3333 0.3333
vt 1.93750 0.43750
v -262.2000 3.9000 -203.9000 0.3333 0.3333 0.3333
vt 1.93750 0.43750
f 2398/2398 2399/2399 2400/2400
v -231.0000 25.2776 -198.7000 0.3333 0.3333 0.3333
vt 1.75000 0.62500
v -231.0000 -1.2974 -198.7000 0.3333 0.3333 0.3333
vt 1.75000 0.62500
v -220.6051 -1.2974 -198.7000 0.3333 0.3333 0.3333
vt 1.75000 0.62500
f 2401/2401 2402/2402 2403/2403
v -231.0000 25.2776 -198.7000 0.3333 0.3333 0.3333
vt 1.75000 0.62500
v -220.6051 -1.2974 -198.7000 0.3333 0.3333 0.3333
vt 1.75000 0.62500
v -220.6000 25.2776 -198.7000 0.3333 0.3333 0.3333
vt 1.75000 0.62500
f 2404/2404 2405/2405 2406/2406
v -231.0000 35.1000 -203.9000 0.0000 0.0000 0.0000
vt 0.93750 0.63281
v -231.0000 35.1000 -198.7000 0.0000 0.0000 0.0000
vt 0.93750 1.00000
v -220.6000 35.1000 -198.7000 0.0000 0.0000 0.0000
vt 0.93750 1.00000
f 2407/2407 2408/2408 2409/2409
v -231.0000 35.1000 -203.9000 0.0000 0.0000 0.0000
vt 0.93750 0.63281
v -220.6000 35.1000 -198.7000 0.0000 0.0000 0.0000
vt 0.93750 1.00000
v -225.8000 35.1000 -203.9000 0.0000 0.0000 0.0000
vt 0.93750 0.63281
f 2410/2410 2411/2411 2412/2412
v -231.0000 35.1000 -198.7000 0.3333 0.3333 0.3333
vt 1.93750 0.98828
v -231.0000 25.2776 -198.7000 0.3333 0.3333 0.3333
vt 1.93750 0.63672
v -220.6000 25.2776 -198.7000 0.3333 0.3333 0.3333
vt 1.93750 0.63672
f 2413/2413 2414/2414 2415/2415
v -231.0000 35.1000 -198.7000 0.3333 0.3333 0.3333
vt 1.93750 0.98828
v -220.6000 25.2776 -198.7000 0.3333 0.3333 0.3333
vt 1.93750 0.63672
v -220.6000 35.1000 -198.7000 0.3333 0.3333 0.3333
vt 1.93750 0.98828
f 2416/2416 2417/2417 2418/2418
v -231.0000 35.1000 -235.1000 0.0000 0.0000 0.0000
vt 0.93750 1.00000
v -231.0000 35.1000 -229.9000 0.0000 0.0000 0.0000
vt 0.93750 0.63281
v -225.8000 35.1000 -229.9000 0.0000 0.0000 0.0000
vt 0.93750 0.63281
f 2419/2419 2420/2420 2421/2421
v -231.0000 35.1000 -235.1000 0.0000 0.0000 0.0000
vt 0.93750 1.00000
v -225.8000 35.1000 -229.9000 0.0000 0.0000 0.0000
vt 0.93750 0.63281
v -220.6000 35.1000 -235.1000 0.0000 0.0000 0.0000
vt 0.93750 1.00000
f 2422/2422 2423/2423 2424/2424
v -220.6000 25.2776 -203.9000 0.2000 0.2000 0.2000
vt 0.64453 0.67188
v -220.6051 -1.2974 -203.9000 0.2000 0.2000 0.2000
vt 0.68359 0.67188
v -220.6051 -1.2974 -210.9205 0.2000 0.2000 0.2000
vt 0.68359 0.71094
f 2425/2425 2426/2426 2427/2427
v -220.6000 25.2776 -203.9000 0.2000 0.2000 0.2000
vt 0.64453 0.67188
v -220.6051 -1.2974 -210.9205 0.2000 0.2000 0.2000
vt 0.68359 0.71094
v -220.6000 25.2776 -210.9205 0.2000 0.2000 0.2000
vt 0.64453 0.71094
f 2428/2428 2429/2429 2430/2430
v -262.2000 3.9000 -235.1000 0.3333 0.3333 0.3333
vt 0.95703 0.98828
v -231.0000 35.1000 -235.1000 0.3333 0.3333 0.3333
vt 0.94922 0.98828
v -231.0000 25.2776 -235.1000 0.3333 0.3333 0.3333
vt 0.94141 0.63281
f 2431/2431 2432/2432 2433/2433
v -262.2000 3.9000 -235.1000 0.3333 0.3333 0.3333
vt 0.95703 0.98828
v -231.0000 25.2776 -235.1000 0.3333 0.3333 0.3333
vt 0.94141 0.63281
v -257.5776 -1.3000 -235.1000 0.3333 0.3333 0.3333
vt 0.95312 0.63281
f 2434/2434 2435/2435 2436/2436
v -220.6000 25.2776 -229.9000 0.2000 0.2000 0.2000
vt 0.64453 0.67188
v -220.6051 -1.2974 -229.9000 0.2000 0.2000 0.2000
vt 0.68359 0.67188
v -220.6064 -1.2974 -235.1000 0.2000 0.2000 0.2000
vt 0.68359 0.71094
f 2437/2437 2438/2438 2439/2439
v -220.6000 25.2776 -229.9000 0.2000 0.2000 0.2000
vt 0.64453 0.67188
v -220.6064 -1.2974 -235.1000 0.2000 0.2000 0.2000
vt 0.68359 0.71094
v -220.6000 25.2776 -235.1000 0.2000 0.2000 0.2000
vt 0.64453 0.71094
f 2440/2440 2441/2441 2442/2442
v -231.0000 25.2776 -235.1000 0.3333 0.3333 0.3333
vt 1.93750 0.62500
v -231.0000 35.1000 -235.1000 0.3333 0.3333 0.3333
vt 1.93750 1.00000
v -220.6000 35.1000 -235.1000 0.3333 0.3333 0.3333
vt 1.93750 1.00000
f 2443/2443 2444/2444 2445/2445
v -231.0000 25.2776 -235.1000 0.3333 0.3333 0.3333
vt 1.93750 0.62500
v -220.6000 35.1000 -235.1000 0.3333 0.3333 0.3333
vt 1.93750 1.00000
v -220.6000 25.2776 -235.1000 0.3333 0.3333 0.3333
vt 1.93750 0.62500
f 2446/2446 2447/2447 2448/2448
v -220.6000 25.2776 -222.2295 0.2000 0.2000 0.2000
vt 0.64453 0.67188
v -220.6051 -1.2974 -222.2295 0.2000 0.2000 0.2000
vt 0.68359 0.67188
v -220.6051 -1.2974 -229.9000 0.2000 0.2000 0.2000
vt 0.68359 0.71094
f 2449/2449 2450/2450 2451/2451
v -220.6000 25.2776 -222.2295 0.2000 0.2000 0.2000
vt 0.64453 0.67188
v -220.6051 -1.2974 -229.9000 0.2000 0.2000 0.2000
vt 0.68359 0.71094
v -220.6000 25.2776 -229.9000 0.2000 0.2000 0.2000
vt 0.64453 0.71094
f 2452/2452 2453/2453 2454/2454
v -220.6000 25.2776 -210.9205 0.2000 0.2000 0.2000
vt 0.64453 0.67188
v -220.6051 -1.2974 -210.9205 0.2000 0.2000 0.2000
vt 0.68359 0.67188
v -220.6051 -1.2974 -222.2295 0.2000 0.2000 0.2000
vt 0.68359 0.71094
f 2455/2455 2456/2456 2457/2457
v -220.6000 25.2776 -210.9205 0.2000 0.2000 0.2000
vt 0.64453 0.67188
v -220.6051 -1.2974 -222.2295 0.2000 0.2000 0.2000
vt 0.68359 0.71094
v -220.6000 25.2776 -222.2295 0.2000 0.2000 0.2000
vt 0.64453 0.71094
f 2458/2458 2459/2459 2460/2460
v -231.0000 29.9000 -210.8888 0.3333 0.3333 0.3333
vt 0.62500 1.06250
v -231.0000 29.9000 -222.2651 0.3333 0.3333 0.3333
vt 0.62500 1.06250
v -262.2000 -1.3000 -222.2651 1.0000 1.0000 1.0000
vt 0.62500 -2.73047
f 2461/2461 2462/2462 2463/2463
v -231.0000 29.9000 -210.8888 0.3333 0.3333 0.3333
vt 0.62500 1.06250
v -262.2000 -1.3000 -222.2651 1.0000 1.0000 1.0000
vt 0.62500 -2.73047
v -262.2000 -1.3000 -210.8888 1.0000 1.0000 1.0000
vt 0.62500 -2.73047
f 2464/2464 2465/2465 2466/2466
v -231.0000 35.1000 -198.7000 0.3333 0.3333 0.3333
vt 0.95703 0.98828
v -262.2000 3.9000 -198.7000 0.3333 0.3333 0.3333
vt 0.94922 0.98828
v -257.5776 -1.3000 -198.7000 0.3333 0.3333 0.3333
vt 0.94531 0.63281
f 2467/2467 2468/2468 2469/2469
v -231.0000 35.1000 -198.7000 0.3333 0.3333 0.3333
vt 0.95703 0.98828
v -257.5776 -1.3000 -198.7000 0.3333 0.3333 0.3333
vt 0.94531 0.63281
v -231.0000 25.2776 -198.7000 0.3333 0.3333 0.3333
vt 0.94141 0.63281
f 2470/2470 2471/2471 2472/2472
v -262.2000 -1.3000 -203.9000 0.3333 0.3333 0.3333
vt 0.93750 0.43750
v -262.2000 -1.3000 -198.7000 0.3333 0.3333 0.3333
vt 0.93750 0.43750
v -262.2000 3.9000 -198.7000 0.3333 0.3333 0.3333
vt 0.93750 0.43750
f 2473/2473 2474/2474 2475/2475
v -262.2000 -1.3000 -203.9000 0.3333 0.3333 0.3333
vt 0.93750 0.43750
v -262.2000 3.9000 -198.7000 0.3333 0.3333 0.3333
vt 0.93750 0.43750
v -262.2000 3.9000 -203.9000 0.3333 0.3333 0.3333
vt 0.93750 0.43750
f 2476/2476 2477/2477 2478/2478
v -220.6000 25.2776 -198.7000 0.2000 0.2000 0.2000
vt 0.64453 0.67188
v -220.6051 -1.2974 -198.7000 0.2000 0.2000 0.2000
vt 0.68359 0.67188
v -220.6051 -1.2974 -203.9000 0.2000 0.2000 0.2000
vt 0.68359 0.71094
f 2479/2479 2480/2480 2481/2481
v -220.6000 25.2776 -198.7000 0.2000 0.2000 0.2000
vt 0.64453 0.67188
v -220.6051 -1.2974 -203.9000 0.2000 0.2000 0.2000
vt 0.68359 0.71094
v -220.6000 25.2776 -203.9000 0.2000 0.2000 0.2000
vt 0.64453 0.71094
f 2482/2482 2483/2483 2484/2484
v -262.2000 -1.3000 -235.1000 0.3333 0.3333 0.3333
vt 0.93750 0.43750
v -262.2000 -1.3000 -229.9000 0.3333 0.3333 0.3333
vt 0.93750 0.43750
v -262.2000 3.9000 -229.9000 0.3333 0.3333 0.3333
vt 0.93750 0.43750
f 2485/2485 2486/2486 2487/2487
v -262.2000 -1.3000 -235.1000 0.3333 0.3333 0.3333
vt 0.93750 0.43750
v -262.2000 3.9000 -229.9000 0.3333 0.3333 0.3333
vt 0.93750 0.43750
v -262.2000 3.9000 -235.1000 0.3333 0.3333 0.3333
vt 0.93750 0.43750
f 2488/2488 2489/2489 2490/2490
v -230.9987 -1.2974 -235.1000 0.3333 0.3333 0.3333
vt 1.75000 0.62500
v -231.0000 25.2776 -235.1000 0.3333 0.3333 0.3333
vt 1.75000 0.62500
v -220.6000 25.2776 -235.1000 0.3333 0.3333 0.3333
vt 1.75000 0.62500
f 2491/2491 2492/2492 2493/2493
v -230.9987 -1.2974 -235.1000 0.3333 0.3333 0.3333
vt 1.75000 0.62500
v -220.6000 25.2776 -235.1000 0.3333 0.3333 0.3333
vt 1.75000 0.62500
v -220.6064 -1.2974 -235.1000 0.3333 0.3333 0.3333
vt 1.75000 0.62500
f 2494/2494 2495/2495 2496/2496
v -231.0000 35.1000 -203.9000 0.3333 0.3333 0.3333
vt 0.93750 0.63281
v -262.2000 3.9000 -203.9000 1.0000 1.0000 1.0000
vt 0.93750 0.63281
v -262.2000 3.9000 -198.7000 1.0000 1.0000 1.0000
vt 0.93750 1.00000
f 2497/2497 2498/2498 2499/2499
v -231.0000 35.1000 -203.9000 0.3333 0.3333 0.3333
vt 0.93750 0.63281
v -262.2000 3.9000 -198.7000 1.0000 1.0000 1.0000
vt 0.93750 1.00000
v -231.0000 35.1000 -198.7000 0.3333 0.3333 0.3333
vt 0.93750 1.00000
f 2500/2500 2501/2501 2502/2502
v -262.2000 3.9000 -229.9000 1.0000 1.0000 1.0000
vt 0.93750 0.63281
v -231.0000 35.1000 -229.9000 0.3333 0.3333 0.3333
vt 0.93750 0.63281
v -231.0000 35.1000 -235.1000 0.3333 0.3333 0.3333
vt 0.93750 1.00000
f 2503/2503 2504/2504 2505/2505
v -262.2000 3.9000 -229.9000 1.0000 1.0000 1.0000
vt 0.93750 0.63281
v -231.0000 35.1000 -235.1000 0.3333 0.3333 0.3333
vt 0.93750 1.00000
v -262.2000 3.9000 -235.1000 1.0000 1.0000 1.0000
vt 0.93750 1.00000
f 2506/2506 2507/2507 2508/2508
v -262.2000 -1.3000 -203.9000 1.0000 1.0000 1.0000
vt 0.00000 -2.73047
v -231.0000 29.9000 -203.9000 0.3333 0.3333 0.3333
vt 0.00000 1.06250
v -231.0000 29.9000 -210.8888 0.3333 0.3333 0.3333
vt 0.84375 1.06250
f 2509/2509 2510/2510 2511/2511
v -262.2000 -1.3000 -203.9000 1.0000 1.0000 1.0000
vt 0.00000 -2.73047
v -231.0000 29.9000 -210.8888 0.3333 0.3333 0.3333
vt 0.84375 1.06250
v -262.2000 -1.3000 -210.8888 1.0000 1.0000 1.0000
vt 0.84375 -2.73047
f 2512/2512 2513/2513 2514/2514
v -231.0000 29.9000 -229.9000 0.3333 0.3333 0.3333
vt 0.00000 1.06250
v -262.2000 -1.3000 -229.9000 1.0000 1.0000 1.0000
vt 0.00000 -2.73047
v -262.2000 -1.3000 -222.2651 1.0000 1.0000 1.0000
vt 0.84375 -2.73047
f 2515/2515 2516/2516 2517/2517
v -231.0000 29.9000 -229.9000 0.3333 0.3333 0.3333
vt 0.00000 1.06250
v -262.2000 -1.3000 -222.2651 1.0000 1.0000 1.0000
vt 0.84375 -2.73047
v -231.0000 29.9000 -222.2651 0.3333 0.3333 0.3333
vt 0.84375 1.06250
f 2518/2518 2519/2519 2520/2520
v -231.0000 35.1000 -229.9000 0.3333 0.3333 0.3333
vt 1.93750 0.43750
v -231.0000 29.9000 -229.9000 0.3333 0.3333 0.3333
vt 1.93750 0.43750
v -225.8000 29.9000 -229.9000 0.3333 0.3333 0.3333
vt 1.93750 0.43750
f 2521/2521 2522/2522 2523/2523
v -231.0000 35.1000 -229.9000 0.3333 0.3333 0.3333
vt 1.93750 0.43750
v -225.8000 29.9000 -229.9000 0.3333 0.3333 0.3333
vt 1.93750 0.43750
v -225.8000 35.1000 -229.9000 0.3333 0.3333 0.3333
vt 1.93750 0.43750
f 2524/2524 2525/2525 2526/2526
v -231.0000 29.9000 -203.9000 0.3333 0.3333 0.3333
vt 1.93750 0.62500
v -231.0000 35.1000 -203.9000 0.3333 0.3333 0.3333
vt 1.93750 1.00000
v -225.8000 35.1000 -203.9000 0.3333 0.3333 0.3333
vt 1.93750 1.00000
f 2527/2527 2528/2528 2529/2529
v -231.0000 29.9000 -203.9000 0.3333 0.3333 0.3333
vt 1.93750 0.62500
v -225.8000 35.1000 -203.9000 0.3333 0.3333 0.3333
vt 1.93750 1.00000
v -225.8000 29.9000 -203.9000 0.3333 0.3333 0.3333
vt 1.93750 0.62500
f 2530/2530 2531/2531 2532/2532
v -262.2000 3.9000 -235.1000 0.3333 0.3333 0.3333
vt 0.95703 0.98828
v -257.5776 -1.3000 -235.1000 0.3333 0.3333 0.3333
vt 0.95312 0.63281
v -262.2000 -1.3000 -235.1000 0.3333 0.3333 0.3333
vt 0.95703 0.63281
f 2533/2533 2534/2534 2535/2535
v -220.6000 35.1000 -235.1000 0.0000 0.0000 0.0000
vt 0.89844 1.00000
v -225.8000 35.1000 -229.9000 0.0000 0.0000 0.0000
vt 0.89844 0.63281
v -220.6000 35.1000 -229.9000 0.0000 0.0000 0.0000
vt 0.89844 1.00000
f 2536/2536 2537/2537 2538/2538
v -262.2000 -1.3000 -198.7000 0.3333 0.3333 0.3333
vt 0.95312 0.63281
v -257.5776 -1.3000 -198.7000 0.3333 0.3333 0.3333
vt 0.94531 0.63281
v -262.2000 3.9000 -198.7000 0.3333 0.3333 0.3333
vt 0.94922 0.98828
f 2539/2539 2540/2540 2541/2541
v -231.0000 29.9000 -210.8888 0.3333 0.3333 0.3333
vt 0.02344 1.02734
v -231.0000 19.5000 -203.9000 0.3333 0.3333 0.3333
vt 0.02344 1.02734
v -231.0000 29.9000 -203.9000 0.3333 0.3333 0.3333
vt 0.02344 1.02734
f 2542/2542 2543/2543 2544/2544
v -231.0000 25.2776 -198.7000 0.3333 0.3333 0.3333
vt 0.96484 0.01953
v -257.5776 -1.3000 -198.7000 0.3333 0.3333 0.3333
vt 0.96484 0.02344
v -231.0000 -1.2974 -198.7000 0.3333 0.3333 0.3333
vt 0.94922 0.02344
f 2545/2545 2546/2546 2547/2547
v -262.2000 -1.3000 -222.2651 1.0000 1.0000 1.0000
vt 0.02344 1.02734
v -251.8000 1.3000 -229.9000 0.3333 0.3333 0.3333
vt 0.02344 1.02734
v -262.2000 -1.3000 -229.9000 1.0000 1.0000 1.0000
vt 0.02344 1.02734
f 2548/2548 2549/2549 2550/2550
v -262.2000 -1.3000 -203.9000 0.3333 0.3333 0.3333
vt 0.02344 1.02734
v -251.8000 1.3000 -203.9000 0.3333 0.3333 0.3333
vt 0.02344 1.02734
v -262.2000 -1.3000 -210.8888 1.0000 1.0000 1.0000
vt 0.02344 1.02734
f 2551/2551 2552/2552 2553/2553
v -231.0000 25.2776 -235.1000 0.3333 0.3333 0.3333
vt 0.96484 0.02344
v -230.9987 -1.2974 -235.1000 0.3333 0.3333 0.3333
vt 0.94922 0.02344
v -257.5776 -1.3000 -235.1000 0.3333 0.3333 0.3333
vt 0.96484 0.01953
f 2554/2554 2555/2555 2556/2556
v -231.0000 19.5000 -229.9000 0.3333 0.3333 0.3333
vt 0.02344 1.02734
v -231.0000 29.9000 -222.2651 0.3333 0.3333 0.3333
vt 0.02344 1.02734
v -231.0000 29.9000 -229.9000 0.3333 0.3333 0.3333
vt 0.02344 1.02734
f 2557/2557 2558/2558 2559/2559
v -225.8000 35.1000 -203.9000 0.0000 0.0000 0.0000
vt 0.98047 0.63281
v -220.6000 35.1000 -198.7000 0.0000 0.0000 0.0000
vt 0.93750 0.99609
v -220.6000 35.1000 -203.9000 0.0000 0.0000 0.0000
vt 0.93750 1.00000
f 2560/2560 2561/2561 2562/2562
v -251.8000 1.3000 -203.9000 0.3333 0.3333 0.3333
vt 1.93750 0.43750
v -262.2000 -1.3000 -203.9000 0.3333 0.3333 0.3333
vt 1.93750 0.43750
v -231.0000 19.5000 -203.9000 0.3333 0.3333 0.3333
vt 1.93750 0.43750
f 2563/2563 2564/2564 2565/2565
v -251.8000 1.3000 -229.9000 0.3333 0.3333 0.3333
vt 0.93750 0.43750
v -231.0000 19.5000 -229.9000 0.3333 0.3333 0.3333
vt 0.93750 0.43750
v -262.2000 -1.3000 -229.9000 0.3333 0.3333 0.3333
vt 0.93750 0.43750
f 2566/2566 2567/2567 2568/2568
