# Objet du port. Généré par tools/build_port_objects.py : modifier ce script plutôt que ce fichier.
mtllib cargo_ship.mtl
v -112.0000 63.0000 34.0000 0.5500 0.5500 0.5500
v -100.0000 63.0000 34.0000 0.5500 0.5500 0.5500
v -100.0000 63.0000 -34.0000 0.5500 0.5500 0.5500
v -112.0000 63.0000 -34.0000 0.5500 0.5500 0.5500
v -112.0000 73.0000 34.0000 0.8800 0.8800 0.8800
v -100.0000 73.0000 34.0000 0.8800 0.8800 0.8800
v -100.0000 63.0000 34.0000 0.8800 0.8800 0.8800
v -112.0000 63.0000 34.0000 0.8800 0.8800 0.8800
v -100.0000 73.0000 -34.0000 0.6600 0.6600 0.6600
v -112.0000 73.0000 -34.0000 0.6600 0.6600 0.6600
v -112.0000 63.0000 -34.0000 0.6600 0.6600 0.6600
v -100.0000 63.0000 -34.0000 0.6600 0.6600 0.6600
v -112.0000 73.0000 -34.0000 0.7600 0.7600 0.7600
v -112.0000 73.0000 34.0000 0.7600 0.7600 0.7600
v -112.0000 63.0000 34.0000 0.7600 0.7600 0.7600
v -112.0000 63.0000 -34.0000 0.7600 0.7600 0.7600
v -100.0000 73.0000 34.0000 0.7600 0.7600 0.7600
v -100.0000 73.0000 -34.0000 0.7600 0.7600 0.7600
v -100.0000 63.0000 -34.0000 0.7600 0.7600 0.7600
v -100.0000 63.0000 34.0000 0.7600 0.7600 0.7600
v -96.0000 33.0000 -27.5000 0.9500 0.3800 0.3000
v -64.0000 33.0000 -27.5000 0.9500 0.3800 0.3000
v -64.0000 33.0000 -14.5000 0.9500 0.3800 0.3000
v -96.0000 33.0000 -14.5000 0.9500 0.3800 0.3000
v -96.0000 19.0000 -14.5000 0.5225 0.2090 0.1650
v -64.0000 19.0000 -14.5000 0.5225 0.2090 0.1650
v -64.0000 19.0000 -27.5000 0.5225 0.2090 0.1650
v -96.0000 19.0000 -27.5000 0.5225 0.2090 0.1650
v -96.0000 33.0000 -14.5000 0.8360 0.3344 0.2640
v -64.0000 33.0000 -14.5000 0.8360 0.3344 0.2640
v -64.0000 19.0000 -14.5000 0.8360 0.3344 0.2640
v -96.0000 19.0000 -14.5000 0.8360 0.3344 0.2640
v -64.0000 33.0000 -27.5000 0.6270 0.2508 0.1980
v -96.0000 33.0000 -27.5000 0.6270 0.2508 0.1980
v -96.0000 19.0000 -27.5000 0.6270 0.2508 0.1980
v -64.0000 19.0000 -27.5000 0.6270 0.2508 0.1980
v -96.0000 33.0000 -27.5000 0.7220 0.2888 0.2280
v -96.0000 33.0000 -14.5000 0.7220 0.2888 0.2280
v -96.0000 19.0000 -14.5000 0.7220 0.2888 0.2280
v -96.0000 19.0000 -27.5000 0.7220 0.2888 0.2280
v -64.0000 33.0000 -14.5000 0.7220 0.2888 0.2280
v -64.0000 33.0000 -27.5000 0.7220 0.2888 0.2280
v -64.0000 19.0000 -27.5000 0.7220 0.2888 0.2280
v -64.0000 19.0000 -14.5000 0.7220 0.2888 0.2280
v -96.0000 47.0000 -27.5000 0.8500 0.8500 0.8500
v -64.0000 47.0000 -27.5000 0.8500 0.8500 0.8500
v -64.0000 47.0000 -14.5000 0.8500 0.8500 0.8500
v -96.0000 47.0000 -14.5000 0.8500 0.8500 0.8500
v -96.0000 33.0000 -14.5000 0.4675 0.4675 0.4675
v -64.0000 33.0000 -14.5000 0.4675 0.4675 0.4675
v -64.0000 33.0000 -27.5000 0.4675 0.4675 0.4675
v -96.0000 33.0000 -27.5000 0.4675 0.4675 0.4675
v -96.0000 47.0000 -14.5000 0.7480 0.7480 0.7480
v -64.0000 47.0000 -14.5000 0.7480 0.7480 0.7480
v -64.0000 33.0000 -14.5000 0.7480 0.7480 0.7480
v -96.0000 33.0000 -14.5000 0.7480 0.7480 0.7480
v -64.0000 47.0000 -27.5000 0.5610 0.5610 0.5610
v -96.0000 47.0000 -27.5000 0.5610 0.5610 0.5610
v -96.0000 33.0000 -27.5000 0.5610 0.5610 0.5610
v -64.0000 33.0000 -27.5000 0.5610 0.5610 0.5610
v -96.0000 47.0000 -27.5000 0.6460 0.6460 0.6460
v -96.0000 47.0000 -14.5000 0.6460 0.6460 0.6460
v -96.0000 33.0000 -14.5000 0.6460 0.6460 0.6460
v -96.0000 33.0000 -27.5000 0.6460 0.6460 0.6460
v -64.0000 47.0000 -14.5000 0.6460 0.6460 0.6460
v -64.0000 47.0000 -27.5000 0.6460 0.6460 0.6460
v -64.0000 33.0000 -27.5000 0.6460 0.6460 0.6460
v -64.0000 33.0000 -14.5000 0.6460 0.6460 0.6460
v -96.0000 33.0000 -13.5000 0.9800 0.7500 0.3000
v -64.0000 33.0000 -13.5000 0.9800 0.7500 0.3000
v -64.0000 33.0000 -0.5000 0.9800 0.7500 0.3000
v -96.0000 33.0000 -0.5000 0.9800 0.7500 0.3000
v -96.0000 19.0000 -0.5000 0.5390 0.4125 0.1650
v -64.0000 19.0000 -0.5000 0.5390 0.4125 0.1650
v -64.0000 19.0000 -13.5000 0.5390 0.4125 0.1650
v -96.0000 19.0000 -13.5000 0.5390 0.4125 0.1650
v -96.0000 33.0000 -0.5000 0.8624 0.6600 0.2640
v -64.0000 33.0000 -0.5000 0.8624 0.6600 0.2640
v -64.0000 19.0000 -0.5000 0.8624 0.6600 0.2640
v -96.0000 19.0000 -0.5000 0.8624 0.6600 0.2640
v -64.0000 33.0000 -13.5000 0.6468 0.4950 0.1980
v -96.0000 33.0000 -13.5000 0.6468 0.4950 0.1980
v -96.0000 19.0000 -13.5000 0.6468 0.4950 0.1980
v -64.0000 19.0000 -13.5000 0.6468 0.4950 0.1980
v -96.0000 33.0000 -13.5000 0.7448 0.5700 0.2280
v -96.0000 33.0000 -0.5000 0.7448 0.5700 0.2280
v -96.0000 19.0000 -0.5000 0.7448 0.5700 0.2280
v -96.0000 19.0000 -13.5000 0.7448 0.5700 0.2280
v -64.0000 33.0000 -0.5000 0.7448 0.5700 0.2280
v -64.0000 33.0000 -13.5000 0.7448 0.5700 0.2280
v -64.0000 19.0000 -13.5000 0.7448 0.5700 0.2280
v -64.0000 19.0000 -0.5000 0.7448 0.5700 0.2280
v -96.0000 47.0000 -13.5000 0.3500 0.5500 0.9500
v -64.0000 47.0000 -13.5000 0.3500 0.5500 0.9500
v -64.0000 47.0000 -0.5000 0.3500 0.5500 0.9500
v -96.0000 47.0000 -0.5000 0.3500 0.5500 0.9500
v -96.0000 33.0000 -0.5000 0.1925 0.3025 0.5225
v -64.0000 33.0000 -0.5000 0.1925 0.3025 0.5225
v -64.0000 33.0000 -13.5000 0.1925 0.3025 0.5225
v -96.0000 33.0000 -13.5000 0.1925 0.3025 0.5225
v -96.0000 47.0000 -0.5000 0.3080 0.4840 0.8360
v -64.0000 47.0000 -0.5000 0.3080 0.4840 0.8360
v -64.0000 33.0000 -0.5000 0.3080 0.4840 0.8360
v -96.0000 33.0000 -0.5000 0.3080 0.4840 0.8360
v -64.0000 47.0000 -13.5000 0.2310 0.3630 0.6270
v -96.0000 47.0000 -13.5000 0.2310 0.3630 0.6270
v -96.0000 33.0000 -13.5000 0.2310 0.3630 0.6270
v -64.0000 33.0000 -13.5000 0.2310 0.3630 0.6270
v -96.0000 47.0000 -13.5000 0.2660 0.4180 0.7220
v -96.0000 47.0000 -0.5000 0.2660 0.4180 0.7220
v -96.0000 33.0000 -0.5000 0.2660 0.4180 0.7220
v -96.0000 33.0000 -13.5000 0.2660 0.4180 0.7220
v -64.0000 47.0000 -0.5000 0.2660 0.4180 0.7220
v -64.0000 47.0000 -13.5000 0.2660 0.4180 0.7220
v -64.0000 33.0000 -13.5000 0.2660 0.4180 0.7220
v -64.0000 33.0000 -0.5000 0.2660 0.4180 0.7220
v -96.0000 61.0000 -13.5000 0.7000 0.4500 0.8500
v -64.0000 61.0000 -13.5000 0.7000 0.4500 0.8500
v -64.0000 61.0000 -0.5000 0.7000 0.4500 0.8500
v -96.0000 61.0000 -0.5000 0.7000 0.4500 0.8500
v -96.0000 47.0000 -0.5000 0.3850 0.2475 0.4675
v -64.0000 47.0000 -0.5000 0.3850 0.2475 0.4675
v -64.0000 47.0000 -13.5000 0.3850 0.2475 0.4675
v -96.0000 47.0000 -13.5000 0.3850 0.2475 0.4675
v -96.0000 61.0000 -0.5000 0.6160 0.3960 0.7480
v -64.0000 61.0000 -0.5000 0.6160 0.3960 0.7480
v -64.0000 47.0000 -0.5000 0.6160 0.3960 0.7480
v -96.0000 47.0000 -0.5000 0.6160 0.3960 0.7480
v -64.0000 61.0000 -13.5000 0.4620 0.2970 0.5610
v -96.0000 61.0000 -13.5000 0.4620 0.2970 0.5610
v -96.0000 47.0000 -13.5000 0.4620 0.2970 0.5610
v -64.0000 47.0000 -13.5000 0.4620 0.2970 0.5610
v -96.0000 61.0000 -13.5000 0.5320 0.3420 0.6460
v -96.0000 61.0000 -0.5000 0.5320 0.3420 0.6460
v -96.0000 47.0000 -0.5000 0.5320 0.3420 0.6460
v -96.0000 47.0000 -13.5000 0.5320 0.3420 0.6460
v -64.0000 61.0000 -0.5000 0.5320 0.3420 0.6460
v -64.0000 61.0000 -13.5000 0.5320 0.3420 0.6460
v -64.0000 47.0000 -13.5000 0.5320 0.3420 0.6460
v -64.0000 47.0000 -0.5000 0.5320 0.3420 0.6460
v -96.0000 33.0000 0.5000 0.3500 0.5500 0.9500
v -64.0000 33.0000 0.5000 0.3500 0.5500 0.9500
v -64.0000 33.0000 13.5000 0.3500 0.5500 0.9500
v -96.0000 33.0000 13.5000 0.3500 0.5500 0.9500
v -96.0000 19.0000 13.5000 0.1925 0.3025 0.5225
v -64.0000 19.0000 13.5000 0.1925 0.3025 0.5225
v -64.0000 19.0000 0.5000 0.1925 0.3025 0.5225
v -96.0000 19.0000 0.5000 0.1925 0.3025 0.5225
v -96.0000 33.0000 13.5000 0.3080 0.4840 0.8360
v -64.0000 33.0000 13.5000 0.3080 0.4840 0.8360
v -64.0000 19.0000 13.5000 0.3080 0.4840 0.8360
v -96.0000 19.0000 13.5000 0.3080 0.4840 0.8360
v -64.0000 33.0000 0.5000 0.2310 0.3630 0.6270
v -96.0000 33.0000 0.5000 0.2310 0.3630 0.6270
v -96.0000 19.0000 0.5000 0.2310 0.3630 0.6270
v -64.0000 19.0000 0.5000 0.2310 0.3630 0.6270
v -96.0000 33.0000 0.5000 0.2660 0.4180 0.7220
v -96.0000 33.0000 13.5000 0.2660 0.4180 0.7220
v -96.0000 19.0000 13.5000 0.2660 0.4180 0.7220
v -96.0000 19.0000 0.5000 0.2660 0.4180 0.7220
v -64.0000 33.0000 13.5000 0.2660 0.4180 0.7220
v -64.0000 33.0000 0.5000 0.2660 0.4180 0.7220
v -64.0000 19.0000 0.5000 0.2660 0.4180 0.7220
v -64.0000 19.0000 13.5000 0.2660 0.4180 0.7220
v -96.0000 47.0000 0.5000 0.7000 0.4500 0.8500
v -64.0000 47.0000 0.5000 0.7000 0.4500 0.8500
v -64.0000 47.0000 13.5000 0.7000 0.4500 0.8500
v -96.0000 47.0000 13.5000 0.7000 0.4500 0.8500
v -96.0000 33.0000 13.5000 0.3850 0.2475 0.4675
v -64.0000 33.0000 13.5000 0.3850 0.2475 0.4675
v -64.0000 33.0000 0.5000 0.3850 0.2475 0.4675
v -96.0000 33.0000 0.5000 0.3850 0.2475 0.4675
v -96.0000 47.0000 13.5000 0.6160 0.3960 0.7480
v -64.0000 47.0000 13.5000 0.6160 0.3960 0.7480
v -64.0000 33.0000 13.5000 0.6160 0.3960 0.7480
v -96.0000 33.0000 13.5000 0.6160 0.3960 0.7480
v -64.0000 47.0000 0.5000 0.4620 0.2970 0.5610
v -96.0000 47.0000 0.5000 0.4620 0.2970 0.5610
v -96.0000 33.0000 0.5000 0.4620 0.2970 0.5610
v -64.0000 33.0000 0.5000 0.4620 0.2970 0.5610
v -96.0000 47.0000 0.5000 0.5320 0.3420 0.6460
v -96.0000 47.0000 13.5000 0.5320 0.3420 0.6460
v -96.0000 33.0000 13.5000 0.5320 0.3420 0.6460
v -96.0000 33.0000 0.5000 0.5320 0.3420 0.6460
v -64.0000 47.0000 13.5000 0.5320 0.3420 0.6460
v -64.0000 47.0000 0.5000 0.5320 0.3420 0.6460
v -64.0000 33.0000 0.5000 0.5320 0.3420 0.6460
v -64.0000 33.0000 13.5000 0.5320 0.3420 0.6460
v -96.0000 61.0000 0.5000 0.9800 0.7500 0.3000
v -64.0000 61.0000 0.5000 0.9800 0.7500 0.3000
v -64.0000 61.0000 13.5000 0.9800 0.7500 0.3000
v -96.0000 61.0000 13.5000 0.9800 0.7500 0.3000
v -96.0000 47.0000 13.5000 0.5390 0.4125 0.1650
v -64.0000 47.0000 13.5000 0.5390 0.4125 0.1650
v -64.0000 47.0000 0.5000 0.5390 0.4125 0.1650
v -96.0000 47.0000 0.5000 0.5390 0.4125 0.1650
v -96.0000 61.0000 13.5000 0.8624 0.6600 0.2640
v -64.0000 61.0000 13.5000 0.8624 0.6600 0.2640
v -64.0000 47.0000 13.5000 0.8624 0.6600 0.2640
v -96.0000 47.0000 13.5000 0.8624 0.6600 0.2640
v -64.0000 61.0000 0.5000 0.6468 0.4950 0.1980
v -96.0000 61.0000 0.5000 0.6468 0.4950 0.1980
v -96.0000 47.0000 0.5000 0.6468 0.4950 0.1980
v -64.0000 47.0000 0.5000 0.6468 0.4950 0.1980
v -96.0000 61.0000 0.5000 0.7448 0.5700 0.2280
v -96.0000 61.0000 13.5000 0.7448 0.5700 0.2280
v -96.0000 47.0000 13.5000 0.7448 0.5700 0.2280
v -96.0000 47.0000 0.5000 0.7448 0.5700 0.2280
v -64.0000 61.0000 13.5000 0.7448 0.5700 0.2280
v -64.0000 61.0000 0.5000 0.7448 0.5700 0.2280
v -64.0000 47.0000 0.5000 0.7448 0.5700 0.2280
v -64.0000 47.0000 13.5000 0.7448 0.5700 0.2280
v -96.0000 33.0000 14.5000 0.7000 0.4500 0.8500
v -64.0000 33.0000 14.5000 0.7000 0.4500 0.8500
v -64.0000 33.0000 27.5000 0.7000 0.4500 0.8500
v -96.0000 33.0000 27.5000 0.7000 0.4500 0.8500
v -96.0000 19.0000 27.5000 0.3850 0.2475 0.4675
v -64.0000 19.0000 27.5000 0.3850 0.2475 0.4675
v -64.0000 19.0000 14.5000 0.3850 0.2475 0.4675
v -96.0000 19.0000 14.5000 0.3850 0.2475 0.4675
v -96.0000 33.0000 27.5000 0.6160 0.3960 0.7480
v -64.0000 33.0000 27.5000 0.6160 0.3960 0.7480
v -64.0000 19.0000 27.5000 0.6160 0.3960 0.7480
v -96.0000 19.0000 27.5000 0.6160 0.3960 0.7480
v -64.0000 33.0000 14.5000 0.4620 0.2970 0.5610
v -96.0000 33.0000 14.5000 0.4620 0.2970 0.5610
v -96.0000 19.0000 14.5000 0.4620 0.2970 0.5610
v -64.0000 19.0000 14.5000 0.4620 0.2970 0.5610
v -96.0000 33.0000 14.5000 0.5320 0.3420 0.6460
v -96.0000 33.0000 27.5000 0.5320 0.3420 0.6460
v -96.0000 19.0000 27.5000 0.5320 0.3420 0.6460
v -96.0000 19.0000 14.5000 0.5320 0.3420 0.6460
v -64.0000 33.0000 27.5000 0.5320 0.3420 0.6460
v -64.0000 33.0000 14.5000 0.5320 0.3420 0.6460
v -64.0000 19.0000 14.5000 0.5320 0.3420 0.6460
v -64.0000 19.0000 27.5000 0.5320 0.3420 0.6460
v -96.0000 47.0000 14.5000 0.9800 0.7500 0.3000
v -64.0000 47.0000 14.5000 0.9800 0.7500 0.3000
v -64.0000 47.0000 27.5000 0.9800 0.7500 0.3000
v -96.0000 47.0000 27.5000 0.9800 0.7500 0.3000
v -96.0000 33.0000 27.5000 0.5390 0.4125 0.1650
v -64.0000 33.0000 27.5000 0.5390 0.4125 0.1650
v -64.0000 33.0000 14.5000 0.5390 0.4125 0.1650
v -96.0000 33.0000 14.5000 0.5390 0.4125 0.1650
v -96.0000 47.0000 27.5000 0.8624 0.6600 0.2640
v -64.0000 47.0000 27.5000 0.8624 0.6600 0.2640
v -64.0000 33.0000 27.5000 0.8624 0.6600 0.2640
v -96.0000 33.0000 27.5000 0.8624 0.6600 0.2640
v -64.0000 47.0000 14.5000 0.6468 0.4950 0.1980
v -96.0000 47.0000 14.5000 0.6468 0.4950 0.1980
v -96.0000 33.0000 14.5000 0.6468 0.4950 0.1980
v -64.0000 33.0000 14.5000 0.6468 0.4950 0.1980
v -96.0000 47.0000 14.5000 0.7448 0.5700 0.2280
v -96.0000 47.0000 27.5000 0.7448 0.5700 0.2280
v -96.0000 33.0000 27.5000 0.7448 0.5700 0.2280
v -96.0000 33.0000 14.5000 0.7448 0.5700 0.2280
v -64.0000 47.0000 27.5000 0.7448 0.5700 0.2280
v -64.0000 47.0000 14.5000 0.7448 0.5700 0.2280
v -64.0000 33.0000 14.5000 0.7448 0.5700 0.2280
v -64.0000 33.0000 27.5000 0.7448 0.5700 0.2280
v -62.0000 33.0000 -27.5000 0.8500 0.8500 0.8500
v -30.0000 33.0000 -27.5000 0.8500 0.8500 0.8500
v -30.0000 33.0000 -14.5000 0.8500 0.8500 0.8500
v -62.0000 33.0000 -14.5000 0.8500 0.8500 0.8500
v -62.0000 19.0000 -14.5000 0.4675 0.4675 0.4675
v -30.0000 19.0000 -14.5000 0.4675 0.4675 0.4675
v -30.0000 19.0000 -27.5000 0.4675 0.4675 0.4675
v -62.0000 19.0000 -27.5000 0.4675 0.4675 0.4675
v -62.0000 33.0000 -14.5000 0.7480 0.7480 0.7480
v -30.0000 33.0000 -14.5000 0.7480 0.7480 0.7480
v -30.0000 19.0000 -14.5000 0.7480 0.7480 0.7480
v -62.0000 19.0000 -14.5000 0.7480 0.7480 0.7480
v -30.0000 33.0000 -27.5000 0.5610 0.5610 0.5610
v -62.0000 33.0000 -27.5000 0.5610 0.5610 0.5610
v -62.0000 19.0000 -27.5000 0.5610 0.5610 0.5610
v -30.0000 19.0000 -27.5000 0.5610 0.5610 0.5610
v -62.0000 33.0000 -27.5000 0.6460 0.6460 0.6460
v -62.0000 33.0000 -14.5000 0.6460 0.6460 0.6460
v -62.0000 19.0000 -14.5000 0.6460 0.6460 0.6460
v -62.0000 19.0000 -27.5000 0.6460 0.6460 0.6460
v -30.0000 33.0000 -14.5000 0.6460 0.6460 0.6460
v -30.0000 33.0000 -27.5000 0.6460 0.6460 0.6460
v -30.0000 19.0000 -27.5000 0.6460 0.6460 0.6460
v -30.0000 19.0000 -14.5000 0.6460 0.6460 0.6460
v -62.0000 33.0000 -13.5000 0.9500 0.3800 0.3000
v -30.0000 33.0000 -13.5000 0.9500 0.3800 0.3000
v -30.0000 33.0000 -0.5000 0.9500 0.3800 0.3000
v -62.0000 33.0000 -0.5000 0.9500 0.3800 0.3000
v -62.0000 19.0000 -0.5000 0.5225 0.2090 0.1650
v -30.0000 19.0000 -0.5000 0.5225 0.2090 0.1650
v -30.0000 19.0000 -13.5000 0.5225 0.2090 0.1650
v -62.0000 19.0000 -13.5000 0.5225 0.2090 0.1650
v -62.0000 33.0000 -0.5000 0.8360 0.3344 0.2640
v -30.0000 33.0000 -0.5000 0.8360 0.3344 0.2640
v -30.0000 19.0000 -0.5000 0.8360 0.3344 0.2640
v -62.0000 19.0000 -0.5000 0.8360 0.3344 0.2640
v -30.0000 33.0000 -13.5000 0.6270 0.2508 0.1980
v -62.0000 33.0000 -13.5000 0.6270 0.2508 0.1980
v -62.0000 19.0000 -13.5000 0.6270 0.2508 0.1980
v -30.0000 19.0000 -13.5000 0.6270 0.2508 0.1980
v -62.0000 33.0000 -13.5000 0.7220 0.2888 0.2280
v -62.0000 33.0000 -0.5000 0.7220 0.2888 0.2280
v -62.0000 19.0000 -0.5000 0.7220 0.2888 0.2280
v -62.0000 19.0000 -13.5000 0.7220 0.2888 0.2280
v -30.0000 33.0000 -0.5000 0.7220 0.2888 0.2280
v -30.0000 33.0000 -13.5000 0.7220 0.2888 0.2280
v -30.0000 19.0000 -13.5000 0.7220 0.2888 0.2280
v -30.0000 19.0000 -0.5000 0.7220 0.2888 0.2280
v -62.0000 47.0000 -13.5000 0.8500 0.8500 0.8500
v -30.0000 47.0000 -13.5000 0.8500 0.8500 0.8500
v -30.0000 47.0000 -0.5000 0.8500 0.8500 0.8500
v -62.0000 47.0000 -0.5000 0.8500 0.8500 0.8500
v -62.0000 33.0000 -0.5000 0.4675 0.4675 0.4675
v -30.0000 33.0000 -0.5000 0.4675 0.4675 0.4675
v -30.0000 33.0000 -13.5000 0.4675 0.4675 0.4675
v -62.0000 33.0000 -13.5000 0.4675 0.4675 0.4675
v -62.0000 47.0000 -0.5000 0.7480 0.7480 0.7480
v -30.0000 47.0000 -0.5000 0.7480 0.7480 0.7480
v -30.0000 33.0000 -0.5000 0.7480 0.7480 0.7480
v -62.0000 33.0000 -0.5000 0.7480 0.7480 0.7480
v -30.0000 47.0000 -13.5000 0.5610 0.5610 0.5610
v -62.0000 47.0000 -13.5000 0.5610 0.5610 0.5610
v -62.0000 33.0000 -13.5000 0.5610 0.5610 0.5610
v -30.0000 33.0000 -13.5000 0.5610 0.5610 0.5610
v -62.0000 47.0000 -13.5000 0.6460 0.6460 0.6460
v -62.0000 47.0000 -0.5000 0.6460 0.6460 0.6460
v -62.0000 33.0000 -0.5000 0.6460 0.6460 0.6460
v -62.0000 33.0000 -13.5000 0.6460 0.6460 0.6460
v -30.0000 47.0000 -0.5000 0.6460 0.6460 0.6460
v -30.0000 47.0000 -13.5000 0.6460 0.6460 0.6460
v -30.0000 33.0000 -13.5000 0.6460 0.6460 0.6460
v -30.0000 33.0000 -0.5000 0.6460 0.6460 0.6460
v -62.0000 33.0000 0.5000 0.9800 0.7500 0.3000
v -30.0000 33.0000 0.5000 0.9800 0.7500 0.3000
v -30.0000 33.0000 13.5000 0.9800 0.7500 0.3000
v -62.0000 33.0000 13.5000 0.9800 0.7500 0.3000
v -62.0000 19.0000 13.5000 0.5390 0.4125 0.1650
v -30.0000 19.0000 13.5000 0.5390 0.4125 0.1650
v -30.0000 19.0000 0.5000 0.5390 0.4125 0.1650
v -62.0000 19.0000 0.5000 0.5390 0.4125 0.1650
v -62.0000 33.0000 13.5000 0.8624 0.6600 0.2640
v -30.0000 33.0000 13.5000 0.8624 0.6600 0.2640
v -30.0000 19.0000 13.5000 0.8624 0.6600 0.2640
v -62.0000 19.0000 13.5000 0.8624 0.6600 0.2640
v -30.0000 33.0000 0.5000 0.6468 0.4950 0.1980
v -62.0000 33.0000 0.5000 0.6468 0.4950 0.1980
v -62.0000 19.0000 0.5000 0.6468 0.4950 0.1980
v -30.0000 19.0000 0.5000 0.6468 0.4950 0.1980
v -62.0000 33.0000 0.5000 0.7448 0.5700 0.2280
v -62.0000 33.0000 13.5000 0.7448 0.5700 0.2280
v -62.0000 19.0000 13.5000 0.7448 0.5700 0.2280
v -62.0000 19.0000 0.5000 0.7448 0.5700 0.2280
v -30.0000 33.0000 13.5000 0.7448 0.5700 0.2280
v -30.0000 33.0000 0.5000 0.7448 0.5700 0.2280
v -30.0000 19.0000 0.5000 0.7448 0.5700 0.2280
v -30.0000 19.0000 13.5000 0.7448 0.5700 0.2280
v -62.0000 47.0000 0.5000 0.3500 0.5500 0.9500
v -30.0000 47.0000 0.5000 0.3500 0.5500 0.9500
v -30.0000 47.0000 13.5000 0.3500 0.5500 0.9500
v -62.0000 47.0000 13.5000 0.3500 0.5500 0.9500
v -62.0000 33.0000 13.5000 0.1925 0.3025 0.5225
v -30.0000 33.0000 13.5000 0.1925 0.3025 0.5225
v -30.0000 33.0000 0.5000 0.1925 0.3025 0.5225
v -62.0000 33.0000 0.5000 0.1925 0.3025 0.5225
v -62.0000 47.0000 13.5000 0.3080 0.4840 0.8360
v -30.0000 47.0000 13.5000 0.3080 0.4840 0.8360
v -30.0000 33.0000 13.5000 0.3080 0.4840 0.8360
v -62.0000 33.0000 13.5000 0.3080 0.4840 0.8360
v -30.0000 47.0000 0.5000 0.2310 0.3630 0.6270
v -62.0000 47.0000 0.5000 0.2310 0.3630 0.6270
v -62.0000 33.0000 0.5000 0.2310 0.3630 0.6270
v -30.0000 33.0000 0.5000 0.2310 0.3630 0.6270
v -62.0000 47.0000 0.5000 0.2660 0.4180 0.7220
v -62.0000 47.0000 13.5000 0.2660 0.4180 0.7220
v -62.0000 33.0000 13.5000 0.2660 0.4180 0.7220
v -62.0000 33.0000 0.5000 0.2660 0.4180 0.7220
v -30.0000 47.0000 13.5000 0.2660 0.4180 0.7220
v -30.0000 47.0000 0.5000 0.2660 0.4180 0.7220
v -30.0000 33.0000 0.5000 0.2660 0.4180 0.7220
v -30.0000 33.0000 13.5000 0.2660 0.4180 0.7220
v -62.0000 33.0000 14.5000 0.9500 0.3800 0.3000
v -30.0000 33.0000 14.5000 0.9500 0.3800 0.3000
v -30.0000 33.0000 27.5000 0.9500 0.3800 0.3000
v -62.0000 33.0000 27.5000 0.9500 0.3800 0.3000
v -62.0000 19.0000 27.5000 0.5225 0.2090 0.1650
v -30.0000 19.0000 27.5000 0.5225 0.2090 0.1650
v -30.0000 19.0000 14.5000 0.5225 0.2090 0.1650
v -62.0000 19.0000 14.5000 0.5225 0.2090 0.1650
v -62.0000 33.0000 27.5000 0.8360 0.3344 0.2640
v -30.0000 33.0000 27.5000 0.8360 0.3344 0.2640
v -30.0000 19.0000 27.5000 0.8360 0.3344 0.2640
v -62.0000 19.0000 27.5000 0.8360 0.3344 0.2640
v -30.0000 33.0000 14.5000 0.6270 0.2508 0.1980
v -62.0000 33.0000 14.5000 0.6270 0.2508 0.1980
v -62.0000 19.0000 14.5000 0.6270 0.2508 0.1980
v -30.0000 19.0000 14.5000 0.6270 0.2508 0.1980
v -62.0000 33.0000 14.5000 0.7220 0.2888 0.2280
v -62.0000 33.0000 27.5000 0.7220 0.2888 0.2280
v -62.0000 19.0000 27.5000 0.7220 0.2888 0.2280
v -62.0000 19.0000 14.5000 0.7220 0.2888 0.2280
v -30.0000 33.0000 27.5000 0.7220 0.2888 0.2280
v -30.0000 33.0000 14.5000 0.7220 0.2888 0.2280
v -30.0000 19.0000 14.5000 0.7220 0.2888 0.2280
v -30.0000 19.0000 27.5000 0.7220 0.2888 0.2280
v -28.0000 33.0000 -27.5000 0.8500 0.8500 0.8500
v 4.0000 33.0000 -27.5000 0.8500 0.8500 0.8500
v 4.0000 33.0000 -14.5000 0.8500 0.8500 0.8500
v -28.0000 33.0000 -14.5000 0.8500 0.8500 0.8500
v -28.0000 19.0000 -14.5000 0.4675 0.4675 0.4675
v 4.0000 19.0000 -14.5000 0.4675 0.4675 0.4675
v 4.0000 19.0000 -27.5000 0.4675 0.4675 0.4675
v -28.0000 19.0000 -27.5000 0.4675 0.4675 0.4675
v -28.0000 33.0000 -14.5000 0.7480 0.7480 0.7480
v 4.0000 33.0000 -14.5000 0.7480 0.7480 0.7480
v 4.0000 19.0000 -14.5000 0.7480 0.7480 0.7480
v -28.0000 19.0000 -14.5000 0.7480 0.7480 0.7480
v 4.0000 33.0000 -27.5000 0.5610 0.5610 0.5610
v -28.0000 33.0000 -27.5000 0.5610 0.5610 0.5610
v -28.0000 19.0000 -27.5000 0.5610 0.5610 0.5610
v 4.0000 19.0000 -27.5000 0.5610 0.5610 0.5610
v -28.0000 33.0000 -27.5000 0.6460 0.6460 0.6460
v -28.0000 33.0000 -14.5000 0.6460 0.6460 0.6460
v -28.0000 19.0000 -14.5000 0.6460 0.6460 0.6460
v -28.0000 19.0000 -27.5000 0.6460 0.6460 0.6460
v 4.0000 33.0000 -14.5000 0.6460 0.6460 0.6460
v 4.0000 33.0000 -27.5000 0.6460 0.6460 0.6460
v 4.0000 19.0000 -27.5000 0.6460 0.6460 0.6460
v 4.0000 19.0000 -14.5000 0.6460 0.6460 0.6460
v -28.0000 47.0000 -27.5000 0.4500 0.8000 0.4500
v 4.0000 47.0000 -27.5000 0.4500 0.8000 0.4500
v 4.0000 47.0000 -14.5000 0.4500 0.8000 0.4500
v -28.0000 47.0000 -14.5000 0.4500 0.8000 0.4500
v -28.0000 33.0000 -14.5000 0.2475 0.4400 0.2475
v 4.0000 33.0000 -14.5000 0.2475 0.4400 0.2475
v 4.0000 33.0000 -27.5000 0.2475 0.4400 0.2475
v -28.0000 33.0000 -27.5000 0.2475 0.4400 0.2475
v -28.0000 47.0000 -14.5000 0.3960 0.7040 0.3960
v 4.0000 47.0000 -14.5000 0.3960 0.7040 0.3960
v 4.0000 33.0000 -14.5000 0.3960 0.7040 0.3960
v -28.0000 33.0000 -14.5000 0.3960 0.7040 0.3960
v 4.0000 47.0000 -27.5000 0.2970 0.5280 0.2970
v -28.0000 47.0000 -27.5000 0.2970 0.5280 0.2970
v -28.0000 33.0000 -27.5000 0.2970 0.5280 0.2970
v 4.0000 33.0000 -27.5000 0.2970 0.5280 0.2970
v -28.0000 47.0000 -27.5000 0.3420 0.6080 0.3420
v -28.0000 47.0000 -14.5000 0.3420 0.6080 0.3420
v -28.0000 33.0000 -14.5000 0.3420 0.6080 0.3420
v -28.0000 33.0000 -27.5000 0.3420 0.6080 0.3420
v 4.0000 47.0000 -14.5000 0.3420 0.6080 0.3420
v 4.0000 47.0000 -27.5000 0.3420 0.6080 0.3420
v 4.0000 33.0000 -27.5000 0.3420 0.6080 0.3420
v 4.0000 33.0000 -14.5000 0.3420 0.6080 0.3420
v -28.0000 33.0000 -13.5000 0.3500 0.5500 0.9500
v 4.0000 33.0000 -13.5000 0.3500 0.5500 0.9500
v 4.0000 33.0000 -0.5000 0.3500 0.5500 0.9500
v -28.0000 33.0000 -0.5000 0.3500 0.5500 0.9500
v -28.0000 19.0000 -0.5000 0.1925 0.3025 0.5225
v 4.0000 19.0000 -0.5000 0.1925 0.3025 0.5225
v 4.0000 19.0000 -13.5000 0.1925 0.3025 0.5225
v -28.0000 19.0000 -13.5000 0.1925 0.3025 0.5225
v -28.0000 33.0000 -0.5000 0.3080 0.4840 0.8360
v 4.0000 33.0000 -0.5000 0.3080 0.4840 0.8360
v 4.0000 19.0000 -0.5000 0.3080 0.4840 0.8360
v -28.0000 19.0000 -0.5000 0.3080 0.4840 0.8360
v 4.0000 33.0000 -13.5000 0.2310 0.3630 0.6270
v -28.0000 33.0000 -13.5000 0.2310 0.3630 0.6270
v -28.0000 19.0000 -13.5000 0.2310 0.3630 0.6270
v 4.0000 19.0000 -13.5000 0.2310 0.3630 0.6270
v -28.0000 33.0000 -13.5000 0.2660 0.4180 0.7220
v -28.0000 33.0000 -0.5000 0.2660 0.4180 0.7220
v -28.0000 19.0000 -0.5000 0.2660 0.4180 0.7220
v -28.0000 19.0000 -13.5000 0.2660 0.4180 0.7220
v 4.0000 33.0000 -0.5000 0.2660 0.4180 0.7220
v 4.0000 33.0000 -13.5000 0.2660 0.4180 0.7220
v 4.0000 19.0000 -13.5000 0.2660 0.4180 0.7220
v 4.0000 19.0000 -0.5000 0.2660 0.4180 0.7220
v -28.0000 47.0000 -13.5000 0.7000 0.4500 0.8500
v 4.0000 47.0000 -13.5000 0.7000 0.4500 0.8500
v 4.0000 47.0000 -0.5000 0.7000 0.4500 0.8500
v -28.0000 47.0000 -0.5000 0.7000 0.4500 0.8500
v -28.0000 33.0000 -0.5000 0.3850 0.2475 0.4675
v 4.0000 33.0000 -0.5000 0.3850 0.2475 0.4675
v 4.0000 33.0000 -13.5000 0.3850 0.2475 0.4675
v -28.0000 33.0000 -13.5000 0.3850 0.2475 0.4675
v -28.0000 47.0000 -0.5000 0.6160 0.3960 0.7480
v 4.0000 47.0000 -0.5000 0.6160 0.3960 0.7480
v 4.0000 33.0000 -0.5000 0.6160 0.3960 0.7480
v -28.0000 33.0000 -0.5000 0.6160 0.3960 0.7480
v 4.0000 47.0000 -13.5000 0.4620 0.2970 0.5610
v -28.0000 47.0000 -13.5000 0.4620 0.2970 0.5610
v -28.0000 33.0000 -13.5000 0.4620 0.2970 0.5610
v 4.0000 33.0000 -13.5000 0.4620 0.2970 0.5610
v -28.0000 47.0000 -13.5000 0.5320 0.3420 0.6460
v -28.0000 47.0000 -0.5000 0.5320 0.3420 0.6460
v -28.0000 33.0000 -0.5000 0.5320 0.3420 0.6460
v -28.0000 33.0000 -13.5000 0.5320 0.3420 0.6460
v 4.0000 47.0000 -0.5000 0.5320 0.3420 0.6460
v 4.0000 47.0000 -13.5000 0.5320 0.3420 0.6460
v 4.0000 33.0000 -13.5000 0.5320 0.3420 0.6460
v 4.0000 33.0000 -0.5000 0.5320 0.3420 0.6460
v -28.0000 61.0000 -13.5000 0.9800 0.7500 0.3000
v 4.0000 61.0000 -13.5000 0.9800 0.7500 0.3000
v 4.0000 61.0000 -0.5000 0.9800 0.7500 0.3000
v -28.0000 61.0000 -0.5000 0.9800 0.7500 0.3000
v -28.0000 47.0000 -0.5000 0.5390 0.4125 0.1650
v 4.0000 47.0000 -0.5000 0.5390 0.4125 0.1650
v 4.0000 47.0000 -13.5000 0.5390 0.4125 0.1650
v -28.0000 47.0000 -13.5000 0.5390 0.4125 0.1650
v -28.0000 61.0000 -0.5000 0.8624 0.6600 0.2640
v 4.0000 61.0000 -0.5000 0.8624 0.6600 0.2640
v 4.0000 47.0000 -0.5000 0.8624 0.6600 0.2640
v -28.0000 47.0000 -0.5000 0.8624 0.6600 0.2640
v 4.0000 61.0000 -13.5000 0.6468 0.4950 0.1980
v -28.0000 61.0000 -13.5000 0.6468 0.4950 0.1980
v -28.0000 47.0000 -13.5000 0.6468 0.4950 0.1980
v 4.0000 47.0000 -13.5000 0.6468 0.4950 0.1980
v -28.0000 61.0000 -13.5000 0.7448 0.5700 0.2280
v -28.0000 61.0000 -0.5000 0.7448 0.5700 0.2280
v -28.0000 47.0000 -0.5000 0.7448 0.5700 0.2280
v -28.0000 47.0000 -13.5000 0.7448 0.5700 0.2280
v 4.0000 61.0000 -0.5000 0.7448 0.5700 0.2280
v 4.0000 61.0000 -13.5000 0.7448 0.5700 0.2280
v 4.0000 47.0000 -13.5000 0.7448 0.5700 0.2280
v 4.0000 47.0000 -0.5000 0.7448 0.5700 0.2280
v -28.0000 33.0000 0.5000 0.7000 0.4500 0.8500
v 4.0000 33.0000 0.5000 0.7000 0.4500 0.8500
v 4.0000 33.0000 13.5000 0.7000 0.4500 0.8500
v -28.0000 33.0000 13.5000 0.7000 0.4500 0.8500
v -28.0000 19.0000 13.5000 0.3850 0.2475 0.4675
v 4.0000 19.0000 13.5000 0.3850 0.2475 0.4675
v 4.0000 19.0000 0.5000 0.3850 0.2475 0.4675
v -28.0000 19.0000 0.5000 0.3850 0.2475 0.4675
v -28.0000 33.0000 13.5000 0.6160 0.3960 0.7480
v 4.0000 33.0000 13.5000 0.6160 0.3960 0.7480
v 4.0000 19.0000 13.5000 0.6160 0.3960 0.7480
v -28.0000 19.0000 13.5000 0.6160 0.3960 0.7480
v 4.0000 33.0000 0.5000 0.4620 0.2970 0.5610
v -28.0000 33.0000 0.5000 0.4620 0.2970 0.5610
v -28.0000 19.0000 0.5000 0.4620 0.2970 0.5610
v 4.0000 19.0000 0.5000 0.4620 0.2970 0.5610
v -28.0000 33.0000 0.5000 0.5320 0.3420 0.6460
v -28.0000 33.0000 13.5000 0.5320 0.3420 0.6460
v -28.0000 19.0000 13.5000 0.5320 0.3420 0.6460
v -28.0000 19.0000 0.5000 0.5320 0.3420 0.6460
v 4.0000 33.0000 13.5000 0.5320 0.3420 0.6460
v 4.0000 33.0000 0.5000 0.5320 0.3420 0.6460
v 4.0000 19.0000 0.5000 0.5320 0.3420 0.6460
v 4.0000 19.0000 13.5000 0.5320 0.3420 0.6460
v -28.0000 47.0000 0.5000 0.9800 0.7500 0.3000
v 4.0000 47.0000 0.5000 0.9800 0.7500 0.3000
v 4.0000 47.0000 13.5000 0.9800 0.7500 0.3000
v -28.0000 47.0000 13.5000 0.9800 0.7500 0.3000
v -28.0000 33.0000 13.5000 0.5390 0.4125 0.1650
v 4.0000 33.0000 13.5000 0.5390 0.4125 0.1650
v 4.0000 33.0000 0.5000 0.5390 0.4125 0.1650
v -28.0000 33.0000 0.5000 0.5390 0.4125 0.1650
v -28.0000 47.0000 13.5000 0.8624 0.6600 0.2640
v 4.0000 47.0000 13.5000 0.8624 0.6600 0.2640
v 4.0000 33.0000 13.5000 0.8624 0.6600 0.2640
v -28.0000 33.0000 13.5000 0.8624 0.6600 0.2640
v 4.0000 47.0000 0.5000 0.6468 0.4950 0.1980
v -28.0000 47.0000 0.5000 0.6468 0.4950 0.1980
v -28.0000 33.0000 0.5000 0.6468 0.4950 0.1980
v 4.0000 33.0000 0.5000 0.6468 0.4950 0.1980
v -28.0000 47.0000 0.5000 0.7448 0.5700 0.2280
v -28.0000 47.0000 13.5000 0.7448 0.5700 0.2280
v -28.0000 33.0000 13.5000 0.7448 0.5700 0.2280
v -28.0000 33.0000 0.5000 0.7448 0.5700 0.2280
v 4.0000 47.0000 13.5000 0.7448 0.5700 0.2280
v 4.0000 47.0000 0.5000 0.7448 0.5700 0.2280
v 4.0000 33.0000 0.5000 0.7448 0.5700 0.2280
v 4.0000 33.0000 13.5000 0.7448 0.5700 0.2280
v -28.0000 61.0000 0.5000 0.3500 0.5500 0.9500
v 4.0000 61.0000 0.5000 0.3500 0.5500 0.9500
v 4.0000 61.0000 13.5000 0.3500 0.5500 0.9500
v -28.0000 61.0000 13.5000 0.3500 0.5500 0.9500
v -28.0000 47.0000 13.5000 0.1925 0.3025 0.5225
v 4.0000 47.0000 13.5000 0.1925 0.3025 0.5225
v 4.0000 47.0000 0.5000 0.1925 0.3025 0.5225
v -28.0000 47.0000 0.5000 0.1925 0.3025 0.5225
v -28.0000 61.0000 13.5000 0.3080 0.4840 0.8360
v 4.0000 61.0000 13.5000 0.3080 0.4840 0.8360
v 4.0000 47.0000 13.5000 0.3080 0.4840 0.8360
v -28.0000 47.0000 13.5000 0.3080 0.4840 0.8360
v 4.0000 61.0000 0.5000 0.2310 0.3630 0.6270
v -28.0000 61.0000 0.5000 0.2310 0.3630 0.6270
v -28.0000 47.0000 0.5000 0.2310 0.3630 0.6270
v 4.0000 47.0000 0.5000 0.2310 0.3630 0.6270
v -28.0000 61.0000 0.5000 0.2660 0.4180 0.7220
v -28.0000 61.0000 13.5000 0.2660 0.4180 0.7220
v -28.0000 47.0000 13.5000 0.2660 0.4180 0.7220
v -28.0000 47.0000 0.5000 0.2660 0.4180 0.7220
v 4.0000 61.0000 13.5000 0.2660 0.4180 0.7220
v 4.0000 61.0000 0.5000 0.2660 0.4180 0.7220
v 4.0000 47.0000 0.5000 0.2660 0.4180 0.7220
v 4.0000 47.0000 13.5000 0.2660 0.4180 0.7220
v -28.0000 33.0000 14.5000 0.9800 0.7500 0.3000
v 4.0000 33.0000 14.5000 0.9800 0.7500 0.3000
v 4.0000 33.0000 27.5000 0.9800 0.7500 0.3000
v -28.0000 33.0000 27.5000 0.9800 0.7500 0.3000
v -28.0000 19.0000 27.5000 0.5390 0.4125 0.1650
v 4.0000 19.0000 27.5000 0.5390 0.4125 0.1650
v 4.0000 19.0000 14.5000 0.5390 0.4125 0.1650
v -28.0000 19.0000 14.5000 0.5390 0.4125 0.1650
v -28.0000 33.0000 27.5000 0.8624 0.6600 0.2640
v 4.0000 33.0000 27.5000 0.8624 0.6600 0.2640
v 4.0000 19.0000 27.5000 0.8624 0.6600 0.2640
v -28.0000 19.0000 27.5000 0.8624 0.6600 0.2640
v 4.0000 33.0000 14.5000 0.6468 0.4950 0.1980
v -28.0000 33.0000 14.5000 0.6468 0.4950 0.1980
v -28.0000 19.0000 14.5000 0.6468 0.4950 0.1980
v 4.0000 19.0000 14.5000 0.6468 0.4950 0.1980
v -28.0000 33.0000 14.5000 0.7448 0.5700 0.2280
v -28.0000 33.0000 27.5000 0.7448 0.5700 0.2280
v -28.0000 19.0000 27.5000 0.7448 0.5700 0.2280
v -28.0000 19.0000 14.5000 0.7448 0.5700 0.2280
v 4.0000 33.0000 27.5000 0.7448 0.5700 0.2280
v 4.0000 33.0000 14.5000 0.7448 0.5700 0.2280
v 4.0000 19.0000 14.5000 0.7448 0.5700 0.2280
v 4.0000 19.0000 27.5000 0.7448 0.5700 0.2280
v -28.0000 47.0000 14.5000 0.3500 0.5500 0.9500
v 4.0000 47.0000 14.5000 0.3500 0.5500 0.9500
v 4.0000 47.0000 27.5000 0.3500 0.5500 0.9500
v -28.0000 47.0000 27.5000 0.3500 0.5500 0.9500
v -28.0000 33.0000 27.5000 0.1925 0.3025 0.5225
v 4.0000 33.0000 27.5000 0.1925 0.3025 0.5225
v 4.0000 33.0000 14.5000 0.1925 0.3025 0.5225
v -28.0000 33.0000 14.5000 0.1925 0.3025 0.5225
v -28.0000 47.0000 27.5000 0.3080 0.4840 0.8360
v 4.0000 47.0000 27.5000 0.3080 0.4840 0.8360
v 4.0000 33.0000 27.5000 0.3080 0.4840 0.8360
v -28.0000 33.0000 27.5000 0.3080 0.4840 0.8360
v 4.0000 47.0000 14.5000 0.2310 0.3630 0.6270
v -28.0000 47.0000 14.5000 0.2310 0.3630 0.6270
v -28.0000 33.0000 14.5000 0.2310 0.3630 0.6270
v 4.0000 33.0000 14.5000 0.2310 0.3630 0.6270
v -28.0000 47.0000 14.5000 0.2660 0.4180 0.7220
v -28.0000 47.0000 27.5000 0.2660 0.4180 0.7220
v -28.0000 33.0000 27.5000 0.2660 0.4180 0.7220
v -28.0000 33.0000 14.5000 0.2660 0.4180 0.7220
v 4.0000 47.0000 27.5000 0.2660 0.4180 0.7220
v 4.0000 47.0000 14.5000 0.2660 0.4180 0.7220
v 4.0000 33.0000 14.5000 0.2660 0.4180 0.7220
v 4.0000 33.0000 27.5000 0.2660 0.4180 0.7220
v 6.0000 33.0000 -27.5000 0.4500 0.8000 0.4500
v 38.0000 33.0000 -27.5000 0.4500 0.8000 0.4500
v 38.0000 33.0000 -14.5000 0.4500 0.8000 0.4500
v 6.0000 33.0000 -14.5000 0.4500 0.8000 0.4500
v 6.0000 19.0000 -14.5000 0.2475 0.4400 0.2475
v 38.0000 19.0000 -14.5000 0.2475 0.4400 0.2475
v 38.0000 19.0000 -27.5000 0.2475 0.4400 0.2475
v 6.0000 19.0000 -27.5000 0.2475 0.4400 0.2475
v 6.0000 33.0000 -14.5000 0.3960 0.7040 0.3960
v 38.0000 33.0000 -14.5000 0.3960 0.7040 0.3960
v 38.0000 19.0000 -14.5000 0.3960 0.7040 0.3960
v 6.0000 19.0000 -14.5000 0.3960 0.7040 0.3960
v 38.0000 33.0000 -27.5000 0.2970 0.5280 0.2970
v 6.0000 33.0000 -27.5000 0.2970 0.5280 0.2970
v 6.0000 19.0000 -27.5000 0.2970 0.5280 0.2970
v 38.0000 19.0000 -27.5000 0.2970 0.5280 0.2970
v 6.0000 33.0000 -27.5000 0.3420 0.6080 0.3420
v 6.0000 33.0000 -14.5000 0.3420 0.6080 0.3420
v 6.0000 19.0000 -14.5000 0.3420 0.6080 0.3420
v 6.0000 19.0000 -27.5000 0.3420 0.6080 0.3420
v 38.0000 33.0000 -14.5000 0.3420 0.6080 0.3420
v 38.0000 33.0000 -27.5000 0.3420 0.6080 0.3420
v 38.0000 19.0000 -27.5000 0.3420 0.6080 0.3420
v 38.0000 19.0000 -14.5000 0.3420 0.6080 0.3420
v 6.0000 47.0000 -27.5000 0.9500 0.3800 0.3000
v 38.0000 47.0000 -27.5000 0.9500 0.3800 0.3000
v 38.0000 47.0000 -14.5000 0.9500 0.3800 0.3000
v 6.0000 47.0000 -14.5000 0.9500 0.3800 0.3000
v 6.0000 33.0000 -14.5000 0.5225 0.2090 0.1650
v 38.0000 33.0000 -14.5000 0.5225 0.2090 0.1650
v 38.0000 33.0000 -27.5000 0.5225 0.2090 0.1650
v 6.0000 33.0000 -27.5000 0.5225 0.2090 0.1650
v 6.0000 47.0000 -14.5000 0.8360 0.3344 0.2640
v 38.0000 47.0000 -14.5000 0.8360 0.3344 0.2640
v 38.0000 33.0000 -14.5000 0.8360 0.3344 0.2640
v 6.0000 33.0000 -14.5000 0.8360 0.3344 0.2640
v 38.0000 47.0000 -27.5000 0.6270 0.2508 0.1980
v 6.0000 47.0000 -27.5000 0.6270 0.2508 0.1980
v 6.0000 33.0000 -27.5000 0.6270 0.2508 0.1980
v 38.0000 33.0000 -27.5000 0.6270 0.2508 0.1980
v 6.0000 47.0000 -27.5000 0.7220 0.2888 0.2280
v 6.0000 47.0000 -14.5000 0.7220 0.2888 0.2280
v 6.0000 33.0000 -14.5000 0.7220 0.2888 0.2280
v 6.0000 33.0000 -27.5000 0.7220 0.2888 0.2280
v 38.0000 47.0000 -14.5000 0.7220 0.2888 0.2280
v 38.0000 47.0000 -27.5000 0.7220 0.2888 0.2280
v 38.0000 33.0000 -27.5000 0.7220 0.2888 0.2280
v 38.0000 33.0000 -14.5000 0.7220 0.2888 0.2280
v 6.0000 33.0000 -13.5000 0.7000 0.4500 0.8500
v 38.0000 33.0000 -13.5000 0.7000 0.4500 0.8500
v 38.0000 33.0000 -0.5000 0.7000 0.4500 0.8500
v 6.0000 33.0000 -0.5000 0.7000 0.4500 0.8500
v 6.0000 19.0000 -0.5000 0.3850 0.2475 0.4675
v 38.0000 19.0000 -0.5000 0.3850 0.2475 0.4675
v 38.0000 19.0000 -13.5000 0.3850 0.2475 0.4675
v 6.0000 19.0000 -13.5000 0.3850 0.2475 0.4675
v 6.0000 33.0000 -0.5000 0.6160 0.3960 0.7480
v 38.0000 33.0000 -0.5000 0.6160 0.3960 0.7480
v 38.0000 19.0000 -0.5000 0.6160 0.3960 0.7480
v 6.0000 19.0000 -0.5000 0.6160 0.3960 0.7480
v 38.0000 33.0000 -13.5000 0.4620 0.2970 0.5610
v 6.0000 33.0000 -13.5000 0.4620 0.2970 0.5610
v 6.0000 19.0000 -13.5000 0.4620 0.2970 0.5610
v 38.0000 19.0000 -13.5000 0.4620 0.2970 0.5610
v 6.0000 33.0000 -13.5000 0.5320 0.3420 0.6460
v 6.0000 33.0000 -0.5000 0.5320 0.3420 0.6460
v 6.0000 19.0000 -0.5000 0.5320 0.3420 0.6460
v 6.0000 19.0000 -13.5000 0.5320 0.3420 0.6460
v 38.0000 33.0000 -0.5000 0.5320 0.3420 0.6460
v 38.0000 33.0000 -13.5000 0.5320 0.3420 0.6460
v 38.0000 19.0000 -13.5000 0.5320 0.3420 0.6460
v 38.0000 19.0000 -0.5000 0.5320 0.3420 0.6460
v 6.0000 47.0000 -13.5000 0.9800 0.7500 0.3000
v 38.0000 47.0000 -13.5000 0.9800 0.7500 0.3000
v 38.0000 47.0000 -0.5000 0.9800 0.7500 0.3000
v 6.0000 47.0000 -0.5000 0.9800 0.7500 0.3000
v 6.0000 33.0000 -0.5000 0.5390 0.4125 0.1650
v 38.0000 33.0000 -0.5000 0.5390 0.4125 0.1650
v 38.0000 33.0000 -13.5000 0.5390 0.4125 0.1650
v 6.0000 33.0000 -13.5000 0.5390 0.4125 0.1650
v 6.0000 47.0000 -0.5000 0.8624 0.6600 0.2640
v 38.0000 47.0000 -0.5000 0.8624 0.6600 0.2640
v 38.0000 33.0000 -0.5000 0.8624 0.6600 0.2640
v 6.0000 33.0000 -0.5000 0.8624 0.6600 0.2640
v 38.0000 47.0000 -13.5000 0.6468 0.4950 0.1980
v 6.0000 47.0000 -13.5000 0.6468 0.4950 0.1980
v 6.0000 33.0000 -13.5000 0.6468 0.4950 0.1980
v 38.0000 33.0000 -13.5000 0.6468 0.4950 0.1980
v 6.0000 47.0000 -13.5000 0.7448 0.5700 0.2280
v 6.0000 47.0000 -0.5000 0.7448 0.5700 0.2280
v 6.0000 33.0000 -0.5000 0.7448 0.5700 0.2280
v 6.0000 33.0000 -13.5000 0.7448 0.5700 0.2280
v 38.0000 47.0000 -0.5000 0.7448 0.5700 0.2280
v 38.0000 47.0000 -13.5000 0.7448 0.5700 0.2280
v 38.0000 33.0000 -13.5000 0.7448 0.5700 0.2280
v 38.0000 33.0000 -0.5000 0.7448 0.5700 0.2280
v 6.0000 61.0000 -13.5000 0.3500 0.5500 0.9500
v 38.0000 61.0000 -13.5000 0.3500 0.5500 0.9500
v 38.0000 61.0000 -0.5000 0.3500 0.5500 0.9500
v 6.0000 61.0000 -0.5000 0.3500 0.5500 0.9500
v 6.0000 47.0000 -0.5000 0.1925 0.3025 0.5225
v 38.0000 47.0000 -0.5000 0.1925 0.3025 0.5225
v 38.0000 47.0000 -13.5000 0.1925 0.3025 0.5225
v 6.0000 47.0000 -13.5000 0.1925 0.3025 0.5225
v 6.0000 61.0000 -0.5000 0.3080 0.4840 0.8360
v 38.0000 61.0000 -0.5000 0.3080 0.4840 0.8360
v 38.0000 47.0000 -0.5000 0.3080 0.4840 0.8360
v 6.0000 47.0000 -0.5000 0.3080 0.4840 0.8360
v 38.0000 61.0000 -13.5000 0.2310 0.3630 0.6270
v 6.0000 61.0000 -13.5000 0.2310 0.3630 0.6270
v 6.0000 47.0000 -13.5000 0.2310 0.3630 0.6270
v 38.0000 47.0000 -13.5000 0.2310 0.3630 0.6270
v 6.0000 61.0000 -13.5000 0.2660 0.4180 0.7220
v 6.0000 61.0000 -0.5000 0.2660 0.4180 0.7220
v 6.0000 47.0000 -0.5000 0.2660 0.4180 0.7220
v 6.0000 47.0000 -13.5000 0.2660 0.4180 0.7220
v 38.0000 61.0000 -0.5000 0.2660 0.4180 0.7220
v 38.0000 61.0000 -13.5000 0.2660 0.4180 0.7220
v 38.0000 47.0000 -13.5000 0.2660 0.4180 0.7220
v 38.0000 47.0000 -0.5000 0.2660 0.4180 0.7220
v 6.0000 33.0000 0.5000 0.9800 0.7500 0.3000
v 38.0000 33.0000 0.5000 0.9800 0.7500 0.3000
v 38.0000 33.0000 13.5000 0.9800 0.7500 0.3000
v 6.0000 33.0000 13.5000 0.9800 0.7500 0.3000
v 6.0000 19.0000 13.5000 0.5390 0.4125 0.1650
v 38.0000 19.0000 13.5000 0.5390 0.4125 0.1650
v 38.0000 19.0000 0.5000 0.5390 0.4125 0.1650
v 6.0000 19.0000 0.5000 0.5390 0.4125 0.1650
v 6.0000 33.0000 13.5000 0.8624 0.6600 0.2640
v 38.0000 33.0000 13.5000 0.8624 0.6600 0.2640
v 38.0000 19.0000 13.5000 0.8624 0.6600 0.2640
v 6.0000 19.0000 13.5000 0.8624 0.6600 0.2640
v 38.0000 33.0000 0.5000 0.6468 0.4950 0.1980
v 6.0000 33.0000 0.5000 0.6468 0.4950 0.1980
v 6.0000 19.0000 0.5000 0.6468 0.4950 0.1980
v 38.0000 19.0000 0.5000 0.6468 0.4950 0.1980
v 6.0000 33.0000 0.5000 0.7448 0.5700 0.2280
v 6.0000 33.0000 13.5000 0.7448 0.5700 0.2280
v 6.0000 19.0000 13.5000 0.7448 0.5700 0.2280
v 6.0000 19.0000 0.5000 0.7448 0.5700 0.2280
v 38.0000 33.0000 13.5000 0.7448 0.5700 0.2280
v 38.0000 33.0000 0.5000 0.7448 0.5700 0.2280
v 38.0000 19.0000 0.5000 0.7448 0.5700 0.2280
v 38.0000 19.0000 13.5000 0.7448 0.5700 0.2280
v 6.0000 47.0000 0.5000 0.3500 0.5500 0.9500
v 38.0000 47.0000 0.5000 0.3500 0.5500 0.9500
v 38.0000 47.0000 13.5000 0.3500 0.5500 0.9500
v 6.0000 47.0000 13.5000 0.3500 0.5500 0.9500
v 6.0000 33.0000 13.5000 0.1925 0.3025 0.5225
v 38.0000 33.0000 13.5000 0.1925 0.3025 0.5225
v 38.0000 33.0000 0.5000 0.1925 0.3025 0.5225
v 6.0000 33.0000 0.5000 0.1925 0.3025 0.5225
v 6.0000 47.0000 13.5000 0.3080 0.4840 0.8360
v 38.0000 47.0000 13.5000 0.3080 0.4840 0.8360
v 38.0000 33.0000 13.5000 0.3080 0.4840 0.8360
v 6.0000 33.0000 13.5000 0.3080 0.4840 0.8360
v 38.0000 47.0000 0.5000 0.2310 0.3630 0.6270
v 6.0000 47.0000 0.5000 0.2310 0.3630 0.6270
v 6.0000 33.0000 0.5000 0.2310 0.3630 0.6270
v 38.0000 33.0000 0.5000 0.2310 0.3630 0.6270
v 6.0000 47.0000 0.5000 0.2660 0.4180 0.7220
v 6.0000 47.0000 13.5000 0.2660 0.4180 0.7220
v 6.0000 33.0000 13.5000 0.2660 0.4180 0.7220
v 6.0000 33.0000 0.5000 0.2660 0.4180 0.7220
v 38.0000 47.0000 13.5000 0.2660 0.4180 0.7220
v 38.0000 47.0000 0.5000 0.2660 0.4180 0.7220
v 38.0000 33.0000 0.5000 0.2660 0.4180 0.7220
v 38.0000 33.0000 13.5000 0.2660 0.4180 0.7220
v 6.0000 61.0000 0.5000 0.7000 0.4500 0.8500
v 38.0000 61.0000 0.5000 0.7000 0.4500 0.8500
v 38.0000 61.0000 13.5000 0.7000 0.4500 0.8500
v 6.0000 61.0000 13.5000 0.7000 0.4500 0.8500
v 6.0000 47.0000 13.5000 0.3850 0.2475 0.4675
v 38.0000 47.0000 13.5000 0.3850 0.2475 0.4675
v 38.0000 47.0000 0.5000 0.3850 0.2475 0.4675
v 6.0000 47.0000 0.5000 0.3850 0.2475 0.4675
v 6.0000 61.0000 13.5000 0.6160 0.3960 0.7480
v 38.0000 61.0000 13.5000 0.6160 0.3960 0.7480
v 38.0000 47.0000 13.5000 0.6160 0.3960 0.7480
v 6.0000 47.0000 13.5000 0.6160 0.3960 0.7480
v 38.0000 61.0000 0.5000 0.4620 0.2970 0.5610
v 6.0000 61.0000 0.5000 0.4620 0.2970 0.5610
v 6.0000 47.0000 0.5000 0.4620 0.2970 0.5610
v 38.0000 47.0000 0.5000 0.4620 0.2970 0.5610
v 6.0000 61.0000 0.5000 0.5320 0.3420 0.6460
v 6.0000 61.0000 13.5000 0.5320 0.3420 0.6460
v 6.0000 47.0000 13.5000 0.5320 0.3420 0.6460
v 6.0000 47.0000 0.5000 0.5320 0.3420 0.6460
v 38.0000 61.0000 13.5000 0.5320 0.3420 0.6460
v 38.0000 61.0000 0.5000 0.5320 0.3420 0.6460
v 38.0000 47.0000 0.5000 0.5320 0.3420 0.6460
v 38.0000 47.0000 13.5000 0.5320 0.3420 0.6460
v 6.0000 33.0000 14.5000 0.3500 0.5500 0.9500
v 38.0000 33.0000 14.5000 0.3500 0.5500 0.9500
v 38.0000 33.0000 27.5000 0.3500 0.5500 0.9500
v 6.0000 33.0000 27.5000 0.3500 0.5500 0.9500
v 6.0000 19.0000 27.5000 0.1925 0.3025 0.5225
v 38.0000 19.0000 27.5000 0.1925 0.3025 0.5225
v 38.0000 19.0000 14.5000 0.1925 0.3025 0.5225
v 6.0000 19.0000 14.5000 0.1925 0.3025 0.5225
v 6.0000 33.0000 27.5000 0.3080 0.4840 0.8360
v 38.0000 33.0000 27.5000 0.3080 0.4840 0.8360
v 38.0000 19.0000 27.5000 0.3080 0.4840 0.8360
v 6.0000 19.0000 27.5000 0.3080 0.4840 0.8360
v 38.0000 33.0000 14.5000 0.2310 0.3630 0.6270
v 6.0000 33.0000 14.5000 0.2310 0.3630 0.6270
v 6.0000 19.0000 14.5000 0.2310 0.3630 0.6270
v 38.0000 19.0000 14.5000 0.2310 0.3630 0.6270
v 6.0000 33.0000 14.5000 0.2660 0.4180 0.7220
v 6.0000 33.0000 27.5000 0.2660 0.4180 0.7220
v 6.0000 19.0000 27.5000 0.2660 0.4180 0.7220
v 6.0000 19.0000 14.5000 0.2660 0.4180 0.7220
v 38.0000 33.0000 27.5000 0.2660 0.4180 0.7220
v 38.0000 33.0000 14.5000 0.2660 0.4180 0.7220
v 38.0000 19.0000 14.5000 0.2660 0.4180 0.7220
v 38.0000 19.0000 27.5000 0.2660 0.4180 0.7220
v 6.0000 47.0000 14.5000 0.7000 0.4500 0.8500
v 38.0000 47.0000 14.5000 0.7000 0.4500 0.8500
v 38.0000 47.0000 27.5000 0.7000 0.4500 0.8500
v 6.0000 47.0000 27.5000 0.7000 0.4500 0.8500
v 6.0000 33.0000 27.5000 0.3850 0.2475 0.4675
v 38.0000 33.0000 27.5000 0.3850 0.2475 0.4675
v 38.0000 33.0000 14.5000 0.3850 0.2475 0.4675
v 6.0000 33.0000 14.5000 0.3850 0.2475 0.4675
v 6.0000 47.0000 27.5000 0.6160 0.3960 0.7480
v 38.0000 47.0000 27.5000 0.6160 0.3960 0.7480
v 38.0000 33.0000 27.5000 0.6160 0.3960 0.7480
v 6.0000 33.0000 27.5000 0.6160 0.3960 0.7480
v 38.0000 47.0000 14.5000 0.4620 0.2970 0.5610
v 6.0000 47.0000 14.5000 0.4620 0.2970 0.5610
v 6.0000 33.0000 14.5000 0.4620 0.2970 0.5610
v 38.0000 33.0000 14.5000 0.4620 0.2970 0.5610
v 6.0000 47.0000 14.5000 0.5320 0.3420 0.6460
v 6.0000 47.0000 27.5000 0.5320 0.3420 0.6460
v 6.0000 33.0000 27.5000 0.5320 0.3420 0.6460
v 6.0000 33.0000 14.5000 0.5320 0.3420 0.6460
v 38.0000 47.0000 27.5000 0.5320 0.3420 0.6460
v 38.0000 47.0000 14.5000 0.5320 0.3420 0.6460
v 38.0000 33.0000 14.5000 0.5320 0.3420 0.6460
v 38.0000 33.0000 27.5000 0.5320 0.3420 0.6460
v 40.0000 33.0000 -27.5000 0.9500 0.3800 0.3000
v 72.0000 33.0000 -27.5000 0.9500 0.3800 0.3000
v 72.0000 33.0000 -14.5000 0.9500 0.3800 0.3000
v 40.0000 33.0000 -14.5000 0.9500 0.3800 0.3000
v 40.0000 19.0000 -14.5000 0.5225 0.2090 0.1650
v 72.0000 19.0000 -14.5000 0.5225 0.2090 0.1650
v 72.0000 19.0000 -27.5000 0.5225 0.2090 0.1650
v 40.0000 19.0000 -27.5000 0.5225 0.2090 0.1650
v 40.0000 33.0000 -14.5000 0.8360 0.3344 0.2640
v 72.0000 33.0000 -14.5000 0.8360 0.3344 0.2640
v 72.0000 19.0000 -14.5000 0.8360 0.3344 0.2640
v 40.0000 19.0000 -14.5000 0.8360 0.3344 0.2640
v 72.0000 33.0000 -27.5000 0.6270 0.2508 0.1980
v 40.0000 33.0000 -27.5000 0.6270 0.2508 0.1980
v 40.0000 19.0000 -27.5000 0.6270 0.2508 0.1980
v 72.0000 19.0000 -27.5000 0.6270 0.2508 0.1980
v 40.0000 33.0000 -27.5000 0.7220 0.2888 0.2280
v 40.0000 33.0000 -14.5000 0.7220 0.2888 0.2280
v 40.0000 19.0000 -14.5000 0.7220 0.2888 0.2280
v 40.0000 19.0000 -27.5000 0.7220 0.2888 0.2280
v 72.0000 33.0000 -14.5000 0.7220 0.2888 0.2280
v 72.0000 33.0000 -27.5000 0.7220 0.2888 0.2280
v 72.0000 19.0000 -27.5000 0.7220 0.2888 0.2280
v 72.0000 19.0000 -14.5000 0.7220 0.2888 0.2280
v 40.0000 33.0000 -13.5000 0.4500 0.8000 0.4500
v 72.0000 33.0000 -13.5000 0.4500 0.8000 0.4500
v 72.0000 33.0000 -0.5000 0.4500 0.8000 0.4500
v 40.0000 33.0000 -0.5000 0.4500 0.8000 0.4500
v 40.0000 19.0000 -0.5000 0.2475 0.4400 0.2475
v 72.0000 19.0000 -0.5000 0.2475 0.4400 0.2475
v 72.0000 19.0000 -13.5000 0.2475 0.4400 0.2475
v 40.0000 19.0000 -13.5000 0.2475 0.4400 0.2475
v 40.0000 33.0000 -0.5000 0.3960 0.7040 0.3960
v 72.0000 33.0000 -0.5000 0.3960 0.7040 0.3960
v 72.0000 19.0000 -0.5000 0.3960 0.7040 0.3960
v 40.0000 19.0000 -0.5000 0.3960 0.7040 0.3960
v 72.0000 33.0000 -13.5000 0.2970 0.5280 0.2970
v 40.0000 33.0000 -13.5000 0.2970 0.5280 0.2970
v 40.0000 19.0000 -13.5000 0.2970 0.5280 0.2970
v 72.0000 19.0000 -13.5000 0.2970 0.5280 0.2970
v 40.0000 33.0000 -13.5000 0.3420 0.6080 0.3420
v 40.0000 33.0000 -0.5000 0.3420 0.6080 0.3420
v 40.0000 19.0000 -0.5000 0.3420 0.6080 0.3420
v 40.0000 19.0000 -13.5000 0.3420 0.6080 0.3420
v 72.0000 33.0000 -0.5000 0.3420 0.6080 0.3420
v 72.0000 33.0000 -13.5000 0.3420 0.6080 0.3420
v 72.0000 19.0000 -13.5000 0.3420 0.6080 0.3420
v 72.0000 19.0000 -0.5000 0.3420 0.6080 0.3420
v 40.0000 47.0000 -13.5000 0.9500 0.3800 0.3000
v 72.0000 47.0000 -13.5000 0.9500 0.3800 0.3000
v 72.0000 47.0000 -0.5000 0.9500 0.3800 0.3000
v 40.0000 47.0000 -0.5000 0.9500 0.3800 0.3000
v 40.0000 33.0000 -0.5000 0.5225 0.2090 0.1650
v 72.0000 33.0000 -0.5000 0.5225 0.2090 0.1650
v 72.0000 33.0000 -13.5000 0.5225 0.2090 0.1650
v 40.0000 33.0000 -13.5000 0.5225 0.2090 0.1650
v 40.0000 47.0000 -0.5000 0.8360 0.3344 0.2640
v 72.0000 47.0000 -0.5000 0.8360 0.3344 0.2640
v 72.0000 33.0000 -0.5000 0.8360 0.3344 0.2640
v 40.0000 33.0000 -0.5000 0.8360 0.3344 0.2640
v 72.0000 47.0000 -13.5000 0.6270 0.2508 0.1980
v 40.0000 47.0000 -13.5000 0.6270 0.2508 0.1980
v 40.0000 33.0000 -13.5000 0.6270 0.2508 0.1980
v 72.0000 33.0000 -13.5000 0.6270 0.2508 0.1980
v 40.0000 47.0000 -13.5000 0.7220 0.2888 0.2280
v 40.0000 47.0000 -0.5000 0.7220 0.2888 0.2280
v 40.0000 33.0000 -0.5000 0.7220 0.2888 0.2280
v 40.0000 33.0000 -13.5000 0.7220 0.2888 0.2280
v 72.0000 47.0000 -0.5000 0.7220 0.2888 0.2280
v 72.0000 47.0000 -13.5000 0.7220 0.2888 0.2280
v 72.0000 33.0000 -13.5000 0.7220 0.2888 0.2280
v 72.0000 33.0000 -0.5000 0.7220 0.2888 0.2280
v 40.0000 33.0000 0.5000 0.7000 0.4500 0.8500
v 72.0000 33.0000 0.5000 0.7000 0.4500 0.8500
v 72.0000 33.0000 13.5000 0.7000 0.4500 0.8500
v 40.0000 33.0000 13.5000 0.7000 0.4500 0.8500
v 40.0000 19.0000 13.5000 0.3850 0.2475 0.4675
v 72.0000 19.0000 13.5000 0.3850 0.2475 0.4675
v 72.0000 19.0000 0.5000 0.3850 0.2475 0.4675
v 40.0000 19.0000 0.5000 0.3850 0.2475 0.4675
v 40.0000 33.0000 13.5000 0.6160 0.3960 0.7480
v 72.0000 33.0000 13.5000 0.6160 0.3960 0.7480
v 72.0000 19.0000 13.5000 0.6160 0.3960 0.7480
v 40.0000 19.0000 13.5000 0.6160 0.3960 0.7480
v 72.0000 33.0000 0.5000 0.4620 0.2970 0.5610
v 40.0000 33.0000 0.5000 0.4620 0.2970 0.5610
v 40.0000 19.0000 0.5000 0.4620 0.2970 0.5610
v 72.0000 19.0000 0.5000 0.4620 0.2970 0.5610
v 40.0000 33.0000 0.5000 0.5320 0.3420 0.6460
v 40.0000 33.0000 13.5000 0.5320 0.3420 0.6460
v 40.0000 19.0000 13.5000 0.5320 0.3420 0.6460
v 40.0000 19.0000 0.5000 0.5320 0.3420 0.6460
v 72.0000 33.0000 13.5000 0.5320 0.3420 0.6460
v 72.0000 33.0000 0.5000 0.5320 0.3420 0.6460
v 72.0000 19.0000 0.5000 0.5320 0.3420 0.6460
v 72.0000 19.0000 13.5000 0.5320 0.3420 0.6460
v 40.0000 47.0000 0.5000 0.9800 0.7500 0.3000
v 72.0000 47.0000 0.5000 0.9800 0.7500 0.3000
v 72.0000 47.0000 13.5000 0.9800 0.7500 0.3000
v 40.0000 47.0000 13.5000 0.9800 0.7500 0.3000
v 40.0000 33.0000 13.5000 0.5390 0.4125 0.1650
v 72.0000 33.0000 13.5000 0.5390 0.4125 0.1650
v 72.0000 33.0000 0.5000 0.5390 0.4125 0.1650
v 40.0000 33.0000 0.5000 0.5390 0.4125 0.1650
v 40.0000 47.0000 13.5000 0.8624 0.6600 0.2640
v 72.0000 47.0000 13.5000 0.8624 0.6600 0.2640
v 72.0000 33.0000 13.5000 0.8624 0.6600 0.2640
v 40.0000 33.0000 13.5000 0.8624 0.6600 0.2640
v 72.0000 47.0000 0.5000 0.6468 0.4950 0.1980
v 40.0000 47.0000 0.5000 0.6468 0.4950 0.1980
v 40.0000 33.0000 0.5000 0.6468 0.4950 0.1980
v 72.0000 33.0000 0.5000 0.6468 0.4950 0.1980
v 40.0000 47.0000 0.5000 0.7448 0.5700 0.2280
v 40.0000 47.0000 13.5000 0.7448 0.5700 0.2280
v 40.0000 33.0000 13.5000 0.7448 0.5700 0.2280
v 40.0000 33.0000 0.5000 0.7448 0.5700 0.2280
v 72.0000 47.0000 13.5000 0.7448 0.5700 0.2280
v 72.0000 47.0000 0.5000 0.7448 0.5700 0.2280
v 72.0000 33.0000 0.5000 0.7448 0.5700 0.2280
v 72.0000 33.0000 13.5000 0.7448 0.5700 0.2280
v 40.0000 33.0000 14.5000 0.4500 0.8000 0.4500
v 72.0000 33.0000 14.5000 0.4500 0.8000 0.4500
v 72.0000 33.0000 27.5000 0.4500 0.8000 0.4500
v 40.0000 33.0000 27.5000 0.4500 0.8000 0.4500
v 40.0000 19.0000 27.5000 0.2475 0.4400 0.2475
v 72.0000 19.0000 27.5000 0.2475 0.4400 0.2475
v 72.0000 19.0000 14.5000 0.2475 0.4400 0.2475
v 40.0000 19.0000 14.5000 0.2475 0.4400 0.2475
v 40.0000 33.0000 27.5000 0.3960 0.7040 0.3960
v 72.0000 33.0000 27.5000 0.3960 0.7040 0.3960
v 72.0000 19.0000 27.5000 0.3960 0.7040 0.3960
v 40.0000 19.0000 27.5000 0.3960 0.7040 0.3960
v 72.0000 33.0000 14.5000 0.2970 0.5280 0.2970
v 40.0000 33.0000 14.5000 0.2970 0.5280 0.2970
v 40.0000 19.0000 14.5000 0.2970 0.5280 0.2970
v 72.0000 19.0000 14.5000 0.2970 0.5280 0.2970
v 40.0000 33.0000 14.5000 0.3420 0.6080 0.3420
v 40.0000 33.0000 27.5000 0.3420 0.6080 0.3420
v 40.0000 19.0000 27.5000 0.3420 0.6080 0.3420
v 40.0000 19.0000 14.5000 0.3420 0.6080 0.3420
v 72.0000 33.0000 27.5000 0.3420 0.6080 0.3420
v 72.0000 33.0000 14.5000 0.3420 0.6080 0.3420
v 72.0000 19.0000 14.5000 0.3420 0.6080 0.3420
v 72.0000 19.0000 27.5000 0.3420 0.6080 0.3420
v 74.0000 33.0000 -27.5000 0.9500 0.3800 0.3000
v 106.0000 33.0000 -27.5000 0.9500 0.3800 0.3000
v 106.0000 33.0000 -14.5000 0.9500 0.3800 0.3000
v 74.0000 33.0000 -14.5000 0.9500 0.3800 0.3000
v 74.0000 19.0000 -14.5000 0.5225 0.2090 0.1650
v 106.0000 19.0000 -14.5000 0.5225 0.2090 0.1650
v 106.0000 19.0000 -27.5000 0.5225 0.2090 0.1650
v 74.0000 19.0000 -27.5000 0.5225 0.2090 0.1650
v 74.0000 33.0000 -14.5000 0.8360 0.3344 0.2640
v 106.0000 33.0000 -14.5000 0.8360 0.3344 0.2640
v 106.0000 19.0000 -14.5000 0.8360 0.3344 0.2640
v 74.0000 19.0000 -14.5000 0.8360 0.3344 0.2640
v 106.0000 33.0000 -27.5000 0.6270 0.2508 0.1980
v 74.0000 33.0000 -27.5000 0.6270 0.2508 0.1980
v 74.0000 19.0000 -27.5000 0.6270 0.2508 0.1980
v 106.0000 19.0000 -27.5000 0.6270 0.2508 0.1980
v 74.0000 33.0000 -27.5000 0.7220 0.2888 0.2280
v 74.0000 33.0000 -14.5000 0.7220 0.2888 0.2280
v 74.0000 19.0000 -14.5000 0.7220 0.2888 0.2280
v 74.0000 19.0000 -27.5000 0.7220 0.2888 0.2280
v 106.0000 33.0000 -14.5000 0.7220 0.2888 0.2280
v 106.0000 33.0000 -27.5000 0.7220 0.2888 0.2280
v 106.0000 19.0000 -27.5000 0.7220 0.2888 0.2280
v 106.0000 19.0000 -14.5000 0.7220 0.2888 0.2280
v 74.0000 47.0000 -27.5000 0.8500 0.8500 0.8500
v 106.0000 47.0000 -27.5000 0.8500 0.8500 0.8500
v 106.0000 47.0000 -14.5000 0.8500 0.8500 0.8500
v 74.0000 47.0000 -14.5000 0.8500 0.8500 0.8500
v 74.0000 33.0000 -14.5000 0.4675 0.4675 0.4675
v 106.0000 33.0000 -14.5000 0.4675 0.4675 0.4675
v 106.0000 33.0000 -27.5000 0.4675 0.4675 0.4675
v 74.0000 33.0000 -27.5000 0.4675 0.4675 0.4675
v 74.0000 47.0000 -14.5000 0.7480 0.7480 0.7480
v 106.0000 47.0000 -14.5000 0.7480 0.7480 0.7480
v 106.0000 33.0000 -14.5000 0.7480 0.7480 0.7480
v 74.0000 33.0000 -14.5000 0.7480 0.7480 0.7480
v 106.0000 47.0000 -27.5000 0.5610 0.5610 0.5610
v 74.0000 47.0000 -27.5000 0.5610 0.5610 0.5610
v 74.0000 33.0000 -27.5000 0.5610 0.5610 0.5610
v 106.0000 33.0000 -27.5000 0.5610 0.5610 0.5610
v 74.0000 47.0000 -27.5000 0.6460 0.6460 0.6460
v 74.0000 47.0000 -14.5000 0.6460 0.6460 0.6460
v 74.0000 33.0000 -14.5000 0.6460 0.6460 0.6460
v 74.0000 33.0000 -27.5000 0.6460 0.6460 0.6460
v 106.0000 47.0000 -14.5000 0.6460 0.6460 0.6460
v 106.0000 47.0000 -27.5000 0.6460 0.6460 0.6460
v 106.0000 33.0000 -27.5000 0.6460 0.6460 0.6460
v 106.0000 33.0000 -14.5000 0.6460 0.6460 0.6460
v 74.0000 33.0000 -13.5000 0.9800 0.7500 0.3000
v 106.0000 33.0000 -13.5000 0.9800 0.7500 0.3000
v 106.0000 33.0000 -0.5000 0.9800 0.7500 0.3000
v 74.0000 33.0000 -0.5000 0.9800 0.7500 0.3000
v 74.0000 19.0000 -0.5000 0.5390 0.4125 0.1650
v 106.0000 19.0000 -0.5000 0.5390 0.4125 0.1650
v 106.0000 19.0000 -13.5000 0.5390 0.4125 0.1650
v 74.0000 19.0000 -13.5000 0.5390 0.4125 0.1650
v 74.0000 33.0000 -0.5000 0.8624 0.6600 0.2640
v 106.0000 33.0000 -0.5000 0.8624 0.6600 0.2640
v 106.0000 19.0000 -0.5000 0.8624 0.6600 0.2640
v 74.0000 19.0000 -0.5000 0.8624 0.6600 0.2640
v 106.0000 33.0000 -13.5000 0.6468 0.4950 0.1980
v 74.0000 33.0000 -13.5000 0.6468 0.4950 0.1980
v 74.0000 19.0000 -13.5000 0.6468 0.4950 0.1980
v 106.0000 19.0000 -13.5000 0.6468 0.4950 0.1980
v 74.0000 33.0000 -13.5000 0.7448 0.5700 0.2280
v 74.0000 33.0000 -0.5000 0.7448 0.5700 0.2280
v 74.0000 19.0000 -0.5000 0.7448 0.5700 0.2280
v 74.0000 19.0000 -13.5000 0.7448 0.5700 0.2280
v 106.0000 33.0000 -0.5000 0.7448 0.5700 0.2280
v 106.0000 33.0000 -13.5000 0.7448 0.5700 0.2280
v 106.0000 19.0000 -13.5000 0.7448 0.5700 0.2280
v 106.0000 19.0000 -0.5000 0.7448 0.5700 0.2280
v 74.0000 47.0000 -13.5000 0.3500 0.5500 0.9500
v 106.0000 47.0000 -13.5000 0.3500 0.5500 0.9500
v 106.0000 47.0000 -0.5000 0.3500 0.5500 0.9500
v 74.0000 47.0000 -0.5000 0.3500 0.5500 0.9500
v 74.0000 33.0000 -0.5000 0.1925 0.3025 0.5225
v 106.0000 33.0000 -0.5000 0.1925 0.3025 0.5225
v 106.0000 33.0000 -13.5000 0.1925 0.3025 0.5225
v 74.0000 33.0000 -13.5000 0.1925 0.3025 0.5225
v 74.0000 47.0000 -0.5000 0.3080 0.4840 0.8360
v 106.0000 47.0000 -0.5000 0.3080 0.4840 0.8360
v 106.0000 33.0000 -0.5000 0.3080 0.4840 0.8360
v 74.0000 33.0000 -0.5000 0.3080 0.4840 0.8360
v 106.0000 47.0000 -13.5000 0.2310 0.3630 0.6270
v 74.0000 47.0000 -13.5000 0.2310 0.3630 0.6270
v 74.0000 33.0000 -13.5000 0.2310 0.3630 0.6270
v 106.0000 33.0000 -13.5000 0.2310 0.3630 0.6270
v 74.0000 47.0000 -13.5000 0.2660 0.4180 0.7220
v 74.0000 47.0000 -0.5000 0.2660 0.4180 0.7220
v 74.0000 33.0000 -0.5000 0.2660 0.4180 0.7220
v 74.0000 33.0000 -13.5000 0.2660 0.4180 0.7220
v 106.0000 47.0000 -0.5000 0.2660 0.4180 0.7220
v 106.0000 47.0000 -13.5000 0.2660 0.4180 0.7220
v 106.0000 33.0000 -13.5000 0.2660 0.4180 0.7220
v 106.0000 33.0000 -0.5000 0.2660 0.4180 0.7220
v 74.0000 61.0000 -13.5000 0.7000 0.4500 0.8500
v 106.0000 61.0000 -13.5000 0.7000 0.4500 0.8500
v 106.0000 61.0000 -0.5000 0.7000 0.4500 0.8500
v 74.0000 61.0000 -0.5000 0.7000 0.4500 0.8500
v 74.0000 47.0000 -0.5000 0.3850 0.2475 0.4675
v 106.0000 47.0000 -0.5000 0.3850 0.2475 0.4675
v 106.0000 47.0000 -13.5000 0.3850 0.2475 0.4675
v 74.0000 47.0000 -13.5000 0.3850 0.2475 0.4675
v 74.0000 61.0000 -0.5000 0.6160 0.3960 0.7480
v 106.0000 61.0000 -0.5000 0.6160 0.3960 0.7480
v 106.0000 47.0000 -0.5000 0.6160 0.3960 0.7480
v 74.0000 47.0000 -0.5000 0.6160 0.3960 0.7480
v 106.0000 61.0000 -13.5000 0.4620 0.2970 0.5610
v 74.0000 61.0000 -13.5000 0.4620 0.2970 0.5610
v 74.0000 47.0000 -13.5000 0.4620 0.2970 0.5610
v 106.0000 47.0000 -13.5000 0.4620 0.2970 0.5610
v 74.0000 61.0000 -13.5000 0.5320 0.3420 0.6460
v 74.0000 61.0000 -0.5000 0.5320 0.3420 0.6460
v 74.0000 47.0000 -0.5000 0.5320 0.3420 0.6460
v 74.0000 47.0000 -13.5000 0.5320 0.3420 0.6460
v 106.0000 61.0000 -0.5000 0.5320 0.3420 0.6460
v 106.0000 61.0000 -13.5000 0.5320 0.3420 0.6460
v 106.0000 47.0000 -13.5000 0.5320 0.3420 0.6460
v 106.0000 47.0000 -0.5000 0.5320 0.3420 0.6460
v 74.0000 33.0000 0.5000 0.3500 0.5500 0.9500
v 106.0000 33.0000 0.5000 0.3500 0.5500 0.9500
v 106.0000 33.0000 13.5000 0.3500 0.5500 0.9500
v 74.0000 33.0000 13.5000 0.3500 0.5500 0.9500
v 74.0000 19.0000 13.5000 0.1925 0.3025 0.5225
v 106.0000 19.0000 13.5000 0.1925 0.3025 0.5225
v 106.0000 19.0000 0.5000 0.1925 0.3025 0.5225
v 74.0000 19.0000 0.5000 0.1925 0.3025 0.5225
v 74.0000 33.0000 13.5000 0.3080 0.4840 0.8360
v 106.0000 33.0000 13.5000 0.3080 0.4840 0.8360
v 106.0000 19.0000 13.5000 0.3080 0.4840 0.8360
v 74.0000 19.0000 13.5000 0.3080 0.4840 0.8360
v 106.0000 33.0000 0.5000 0.2310 0.3630 0.6270
v 74.0000 33.0000 0.5000 0.2310 0.3630 0.6270
v 74.0000 19.0000 0.5000 0.2310 0.3630 0.6270
v 106.0000 19.0000 0.5000 0.2310 0.3630 0.6270
v 74.0000 33.0000 0.5000 0.2660 0.4180 0.7220
v 74.0000 33.0000 13.5000 0.2660 0.4180 0.7220
v 74.0000 19.0000 13.5000 0.2660 0.4180 0.7220
v 74.0000 19.0000 0.5000 0.2660 0.4180 0.7220
v 106.0000 33.0000 13.5000 0.2660 0.4180 0.7220
v 106.0000 33.0000 0.5000 0.2660 0.4180 0.7220
v 106.0000 19.0000 0.5000 0.2660 0.4180 0.7220
v 106.0000 19.0000 13.5000 0.2660 0.4180 0.7220
v 74.0000 47.0000 0.5000 0.7000 0.4500 0.8500
v 106.0000 47.0000 0.5000 0.7000 0.4500 0.8500
v 106.0000 47.0000 13.5000 0.7000 0.4500 0.8500
v 74.0000 47.0000 13.5000 0.7000 0.4500 0.8500
v 74.0000 33.0000 13.5000 0.3850 0.2475 0.4675
v 106.0000 33.0000 13.5000 0.3850 0.2475 0.4675
v 106.0000 33.0000 0.5000 0.3850 0.2475 0.4675
v 74.0000 33.0000 0.5000 0.3850 0.2475 0.4675
v 74.0000 47.0000 13.5000 0.6160 0.3960 0.7480
v 106.0000 47.0000 13.5000 0.6160 0.3960 0.7480
v 106.0000 33.0000 13.5000 0.6160 0.3960 0.7480
v 74.0000 33.0000 13.5000 0.6160 0.3960 0.7480
v 106.0000 47.0000 0.5000 0.4620 0.2970 0.5610
v 74.0000 47.0000 0.5000 0.4620 0.2970 0.5610
v 74.0000 33.0000 0.5000 0.4620 0.2970 0.5610
v 106.0000 33.0000 0.5000 0.4620 0.2970 0.5610
v 74.0000 47.0000 0.5000 0.5320 0.3420 0.6460
v 74.0000 47.0000 13.5000 0.5320 0.3420 0.6460
v 74.0000 33.0000 13.5000 0.5320 0.3420 0.6460
v 74.0000 33.0000 0.5000 0.5320 0.3420 0.6460
v 106.0000 47.0000 13.5000 0.5320 0.3420 0.6460
v 106.0000 47.0000 0.5000 0.5320 0.3420 0.6460
v 106.0000 33.0000 0.5000 0.5320 0.3420 0.6460
v 106.0000 33.0000 13.5000 0.5320 0.3420 0.6460
v 74.0000 61.0000 0.5000 0.9800 0.7500 0.3000
v 106.0000 61.0000 0.5000 0.9800 0.7500 0.3000
v 106.0000 61.0000 13.5000 0.9800 0.7500 0.3000
v 74.0000 61.0000 13.5000 0.9800 0.7500 0.3000
v 74.0000 47.0000 13.5000 0.5390 0.4125 0.1650
v 106.0000 47.0000 13.5000 0.5390 0.4125 0.1650
v 106.0000 47.0000 0.5000 0.5390 0.4125 0.1650
v 74.0000 47.0000 0.5000 0.5390 0.4125 0.1650
v 74.0000 61.0000 13.5000 0.8624 0.6600 0.2640
v 106.0000 61.0000 13.5000 0.8624 0.6600 0.2640
v 106.0000 47.0000 13.5000 0.8624 0.6600 0.2640
v 74.0000 47.0000 13.5000 0.8624 0.6600 0.2640
v 106.0000 61.0000 0.5000 0.6468 0.4950 0.1980
v 74.0000 61.0000 0.5000 0.6468 0.4950 0.1980
v 74.0000 47.0000 0.5000 0.6468 0.4950 0.1980
v 106.0000 47.0000 0.5000 0.6468 0.4950 0.1980
v 74.0000 61.0000 0.5000 0.7448 0.5700 0.2280
v 74.0000 61.0000 13.5000 0.7448 0.5700 0.2280
v 74.0000 47.0000 13.5000 0.7448 0.5700 0.2280
v 74.0000 47.0000 0.5000 0.7448 0.5700 0.2280
v 106.0000 61.0000 13.5000 0.7448 0.5700 0.2280
v 106.0000 61.0000 0.5000 0.7448 0.5700 0.2280
v 106.0000 47.0000 0.5000 0.7448 0.5700 0.2280
v 106.0000 47.0000 13.5000 0.7448 0.5700 0.2280
v 74.0000 33.0000 14.5000 0.7000 0.4500 0.8500
v 106.0000 33.0000 14.5000 0.7000 0.4500 0.8500
v 106.0000 33.0000 27.5000 0.7000 0.4500 0.8500
v 74.0000 33.0000 27.5000 0.7000 0.4500 0.8500
v 74.0000 19.0000 27.5000 0.3850 0.2475 0.4675
v 106.0000 19.0000 27.5000 0.3850 0.2475 0.4675
v 106.0000 19.0000 14.5000 0.3850 0.2475 0.4675
v 74.0000 19.0000 14.5000 0.3850 0.2475 0.4675
v 74.0000 33.0000 27.5000 0.6160 0.3960 0.7480
v 106.0000 33.0000 27.5000 0.6160 0.3960 0.7480
v 106.0000 19.0000 27.5000 0.6160 0.3960 0.7480
v 74.0000 19.0000 27.5000 0.6160 0.3960 0.7480
v 106.0000 33.0000 14.5000 0.4620 0.2970 0.5610
v 74.0000 33.0000 14.5000 0.4620 0.2970 0.5610
v 74.0000 19.0000 14.5000 0.4620 0.2970 0.5610
v 106.0000 19.0000 14.5000 0.4620 0.2970 0.5610
v 74.0000 33.0000 14.5000 0.5320 0.3420 0.6460
v 74.0000 33.0000 27.5000 0.5320 0.3420 0.6460
v 74.0000 19.0000 27.5000 0.5320 0.3420 0.6460
v 74.0000 19.0000 14.5000 0.5320 0.3420 0.6460
v 106.0000 33.0000 27.5000 0.5320 0.3420 0.6460
v 106.0000 33.0000 14.5000 0.5320 0.3420 0.6460
v 106.0000 19.0000 14.5000 0.5320 0.3420 0.6460
v 106.0000 19.0000 27.5000 0.5320 0.3420 0.6460
v 74.0000 47.0000 14.5000 0.9800 0.7500 0.3000
v 106.0000 47.0000 14.5000 0.9800 0.7500 0.3000
v 106.0000 47.0000 27.5000 0.9800 0.7500 0.3000
v 74.0000 47.0000 27.5000 0.9800 0.7500 0.3000
v 74.0000 33.0000 27.5000 0.5390 0.4125 0.1650
v 106.0000 33.0000 27.5000 0.5390 0.4125 0.1650
v 106.0000 33.0000 14.5000 0.5390 0.4125 0.1650
v 74.0000 33.0000 14.5000 0.5390 0.4125 0.1650
v 74.0000 47.0000 27.5000 0.8624 0.6600 0.2640
v 106.0000 47.0000 27.5000 0.8624 0.6600 0.2640
v 106.0000 33.0000 27.5000 0.8624 0.6600 0.2640
v 74.0000 33.0000 27.5000 0.8624 0.6600 0.2640
v 106.0000 47.0000 14.5000 0.6468 0.4950 0.1980
v 74.0000 47.0000 14.5000 0.6468 0.4950 0.1980
v 74.0000 33.0000 14.5000 0.6468 0.4950 0.1980
v 106.0000 33.0000 14.5000 0.6468 0.4950 0.1980
v 74.0000 47.0000 14.5000 0.7448 0.5700 0.2280
v 74.0000 47.0000 27.5000 0.7448 0.5700 0.2280
v 74.0000 33.0000 27.5000 0.7448 0.5700 0.2280
v 74.0000 33.0000 14.5000 0.7448 0.5700 0.2280
v 106.0000 47.0000 27.5000 0.7448 0.5700 0.2280
v 106.0000 47.0000 14.5000 0.7448 0.5700 0.2280
v 106.0000 33.0000 14.5000 0.7448 0.5700 0.2280
v 106.0000 33.0000 27.5000 0.7448 0.5700 0.2280
v -150.0000 19.0000 30.8000 1.0000 1.0000 1.0000
v -137.5000 19.0000 31.0833 1.0000 1.0000 1.0000
v -125.0000 19.0000 31.3667 1.0000 1.0000 1.0000
v -112.5000 19.0000 31.6500 1.0000 1.0000 1.0000
v -100.0000 19.0000 31.9333 1.0000 1.0000 1.0000
v -87.5000 19.0000 32.2167 1.0000 1.0000 1.0000
v -75.0000 19.0000 32.5000 1.0000 1.0000 1.0000
v -62.5000 19.0000 32.5000 1.0000 1.0000 1.0000
v -50.0000 19.0000 32.5000 1.0000 1.0000 1.0000
v -37.5000 19.0000 32.5000 1.0000 1.0000 1.0000
v -25.0000 19.0000 32.5000 1.0000 1.0000 1.0000
v -12.5000 19.0000 32.5000 1.0000 1.0000 1.0000
v 0.0000 19.0000 32.5000 1.0000 1.0000 1.0000
v 12.5000 19.0000 32.5000 1.0000 1.0000 1.0000
v 25.0000 19.0000 32.5000 1.0000 1.0000 1.0000
v 37.5000 19.0000 32.5000 1.0000 1.0000 1.0000
v 50.0000 19.0000 32.5000 1.0000 1.0000 1.0000
v 62.5000 19.0000 32.5000 1.0000 1.0000 1.0000
v 75.0000 19.0000 32.5000 1.0000 1.0000 1.0000
v 87.5000 19.0000 32.4522 1.0000 1.0000 1.0000
v 100.0000 19.0000 31.4858 1.0000 1.0000 1.0000
v 112.5000 19.0000 29.1667 1.0000 1.0000 1.0000
v 125.0000 19.0000 25.1438 1.0000 1.0000 1.0000
v 137.5000 19.0000 18.4101 1.0000 1.0000 1.0000
v 150.0000 19.0000 0.0000 1.0000 1.0000 1.0000
v 150.0000 19.0000 -0.0000 1.0000 1.0000 1.0000
v 137.5000 19.0000 -18.4101 1.0000 1.0000 1.0000
v 125.0000 19.0000 -25.1438 1.0000 1.0000 1.0000
v 112.5000 19.0000 -29.1667 1.0000 1.0000 1.0000
v 100.0000 19.0000 -31.4858 1.0000 1.0000 1.0000
v 87.5000 19.0000 -32.4522 1.0000 1.0000 1.0000
v 75.0000 19.0000 -32.5000 1.0000 1.0000 1.0000
v 62.5000 19.0000 -32.5000 1.0000 1.0000 1.0000
v 50.0000 19.0000 -32.5000 1.0000 1.0000 1.0000
v 37.5000 19.0000 -32.5000 1.0000 1.0000 1.0000
v 25.0000 19.0000 -32.5000 1.0000 1.0000 1.0000
v 12.5000 19.0000 -32.5000 1.0000 1.0000 1.0000
v 0.0000 19.0000 -32.5000 1.0000 1.0000 1.0000
v -12.5000 19.0000 -32.5000 1.0000 1.0000 1.0000
v -25.0000 19.0000 -32.5000 1.0000 1.0000 1.0000
v -37.5000 19.0000 -32.5000 1.0000 1.0000 1.0000
v -50.0000 19.0000 -32.5000 1.0000 1.0000 1.0000
v -62.5000 19.0000 -32.5000 1.0000 1.0000 1.0000
v -75.0000 19.0000 -32.5000 1.0000 1.0000 1.0000
v -87.5000 19.0000 -32.2167 1.0000 1.0000 1.0000
v -100.0000 19.0000 -31.9333 1.0000 1.0000 1.0000
v -112.5000 19.0000 -31.6500 1.0000 1.0000 1.0000
v -125.0000 19.0000 -31.3667 1.0000 1.0000 1.0000
v -137.5000 19.0000 -31.0833 1.0000 1.0000 1.0000
v -150.0000 19.0000 -30.8000 1.0000 1.0000 1.0000
v -150.0000 49.0000 9.0000 0.5500 0.5500 0.5500
v -134.0000 49.0000 9.0000 0.5500 0.5500 0.5500
v -134.0000 49.0000 -9.0000 0.5500 0.5500 0.5500
v -150.0000 49.0000 -9.0000 0.5500 0.5500 0.5500
v -150.0000 79.0000 9.0000 0.8800 0.8800 0.8800
v -134.0000 79.0000 9.0000 0.8800 0.8800 0.8800
v -134.0000 49.0000 9.0000 0.8800 0.8800 0.8800
v -150.0000 49.0000 9.0000 0.8800 0.8800 0.8800
v -134.0000 79.0000 -9.0000 0.6600 0.6600 0.6600
v -150.0000 79.0000 -9.0000 0.6600 0.6600 0.6600
v -150.0000 49.0000 -9.0000 0.6600 0.6600 0.6600
v -134.0000 49.0000 -9.0000 0.6600 0.6600 0.6600
v -150.0000 79.0000 -9.0000 0.7600 0.7600 0.7600
v -150.0000 79.0000 9.0000 0.7600 0.7600 0.7600
v -150.0000 49.0000 9.0000 0.7600 0.7600 0.7600
v -150.0000 49.0000 -9.0000 0.7600 0.7600 0.7600
v -134.0000 79.0000 9.0000 0.7600 0.7600 0.7600
v -134.0000 79.0000 -9.0000 0.7600 0.7600 0.7600
v -134.0000 49.0000 -9.0000 0.7600 0.7600 0.7600
v -134.0000 49.0000 9.0000 0.7600 0.7600 0.7600
v -150.0000 79.0000 -9.0000 1.0000 1.0000 1.0000
v -134.0000 79.0000 -9.0000 1.0000 1.0000 1.0000
v -134.0000 79.0000 9.0000 1.0000 1.0000 1.0000
v -150.0000 79.0000 9.0000 1.0000 1.0000 1.0000
v -150.0000 22.0000 32.3000 0.8773 0.8773 0.8773
v -137.5000 22.0000 32.5833 0.8773 0.8773 0.8773
v -137.5000 0.0000 31.2800 0.8773 0.8773 0.8773
v -150.0000 0.0000 31.0080 0.8773 0.8773 0.8773
v -150.0000 0.0000 31.0080 0.5500 0.5500 0.5500
v -137.5000 0.0000 31.2800 0.5500 0.5500 0.5500
v -137.5000 -10.0000 17.9208 0.5500 0.5500 0.5500
v -150.0000 -10.0000 17.7650 0.5500 0.5500 0.5500
v -137.5000 22.0000 32.5833 0.8773 0.8773 0.8773
v -125.0000 22.0000 32.8667 0.8773 0.8773 0.8773
v -125.0000 0.0000 31.5520 0.8773 0.8773 0.8773
v -137.5000 0.0000 31.2800 0.8773 0.8773 0.8773
v -137.5000 0.0000 31.2800 0.5500 0.5500 0.5500
v -125.0000 0.0000 31.5520 0.5500 0.5500 0.5500
v -125.0000 -10.0000 18.0767 0.5500 0.5500 0.5500
v -137.5000 -10.0000 17.9208 0.5500 0.5500 0.5500
v -125.0000 22.0000 32.8667 0.8773 0.8773 0.8773
v -112.5000 22.0000 33.1500 0.8773 0.8773 0.8773
v -112.5000 0.0000 31.8240 0.8773 0.8773 0.8773
v -125.0000 0.0000 31.5520 0.8773 0.8773 0.8773
v -125.0000 0.0000 31.5520 0.5500 0.5500 0.5500
v -112.5000 0.0000 31.8240 0.5500 0.5500 0.5500
v -112.5000 -10.0000 18.2325 0.5500 0.5500 0.5500
v -125.0000 -10.0000 18.0767 0.5500 0.5500 0.5500
v -112.5000 22.0000 33.1500 0.8773 0.8773 0.8773
v -100.0000 22.0000 33.4333 0.8773 0.8773 0.8773
v -100.0000 0.0000 32.0960 0.8773 0.8773 0.8773
v -112.5000 0.0000 31.8240 0.8773 0.8773 0.8773
v -112.5000 0.0000 31.8240 0.5500 0.5500 0.5500
v -100.0000 0.0000 32.0960 0.5500 0.5500 0.5500
v -100.0000 -10.0000 18.3883 0.5500 0.5500 0.5500
v -112.5000 -10.0000 18.2325 0.5500 0.5500 0.5500
v -100.0000 22.0000 33.4333 0.8773 0.8773 0.8773
v -87.5000 22.0000 33.7167 0.8773 0.8773 0.8773
v -87.5000 0.0000 32.3680 0.8773 0.8773 0.8773
v -100.0000 0.0000 32.0960 0.8773 0.8773 0.8773
v -100.0000 0.0000 32.0960 0.5500 0.5500 0.5500
v -87.5000 0.0000 32.3680 0.5500 0.5500 0.5500
v -87.5000 -10.0000 18.5442 0.5500 0.5500 0.5500
v -100.0000 -10.0000 18.3883 0.5500 0.5500 0.5500
v -87.5000 22.0000 33.7167 0.8773 0.8773 0.8773
v -75.0000 22.0000 34.0000 0.8773 0.8773 0.8773
v -75.0000 0.0000 32.6400 0.8773 0.8773 0.8773
v -87.5000 0.0000 32.3680 0.8773 0.8773 0.8773
v -87.5000 0.0000 32.3680 0.5500 0.5500 0.5500
v -75.0000 0.0000 32.6400 0.5500 0.5500 0.5500
v -75.0000 -10.0000 18.7000 0.5500 0.5500 0.5500
v -87.5000 -10.0000 18.5442 0.5500 0.5500 0.5500
v -75.0000 22.0000 34.0000 0.8800 0.8800 0.8800
v -62.5000 22.0000 34.0000 0.8800 0.8800 0.8800
v -62.5000 0.0000 32.6400 0.8800 0.8800 0.8800
v -75.0000 0.0000 32.6400 0.8800 0.8800 0.8800
v -75.0000 0.0000 32.6400 0.5500 0.5500 0.5500
v -62.5000 0.0000 32.6400 0.5500 0.5500 0.5500
v -62.5000 -10.0000 18.7000 0.5500 0.5500 0.5500
v -75.0000 -10.0000 18.7000 0.5500 0.5500 0.5500
v -62.5000 22.0000 34.0000 0.8800 0.8800 0.8800
v -50.0000 22.0000 34.0000 0.8800 0.8800 0.8800
v -50.0000 0.0000 32.6400 0.8800 0.8800 0.8800
v -62.5000 0.0000 32.6400 0.8800 0.8800 0.8800
v -62.5000 0.0000 32.6400 0.5500 0.5500 0.5500
v -50.0000 0.0000 32.6400 0.5500 0.5500 0.5500
v -50.0000 -10.0000 18.7000 0.5500 0.5500 0.5500
v -62.5000 -10.0000 18.7000 0.5500 0.5500 0.5500
v -50.0000 22.0000 34.0000 0.8800 0.8800 0.8800
v -37.5000 22.0000 34.0000 0.8800 0.8800 0.8800
v -37.5000 0.0000 32.6400 0.8800 0.8800 0.8800
v -50.0000 0.0000 32.6400 0.8800 0.8800 0.8800
v -50.0000 0.0000 32.6400 0.5500 0.5500 0.5500
v -37.5000 0.0000 32.6400 0.5500 0.5500 0.5500
v -37.5000 -10.0000 18.7000 0.5500 0.5500 0.5500
v -50.0000 -10.0000 18.7000 0.5500 0.5500 0.5500
v -37.5000 22.0000 34.0000 0.8800 0.8800 0.8800
v -25.0000 22.0000 34.0000 0.8800 0.8800 0.8800
v -25.0000 0.0000 32.6400 0.8800 0.8800 0.8800
v -37.5000 0.0000 32.6400 0.8800 0.8800 0.8800
v -37.5000 0.0000 32.6400 0.5500 0.5500 0.5500
v -25.0000 0.0000 32.6400 0.5500 0.5500 0.5500
v -25.0000 -10.0000 18.7000 0.5500 0.5500 0.5500
v -37.5000 -10.0000 18.7000 0.5500 0.5500 0.5500
v -25.0000 22.0000 34.0000 0.8800 0.8800 0.8800
v -12.5000 22.0000 34.0000 0.8800 0.8800 0.8800
v -12.5000 0.0000 32.6400 0.8800 0.8800 0.8800
v -25.0000 0.0000 32.6400 0.8800 0.8800 0.8800
v -25.0000 0.0000 32.6400 0.5500 0.5500 0.5500
v -12.5000 0.0000 32.6400 0.5500 0.5500 0.5500
v -12.5000 -10.0000 18.7000 0.5500 0.5500 0.5500
v -25.0000 -10.0000 18.7000 0.5500 0.5500 0.5500
v -12.5000 22.0000 34.0000 0.8800 0.8800 0.8800
v 0.0000 22.0000 34.0000 0.8800 0.8800 0.8800
v 0.0000 0.0000 32.6400 0.8800 0.8800 0.8800
v -12.5000 0.0000 32.6400 0.8800 0.8800 0.8800
v -12.5000 0.0000 32.6400 0.5500 0.5500 0.5500
v 0.0000 0.0000 32.6400 0.5500 0.5500 0.5500
v 0.0000 -10.0000 18.7000 0.5500 0.5500 0.5500
v -12.5000 -10.0000 18.7000 0.5500 0.5500 0.5500
v 0.0000 22.0000 34.0000 0.8800 0.8800 0.8800
v 12.5000 22.0000 34.0000 0.8800 0.8800 0.8800
v 12.5000 0.0000 32.6400 0.8800 0.8800 0.8800
v 0.0000 0.0000 32.6400 0.8800 0.8800 0.8800
v 0.0000 0.0000 32.6400 0.5500 0.5500 0.5500
v 12.5000 0.0000 32.6400 0.5500 0.5500 0.5500
v 12.5000 -10.0000 18.7000 0.5500 0.5500 0.5500
v 0.0000 -10.0000 18.7000 0.5500 0.5500 0.5500
v 12.5000 22.0000 34.0000 0.8800 0.8800 0.8800
v 25.0000 22.0000 34.0000 0.8800 0.8800 0.8800
v 25.0000 0.0000 32.6400 0.8800 0.8800 0.8800
v 12.5000 0.0000 32.6400 0.8800 0.8800 0.8800
v 12.5000 0.0000 32.6400 0.5500 0.5500 0.5500
v 25.0000 0.0000 32.6400 0.5500 0.5500 0.5500
v 25.0000 -10.0000 18.7000 0.5500 0.5500 0.5500
v 12.5000 -10.0000 18.7000 0.5500 0.5500 0.5500
v 25.0000 22.0000 34.0000 0.8800 0.8800 0.8800
v 37.5000 22.0000 34.0000 0.8800 0.8800 0.8800
v 37.5000 0.0000 32.6400 0.8800 0.8800 0.8800
v 25.0000 0.0000 32.6400 0.8800 0.8800 0.8800
v 25.0000 0.0000 32.6400 0.5500 0.5500 0.5500
v 37.5000 0.0000 32.6400 0.5500 0.5500 0.5500
v 37.5000 -10.0000 18.7000 0.5500 0.5500 0.5500
v 25.0000 -10.0000 18.7000 0.5500 0.5500 0.5500
v 37.5000 22.0000 34.0000 0.8800 0.8800 0.8800
v 50.0000 22.0000 34.0000 0.8800 0.8800 0.8800
v 50.0000 0.0000 32.6400 0.8800 0.8800 0.8800
v 37.5000 0.0000 32.6400 0.8800 0.8800 0.8800
v 37.5000 0.0000 32.6400 0.5500 0.5500 0.5500
v 50.0000 0.0000 32.6400 0.5500 0.5500 0.5500
v 50.0000 -10.0000 18.7000 0.5500 0.5500 0.5500
v 37.5000 -10.0000 18.7000 0.5500 0.5500 0.5500
v 50.0000 22.0000 34.0000 0.8800 0.8800 0.8800
v 62.5000 22.0000 34.0000 0.8800 0.8800 0.8800
v 62.5000 0.0000 32.6400 0.8800 0.8800 0.8800
v 50.0000 0.0000 32.6400 0.8800 0.8800 0.8800
v 50.0000 0.0000 32.6400 0.5500 0.5500 0.5500
v 62.5000 0.0000 32.6400 0.5500 0.5500 0.5500
v 62.5000 -10.0000 18.7000 0.5500 0.5500 0.5500
v 50.0000 -10.0000 18.7000 0.5500 0.5500 0.5500
v 62.5000 22.0000 34.0000 0.8800 0.8800 0.8800
v 75.0000 22.0000 34.0000 0.8800 0.8800 0.8800
v 75.0000 0.0000 32.6400 0.8800 0.8800 0.8800
v 62.5000 0.0000 32.6400 0.8800 0.8800 0.8800
v 62.5000 0.0000 32.6400 0.5500 0.5500 0.5500
v 75.0000 0.0000 32.6400 0.5500 0.5500 0.5500
v 75.0000 -10.0000 18.7000 0.5500 0.5500 0.5500
v 62.5000 -10.0000 18.7000 0.5500 0.5500 0.5500
v 75.0000 22.0000 34.0000 0.8795 0.8795 0.8795
v 87.5000 22.0217 33.9522 0.8795 0.8795 0.8795
v 87.5000 0.0000 32.5941 0.8795 0.8795 0.8795
v 75.0000 0.0000 32.6400 0.8795 0.8795 0.8795
v 75.0000 0.0000 32.6400 0.5500 0.5500 0.5500
v 87.5000 0.0000 32.5941 0.5500 0.5500 0.5500
v 87.5000 -10.0000 18.6737 0.5500 0.5500 0.5500
v 75.0000 -10.0000 18.7000 0.5500 0.5500 0.5500
v 87.5000 22.0217 33.9522 0.8712 0.8712 0.8712
v 100.0000 22.4525 32.9858 0.8712 0.8712 0.8712
v 100.0000 0.0000 31.6664 0.8712 0.8712 0.8712
v 87.5000 0.0000 32.5941 0.8712 0.8712 0.8712
v 87.5000 0.0000 32.5941 0.5500 0.5500 0.5500
v 100.0000 0.0000 31.6664 0.5500 0.5500 0.5500
v 100.0000 -10.0000 18.1422 0.5500 0.5500 0.5500
v 87.5000 -10.0000 18.6737 0.5500 0.5500 0.5500
v 100.0000 22.4525 32.9858 0.8609 0.8609 0.8609
v 112.5000 23.4358 30.6667 0.8609 0.8609 0.8609
v 112.5000 0.0000 29.4400 0.8609 0.8609 0.8609
v 100.0000 0.0000 31.6664 0.8609 0.8609 0.8609
v 100.0000 0.0000 31.6664 0.5500 0.5500 0.5500
v 112.5000 0.0000 29.4400 0.5500 0.5500 0.5500
v 112.5000 -10.0000 16.8667 0.5500 0.5500 0.5500
v 100.0000 -10.0000 18.1422 0.5500 0.5500 0.5500
v 112.5000 23.4358 30.6667 0.8504 0.8504 0.8504
v 125.0000 24.9715 26.6438 0.8504 0.8504 0.8504
v 125.0000 0.0000 25.5781 0.8504 0.8504 0.8504
v 112.5000 0.0000 29.4400 0.8504 0.8504 0.8504
v 112.5000 0.0000 29.4400 0.5500 0.5500 0.5500
v 125.0000 0.0000 25.5781 0.5500 0.5500 0.5500
v 125.0000 -10.0000 14.6541 0.5500 0.5500 0.5500
v 112.5000 -10.0000 16.8667 0.5500 0.5500 0.5500
v 125.0000 24.9715 26.6438 0.8377 0.8377 0.8377
v 137.5000 27.0595 19.9101 0.8377 0.8377 0.8377
v 137.5000 0.0000 19.1137 0.8377 0.8377 0.8377
v 125.0000 0.0000 25.5781 0.8377 0.8377 0.8377
v 125.0000 0.0000 25.5781 0.8391 0.8391 0.8391
v 137.5000 0.0000 19.1137 0.8391 0.8391 0.8391
v 137.5000 -10.0000 10.9506 0.8391 0.8391 0.8391
v 125.0000 -10.0000 14.6541 0.8391 0.8391 0.8391
v 137.5000 27.0595 19.9101 0.8063 0.8063 0.8063
v 150.0000 29.7000 0.0000 0.8063 0.8063 0.8063
v 150.0000 0.0000 0.0000 0.8063 0.8063 0.8063
v 137.5000 0.0000 19.1137 0.8063 0.8063 0.8063
v 137.5000 0.0000 19.1137 0.8074 0.8074 0.8074
v 150.0000 0.0000 0.0000 0.8074 0.8074 0.8074
v 150.0000 -10.0000 0.0000 0.8074 0.8074 0.8074
v 137.5000 -10.0000 10.9506 0.8074 0.8074 0.8074
v -137.5000 22.0000 -32.5833 0.6622 0.6622 0.6622
v -150.0000 22.0000 -32.3000 0.6622 0.6622 0.6622
v -150.0000 0.0000 -31.0080 0.6622 0.6622 0.6622
v -137.5000 0.0000 -31.2800 0.6622 0.6622 0.6622
v -137.5000 0.0000 -31.2800 0.5500 0.5500 0.5500
v -150.0000 0.0000 -31.0080 0.5500 0.5500 0.5500
v -150.0000 -10.0000 -17.7650 0.5500 0.5500 0.5500
v -137.5000 -10.0000 -17.9208 0.5500 0.5500 0.5500
v -125.0000 22.0000 -32.8667 0.6622 0.6622 0.6622
v -137.5000 22.0000 -32.5833 0.6622 0.6622 0.6622
v -137.5000 0.0000 -31.2800 0.6622 0.6622 0.6622
v -125.0000 0.0000 -31.5520 0.6622 0.6622 0.6622
v -125.0000 0.0000 -31.5520 0.5500 0.5500 0.5500
v -137.5000 0.0000 -31.2800 0.5500 0.5500 0.5500
v -137.5000 -10.0000 -17.9208 0.5500 0.5500 0.5500
v -125.0000 -10.0000 -18.0767 0.5500 0.5500 0.5500
v -112.5000 22.0000 -33.1500 0.6622 0.6622 0.6622
v -125.0000 22.0000 -32.8667 0.6622 0.6622 0.6622
v -125.0000 0.0000 -31.5520 0.6622 0.6622 0.6622
v -112.5000 0.0000 -31.8240 0.6622 0.6622 0.6622
v -112.5000 0.0000 -31.8240 0.5500 0.5500 0.5500
v -125.0000 0.0000 -31.5520 0.5500 0.5500 0.5500
v -125.0000 -10.0000 -18.0767 0.5500 0.5500 0.5500
v -112.5000 -10.0000 -18.2325 0.5500 0.5500 0.5500
v -100.0000 22.0000 -33.4333 0.6622 0.6622 0.6622
v -112.5000 22.0000 -33.1500 0.6622 0.6622 0.6622
v -112.5000 0.0000 -31.8240 0.6622 0.6622 0.6622
v -100.0000 0.0000 -32.0960 0.6622 0.6622 0.6622
v -100.0000 0.0000 -32.0960 0.5500 0.5500 0.5500
v -112.5000 0.0000 -31.8240 0.5500 0.5500 0.5500
v -112.5000 -10.0000 -18.2325 0.5500 0.5500 0.5500
v -100.0000 -10.0000 -18.3883 0.5500 0.5500 0.5500
v -87.5000 22.0000 -33.7167 0.6622 0.6622 0.6622
v -100.0000 22.0000 -33.4333 0.6622 0.6622 0.6622
v -100.0000 0.0000 -32.0960 0.6622 0.6622 0.6622
v -87.5000 0.0000 -32.3680 0.6622 0.6622 0.6622
v -87.5000 0.0000 -32.3680 0.5500 0.5500 0.5500
v -100.0000 0.0000 -32.0960 0.5500 0.5500 0.5500
v -100.0000 -10.0000 -18.3883 0.5500 0.5500 0.5500
v -87.5000 -10.0000 -18.5442 0.5500 0.5500 0.5500
v -75.0000 22.0000 -34.0000 0.6622 0.6622 0.6622
v -87.5000 22.0000 -33.7167 0.6622 0.6622 0.6622
v -87.5000 0.0000 -32.3680 0.6622 0.6622 0.6622
v -75.0000 0.0000 -32.6400 0.6622 0.6622 0.6622
v -75.0000 0.0000 -32.6400 0.5500 0.5500 0.5500
v -87.5000 0.0000 -32.3680 0.5500 0.5500 0.5500
v -87.5000 -10.0000 -18.5442 0.5500 0.5500 0.5500
v -75.0000 -10.0000 -18.7000 0.5500 0.5500 0.5500
v -62.5000 22.0000 -34.0000 0.6600 0.6600 0.6600
v -75.0000 22.0000 -34.0000 0.6600 0.6600 0.6600
v -75.0000 0.0000 -32.6400 0.6600 0.6600 0.6600
v -62.5000 0.0000 -32.6400 0.6600 0.6600 0.6600
v -62.5000 0.0000 -32.6400 0.5500 0.5500 0.5500
v -75.0000 0.0000 -32.6400 0.5500 0.5500 0.5500
v -75.0000 -10.0000 -18.7000 0.5500 0.5500 0.5500
v -62.5000 -10.0000 -18.7000 0.5500 0.5500 0.5500
v -50.0000 22.0000 -34.0000 0.6600 0.6600 0.6600
v -62.5000 22.0000 -34.0000 0.6600 0.6600 0.6600
v -62.5000 0.0000 -32.6400 0.6600 0.6600 0.6600
v -50.0000 0.0000 -32.6400 0.6600 0.6600 0.6600
v -50.0000 0.0000 -32.6400 0.5500 0.5500 0.5500
v -62.5000 0.0000 -32.6400 0.5500 0.5500 0.5500
v -62.5000 -10.0000 -18.7000 0.5500 0.5500 0.5500
v -50.0000 -10.0000 -18.7000 0.5500 0.5500 0.5500
v -37.5000 22.0000 -34.0000 0.6600 0.6600 0.6600
v -50.0000 22.0000 -34.0000 0.6600 0.6600 0.6600
v -50.0000 0.0000 -32.6400 0.6600 0.6600 0.6600
v -37.5000 0.0000 -32.6400 0.6600 0.6600 0.6600
v -37.5000 0.0000 -32.6400 0.5500 0.5500 0.5500
v -50.0000 0.0000 -32.6400 0.5500 0.5500 0.5500
v -50.0000 -10.0000 -18.7000 0.5500 0.5500 0.5500
v -37.5000 -10.0000 -18.7000 0.5500 0.5500 0.5500
v -25.0000 22.0000 -34.0000 0.6600 0.6600 0.6600
v -37.5000 22.0000 -34.0000 0.6600 0.6600 0.6600
v -37.5000 0.0000 -32.6400 0.6600 0.6600 0.6600
v -25.0000 0.0000 -32.6400 0.6600 0.6600 0.6600
v -25.0000 0.0000 -32.6400 0.5500 0.5500 0.5500
v -37.5000 0.0000 -32.6400 0.5500 0.5500 0.5500
v -37.5000 -10.0000 -18.7000 0.5500 0.5500 0.5500
v -25.0000 -10.0000 -18.7000 0.5500 0.5500 0.5500
v -12.5000 22.0000 -34.0000 0.6600 0.6600 0.6600
v -25.0000 22.0000 -34.0000 0.6600 0.6600 0.6600
v -25.0000 0.0000 -32.6400 0.6600 0.6600 0.6600
v -12.5000 0.0000 -32.6400 0.6600 0.6600 0.6600
v -12.5000 0.0000 -32.6400 0.5500 0.5500 0.5500
v -25.0000 0.0000 -32.6400 0.5500 0.5500 0.5500
v -25.0000 -10.0000 -18.7000 0.5500 0.5500 0.5500
v -12.5000 -10.0000 -18.7000 0.5500 0.5500 0.5500
v 0.0000 22.0000 -34.0000 0.6600 0.6600 0.6600
v -12.5000 22.0000 -34.0000 0.6600 0.6600 0.6600
v -12.5000 0.0000 -32.6400 0.6600 0.6600 0.6600
v 0.0000 0.0000 -32.6400 0.6600 0.6600 0.6600
v 0.0000 0.0000 -32.6400 0.5500 0.5500 0.5500
v -12.5000 0.0000 -32.6400 0.5500 0.5500 0.5500
v -12.5000 -10.0000 -18.7000 0.5500 0.5500 0.5500
v 0.0000 -10.0000 -18.7000 0.5500 0.5500 0.5500
v 12.5000 22.0000 -34.0000 0.6600 0.6600 0.6600
v 0.0000 22.0000 -34.0000 0.6600 0.6600 0.6600
v 0.0000 0.0000 -32.6400 0.6600 0.6600 0.6600
v 12.5000 0.0000 -32.6400 0.6600 0.6600 0.6600
v 12.5000 0.0000 -32.6400 0.5500 0.5500 0.5500
v 0.0000 0.0000 -32.6400 0.5500 0.5500 0.5500
v 0.0000 -10.0000 -18.7000 0.5500 0.5500 0.5500
v 12.5000 -10.0000 -18.7000 0.5500 0.5500 0.5500
v 25.0000 22.0000 -34.0000 0.6600 0.6600 0.6600
v 12.5000 22.0000 -34.0000 0.6600 0.6600 0.6600
v 12.5000 0.0000 -32.6400 0.6600 0.6600 0.6600
v 25.0000 0.0000 -32.6400 0.6600 0.6600 0.6600
v 25.0000 0.0000 -32.6400 0.5500 0.5500 0.5500
v 12.5000 0.0000 -32.6400 0.5500 0.5500 0.5500
v 12.5000 -10.0000 -18.7000 0.5500 0.5500 0.5500
v 25.0000 -10.0000 -18.7000 0.5500 0.5500 0.5500
v 37.5000 22.0000 -34.0000 0.6600 0.6600 0.6600
v 25.0000 22.0000 -34.0000 0.6600 0.6600 0.6600
v 25.0000 0.0000 -32.6400 0.6600 0.6600 0.6600
v 37.5000 0.0000 -32.6400 0.6600 0.6600 0.6600
v 37.5000 0.0000 -32.6400 0.5500 0.5500 0.5500
v 25.0000 0.0000 -32.6400 0.5500 0.5500 0.5500
v 25.0000 -10.0000 -18.7000 0.5500 0.5500 0.5500
v 37.5000 -10.0000 -18.7000 0.5500 0.5500 0.5500
v 50.0000 22.0000 -34.0000 0.6600 0.6600 0.6600
v 37.5000 22.0000 -34.0000 0.6600 0.6600 0.6600
v 37.5000 0.0000 -32.6400 0.6600 0.6600 0.6600
v 50.0000 0.0000 -32.6400 0.6600 0.6600 0.6600
v 50.0000 0.0000 -32.6400 0.5500 0.5500 0.5500
v 37.5000 0.0000 -32.6400 0.5500 0.5500 0.5500
v 37.5000 -10.0000 -18.7000 0.5500 0.5500 0.5500
v 50.0000 -10.0000 -18.7000 0.5500 0.5500 0.5500
v 62.5000 22.0000 -34.0000 0.6600 0.6600 0.6600
v 50.0000 22.0000 -34.0000 0.6600 0.6600 0.6600
v 50.0000 0.0000 -32.6400 0.6600 0.6600 0.6600
v 62.5000 0.0000 -32.6400 0.6600 0.6600 0.6600
v 62.5000 0.0000 -32.6400 0.5500 0.5500 0.5500
v 50.0000 0.0000 -32.6400 0.5500 0.5500 0.5500
v 50.0000 -10.0000 -18.7000 0.5500 0.5500 0.5500
v 62.5000 -10.0000 -18.7000 0.5500 0.5500 0.5500
v 75.0000 22.0000 -34.0000 0.6600 0.6600 0.6600
v 62.5000 22.0000 -34.0000 0.6600 0.6600 0.6600
v 62.5000 0.0000 -32.6400 0.6600 0.6600 0.6600
v 75.0000 0.0000 -32.6400 0.6600 0.6600 0.6600
v 75.0000 0.0000 -32.6400 0.5500 0.5500 0.5500
v 62.5000 0.0000 -32.6400 0.5500 0.5500 0.5500
v 62.5000 -10.0000 -18.7000 0.5500 0.5500 0.5500
v 75.0000 -10.0000 -18.7000 0.5500 0.5500 0.5500
v 87.5000 22.0217 -33.9522 0.6604 0.6604 0.6604
v 75.0000 22.0000 -34.0000 0.6604 0.6604 0.6604
v 75.0000 0.0000 -32.6400 0.6604 0.6604 0.6604
v 87.5000 0.0000 -32.5941 0.6604 0.6604 0.6604
v 87.5000 0.0000 -32.5941 0.5500 0.5500 0.5500
v 75.0000 0.0000 -32.6400 0.5500 0.5500 0.5500
v 75.0000 -10.0000 -18.7000 0.5500 0.5500 0.5500
v 87.5000 -10.0000 -18.6737 0.5500 0.5500 0.5500
v 100.0000 22.4525 -32.9858 0.6674 0.6674 0.6674
v 87.5000 22.0217 -33.9522 0.6674 0.6674 0.6674
v 87.5000 0.0000 -32.5941 0.6674 0.6674 0.6674
v 100.0000 0.0000 -31.6664 0.6674 0.6674 0.6674
v 100.0000 0.0000 -31.6664 0.5500 0.5500 0.5500
v 87.5000 0.0000 -32.5941 0.5500 0.5500 0.5500
v 87.5000 -10.0000 -18.6737 0.5500 0.5500 0.5500
v 100.0000 -10.0000 -18.1422 0.5500 0.5500 0.5500
v 112.5000 23.4358 -30.6667 0.6760 0.6760 0.6760
v 100.0000 22.4525 -32.9858 0.6760 0.6760 0.6760
v 100.0000 0.0000 -31.6664 0.6760 0.6760 0.6760
v 112.5000 0.0000 -29.4400 0.6760 0.6760 0.6760
v 112.5000 0.0000 -29.4400 0.5500 0.5500 0.5500
v 100.0000 0.0000 -31.6664 0.5500 0.5500 0.5500
v 100.0000 -10.0000 -18.1422 0.5500 0.5500 0.5500
v 112.5000 -10.0000 -16.8667 0.5500 0.5500 0.5500
v 125.0000 24.9715 -26.6438 0.6847 0.6847 0.6847
v 112.5000 23.4358 -30.6667 0.6847 0.6847 0.6847
v 112.5000 0.0000 -29.4400 0.6847 0.6847 0.6847
v 125.0000 0.0000 -25.5781 0.6847 0.6847 0.6847
v 125.0000 0.0000 -25.5781 0.5500 0.5500 0.5500
v 112.5000 0.0000 -29.4400 0.5500 0.5500 0.5500
v 112.5000 -10.0000 -16.8667 0.5500 0.5500 0.5500
v 125.0000 -10.0000 -14.6541 0.5500 0.5500 0.5500
v 137.5000 27.0595 -19.9101 0.6953 0.6953 0.6953
v 125.0000 24.9715 -26.6438 0.6953 0.6953 0.6953
v 125.0000 0.0000 -25.5781 0.6953 0.6953 0.6953
v 137.5000 0.0000 -19.1137 0.6953 0.6953 0.6953
v 137.5000 0.0000 -19.1137 0.6941 0.6941 0.6941
v 125.0000 0.0000 -25.5781 0.6941 0.6941 0.6941
v 125.0000 -10.0000 -14.6541 0.6941 0.6941 0.6941
v 137.5000 -10.0000 -10.9506 0.6941 0.6941 0.6941
v 150.0000 29.7000 -0.0000 0.7215 0.7215 0.7215
v 137.5000 27.0595 -19.9101 0.7215 0.7215 0.7215
v 137.5000 0.0000 -19.1137 0.7215 0.7215 0.7215
v 150.0000 0.0000 -0.0000 0.7215 0.7215 0.7215
v 150.0000 0.0000 -0.0000 0.7205 0.7205 0.7205
v 137.5000 0.0000 -19.1137 0.7205 0.7205 0.7205
v 137.5000 -10.0000 -10.9506 0.7205 0.7205 0.7205
v 150.0000 -10.0000 -0.0000 0.7205 0.7205 0.7205
v -150.0000 22.0000 -32.3000 0.7600 0.7600 0.7600
v -150.0000 22.0000 32.3000 0.7600 0.7600 0.7600
v -150.0000 0.0000 31.0080 0.7600 0.7600 0.7600
v -150.0000 0.0000 -31.0080 0.7600 0.7600 0.7600
v -150.0000 0.0000 -31.0080 0.7600 0.7600 0.7600
v -150.0000 0.0000 31.0080 0.7600 0.7600 0.7600
v -150.0000 -10.0000 17.7650 0.7600 0.7600 0.7600
v -150.0000 -10.0000 -17.7650 0.7600 0.7600 0.7600
v -137.5000 22.0000 31.0833 0.6622 0.6622 0.6622
v -150.0000 22.0000 30.8000 0.6622 0.6622 0.6622
v -150.0000 19.0000 30.8000 0.6622 0.6622 0.6622
v -137.5000 19.0000 31.0833 0.6622 0.6622 0.6622
v -150.0000 22.0000 32.3000 1.0000 1.0000 1.0000
v -137.5000 22.0000 32.5833 1.0000 1.0000 1.0000
v -137.5000 22.0000 31.0833 1.0000 1.0000 1.0000
v -150.0000 22.0000 30.8000 1.0000 1.0000 1.0000
v -125.0000 22.0000 31.3667 0.6622 0.6622 0.6622
v -137.5000 22.0000 31.0833 0.6622 0.6622 0.6622
v -137.5000 19.0000 31.0833 0.6622 0.6622 0.6622
v -125.0000 19.0000 31.3667 0.6622 0.6622 0.6622
v -137.5000 22.0000 32.5833 1.0000 1.0000 1.0000
v -125.0000 22.0000 32.8667 1.0000 1.0000 1.0000
v -125.0000 22.0000 31.3667 1.0000 1.0000 1.0000
v -137.5000 22.0000 31.0833 1.0000 1.0000 1.0000
v -112.5000 22.0000 31.6500 0.6622 0.6622 0.6622
v -125.0000 22.0000 31.3667 0.6622 0.6622 0.6622
v -125.0000 19.0000 31.3667 0.6622 0.6622 0.6622
v -112.5000 19.0000 31.6500 0.6622 0.6622 0.6622
v -125.0000 22.0000 32.8667 1.0000 1.0000 1.0000
v -112.5000 22.0000 33.1500 1.0000 1.0000 1.0000
v -112.5000 22.0000 31.6500 1.0000 1.0000 1.0000
v -125.0000 22.0000 31.3667 1.0000 1.0000 1.0000
v -100.0000 22.0000 31.9333 0.6622 0.6622 0.6622
v -112.5000 22.0000 31.6500 0.6622 0.6622 0.6622
v -112.5000 19.0000 31.6500 0.6622 0.6622 0.6622
v -100.0000 19.0000 31.9333 0.6622 0.6622 0.6622
v -112.5000 22.0000 33.1500 1.0000 1.0000 1.0000
v -100.0000 22.0000 33.4333 1.0000 1.0000 1.0000
v -100.0000 22.0000 31.9333 1.0000 1.0000 1.0000
v -112.5000 22.0000 31.6500 1.0000 1.0000 1.0000
v -87.5000 22.0000 32.2167 0.6622 0.6622 0.6622
v -100.0000 22.0000 31.9333 0.6622 0.6622 0.6622
v -100.0000 19.0000 31.9333 0.6622 0.6622 0.6622
v -87.5000 19.0000 32.2167 0.6622 0.6622 0.6622
v -100.0000 22.0000 33.4333 1.0000 1.0000 1.0000
v -87.5000 22.0000 33.7167 1.0000 1.0000 1.0000
v -87.5000 22.0000 32.2167 1.0000 1.0000 1.0000
v -100.0000 22.0000 31.9333 1.0000 1.0000 1.0000
v -75.0000 22.0000 32.5000 0.6622 0.6622 0.6622
v -87.5000 22.0000 32.2167 0.6622 0.6622 0.6622
v -87.5000 19.0000 32.2167 0.6622 0.6622 0.6622
v -75.0000 19.0000 32.5000 0.6622 0.6622 0.6622
v -87.5000 22.0000 33.7167 1.0000 1.0000 1.0000
v -75.0000 22.0000 34.0000 1.0000 1.0000 1.0000
v -75.0000 22.0000 32.5000 1.0000 1.0000 1.0000
v -87.5000 22.0000 32.2167 1.0000 1.0000 1.0000
v -62.5000 22.0000 32.5000 0.6600 0.6600 0.6600
v -75.0000 22.0000 32.5000 0.6600 0.6600 0.6600
v -75.0000 19.0000 32.5000 0.6600 0.6600 0.6600
v -62.5000 19.0000 32.5000 0.6600 0.6600 0.6600
v -75.0000 22.0000 34.0000 1.0000 1.0000 1.0000
v -62.5000 22.0000 34.0000 1.0000 1.0000 1.0000
v -62.5000 22.0000 32.5000 1.0000 1.0000 1.0000
v -75.0000 22.0000 32.5000 1.0000 1.0000 1.0000
v -50.0000 22.0000 32.5000 0.6600 0.6600 0.6600
v -62.5000 22.0000 32.5000 0.6600 0.6600 0.6600
v -62.5000 19.0000 32.5000 0.6600 0.6600 0.6600
v -50.0000 19.0000 32.5000 0.6600 0.6600 0.6600
v -62.5000 22.0000 34.0000 1.0000 1.0000 1.0000
v -50.0000 22.0000 34.0000 1.0000 1.0000 1.0000
v -50.0000 22.0000 32.5000 1.0000 1.0000 1.0000
v -62.5000 22.0000 32.5000 1.0000 1.0000 1.0000
v -37.5000 22.0000 32.5000 0.6600 0.6600 0.6600
v -50.0000 22.0000 32.5000 0.6600 0.6600 0.6600
v -50.0000 19.0000 32.5000 0.6600 0.6600 0.6600
v -37.5000 19.0000 32.5000 0.6600 0.6600 0.6600
v -50.0000 22.0000 34.0000 1.0000 1.0000 1.0000
v -37.5000 22.0000 34.0000 1.0000 1.0000 1.0000
v -37.5000 22.0000 32.5000 1.0000 1.0000 1.0000
v -50.0000 22.0000 32.5000 1.0000 1.0000 1.0000
v -25.0000 22.0000 32.5000 0.6600 0.6600 0.6600
v -37.5000 22.0000 32.5000 0.6600 0.6600 0.6600
v -37.5000 19.0000 32.5000 0.6600 0.6600 0.6600
v -25.0000 19.0000 32.5000 0.6600 0.6600 0.6600
v -37.5000 22.0000 34.0000 1.0000 1.0000 1.0000
v -25.0000 22.0000 34.0000 1.0000 1.0000 1.0000
v -25.0000 22.0000 32.5000 1.0000 1.0000 1.0000
v -37.5000 22.0000 32.5000 1.0000 1.0000 1.0000
v -12.5000 22.0000 32.5000 0.6600 0.6600 0.6600
v -25.0000 22.0000 32.5000 0.6600 0.6600 0.6600
v -25.0000 19.0000 32.5000 0.6600 0.6600 0.6600
v -12.5000 19.0000 32.5000 0.6600 0.6600 0.6600
v -25.0000 22.0000 34.0000 1.0000 1.0000 1.0000
v -12.5000 22.0000 34.0000 1.0000 1.0000 1.0000
v -12.5000 22.0000 32.5000 1.0000 1.0000 1.0000
v -25.0000 22.0000 32.5000 1.0000 1.0000 1.0000
v 0.0000 22.0000 32.5000 0.6600 0.6600 0.6600
v -12.5000 22.0000 32.5000 0.6600 0.6600 0.6600
v -12.5000 19.0000 32.5000 0.6600 0.6600 0.6600
v 0.0000 19.0000 32.5000 0.6600 0.6600 0.6600
v -12.5000 22.0000 34.0000 1.0000 1.0000 1.0000
v 0.0000 22.0000 34.0000 1.0000 1.0000 1.0000
v 0.0000 22.0000 32.5000 1.0000 1.0000 1.0000
v -12.5000 22.0000 32.5000 1.0000 1.0000 1.0000
v 12.5000 22.0000 32.5000 0.6600 0.6600 0.6600
v 0.0000 22.0000 32.5000 0.6600 0.6600 0.6600
v 0.0000 19.0000 32.5000 0.6600 0.6600 0.6600
v 12.5000 19.0000 32.5000 0.6600 0.6600 0.6600
v 0.0000 22.0000 34.0000 1.0000 1.0000 1.0000
v 12.5000 22.0000 34.0000 1.0000 1.0000 1.0000
v 12.5000 22.0000 32.5000 1.0000 1.0000 1.0000
v 0.0000 22.0000 32.5000 1.0000 1.0000 1.0000
v 25.0000 22.0000 32.5000 0.6600 0.6600 0.6600
v 12.5000 22.0000 32.5000 0.6600 0.6600 0.6600
v 12.5000 19.0000 32.5000 0.6600 0.6600 0.6600
v 25.0000 19.0000 32.5000 0.6600 0.6600 0.6600
v 12.5000 22.0000 34.0000 1.0000 1.0000 1.0000
v 25.0000 22.0000 34.0000 1.0000 1.0000 1.0000
v 25.0000 22.0000 32.5000 1.0000 1.0000 1.0000
v 12.5000 22.0000 32.5000 1.0000 1.0000 1.0000
v 37.5000 22.0000 32.5000 0.6600 0.6600 0.6600
v 25.0000 22.0000 32.5000 0.6600 0.6600 0.6600
v 25.0000 19.0000 32.5000 0.6600 0.6600 0.6600
v 37.5000 19.0000 32.5000 0.6600 0.6600 0.6600
v 25.0000 22.0000 34.0000 1.0000 1.0000 1.0000
v 37.5000 22.0000 34.0000 1.0000 1.0000 1.0000
v 37.5000 22.0000 32.5000 1.0000 1.0000 1.0000
v 25.0000 22.0000 32.5000 1.0000 1.0000 1.0000
v 50.0000 22.0000 32.5000 0.6600 0.6600 0.6600
v 37.5000 22.0000 32.5000 0.6600 0.6600 0.6600
v 37.5000 19.0000 32.5000 0.6600 0.6600 0.6600
v 50.0000 19.0000 32.5000 0.6600 0.6600 0.6600
v 37.5000 22.0000 34.0000 1.0000 1.0000 1.0000
v 50.0000 22.0000 34.0000 1.0000 1.0000 1.0000
v 50.0000 22.0000 32.5000 1.0000 1.0000 1.0000
v 37.5000 22.0000 32.5000 1.0000 1.0000 1.0000
v 62.5000 22.0000 32.5000 0.6600 0.6600 0.6600
v 50.0000 22.0000 32.5000 0.6600 0.6600 0.6600
v 50.0000 19.0000 32.5000 0.6600 0.6600 0.6600
v 62.5000 19.0000 32.5000 0.6600 0.6600 0.6600
v 50.0000 22.0000 34.0000 1.0000 1.0000 1.0000
v 62.5000 22.0000 34.0000 1.0000 1.0000 1.0000
v 62.5000 22.0000 32.5000 1.0000 1.0000 1.0000
v 50.0000 22.0000 32.5000 1.0000 1.0000 1.0000
v 75.0000 22.0000 32.5000 0.6600 0.6600 0.6600
v 62.5000 22.0000 32.5000 0.6600 0.6600 0.6600
v 62.5000 19.0000 32.5000 0.6600 0.6600 0.6600
v 75.0000 19.0000 32.5000 0.6600 0.6600 0.6600
v 62.5000 22.0000 34.0000 1.0000 1.0000 1.0000
v 75.0000 22.0000 34.0000 1.0000 1.0000 1.0000
v 75.0000 22.0000 32.5000 1.0000 1.0000 1.0000
v 62.5000 22.0000 32.5000 1.0000 1.0000 1.0000
v 87.5000 22.0217 32.4522 0.6604 0.6604 0.6604
v 75.0000 22.0000 32.5000 0.6604 0.6604 0.6604
v 75.0000 19.0000 32.5000 0.6604 0.6604 0.6604
v 87.5000 19.0000 32.4522 0.6604 0.6604 0.6604
v 75.0000 22.0000 34.0000 1.0000 1.0000 1.0000
v 87.5000 22.0217 33.9522 1.0000 1.0000 1.0000
v 87.5000 22.0217 32.4522 1.0000 1.0000 1.0000
v 75.0000 22.0000 32.5000 1.0000 1.0000 1.0000
v 100.0000 22.4525 31.4858 0.6672 0.6672 0.6672
v 87.5000 22.0217 32.4522 0.6672 0.6672 0.6672
v 87.5000 19.0000 32.4522 0.6672 0.6672 0.6672
v 100.0000 19.0000 31.4858 0.6672 0.6672 0.6672
v 87.5000 22.0217 33.9522 1.0000 1.0000 1.0000
v 100.0000 22.4525 32.9858 1.0000 1.0000 1.0000
v 100.0000 22.4525 31.4858 1.0000 1.0000 1.0000
v 87.5000 22.0217 32.4522 1.0000 1.0000 1.0000
v 112.5000 23.4358 29.1667 0.6756 0.6756 0.6756
v 100.0000 22.4525 31.4858 0.6756 0.6756 0.6756
v 100.0000 19.0000 31.4858 0.6756 0.6756 0.6756
v 112.5000 19.0000 29.1667 0.6756 0.6756 0.6756
v 100.0000 22.4525 32.9858 1.0000 1.0000 1.0000
v 112.5000 23.4358 30.6667 1.0000 1.0000 1.0000
v 112.5000 23.4358 29.1667 1.0000 1.0000 1.0000
v 100.0000 22.4525 31.4858 1.0000 1.0000 1.0000
v 125.0000 24.9715 25.1438 0.6843 0.6843 0.6843
v 112.5000 23.4358 29.1667 0.6843 0.6843 0.6843
v 112.5000 19.0000 29.1667 0.6843 0.6843 0.6843
v 125.0000 19.0000 25.1438 0.6843 0.6843 0.6843
v 112.5000 23.4358 30.6667 1.0000 1.0000 1.0000
v 125.0000 24.9715 26.6438 1.0000 1.0000 1.0000
v 125.0000 24.9715 25.1438 1.0000 1.0000 1.0000
v 112.5000 23.4358 29.1667 1.0000 1.0000 1.0000
v 137.5000 27.0595 18.4101 0.6950 0.6950 0.6950
v 125.0000 24.9715 25.1438 0.6950 0.6950 0.6950
v 125.0000 19.0000 25.1438 0.6950 0.6950 0.6950
v 137.5000 19.0000 18.4101 0.6950 0.6950 0.6950
v 125.0000 24.9715 26.6438 1.0000 1.0000 1.0000
v 137.5000 27.0595 19.9101 1.0000 1.0000 1.0000
v 137.5000 27.0595 18.4101 1.0000 1.0000 1.0000
v 125.0000 24.9715 25.1438 1.0000 1.0000 1.0000
v 150.0000 29.7000 0.0000 0.7196 0.7196 0.7196
v 137.5000 27.0595 18.4101 0.7196 0.7196 0.7196
v 137.5000 19.0000 18.4101 0.7196 0.7196 0.7196
v 150.0000 19.0000 0.0000 0.7196 0.7196 0.7196
v 137.5000 27.0595 19.9101 1.0000 1.0000 1.0000
v 150.0000 29.7000 0.0000 1.0000 1.0000 1.0000
v 150.0000 29.7000 0.0000 1.0000 1.0000 1.0000
v 137.5000 27.0595 18.4101 1.0000 1.0000 1.0000
v -150.0000 22.0000 -30.8000 0.8773 0.8773 0.8773
v -137.5000 22.0000 -31.0833 0.8773 0.8773 0.8773
v -137.5000 19.0000 -31.0833 0.8773 0.8773 0.8773
v -150.0000 19.0000 -30.8000 0.8773 0.8773 0.8773
v -150.0000 22.0000 -32.3000 1.0000 1.0000 1.0000
v -137.5000 22.0000 -32.5833 1.0000 1.0000 1.0000
v -137.5000 22.0000 -31.0833 1.0000 1.0000 1.0000
v -150.0000 22.0000 -30.8000 1.0000 1.0000 1.0000
v -137.5000 22.0000 -31.0833 0.8773 0.8773 0.8773
v -125.0000 22.0000 -31.3667 0.8773 0.8773 0.8773
v -125.0000 19.0000 -31.3667 0.8773 0.8773 0.8773
v -137.5000 19.0000 -31.0833 0.8773 0.8773 0.8773
v -137.5000 22.0000 -32.5833 1.0000 1.0000 1.0000
v -125.0000 22.0000 -32.8667 1.0000 1.0000 1.0000
v -125.0000 22.0000 -31.3667 1.0000 1.0000 1.0000
v -137.5000 22.0000 -31.0833 1.0000 1.0000 1.0000
v -125.0000 22.0000 -31.3667 0.8773 0.8773 0.8773
v -112.5000 22.0000 -31.6500 0.8773 0.8773 0.8773
v -112.5000 19.0000 -31.6500 0.8773 0.8773 0.8773
v -125.0000 19.0000 -31.3667 0.8773 0.8773 0.8773
v -125.0000 22.0000 -32.8667 1.0000 1.0000 1.0000
v -112.5000 22.0000 -33.1500 1.0000 1.0000 1.0000
v -112.5000 22.0000 -31.6500 1.0000 1.0000 1.0000
v -125.0000 22.0000 -31.3667 1.0000 1.0000 1.0000
v -112.5000 22.0000 -31.6500 0.8773 0.8773 0.8773
v -100.0000 22.0000 -31.9333 0.8773 0.8773 0.8773
v -100.0000 19.0000 -31.9333 0.8773 0.8773 0.8773
v -112.5000 19.0000 -31.6500 0.8773 0.8773 0.8773
v -112.5000 22.0000 -33.1500 1.0000 1.0000 1.0000
v -100.0000 22.0000 -33.4333 1.0000 1.0000 1.0000
v -100.0000 22.0000 -31.9333 1.0000 1.0000 1.0000
v -112.5000 22.0000 -31.6500 1.0000 1.0000 1.0000
v -100.0000 22.0000 -31.9333 0.8773 0.8773 0.8773
v -87.5000 22.0000 -32.2167 0.8773 0.8773 0.8773
v -87.5000 19.0000 -32.2167 0.8773 0.8773 0.8773
v -100.0000 19.0000 -31.9333 0.8773 0.8773 0.8773
v -100.0000 22.0000 -33.4333 1.0000 1.0000 1.0000
v -87.5000 22.0000 -33.7167 1.0000 1.0000 1.0000
v -87.5000 22.0000 -32.2167 1.0000 1.0000 1.0000
v -100.0000 22.0000 -31.9333 1.0000 1.0000 1.0000
v -87.5000 22.0000 -32.2167 0.8773 0.8773 0.8773
v -75.0000 22.0000 -32.5000 0.8773 0.8773 0.8773
v -75.0000 19.0000 -32.5000 0.8773 0.8773 0.8773
v -87.5000 19.0000 -32.2167 0.8773 0.8773 0.8773
v -87.5000 22.0000 -33.7167 1.0000 1.0000 1.0000
v -75.0000 22.0000 -34.0000 1.0000 1.0000 1.0000
v -75.0000 22.0000 -32.5000 1.0000 1.0000 1.0000
v -87.5000 22.0000 -32.2167 1.0000 1.0000 1.0000
v -75.0000 22.0000 -32.5000 0.8800 0.8800 0.8800
v -62.5000 22.0000 -32.5000 0.8800 0.8800 0.8800
v -62.5000 19.0000 -32.5000 0.8800 0.8800 0.8800
v -75.0000 19.0000 -32.5000 0.8800 0.8800 0.8800
v -75.0000 22.0000 -34.0000 1.0000 1.0000 1.0000
v -62.5000 22.0000 -34.0000 1.0000 1.0000 1.0000
v -62.5000 22.0000 -32.5000 1.0000 1.0000 1.0000
v -75.0000 22.0000 -32.5000 1.0000 1.0000 1.0000
v -62.5000 22.0000 -32.5000 0.8800 0.8800 0.8800
v -50.0000 22.0000 -32.5000 0.8800 0.8800 0.8800
v -50.0000 19.0000 -32.5000 0.8800 0.8800 0.8800
v -62.5000 19.0000 -32.5000 0.8800 0.8800 0.8800
v -62.5000 22.0000 -34.0000 1.0000 1.0000 1.0000
v -50.0000 22.0000 -34.0000 1.0000 1.0000 1.0000
v -50.0000 22.0000 -32.5000 1.0000 1.0000 1.0000
v -62.5000 22.0000 -32.5000 1.0000 1.0000 1.0000
v -50.0000 22.0000 -32.5000 0.8800 0.8800 0.8800
v -37.5000 22.0000 -32.5000 0.8800 0.8800 0.8800
v -37.5000 19.0000 -32.5000 0.8800 0.8800 0.8800
v -50.0000 19.0000 -32.5000 0.8800 0.8800 0.8800
v -50.0000 22.0000 -34.0000 1.0000 1.0000 1.0000
v -37.5000 22.0000 -34.0000 1.0000 1.0000 1.0000
v -37.5000 22.0000 -32.5000 1.0000 1.0000 1.0000
v -50.0000 22.0000 -32.5000 1.0000 1.0000 1.0000
v -37.5000 22.0000 -32.5000 0.8800 0.8800 0.8800
v -25.0000 22.0000 -32.5000 0.8800 0.8800 0.8800
v -25.0000 19.0000 -32.5000 0.8800 0.8800 0.8800
v -37.5000 19.0000 -32.5000 0.8800 0.8800 0.8800
v -37.5000 22.0000 -34.0000 1.0000 1.0000 1.0000
v -25.0000 22.0000 -34.0000 1.0000 1.0000 1.0000
v -25.0000 22.0000 -32.5000 1.0000 1.0000 1.0000
v -37.5000 22.0000 -32.5000 1.0000 1.0000 1.0000
v -25.0000 22.0000 -32.5000 0.8800 0.8800 0.8800
v -12.5000 22.0000 -32.5000 0.8800 0.8800 0.8800
v -12.5000 19.0000 -32.5000 0.8800 0.8800 0.8800
v -25.0000 19.0000 -32.5000 0.8800 0.8800 0.8800
v -25.0000 22.0000 -34.0000 1.0000 1.0000 1.0000
v -12.5000 22.0000 -34.0000 1.0000 1.0000 1.0000
v -12.5000 22.0000 -32.5000 1.0000 1.0000 1.0000
v -25.0000 22.0000 -32.5000 1.0000 1.0000 1.0000
v -12.5000 22.0000 -32.5000 0.8800 0.8800 0.8800
v 0.0000 22.0000 -32.5000 0.8800 0.8800 0.8800
v 0.0000 19.0000 -32.5000 0.8800 0.8800 0.8800
v -12.5000 19.0000 -32.5000 0.8800 0.8800 0.8800
v -12.5000 22.0000 -34.0000 1.0000 1.0000 1.0000
v 0.0000 22.0000 -34.0000 1.0000 1.0000 1.0000
v 0.0000 22.0000 -32.5000 1.0000 1.0000 1.0000
v -12.5000 22.0000 -32.5000 1.0000 1.0000 1.0000
v 0.0000 22.0000 -32.5000 0.8800 0.8800 0.8800
v 12.5000 22.0000 -32.5000 0.8800 0.8800 0.8800
v 12.5000 19.0000 -32.5000 0.8800 0.8800 0.8800
v 0.0000 19.0000 -32.5000 0.8800 0.8800 0.8800
v 0.0000 22.0000 -34.0000 1.0000 1.0000 1.0000
v 12.5000 22.0000 -34.0000 1.0000 1.0000 1.0000
v 12.5000 22.0000 -32.5000 1.0000 1.0000 1.0000
v 0.0000 22.0000 -32.5000 1.0000 1.0000 1.0000
v 12.5000 22.0000 -32.5000 0.8800 0.8800 0.8800
v 25.0000 22.0000 -32.5000 0.8800 0.8800 0.8800
v 25.0000 19.0000 -32.5000 0.8800 0.8800 0.8800
v 12.5000 19.0000 -32.5000 0.8800 0.8800 0.8800
v 12.5000 22.0000 -34.0000 1.0000 1.0000 1.0000
v 25.0000 22.0000 -34.0000 1.0000 1.0000 1.0000
v 25.0000 22.0000 -32.5000 1.0000 1.0000 1.0000
v 12.5000 22.0000 -32.5000 1.0000 1.0000 1.0000
v 25.0000 22.0000 -32.5000 0.8800 0.8800 0.8800
v 37.5000 22.0000 -32.5000 0.8800 0.8800 0.8800
v 37.5000 19.0000 -32.5000 0.8800 0.8800 0.8800
v 25.0000 19.0000 -32.5000 0.8800 0.8800 0.8800
v 25.0000 22.0000 -34.0000 1.0000 1.0000 1.0000
v 37.5000 22.0000 -34.0000 1.0000 1.0000 1.0000
v 37.5000 22.0000 -32.5000 1.0000 1.0000 1.0000
v 25.0000 22.0000 -32.5000 1.0000 1.0000 1.0000
v 37.5000 22.0000 -32.5000 0.8800 0.8800 0.8800
v 50.0000 22.0000 -32.5000 0.8800 0.8800 0.8800
v 50.0000 19.0000 -32.5000 0.8800 0.8800 0.8800
v 37.5000 19.0000 -32.5000 0.8800 0.8800 0.8800
v 37.5000 22.0000 -34.0000 1.0000 1.0000 1.0000
v 50.0000 22.0000 -34.0000 1.0000 1.0000 1.0000
v 50.0000 22.0000 -32.5000 1.0000 1.0000 1.0000
v 37.5000 22.0000 -32.5000 1.0000 1.0000 1.0000
v 50.0000 22.0000 -32.5000 0.8800 0.8800 0.8800
v 62.5000 22.0000 -32.5000 0.8800 0.8800 0.8800
v 62.5000 19.0000 -32.5000 0.8800 0.8800 0.8800
v 50.0000 19.0000 -32.5000 0.8800 0.8800 0.8800
v 50.0000 22.0000 -34.0000 1.0000 1.0000 1.0000
v 62.5000 22.0000 -34.0000 1.0000 1.0000 1.0000
v 62.5000 22.0000 -32.5000 1.0000 1.0000 1.0000
v 50.0000 22.0000 -32.5000 1.0000 1.0000 1.0000
v 62.5000 22.0000 -32.5000 0.8800 0.8800 0.8800
v 75.0000 22.0000 -32.5000 0.8800 0.8800 0.8800
v 75.0000 19.0000 -32.5000 0.8800 0.8800 0.8800
v 62.5000 19.0000 -32.5000 0.8800 0.8800 0.8800
v 62.5000 22.0000 -34.0000 1.0000 1.0000 1.0000
v 75.0000 22.0000 -34.0000 1.0000 1.0000 1.0000
v 75.0000 22.0000 -32.5000 1.0000 1.0000 1.0000
v 62.5000 22.0000 -32.5000 1.0000 1.0000 1.0000
v 75.0000 22.0000 -32.5000 0.8795 0.8795 0.8795
v 87.5000 22.0217 -32.4522 0.8795 0.8795 0.8795
v 87.5000 19.0000 -32.4522 0.8795 0.8795 0.8795
v 75.0000 19.0000 -32.5000 0.8795 0.8795 0.8795
v 75.0000 22.0000 -34.0000 1.0000 1.0000 1.0000
v 87.5000 22.0217 -33.9522 1.0000 1.0000 1.0000
v 87.5000 22.0217 -32.4522 1.0000 1.0000 1.0000
v 75.0000 22.0000 -32.5000 1.0000 1.0000 1.0000
v 87.5000 22.0217 -32.4522 0.8714 0.8714 0.8714
v 100.0000 22.4525 -31.4858 0.8714 0.8714 0.8714
v 100.0000 19.0000 -31.4858 0.8714 0.8714 0.8714
v 87.5000 19.0000 -32.4522 0.8714 0.8714 0.8714
v 87.5000 22.0217 -33.9522 1.0000 1.0000 1.0000
v 100.0000 22.4525 -32.9858 1.0000 1.0000 1.0000
v 100.0000 22.4525 -31.4858 1.0000 1.0000 1.0000
v 87.5000 22.0217 -32.4522 1.0000 1.0000 1.0000
v 100.0000 22.4525 -31.4858 0.8612 0.8612 0.8612
v 112.5000 23.4358 -29.1667 0.8612 0.8612 0.8612
v 112.5000 19.0000 -29.1667 0.8612 0.8612 0.8612
v 100.0000 19.0000 -31.4858 0.8612 0.8612 0.8612
v 100.0000 22.4525 -32.9858 1.0000 1.0000 1.0000
v 112.5000 23.4358 -30.6667 1.0000 1.0000 1.0000
v 112.5000 23.4358 -29.1667 1.0000 1.0000 1.0000
v 100.0000 22.4525 -31.4858 1.0000 1.0000 1.0000
v 112.5000 23.4358 -29.1667 0.8508 0.8508 0.8508
v 125.0000 24.9715 -25.1438 0.8508 0.8508 0.8508
v 125.0000 19.0000 -25.1438 0.8508 0.8508 0.8508
v 112.5000 19.0000 -29.1667 0.8508 0.8508 0.8508
v 112.5000 23.4358 -30.6667 1.0000 1.0000 1.0000
v 125.0000 24.9715 -26.6438 1.0000 1.0000 1.0000
v 125.0000 24.9715 -25.1438 1.0000 1.0000 1.0000
v 112.5000 23.4358 -29.1667 1.0000 1.0000 1.0000
v 125.0000 24.9715 -25.1438 0.8380 0.8380 0.8380
v 137.5000 27.0595 -18.4101 0.8380 0.8380 0.8380
v 137.5000 19.0000 -18.4101 0.8380 0.8380 0.8380
v 125.0000 19.0000 -25.1438 0.8380 0.8380 0.8380
v 125.0000 24.9715 -26.6438 1.0000 1.0000 1.0000
v 137.5000 27.0595 -19.9101 1.0000 1.0000 1.0000
v 137.5000 27.0595 -18.4101 1.0000 1.0000 1.0000
v 125.0000 24.9715 -25.1438 1.0000 1.0000 1.0000
v 137.5000 27.0595 -18.4101 0.8085 0.8085 0.8085
v 150.0000 29.7000 -0.0000 0.8085 0.8085 0.8085
v 150.0000 19.0000 -0.0000 0.8085 0.8085 0.8085
v 137.5000 19.0000 -18.4101 0.8085 0.8085 0.8085
v 137.5000 27.0595 -19.9101 1.0000 1.0000 1.0000
v 150.0000 29.7000 -0.0000 1.0000 1.0000 1.0000
v 150.0000 29.7000 -0.0000 1.0000 1.0000 1.0000
v 137.5000 27.0595 -18.4101 1.0000 1.0000 1.0000
v 108.0000 25.0000 -16.0000 1.0000 1.0000 1.0000
v 126.0000 25.0000 -16.0000 1.0000 1.0000 1.0000
v 126.0000 25.0000 16.0000 1.0000 1.0000 1.0000
v 108.0000 25.0000 16.0000 1.0000 1.0000 1.0000
v 108.0000 19.0000 16.0000 0.5500 0.5500 0.5500
v 126.0000 19.0000 16.0000 0.5500 0.5500 0.5500
v 126.0000 19.0000 -16.0000 0.5500 0.5500 0.5500
v 108.0000 19.0000 -16.0000 0.5500 0.5500 0.5500
v 108.0000 25.0000 16.0000 0.8800 0.8800 0.8800
v 126.0000 25.0000 16.0000 0.8800 0.8800 0.8800
v 126.0000 19.0000 16.0000 0.8800 0.8800 0.8800
v 108.0000 19.0000 16.0000 0.8800 0.8800 0.8800
v 126.0000 25.0000 -16.0000 0.6600 0.6600 0.6600
v 108.0000 25.0000 -16.0000 0.6600 0.6600 0.6600
v 108.0000 19.0000 -16.0000 0.6600 0.6600 0.6600
v 126.0000 19.0000 -16.0000 0.6600 0.6600 0.6600
v 108.0000 25.0000 -16.0000 0.7600 0.7600 0.7600
v 108.0000 25.0000 16.0000 0.7600 0.7600 0.7600
v 108.0000 19.0000 16.0000 0.7600 0.7600 0.7600
v 108.0000 19.0000 -16.0000 0.7600 0.7600 0.7600
v 126.0000 25.0000 16.0000 0.7600 0.7600 0.7600
v 126.0000 25.0000 -16.0000 0.7600 0.7600 0.7600
v 126.0000 19.0000 -16.0000 0.7600 0.7600 0.7600
v 126.0000 19.0000 16.0000 0.7600 0.7600 0.7600
v -119.0000 73.0000 0.0000 0.8039 0.8039 0.8039
v -119.5000 73.0000 0.8660 0.8039 0.8039 0.8039
v -119.5000 89.0000 0.8660 0.8039 0.8039 0.8039
v -119.0000 89.0000 0.0000 0.8039 0.8039 0.8039
v -119.5000 73.0000 0.8660 0.8800 0.8800 0.8800
v -120.5000 73.0000 0.8660 0.8800 0.8800 0.8800
v -120.5000 89.0000 0.8660 0.8800 0.8800 0.8800
v -119.5000 89.0000 0.8660 0.8800 0.8800 0.8800
v -120.5000 73.0000 0.8660 0.8039 0.8039 0.8039
v -121.0000 73.0000 0.0000 0.8039 0.8039 0.8039
v -121.0000 89.0000 0.0000 0.8039 0.8039 0.8039
v -120.5000 89.0000 0.8660 0.8039 0.8039 0.8039
v -121.0000 73.0000 0.0000 0.7234 0.7234 0.7234
v -120.5000 73.0000 -0.8660 0.7234 0.7234 0.7234
v -120.5000 89.0000 -0.8660 0.7234 0.7234 0.7234
v -121.0000 89.0000 0.0000 0.7234 0.7234 0.7234
v -120.5000 73.0000 -0.8660 0.6600 0.6600 0.6600
v -119.5000 73.0000 -0.8660 0.6600 0.6600 0.6600
v -119.5000 89.0000 -0.8660 0.6600 0.6600 0.6600
v -120.5000 89.0000 -0.8660 0.6600 0.6600 0.6600
v -119.5000 73.0000 -0.8660 0.7234 0.7234 0.7234
v -119.0000 73.0000 -0.0000 0.7234 0.7234 0.7234
v -119.0000 89.0000 -0.0000 0.7234 0.7234 0.7234
v -119.5000 89.0000 -0.8660 0.7234 0.7234 0.7234
v -142.0000 63.0000 -24.0000 1.0000 1.0000 1.0000
v -106.0000 63.0000 -24.0000 1.0000 1.0000 1.0000
v -106.0000 63.0000 24.0000 1.0000 1.0000 1.0000
v -142.0000 63.0000 24.0000 1.0000 1.0000 1.0000
v -112.0000 73.0000 -34.0000 1.0000 1.0000 1.0000
v -100.0000 73.0000 -34.0000 1.0000 1.0000 1.0000
v -100.0000 73.0000 34.0000 1.0000 1.0000 1.0000
v -112.0000 73.0000 34.0000 1.0000 1.0000 1.0000
v -142.0000 19.0000 24.0000 0.5500 0.5500 0.5500
v -106.0000 19.0000 24.0000 0.5500 0.5500 0.5500
v -106.0000 19.0000 -24.0000 0.5500 0.5500 0.5500
v -142.0000 19.0000 -24.0000 0.5500 0.5500 0.5500
v -142.0000 63.0000 24.0000 0.8800 0.8800 0.8800
v -106.0000 63.0000 24.0000 0.8800 0.8800 0.8800
v -106.0000 19.0000 24.0000 0.8800 0.8800 0.8800
v -142.0000 19.0000 24.0000 0.8800 0.8800 0.8800
v -106.0000 63.0000 -24.0000 0.6600 0.6600 0.6600
v -142.0000 63.0000 -24.0000 0.6600 0.6600 0.6600
v -142.0000 19.0000 -24.0000 0.6600 0.6600 0.6600
v -106.0000 19.0000 -24.0000 0.6600 0.6600 0.6600
v -142.0000 63.0000 -24.0000 0.7600 0.7600 0.7600
v -142.0000 63.0000 24.0000 0.7600 0.7600 0.7600
v -142.0000 19.0000 24.0000 0.7600 0.7600 0.7600
v -142.0000 19.0000 -24.0000 0.7600 0.7600 0.7600
v -106.0000 63.0000 24.0000 0.7600 0.7600 0.7600
v -106.0000 63.0000 -24.0000 0.7600 0.7600 0.7600
v -106.0000 19.0000 -24.0000 0.7600 0.7600 0.7600
v -106.0000 19.0000 24.0000 0.7600 0.7600 0.7600
vt -3.50000 -0.06250
vt -3.12500 -0.06250
vt -3.12500 2.06250
vt -3.50000 2.06250
vt -3.50000 1.00000
vt -3.12500 1.00000
vt -3.12500 0.37500
vt -3.50000 0.37500
vt 3.12500 1.00000
vt 3.50000 1.00000
vt 3.50000 0.37500
vt 3.12500 0.37500
vt -1.06250 1.00000
vt 1.06250 1.00000
vt 1.06250 0.37500
vt -1.06250 0.37500
vt -1.06250 1.00000
vt 1.06250 1.00000
vt 1.06250 0.37500
vt -1.06250 0.37500
vt -3.00000 0.14062
vt -2.00000 0.14062
vt -2.00000 0.54688
vt -3.00000 0.54688
vt -3.00000 1.45312
vt -2.00000 1.45312
vt -2.00000 1.85938
vt -3.00000 1.85938
vt -3.00000 1.00000
vt -2.00000 1.00000
vt -2.00000 0.12500
vt -3.00000 0.12500
vt 2.00000 1.00000
vt 3.00000 1.00000
vt 3.00000 0.12500
vt 2.00000 0.12500
vt -0.85938 1.00000
vt -0.45312 1.00000
vt -0.45312 0.12500
vt -0.85938 0.12500
vt 0.45312 1.00000
vt 0.85938 1.00000
vt 0.85938 0.12500
vt 0.45312 0.12500
vt -3.00000 0.14062
vt -2.00000 0.14062
vt -2.00000 0.54688
vt -3.00000 0.54688
vt -3.00000 1.45312
vt -2.00000 1.45312
vt -2.00000 1.85938
vt -3.00000 1.85938
vt -3.00000 1.00000
vt -2.00000 1.00000
vt -2.00000 0.12500
vt -3.00000 0.12500
vt 2.00000 1.00000
vt 3.00000 1.00000
vt 3.00000 0.12500
vt 2.00000 0.12500
vt -0.85938 1.00000
vt -0.45312 1.00000
vt -0.45312 0.12500
vt -0.85938 0.12500
vt 0.45312 1.00000
vt 0.85938 1.00000
vt 0.85938 0.12500
vt 0.45312 0.12500
vt -3.00000 0.57812
vt -2.00000 0.57812
vt -2.00000 0.98438
vt -3.00000 0.98438
vt -3.00000 1.01562
vt -2.00000 1.01562
vt -2.00000 1.42188
vt -3.00000 1.42188
vt -3.00000 1.00000
vt -2.00000 1.00000
vt -2.00000 0.12500
vt -3.00000 0.12500
vt 2.00000 1.00000
vt 3.00000 1.00000
vt 3.00000 0.12500
vt 2.00000 0.12500
vt -0.42188 1.00000
vt -0.01562 1.00000
vt -0.01562 0.12500
vt -0.42188 0.12500
vt 0.01562 1.00000
vt 0.42188 1.00000
vt 0.42188 0.12500
vt 0.01562 0.12500
vt -3.00000 0.57812
vt -2.00000 0.57812
vt -2.00000 0.98438
vt -3.00000 0.98438
vt -3.00000 1.01562
vt -2.00000 1.01562
vt -2.00000 1.42188
vt -3.00000 1.42188
vt -3.00000 1.00000
vt -2.00000 1.00000
vt -2.00000 0.12500
vt -3.00000 0.12500
vt 2.00000 1.00000
vt 3.00000 1.00000
vt 3.00000 0.12500
vt 2.00000 0.12500
vt -0.42188 1.00000
vt -0.01562 1.00000
vt -0.01562 0.12500
vt -0.42188 0.12500
vt 0.01562 1.00000
vt 0.42188 1.00000
vt 0.42188 0.12500
vt 0.01562 0.12500
vt -3.00000 0.57812
vt -2.00000 0.57812
vt -2.00000 0.98438
vt -3.00000 0.98438
vt -3.00000 1.01562
vt -2.00000 1.01562
vt -2.00000 1.42188
vt -3.00000 1.42188
vt -3.00000 1.00000
vt -2.00000 1.00000
vt -2.00000 0.12500
vt -3.00000 0.12500
vt 2.00000 1.00000
vt 3.00000 1.00000
vt 3.00000 0.12500
vt 2.00000 0.12500
vt -0.42188 1.00000
vt -0.01562 1.00000
vt -0.01562 0.12500
vt -0.42188 0.12500
vt 0.01562 1.00000
vt 0.42188 1.00000
vt 0.42188 0.12500
vt 0.01562 0.12500
vt -3.00000 1.01562
vt -2.00000 1.01562
vt -2.00000 1.42188
vt -3.00000 1.42188
vt -3.00000 0.57812
vt -2.00000 0.57812
vt -2.00000 0.98438
vt -3.00000 0.98438
vt -3.00000 1.00000
vt -2.00000 1.00000
vt -2.00000 0.12500
vt -3.00000 0.12500
vt 2.00000 1.00000
vt 3.00000 1.00000
vt 3.00000 0.12500
vt 2.00000 0.12500
vt 0.01562 1.00000
vt 0.42188 1.00000
vt 0.42188 0.12500
vt 0.01562 0.12500
vt -0.42188 1.00000
vt -0.01562 1.00000
vt -0.01562 0.12500
vt -0.42188 0.12500
vt -3.00000 1.01562
vt -2.00000 1.01562
vt -2.00000 1.42188
vt -3.00000 1.42188
vt -3.00000 0.57812
vt -2.00000 0.57812
vt -2.00000 0.98438
vt -3.00000 0.98438
vt -3.00000 1.00000
vt -2.00000 1.00000
vt -2.00000 0.12500
vt -3.00000 0.12500
vt 2.00000 1.00000
vt 3.00000 1.00000
vt 3.00000 0.12500
vt 2.00000 0.12500
vt 0.01562 1.00000
vt 0.42188 1.00000
vt 0.42188 0.12500
vt 0.01562 0.12500
vt -0.42188 1.00000
vt -0.01562 1.00000
vt -0.01562 0.12500
vt -0.42188 0.12500
vt -3.00000 1.01562
vt -2.00000 1.01562
vt -2.00000 1.42188
vt -3.00000 1.42188
vt -3.00000 0.57812
vt -2.00000 0.57812
vt -2.00000 0.98438
vt -3.00000 0.98438
vt -3.00000 1.00000
vt -2.00000 1.00000
vt -2.00000 0.12500
vt -3.00000 0.12500
vt 2.00000 1.00000
vt 3.00000 1.00000
vt 3.00000 0.12500
vt 2.00000 0.12500
vt 0.01562 1.00000
vt 0.42188 1.00000
vt 0.42188 0.12500
vt 0.01562 0.12500
vt -0.42188 1.00000
vt -0.01562 1.00000
vt -0.01562 0.12500
vt -0.42188 0.12500
vt -3.00000 1.45312
vt -2.00000 1.45312
vt -2.00000 1.85938
vt -3.00000 1.85938
vt -3.00000 0.14062
vt -2.00000 0.14062
vt -2.00000 0.54688
vt -3.00000 0.54688
vt -3.00000 1.00000
vt -2.00000 1.00000
vt -2.00000 0.12500
vt -3.00000 0.12500
vt 2.00000 1.00000
vt 3.00000 1.00000
vt 3.00000 0.12500
vt 2.00000 0.12500
vt 0.45312 1.00000
vt 0.85938 1.00000
vt 0.85938 0.12500
vt 0.45312 0.12500
vt -0.85938 1.00000
vt -0.45312 1.00000
vt -0.45312 0.12500
vt -0.85938 0.12500
vt -3.00000 1.45312
vt -2.00000 1.45312
vt -2.00000 1.85938
vt -3.00000 1.85938
vt -3.00000 0.14062
vt -2.00000 0.14062
vt -2.00000 0.54688
vt -3.00000 0.54688
vt -3.00000 1.00000
vt -2.00000 1.00000
vt -2.00000 0.12500
vt -3.00000 0.12500
vt 2.00000 1.00000
vt 3.00000 1.00000
vt 3.00000 0.12500
vt 2.00000 0.12500
vt 0.45312 1.00000
vt 0.85938 1.00000
vt 0.85938 0.12500
vt 0.45312 0.12500
vt -0.85938 1.00000
vt -0.45312 1.00000
vt -0.45312 0.12500
vt -0.85938 0.12500
vt -1.93750 0.14062
vt -0.93750 0.14062
vt -0.93750 0.54688
vt -1.93750 0.54688
vt -1.93750 1.45312
vt -0.93750 1.45312
vt -0.93750 1.85938
vt -1.93750 1.85938
vt -1.93750 1.00000
vt -0.93750 1.00000
vt -0.93750 0.12500
vt -1.93750 0.12500
vt 0.93750 1.00000
vt 1.93750 1.00000
vt 1.93750 0.12500
vt 0.93750 0.12500
vt -0.85938 1.00000
vt -0.45312 1.00000
vt -0.45312 0.12500
vt -0.85938 0.12500
vt 0.45312 1.00000
vt 0.85938 1.00000
vt 0.85938 0.12500
vt 0.45312 0.12500
vt -1.93750 0.57812
vt -0.93750 0.57812
vt -0.93750 0.98438
vt -1.93750 0.98438
vt -1.93750 1.01562
vt -0.93750 1.01562
vt -0.93750 1.42188
vt -1.93750 1.42188
vt -1.93750 1.00000
vt -0.93750 1.00000
vt -0.93750 0.12500
vt -1.93750 0.12500
vt 0.93750 1.00000
vt 1.93750 1.00000
vt 1.93750 0.12500
vt 0.93750 0.12500
vt -0.42188 1.00000
vt -0.01562 1.00000
vt -0.01562 0.12500
vt -0.42188 0.12500
vt 0.01562 1.00000
vt 0.42188 1.00000
vt 0.42188 0.12500
vt 0.01562 0.12500
vt -1.93750 0.57812
vt -0.93750 0.57812
vt -0.93750 0.98438
vt -1.93750 0.98438
vt -1.93750 1.01562
vt -0.93750 1.01562
vt -0.93750 1.42188
vt -1.93750 1.42188
vt -1.93750 1.00000
vt -0.93750 1.00000
vt -0.93750 0.12500
vt -1.93750 0.12500
vt 0.93750 1.00000
vt 1.93750 1.00000
vt 1.93750 0.12500
vt 0.93750 0.12500
vt -0.42188 1.00000
vt -0.01562 1.00000
vt -0.01562 0.12500
vt -0.42188 0.12500
vt 0.01562 1.00000
vt 0.42188 1.00000
vt 0.42188 0.12500
vt 0.01562 0.12500
vt -1.93750 1.01562
vt -0.93750 1.01562
vt -0.93750 1.42188
vt -1.93750 1.42188
vt -1.93750 0.57812
vt -0.93750 0.57812
vt -0.93750 0.98438
vt -1.93750 0.98438
vt -1.93750 1.00000
vt -0.93750 1.00000
vt -0.93750 0.12500
vt -1.93750 0.12500
vt 0.93750 1.00000
vt 1.93750 1.00000
vt 1.93750 0.12500
vt 0.93750 0.12500
vt 0.01562 1.00000
vt 0.42188 1.00000
vt 0.42188 0.12500
vt 0.01562 0.12500
vt -0.42188 1.00000
vt -0.01562 1.00000
vt -0.01562 0.12500
vt -0.42188 0.12500
vt -1.93750 1.01562
vt -0.93750 1.01562
vt -0.93750 1.42188
vt -1.93750 1.42188
vt -1.93750 0.57812
vt -0.93750 0.57812
vt -0.93750 0.98438
vt -1.93750 0.98438
vt -1.93750 1.00000
vt -0.93750 1.00000
vt -0.93750 0.12500
vt -1.93750 0.12500
vt 0.93750 1.00000
vt 1.93750 1.00000
vt 1.93750 0.12500
vt 0.93750 0.12500
vt 0.01562 1.00000
vt 0.42188 1.00000
vt 0.42188 0.12500
vt 0.01562 0.12500
vt -0.42188 1.00000
vt -0.01562 1.00000
vt -0.01562 0.12500
vt -0.42188 0.12500
vt -1.93750 1.45312
vt -0.93750 1.45312
vt -0.93750 1.85938
vt -1.93750 1.85938
vt -1.93750 0.14062
vt -0.93750 0.14062
vt -0.93750 0.54688
vt -1.93750 0.54688
vt -1.93750 1.00000
vt -0.93750 1.00000
vt -0.93750 0.12500
vt -1.93750 0.12500
vt 0.93750 1.00000
vt 1.93750 1.00000
vt 1.93750 0.12500
vt 0.93750 0.12500
vt 0.45312 1.00000
vt 0.85938 1.00000
vt 0.85938 0.12500
vt 0.45312 0.12500
vt -0.85938 1.00000
vt -0.45312 1.00000
vt -0.45312 0.12500
vt -0.85938 0.12500
vt -0.87500 0.14062
vt 0.12500 0.14062
vt 0.12500 0.54688
vt -0.87500 0.54688
vt -0.87500 1.45312
vt 0.12500 1.45312
vt 0.12500 1.85938
vt -0.87500 1.85938
vt -0.87500 1.00000
vt 0.12500 1.00000
vt 0.12500 0.12500
vt -0.87500 0.12500
vt -0.12500 1.00000
vt 0.87500 1.00000
vt 0.87500 0.12500
vt -0.12500 0.12500
vt -0.85938 1.00000
vt -0.45312 1.00000
vt -0.45312 0.12500
vt -0.85938 0.12500
vt 0.45312 1.00000
vt 0.85938 1.00000
vt 0.85938 0.12500
vt 0.45312 0.12500
vt -0.87500 0.14062
vt 0.12500 0.14062
vt 0.12500 0.54688
vt -0.87500 0.54688
vt -0.87500 1.45312
vt 0.12500 1.45312
vt 0.12500 1.85938
vt -0.87500 1.85938
vt -0.87500 1.00000
vt 0.12500 1.00000
vt 0.12500 0.12500
vt -0.87500 0.12500
vt -0.12500 1.00000
vt 0.87500 1.00000
vt 0.87500 0.12500
vt -0.12500 0.12500
vt -0.85938 1.00000
vt -0.45312 1.00000
vt -0.45312 0.12500
vt -0.85938 0.12500
vt 0.45312 1.00000
vt 0.85938 1.00000
vt 0.85938 0.12500
vt 0.45312 0.12500
vt -0.87500 0.57812
vt 0.12500 0.57812
vt 0.12500 0.98438
vt -0.87500 0.98438
vt -0.87500 1.01562
vt 0.12500 1.01562
vt 0.12500 1.42188
vt -0.87500 1.42188
vt -0.87500 1.00000
vt 0.12500 1.00000
vt 0.12500 0.12500
vt -0.87500 0.12500
vt -0.12500 1.00000
vt 0.87500 1.00000
vt 0.87500 0.12500
vt -0.12500 0.12500
vt -0.42188 1.00000
vt -0.01562 1.00000
vt -0.01562 0.12500
vt -0.42188 0.12500
vt 0.01562 1.00000
vt 0.42188 1.00000
vt 0.42188 0.12500
vt 0.01562 0.12500
vt -0.87500 0.57812
vt 0.12500 0.57812
vt 0.12500 0.98438
vt -0.87500 0.98438
vt -0.87500 1.01562
vt 0.12500 1.01562
vt 0.12500 1.42188
vt -0.87500 1.42188
vt -0.87500 1.00000
vt 0.12500 1.00000
vt 0.12500 0.12500
vt -0.87500 0.12500
vt -0.12500 1.00000
vt 0.87500 1.00000
vt 0.87500 0.12500
vt -0.12500 0.12500
vt -0.42188 1.00000
vt -0.01562 1.00000
vt -0.01562 0.12500
vt -0.42188 0.12500
vt 0.01562 1.00000
vt 0.42188 1.00000
vt 0.42188 0.12500
vt 0.01562 0.12500
vt -0.87500 0.57812
vt 0.12500 0.57812
vt 0.12500 0.98438
vt -0.87500 0.98438
vt -0.87500 1.01562
vt 0.12500 1.01562
vt 0.12500 1.42188
vt -0.87500 1.42188
vt -0.87500 1.00000
vt 0.12500 1.00000
vt 0.12500 0.12500
vt -0.87500 0.12500
vt -0.12500 1.00000
vt 0.87500 1.00000
vt 0.87500 0.12500
vt -0.12500 0.12500
vt -0.42188 1.00000
vt -0.01562 1.00000
vt -0.01562 0.12500
vt -0.42188 0.12500
vt 0.01562 1.00000
vt 0.42188 1.00000
vt 0.42188 0.12500
vt 0.01562 0.12500
vt -0.87500 1.01562
vt 0.12500 1.01562
vt 0.12500 1.42188
vt -0.87500 1.42188
vt -0.87500 0.57812
vt 0.12500 0.57812
vt 0.12500 0.98438
vt -0.87500 0.98438
vt -0.87500 1.00000
vt 0.12500 1.00000
vt 0.12500 0.12500
vt -0.87500 0.12500
vt -0.12500 1.00000
vt 0.87500 1.00000
vt 0.87500 0.12500
vt -0.12500 0.12500
vt 0.01562 1.00000
vt 0.42188 1.00000
vt 0.42188 0.12500
vt 0.01562 0.12500
vt -0.42188 1.00000
vt -0.01562 1.00000
vt -0.01562 0.12500
vt -0.42188 0.12500
vt -0.87500 1.01562
vt 0.12500 1.01562
vt 0.12500 1.42188
vt -0.87500 1.42188
vt -0.87500 0.57812
vt 0.12500 0.57812
vt 0.12500 0.98438
vt -0.87500 0.98438
vt -0.87500 1.00000
vt 0.12500 1.00000
vt 0.12500 0.12500
vt -0.87500 0.12500
vt -0.12500 1.00000
vt 0.87500 1.00000
vt 0.87500 0.12500
vt -0.12500 0.12500
vt 0.01562 1.00000
vt 0.42188 1.00000
vt 0.42188 0.12500
vt 0.01562 0.12500
vt -0.42188 1.00000
vt -0.01562 1.00000
vt -0.01562 0.12500
vt -0.42188 0.12500
vt -0.87500 1.01562
vt 0.12500 1.01562
vt 0.12500 1.42188
vt -0.87500 1.42188
vt -0.87500 0.57812
vt 0.12500 0.57812
vt 0.12500 0.98438
vt -0.87500 0.98438
vt -0.87500 1.00000
vt 0.12500 1.00000
vt 0.12500 0.12500
vt -0.87500 0.12500
vt -0.12500 1.00000
vt 0.87500 1.00000
vt 0.87500 0.12500
vt -0.12500 0.12500
vt 0.01562 1.00000
vt 0.42188 1.00000
vt 0.42188 0.12500
vt 0.01562 0.12500
vt -0.42188 1.00000
vt -0.01562 1.00000
vt -0.01562 0.12500
vt -0.42188 0.12500
vt -0.87500 1.45312
vt 0.12500 1.45312
vt 0.12500 1.85938
vt -0.87500 1.85938
vt -0.87500 0.14062
vt 0.12500 0.14062
vt 0.12500 0.54688
vt -0.87500 0.54688
vt -0.87500 1.00000
vt 0.12500 1.00000
vt 0.12500 0.12500
vt -0.87500 0.12500
vt -0.12500 1.00000
vt 0.87500 1.00000
vt 0.87500 0.12500
vt -0.12500 0.12500
vt 0.45312 1.00000
vt 0.85938 1.00000
vt 0.85938 0.12500
vt 0.45312 0.12500
vt -0.85938 1.00000
vt -0.45312 1.00000
vt -0.45312 0.12500
vt -0.85938 0.12500
vt -0.87500 1.45312
vt 0.12500 1.45312
vt 0.12500 1.85938
vt -0.87500 1.85938
vt -0.87500 0.14062
vt 0.12500 0.14062
vt 0.12500 0.54688
vt -0.87500 0.54688
vt -0.87500 1.00000
vt 0.12500 1.00000
vt 0.12500 0.12500
vt -0.87500 0.12500
vt -0.12500 1.00000
vt 0.87500 1.00000
vt 0.87500 0.12500
vt -0.12500 0.12500
vt 0.45312 1.00000
vt 0.85938 1.00000
vt 0.85938 0.12500
vt 0.45312 0.12500
vt -0.85938 1.00000
vt -0.45312 1.00000
vt -0.45312 0.12500
vt -0.85938 0.12500
vt 0.18750 0.14062
vt 1.18750 0.14062
vt 1.18750 0.54688
vt 0.18750 0.54688
vt 0.18750 1.45312
vt 1.18750 1.45312
vt 1.18750 1.85938
vt 0.18750 1.85938
vt 0.18750 1.00000
vt 1.18750 1.00000
vt 1.18750 0.12500
vt 0.18750 0.12500
vt -1.18750 1.00000
vt -0.18750 1.00000
vt -0.18750 0.12500
vt -1.18750 0.12500
vt -0.85938 1.00000
vt -0.45312 1.00000
vt -0.45312 0.12500
vt -0.85938 0.12500
vt 0.45312 1.00000
vt 0.85938 1.00000
vt 0.85938 0.12500
vt 0.45312 0.12500
vt 0.18750 0.14062
vt 1.18750 0.14062
vt 1.18750 0.54688
vt 0.18750 0.54688
vt 0.18750 1.45312
vt 1.18750 1.45312
vt 1.18750 1.85938
vt 0.18750 1.85938
vt 0.18750 1.00000
vt 1.18750 1.00000
vt 1.18750 0.12500
vt 0.18750 0.12500
vt -1.18750 1.00000
vt -0.18750 1.00000
vt -0.18750 0.12500
vt -1.18750 0.12500
vt -0.85938 1.00000
vt -0.45312 1.00000
vt -0.45312 0.12500
vt -0.85938 0.12500
vt 0.45312 1.00000
vt 0.85938 1.00000
vt 0.85938 0.12500
vt 0.45312 0.12500
vt 0.18750 0.57812
vt 1.18750 0.57812
vt 1.18750 0.98438
vt 0.18750 0.98438
vt 0.18750 1.01562
vt 1.18750 1.01562
vt 1.18750 1.42188
vt 0.18750 1.42188
vt 0.18750 1.00000
vt 1.18750 1.00000
vt 1.18750 0.12500
vt 0.18750 0.12500
vt -1.18750 1.00000
vt -0.18750 1.00000
vt -0.18750 0.12500
vt -1.18750 0.12500
vt -0.42188 1.00000
vt -0.01562 1.00000
vt -0.01562 0.12500
vt -0.42188 0.12500
vt 0.01562 1.00000
vt 0.42188 1.00000
vt 0.42188 0.12500
vt 0.01562 0.12500
vt 0.18750 0.57812
vt 1.18750 0.57812
vt 1.18750 0.98438
vt 0.18750 0.98438
vt 0.18750 1.01562
vt 1.18750 1.01562
vt 1.18750 1.42188
vt 0.18750 1.42188
vt 0.18750 1.00000
vt 1.18750 1.00000
vt 1.18750 0.12500
vt 0.18750 0.12500
vt -1.18750 1.00000
vt -0.18750 1.00000
vt -0.18750 0.12500
vt -1.18750 0.12500
vt -0.42188 1.00000
vt -0.01562 1.00000
vt -0.01562 0.12500
vt -0.42188 0.12500
vt 0.01562 1.00000
vt 0.42188 1.00000
vt 0.42188 0.12500
vt 0.01562 0.12500
vt 0.18750 0.57812
vt 1.18750 0.57812
vt 1.18750 0.98438
vt 0.18750 0.98438
vt 0.18750 1.01562
vt 1.18750 1.01562
vt 1.18750 1.42188
vt 0.18750 1.42188
vt 0.18750 1.00000
vt 1.18750 1.00000
vt 1.18750 0.12500
vt 0.18750 0.12500
vt -1.18750 1.00000
vt -0.18750 1.00000
vt -0.18750 0.12500
vt -1.18750 0.12500
vt -0.42188 1.00000
vt -0.01562 1.00000
vt -0.01562 0.12500
vt -0.42188 0.12500
vt 0.01562 1.00000
vt 0.42188 1.00000
vt 0.42188 0.12500
vt 0.01562 0.12500
vt 0.18750 1.01562
vt 1.18750 1.01562
vt 1.18750 1.42188
vt 0.18750 1.42188
vt 0.18750 0.57812
vt 1.18750 0.57812
vt 1.18750 0.98438
vt 0.18750 0.98438
vt 0.18750 1.00000
vt 1.18750 1.00000
vt 1.18750 0.12500
vt 0.18750 0.12500
vt -1.18750 1.00000
vt -0.18750 1.00000
vt -0.18750 0.12500
vt -1.18750 0.12500
vt 0.01562 1.00000
vt 0.42188 1.00000
vt 0.42188 0.12500
vt 0.01562 0.12500
vt -0.42188 1.00000
vt -0.01562 1.00000
vt -0.01562 0.12500
vt -0.42188 0.12500
vt 0.18750 1.01562
vt 1.18750 1.01562
vt 1.18750 1.42188
vt 0.18750 1.42188
vt 0.18750 0.57812
vt 1.18750 0.57812
vt 1.18750 0.98438
vt 0.18750 0.98438
vt 0.18750 1.00000
vt 1.18750 1.00000
vt 1.18750 0.12500
vt 0.18750 0.12500
vt -1.18750 1.00000
vt -0.18750 1.00000
vt -0.18750 0.12500
vt -1.18750 0.12500
vt 0.01562 1.00000
vt 0.42188 1.00000
vt 0.42188 0.12500
vt 0.01562 0.12500
vt -0.42188 1.00000
vt -0.01562 1.00000
vt -0.01562 0.12500
vt -0.42188 0.12500
vt 0.18750 1.01562
vt 1.18750 1.01562
vt 1.18750 1.42188
vt 0.18750 1.42188
vt 0.18750 0.57812
vt 1.18750 0.57812
vt 1.18750 0.98438
vt 0.18750 0.98438
vt 0.18750 1.00000
vt 1.18750 1.00000
vt 1.18750 0.12500
vt 0.18750 0.12500
vt -1.18750 1.00000
vt -0.18750 1.00000
vt -0.18750 0.12500
vt -1.18750 0.12500
vt 0.01562 1.00000
vt 0.42188 1.00000
vt 0.42188 0.12500
vt 0.01562 0.12500
vt -0.42188 1.00000
vt -0.01562 1.00000
vt -0.01562 0.12500
vt -0.42188 0.12500
vt 0.18750 1.45312
vt 1.18750 1.45312
vt 1.18750 1.85938
vt 0.18750 1.85938
vt 0.18750 0.14062
vt 1.18750 0.14062
vt 1.18750 0.54688
vt 0.18750 0.54688
vt 0.18750 1.00000
vt 1.18750 1.00000
vt 1.18750 0.12500
vt 0.18750 0.12500
vt -1.18750 1.00000
vt -0.18750 1.00000
vt -0.18750 0.12500
vt -1.18750 0.12500
vt 0.45312 1.00000
vt 0.85938 1.00000
vt 0.85938 0.12500
vt 0.45312 0.12500
vt -0.85938 1.00000
vt -0.45312 1.00000
vt -0.45312 0.12500
vt -0.85938 0.12500
vt 0.18750 1.45312
vt 1.18750 1.45312
vt 1.18750 1.85938
vt 0.18750 1.85938
vt 0.18750 0.14062
vt 1.18750 0.14062
vt 1.18750 0.54688
vt 0.18750 0.54688
vt 0.18750 1.00000
vt 1.18750 1.00000
vt 1.18750 0.12500
vt 0.18750 0.12500
vt -1.18750 1.00000
vt -0.18750 1.00000
vt -0.18750 0.12500
vt -1.18750 0.12500
vt 0.45312 1.00000
vt 0.85938 1.00000
vt 0.85938 0.12500
vt 0.45312 0.12500
vt -0.85938 1.00000
vt -0.45312 1.00000
vt -0.45312 0.12500
vt -0.85938 0.12500
vt 1.25000 0.14062
vt 2.25000 0.14062
vt 2.25000 0.54688
vt 1.25000 0.54688
vt 1.25000 1.45312
vt 2.25000 1.45312
vt 2.25000 1.85938
vt 1.25000 1.85938
vt 1.25000 1.00000
vt 2.25000 1.00000
vt 2.25000 0.12500
vt 1.25000 0.12500
vt -2.25000 1.00000
vt -1.25000 1.00000
vt -1.25000 0.12500
vt -2.25000 0.12500
vt -0.85938 1.00000
vt -0.45312 1.00000
vt -0.45312 0.12500
vt -0.85938 0.12500
vt 0.45312 1.00000
vt 0.85938 1.00000
vt 0.85938 0.12500
vt 0.45312 0.12500
vt 1.25000 0.57812
vt 2.25000 0.57812
vt 2.25000 0.98438
vt 1.25000 0.98438
vt 1.25000 1.01562
vt 2.25000 1.01562
vt 2.25000 1.42188
vt 1.25000 1.42188
vt 1.25000 1.00000
vt 2.25000 1.00000
vt 2.25000 0.12500
vt 1.25000 0.12500
vt -2.25000 1.00000
vt -1.25000 1.00000
vt -1.25000 0.12500
vt -2.25000 0.12500
vt -0.42188 1.00000
vt -0.01562 1.00000
vt -0.01562 0.12500
vt -0.42188 0.12500
vt 0.01562 1.00000
vt 0.42188 1.00000
vt 0.42188 0.12500
vt 0.01562 0.12500
vt 1.25000 0.57812
vt 2.25000 0.57812
vt 2.25000 0.98438
vt 1.25000 0.98438
vt 1.25000 1.01562
vt 2.25000 1.01562
vt 2.25000 1.42188
vt 1.25000 1.42188
vt 1.25000 1.00000
vt 2.25000 1.00000
vt 2.25000 0.12500
vt 1.25000 0.12500
vt -2.25000 1.00000
vt -1.25000 1.00000
vt -1.25000 0.12500
vt -2.25000 0.12500
vt -0.42188 1.00000
vt -0.01562 1.00000
vt -0.01562 0.12500
vt -0.42188 0.12500
vt 0.01562 1.00000
vt 0.42188 1.00000
vt 0.42188 0.12500
vt 0.01562 0.12500
vt 1.25000 1.01562
vt 2.25000 1.01562
vt 2.25000 1.42188
vt 1.25000 1.42188
vt 1.25000 0.57812
vt 2.25000 0.57812
vt 2.25000 0.98438
vt 1.25000 0.98438
vt 1.25000 1.00000
vt 2.25000 1.00000
vt 2.25000 0.12500
vt 1.25000 0.12500
vt -2.25000 1.00000
vt -1.25000 1.00000
vt -1.25000 0.12500
vt -2.25000 0.12500
vt 0.01562 1.00000
vt 0.42188 1.00000
vt 0.42188 0.12500
vt 0.01562 0.12500
vt -0.42188 1.00000
vt -0.01562 1.00000
vt -0.01562 0.12500
vt -0.42188 0.12500
vt 1.25000 1.01562
vt 2.25000 1.01562
vt 2.25000 1.42188
vt 1.25000 1.42188
vt 1.25000 0.57812
vt 2.25000 0.57812
vt 2.25000 0.98438
vt 1.25000 0.98438
vt 1.25000 1.00000
vt 2.25000 1.00000
vt 2.25000 0.12500
vt 1.25000 0.12500
vt -2.25000 1.00000
vt -1.25000 1.00000
vt -1.25000 0.12500
vt -2.25000 0.12500
vt 0.01562 1.00000
vt 0.42188 1.00000
vt 0.42188 0.12500
vt 0.01562 0.12500
vt -0.42188 1.00000
vt -0.01562 1.00000
vt -0.01562 0.12500
vt -0.42188 0.12500
vt 1.25000 1.45312
vt 2.25000 1.45312
vt 2.25000 1.85938
vt 1.25000 1.85938
vt 1.25000 0.14062
vt 2.25000 0.14062
vt 2.25000 0.54688
vt 1.25000 0.54688
vt 1.25000 1.00000
vt 2.25000 1.00000
vt 2.25000 0.12500
vt 1.25000 0.12500
vt -2.25000 1.00000
vt -1.25000 1.00000
vt -1.25000 0.12500
vt -2.25000 0.12500
vt 0.45312 1.00000
vt 0.85938 1.00000
vt 0.85938 0.12500
vt 0.45312 0.12500
vt -0.85938 1.00000
vt -0.45312 1.00000
vt -0.45312 0.12500
vt -0.85938 0.12500
vt 2.31250 0.14062
vt 3.31250 0.14062
vt 3.31250 0.54688
vt 2.31250 0.54688
vt 2.31250 1.45312
vt 3.31250 1.45312
vt 3.31250 1.85938
vt 2.31250 1.85938
vt 2.31250 1.00000
vt 3.31250 1.00000
vt 3.31250 0.12500
vt 2.31250 0.12500
vt -3.31250 1.00000
vt -2.31250 1.00000
vt -2.31250 0.12500
vt -3.31250 0.12500
vt -0.85938 1.00000
vt -0.45312 1.00000
vt -0.45312 0.12500
vt -0.85938 0.12500
vt 0.45312 1.00000
vt 0.85938 1.00000
vt 0.85938 0.12500
vt 0.45312 0.12500
vt 2.31250 0.14062
vt 3.31250 0.14062
vt 3.31250 0.54688
vt 2.31250 0.54688
vt 2.31250 1.45312
vt 3.31250 1.45312
vt 3.31250 1.85938
vt 2.31250 1.85938
vt 2.31250 1.00000
vt 3.31250 1.00000
vt 3.31250 0.12500
vt 2.31250 0.12500
vt -3.31250 1.00000
vt -2.31250 1.00000
vt -2.31250 0.12500
vt -3.31250 0.12500
vt -0.85938 1.00000
vt -0.45312 1.00000
vt -0.45312 0.12500
vt -0.85938 0.12500
vt 0.45312 1.00000
vt 0.85938 1.00000
vt 0.85938 0.12500
vt 0.45312 0.12500
vt 2.31250 0.57812
vt 3.31250 0.57812
vt 3.31250 0.98438
vt 2.31250 0.98438
vt 2.31250 1.01562
vt 3.31250 1.01562
vt 3.31250 1.42188
vt 2.31250 1.42188
vt 2.31250 1.00000
vt 3.31250 1.00000
vt 3.31250 0.12500
vt 2.31250 0.12500
vt -3.31250 1.00000
vt -2.31250 1.00000
vt -2.31250 0.12500
vt -3.31250 0.12500
vt -0.42188 1.00000
vt -0.01562 1.00000
vt -0.01562 0.12500
vt -0.42188 0.12500
vt 0.01562 1.00000
vt 0.42188 1.00000
vt 0.42188 0.12500
vt 0.01562 0.12500
vt 2.31250 0.57812
vt 3.31250 0.57812
vt 3.31250 0.98438
vt 2.31250 0.98438
vt 2.31250 1.01562
vt 3.31250 1.01562
vt 3.31250 1.42188
vt 2.31250 1.42188
vt 2.31250 1.00000
vt 3.31250 1.00000
vt 3.31250 0.12500
vt 2.31250 0.12500
vt -3.31250 1.00000
vt -2.31250 1.00000
vt -2.31250 0.12500
vt -3.31250 0.12500
vt -0.42188 1.00000
vt -0.01562 1.00000
vt -0.01562 0.12500
vt -0.42188 0.12500
vt 0.01562 1.00000
vt 0.42188 1.00000
vt 0.42188 0.12500
vt 0.01562 0.12500
vt 2.31250 0.57812
vt 3.31250 0.57812
vt 3.31250 0.98438
vt 2.31250 0.98438
vt 2.31250 1.01562
vt 3.31250 1.01562
vt 3.31250 1.42188
vt 2.31250 1.42188
vt 2.31250 1.00000
vt 3.31250 1.00000
vt 3.31250 0.12500
vt 2.31250 0.12500
vt -3.31250 1.00000
vt -2.31250 1.00000
vt -2.31250 0.12500
vt -3.31250 0.12500
vt -0.42188 1.00000
vt -0.01562 1.00000
vt -0.01562 0.12500
vt -0.42188 0.12500
vt 0.01562 1.00000
vt 0.42188 1.00000
vt 0.42188 0.12500
vt 0.01562 0.12500
vt 2.31250 1.01562
vt 3.31250 1.01562
vt 3.31250 1.42188
vt 2.31250 1.42188
vt 2.31250 0.57812
vt 3.31250 0.57812
vt 3.31250 0.98438
vt 2.31250 0.98438
vt 2.31250 1.00000
vt 3.31250 1.00000
vt 3.31250 0.12500
vt 2.31250 0.12500
vt -3.31250 1.00000
vt -2.31250 1.00000
vt -2.31250 0.12500
vt -3.31250 0.12500
vt 0.01562 1.00000
vt 0.42188 1.00000
vt 0.42188 0.12500
vt 0.01562 0.12500
vt -0.42188 1.00000
vt -0.01562 1.00000
vt -0.01562 0.12500
vt -0.42188 0.12500
vt 2.31250 1.01562
vt 3.31250 1.01562
vt 3.31250 1.42188
vt 2.31250 1.42188
vt 2.31250 0.57812
vt 3.31250 0.57812
vt 3.31250 0.98438
vt 2.31250 0.98438
vt 2.31250 1.00000
vt 3.31250 1.00000
vt 3.31250 0.12500
vt 2.31250 0.12500
vt -3.31250 1.00000
vt -2.31250 1.00000
vt -2.31250 0.12500
vt -3.31250 0.12500
vt 0.01562 1.00000
vt 0.42188 1.00000
vt 0.42188 0.12500
vt 0.01562 0.12500
vt -0.42188 1.00000
vt -0.01562 1.00000
vt -0.01562 0.12500
vt -0.42188 0.12500
vt 2.31250 1.01562
vt 3.31250 1.01562
vt 3.31250 1.42188
vt 2.31250 1.42188
vt 2.31250 0.57812
vt 3.31250 0.57812
vt 3.31250 0.98438
vt 2.31250 0.98438
vt 2.31250 1.00000
vt 3.31250 1.00000
vt 3.31250 0.12500
vt 2.31250 0.12500
vt -3.31250 1.00000
vt -2.31250 1.00000
vt -2.31250 0.12500
vt -3.31250 0.12500
vt 0.01562 1.00000
vt 0.42188 1.00000
vt 0.42188 0.12500
vt 0.01562 0.12500
vt -0.42188 1.00000
vt -0.01562 1.00000
vt -0.01562 0.12500
vt -0.42188 0.12500
vt 2.31250 1.45312
vt 3.31250 1.45312
vt 3.31250 1.85938
vt 2.31250 1.85938
vt 2.31250 0.14062
vt 3.31250 0.14062
vt 3.31250 0.54688
vt 2.31250 0.54688
vt 2.31250 1.00000
vt 3.31250 1.00000
vt 3.31250 0.12500
vt 2.31250 0.12500
vt -3.31250 1.00000
vt -2.31250 1.00000
vt -2.31250 0.12500
vt -3.31250 0.12500
vt 0.45312 1.00000
vt 0.85938 1.00000
vt 0.85938 0.12500
vt 0.45312 0.12500
vt -0.85938 1.00000
vt -0.45312 1.00000
vt -0.45312 0.12500
vt -0.85938 0.12500
vt 2.31250 1.45312
vt 3.31250 1.45312
vt 3.31250 1.85938
vt 2.31250 1.85938
vt 2.31250 0.14062
vt 3.31250 0.14062
vt 3.31250 0.54688
vt 2.31250 0.54688
vt 2.31250 1.00000
vt 3.31250 1.00000
vt 3.31250 0.12500
vt 2.31250 0.12500
vt -3.31250 1.00000
vt -2.31250 1.00000
vt -2.31250 0.12500
vt -3.31250 0.12500
vt 0.45312 1.00000
vt 0.85938 1.00000
vt 0.85938 0.12500
vt 0.45312 0.12500
vt -0.85938 1.00000
vt -0.45312 1.00000
vt -0.45312 0.12500
vt -0.85938 0.12500
vt -4.68750 1.96250
vt -4.29688 1.97135
vt -3.90625 1.98021
vt -3.51562 1.98906
vt -3.12500 1.99792
vt -2.73438 2.00677
vt -2.34375 2.01562
vt -1.95312 2.01562
vt -1.56250 2.01562
vt -1.17188 2.01562
vt -0.78125 2.01562
vt -0.39062 2.01562
vt 0.00000 2.01562
vt 0.39062 2.01562
vt 0.78125 2.01562
vt 1.17188 2.01562
vt 1.56250 2.01562
vt 1.95312 2.01562
vt 2.34375 2.01562
vt 2.73438 2.01413
vt 3.12500 1.98393
vt 3.51562 1.91146
vt 3.90625 1.78575
vt 4.29688 1.57532
vt 4.68750 1.00000
vt 4.68750 1.00000
vt 4.29688 0.42468
vt 3.90625 0.21425
vt 3.51562 0.08854
vt 3.12500 0.01607
vt 2.73438 -0.01413
vt 2.34375 -0.01562
vt 1.95312 -0.01562
vt 1.56250 -0.01562
vt 1.17188 -0.01562
vt 0.78125 -0.01562
vt 0.39062 -0.01562
vt 0.00000 -0.01562
vt -0.39062 -0.01562
vt -0.78125 -0.01562
vt -1.17188 -0.01562
vt -1.56250 -0.01562
vt -1.95312 -0.01562
vt -2.34375 -0.01562
vt -2.73438 -0.00677
vt -3.12500 0.00208
vt -3.51562 0.01094
vt -3.90625 0.01979
vt -4.29688 0.02865
vt -4.68750 0.03750
vt -9.37500 0.43750
vt -8.37500 0.43750
vt -8.37500 1.56250
vt -9.37500 1.56250
vt -9.37500 1.00000
vt -8.37500 1.00000
vt -8.37500 0.06250
vt -9.37500 0.06250
vt 8.37500 1.00000
vt 9.37500 1.00000
vt 9.37500 0.06250
vt 8.37500 0.06250
vt -0.56250 1.00000
vt 0.56250 1.00000
vt 0.56250 0.06250
vt -0.56250 0.06250
vt -0.56250 1.00000
vt 0.56250 1.00000
vt 0.56250 0.06250
vt -0.56250 0.06250
vt -9.37500 0.43750
vt -8.37500 0.43750
vt -8.37500 1.56250
vt -9.37500 1.56250
vt -4.68750 1.00000
vt -4.29688 1.00000
vt -4.29688 0.31250
vt -4.68750 0.31250
vt -4.68750 0.31250
vt -4.29688 0.31250
vt -4.29688 0.00000
vt -4.68750 0.00000
vt -4.29688 1.00000
vt -3.90625 1.00000
vt -3.90625 0.31250
vt -4.29688 0.31250
vt -4.29688 0.31250
vt -3.90625 0.31250
vt -3.90625 0.00000
vt -4.29688 0.00000
vt -3.90625 1.00000
vt -3.51562 1.00000
vt -3.51562 0.31250
vt -3.90625 0.31250
vt -3.90625 0.31250
vt -3.51562 0.31250
vt -3.51562 0.00000
vt -3.90625 0.00000
vt -3.51562 1.00000
vt -3.12500 1.00000
vt -3.12500 0.31250
vt -3.51562 0.31250
vt -3.51562 0.31250
vt -3.12500 0.31250
vt -3.12500 0.00000
vt -3.51562 0.00000
vt -3.12500 1.00000
vt -2.73438 1.00000
vt -2.73438 0.31250
vt -3.12500 0.31250
vt -3.12500 0.31250
vt -2.73438 0.31250
vt -2.73438 0.00000
vt -3.12500 0.00000
vt -2.73438 1.00000
vt -2.34375 1.00000
vt -2.34375 0.31250
vt -2.73438 0.31250
vt -2.73438 0.31250
vt -2.34375 0.31250
vt -2.34375 0.00000
vt -2.73438 0.00000
vt -2.34375 1.00000
vt -1.95312 1.00000
vt -1.95312 0.31250
vt -2.34375 0.31250
vt -2.34375 0.31250
vt -1.95312 0.31250
vt -1.95312 0.00000
vt -2.34375 0.00000
vt -1.95312 1.00000
vt -1.56250 1.00000
vt -1.56250 0.31250
vt -1.95312 0.31250
vt -1.95312 0.31250
vt -1.56250 0.31250
vt -1.56250 0.00000
vt -1.95312 0.00000
vt -1.56250 1.00000
vt -1.17188 1.00000
vt -1.17188 0.31250
vt -1.56250 0.31250
vt -1.56250 0.31250
vt -1.17188 0.31250
vt -1.17188 0.00000
vt -1.56250 0.00000
vt -1.17188 1.00000
vt -0.78125 1.00000
vt -0.78125 0.31250
vt -1.17188 0.31250
vt -1.17188 0.31250
vt -0.78125 0.31250
vt -0.78125 0.00000
vt -1.17188 0.00000
vt -0.78125 1.00000
vt -0.39062 1.00000
vt -0.39062 0.31250
vt -0.78125 0.31250
vt -0.78125 0.31250
vt -0.39062 0.31250
vt -0.39062 0.00000
vt -0.78125 0.00000
vt -0.39062 1.00000
vt 0.00000 1.00000
vt 0.00000 0.31250
vt -0.39062 0.31250
vt -0.39062 0.31250
vt 0.00000 0.31250
vt 0.00000 0.00000
vt -0.39062 0.00000
vt 0.00000 1.00000
vt 0.39062 1.00000
vt 0.39062 0.31250
vt 0.00000 0.31250
vt 0.00000 0.31250
vt 0.39062 0.31250
vt 0.39062 0.00000
vt 0.00000 0.00000
vt 0.39062 1.00000
vt 0.78125 1.00000
vt 0.78125 0.31250
vt 0.39062 0.31250
vt 0.39062 0.31250
vt 0.78125 0.31250
vt 0.78125 0.00000
vt 0.39062 0.00000
vt 0.78125 1.00000
vt 1.17188 1.00000
vt 1.17188 0.31250
vt 0.78125 0.31250
vt 0.78125 0.31250
vt 1.17188 0.31250
vt 1.17188 0.00000
vt 0.78125 0.00000
vt 1.17188 1.00000
vt 1.56250 1.00000
vt 1.56250 0.31250
vt 1.17188 0.31250
vt 1.17188 0.31250
vt 1.56250 0.31250
vt 1.56250 0.00000
vt 1.17188 0.00000
vt 1.56250 1.00000
vt 1.95312 1.00000
vt 1.95312 0.31250
vt 1.56250 0.31250
vt 1.56250 0.31250
vt 1.95312 0.31250
vt 1.95312 0.00000
vt 1.56250 0.00000
vt 1.95312 1.00000
vt 2.34375 1.00000
vt 2.34375 0.31250
vt 1.95312 0.31250
vt 1.95312 0.31250
vt 2.34375 0.31250
vt 2.34375 0.00000
vt 1.95312 0.00000
vt 2.34375 1.00000
vt 2.73438 1.00000
vt 2.73438 0.31250
vt 2.34375 0.31250
vt 2.34375 0.31250
vt 2.73438 0.31250
vt 2.73438 0.00000
vt 2.34375 0.00000
vt 2.73438 1.00000
vt 3.12500 1.00000
vt 3.12500 0.31250
vt 2.73438 0.31250
vt 2.73438 0.31250
vt 3.12500 0.31250
vt 3.12500 0.00000
vt 2.73438 0.00000
vt 3.12500 1.00000
vt 3.51562 1.00000
vt 3.51562 0.31250
vt 3.12500 0.31250
vt 3.12500 0.31250
vt 3.51562 0.31250
vt 3.51562 0.00000
vt 3.12500 0.00000
vt 3.51562 1.00000
vt 3.90625 1.00000
vt 3.90625 0.31250
vt 3.51562 0.31250
vt 3.51562 0.31250
vt 3.90625 0.31250
vt 3.90625 0.00000
vt 3.51562 0.00000
vt 3.90625 1.00000
vt 4.29688 1.00000
vt 4.29688 0.31250
vt 3.90625 0.31250
vt 3.90625 0.31250
vt 4.29688 0.31250
vt 4.29688 0.00000
vt 3.90625 0.00000
vt 4.29688 1.00000
vt 4.68750 1.00000
vt 4.68750 0.31250
vt 4.29688 0.31250
vt 4.29688 0.31250
vt 4.68750 0.31250
vt 4.68750 0.00000
vt 4.29688 0.00000
vt 4.29688 1.00000
vt 4.68750 1.00000
vt 4.68750 0.31250
vt 4.29688 0.31250
vt 4.29688 0.31250
vt 4.68750 0.31250
vt 4.68750 0.00000
vt 4.29688 0.00000
vt 3.90625 1.00000
vt 4.29688 1.00000
vt 4.29688 0.31250
vt 3.90625 0.31250
vt 3.90625 0.31250
vt 4.29688 0.31250
vt 4.29688 0.00000
vt 3.90625 0.00000
vt 3.51562 1.00000
vt 3.90625 1.00000
vt 3.90625 0.31250
vt 3.51562 0.31250
vt 3.51562 0.31250
vt 3.90625 0.31250
vt 3.90625 0.00000
vt 3.51562 0.00000
vt 3.12500 1.00000
vt 3.51562 1.00000
vt 3.51562 0.31250
vt 3.12500 0.31250
vt 3.12500 0.31250
vt 3.51562 0.31250
vt 3.51562 0.00000
vt 3.12500 0.00000
vt 2.73438 1.00000
vt 3.12500 1.00000
vt 3.12500 0.31250
vt 2.73438 0.31250
vt 2.73438 0.31250
vt 3.12500 0.31250
vt 3.12500 0.00000
vt 2.73438 0.00000
vt 2.34375 1.00000
vt 2.73438 1.00000
vt 2.73438 0.31250
vt 2.34375 0.31250
vt 2.34375 0.31250
vt 2.73438 0.31250
vt 2.73438 0.00000
vt 2.34375 0.00000
vt 1.95312 1.00000
vt 2.34375 1.00000
vt 2.34375 0.31250
vt 1.95312 0.31250
vt 1.95312 0.31250
vt 2.34375 0.31250
vt 2.34375 0.00000
vt 1.95312 0.00000
vt 1.56250 1.00000
vt 1.95312 1.00000
vt 1.95312 0.31250
vt 1.56250 0.31250
vt 1.56250 0.31250
vt 1.95312 0.31250
vt 1.95312 0.00000
vt 1.56250 0.00000
vt 1.17188 1.00000
vt 1.56250 1.00000
vt 1.56250 0.31250
vt 1.17188 0.31250
vt 1.17188 0.31250
vt 1.56250 0.31250
vt 1.56250 0.00000
vt 1.17188 0.00000
vt 0.78125 1.00000
vt 1.17188 1.00000
vt 1.17188 0.31250
vt 0.78125 0.31250
vt 0.78125 0.31250
vt 1.17188 0.31250
vt 1.17188 0.00000
vt 0.78125 0.00000
vt 0.39062 1.00000
vt 0.78125 1.00000
vt 0.78125 0.31250
vt 0.39062 0.31250
vt 0.39062 0.31250
vt 0.78125 0.31250
vt 0.78125 0.00000
vt 0.39062 0.00000
vt -0.00000 1.00000
vt 0.39062 1.00000
vt 0.39062 0.31250
vt -0.00000 0.31250
vt -0.00000 0.31250
vt 0.39062 0.31250
vt 0.39062 0.00000
vt -0.00000 0.00000
vt -0.39062 1.00000
vt -0.00000 1.00000
vt -0.00000 0.31250
vt -0.39062 0.31250
vt -0.39062 0.31250
vt -0.00000 0.31250
vt -0.00000 0.00000
vt -0.39062 0.00000
vt -0.78125 1.00000
vt -0.39062 1.00000
vt -0.39062 0.31250
vt -0.78125 0.31250
vt -0.78125 0.31250
vt -0.39062 0.31250
vt -0.39062 0.00000
vt -0.78125 0.00000
vt -1.17188 1.00000
vt -0.78125 1.00000
vt -0.78125 0.31250
vt -1.17188 0.31250
vt -1.17188 0.31250
vt -0.78125 0.31250
vt -0.78125 0.00000
vt -1.17188 0.00000
vt -1.56250 1.00000
vt -1.17188 1.00000
vt -1.17188 0.31250
vt -1.56250 0.31250
vt -1.56250 0.31250
vt -1.17188 0.31250
vt -1.17188 0.00000
vt -1.56250 0.00000
vt -1.95312 1.00000
vt -1.56250 1.00000
vt -1.56250 0.31250
vt -1.95312 0.31250
vt -1.95312 0.31250
vt -1.56250 0.31250
vt -1.56250 0.00000
vt -1.95312 0.00000
vt -2.34375 1.00000
vt -1.95312 1.00000
vt -1.95312 0.31250
vt -2.34375 0.31250
vt -2.34375 0.31250
vt -1.95312 0.31250
vt -1.95312 0.00000
vt -2.34375 0.00000
vt -2.73438 1.00000
vt -2.34375 1.00000
vt -2.34375 0.31250
vt -2.73438 0.31250
vt -2.73438 0.31250
vt -2.34375 0.31250
vt -2.34375 0.00000
vt -2.73438 0.00000
vt -3.12500 1.00000
vt -2.73438 1.00000
vt -2.73438 0.31250
vt -3.12500 0.31250
vt -3.12500 0.31250
vt -2.73438 0.31250
vt -2.73438 0.00000
vt -3.12500 0.00000
vt -3.51562 1.00000
vt -3.12500 1.00000
vt -3.12500 0.31250
vt -3.51562 0.31250
vt -3.51562 0.31250
vt -3.12500 0.31250
vt -3.12500 0.00000
vt -3.51562 0.00000
vt -3.90625 1.00000
vt -3.51562 1.00000
vt -3.51562 0.31250
vt -3.90625 0.31250
vt -3.90625 0.31250
vt -3.51562 0.31250
vt -3.51562 0.00000
vt -3.90625 0.00000
vt -4.29688 1.00000
vt -3.90625 1.00000
vt -3.90625 0.31250
vt -4.29688 0.31250
vt -4.29688 0.31250
vt -3.90625 0.31250
vt -3.90625 0.00000
vt -4.29688 0.00000
vt -4.68750 1.00000
vt -4.29688 1.00000
vt -4.29688 0.31250
vt -4.68750 0.31250
vt -4.68750 0.31250
vt -4.29688 0.31250
vt -4.29688 0.00000
vt -4.68750 0.00000
vt -1.00937 1.00000
vt 1.00937 1.00000
vt 0.96900 0.31250
vt -0.96900 0.31250
vt -0.96900 0.31250
vt 0.96900 0.31250
vt 0.55516 0.00000
vt -0.55516 0.00000
vt -4.29688 1.00000
vt -4.68750 1.00000
vt -4.68750 0.81250
vt -4.29688 0.81250
vt -4.68750 1.00000
vt -4.29688 1.00000
vt -4.29688 0.95000
vt -4.68750 0.95000
vt -3.90625 1.00000
vt -4.29688 1.00000
vt -4.29688 0.81250
vt -3.90625 0.81250
vt -4.29688 1.00000
vt -3.90625 1.00000
vt -3.90625 0.95000
vt -4.29688 0.95000
vt -3.51562 1.00000
vt -3.90625 1.00000
vt -3.90625 0.81250
vt -3.51562 0.81250
vt -3.90625 1.00000
vt -3.51562 1.00000
vt -3.51562 0.95000
vt -3.90625 0.95000
vt -3.12500 1.00000
vt -3.51562 1.00000
vt -3.51562 0.81250
vt -3.12500 0.81250
vt -3.51562 1.00000
vt -3.12500 1.00000
vt -3.12500 0.95000
vt -3.51562 0.95000
vt -2.73438 1.00000
vt -3.12500 1.00000
vt -3.12500 0.81250
vt -2.73438 0.81250
vt -3.12500 1.00000
vt -2.73438 1.00000
vt -2.73438 0.95000
vt -3.12500 0.95000
vt -2.34375 1.00000
vt -2.73438 1.00000
vt -2.73438 0.81250
vt -2.34375 0.81250
vt -2.73438 1.00000
vt -2.34375 1.00000
vt -2.34375 0.95000
vt -2.73438 0.95000
vt -1.95312 1.00000
vt -2.34375 1.00000
vt -2.34375 0.81250
vt -1.95312 0.81250
vt -2.34375 1.00000
vt -1.95312 1.00000
vt -1.95312 0.95000
vt -2.34375 0.95000
vt -1.56250 1.00000
vt -1.95312 1.00000
vt -1.95312 0.81250
vt -1.56250 0.81250
vt -1.95312 1.00000
vt -1.56250 1.00000
vt -1.56250 0.95000
vt -1.95312 0.95000
vt -1.17188 1.00000
vt -1.56250 1.00000
vt -1.56250 0.81250
vt -1.17188 0.81250
vt -1.56250 1.00000
vt -1.17188 1.00000
vt -1.17188 0.95000
vt -1.56250 0.95000
vt -0.78125 1.00000
vt -1.17188 1.00000
vt -1.17188 0.81250
vt -0.78125 0.81250
vt -1.17188 1.00000
vt -0.78125 1.00000
vt -0.78125 0.95000
vt -1.17188 0.95000
vt -0.39062 1.00000
vt -0.78125 1.00000
vt -0.78125 0.81250
vt -0.39062 0.81250
vt -0.78125 1.00000
vt -0.39062 1.00000
vt -0.39062 0.95000
vt -0.78125 0.95000
vt 0.00000 1.00000
vt -0.39062 1.00000
vt -0.39062 0.81250
vt 0.00000 0.81250
vt -0.39062 1.00000
vt 0.00000 1.00000
vt 0.00000 0.95000
vt -0.39062 0.95000
vt 0.39062 1.00000
vt 0.00000 1.00000
vt 0.00000 0.81250
vt 0.39062 0.81250
vt 0.00000 1.00000
vt 0.39062 1.00000
vt 0.39062 0.95000
vt 0.00000 0.95000
vt 0.78125 1.00000
vt 0.39062 1.00000
vt 0.39062 0.81250
vt 0.78125 0.81250
vt 0.39062 1.00000
vt 0.78125 1.00000
vt 0.78125 0.95000
vt 0.39062 0.95000
vt 1.17188 1.00000
vt 0.78125 1.00000
vt 0.78125 0.81250
vt 1.17188 0.81250
vt 0.78125 1.00000
vt 1.17188 1.00000
vt 1.17188 0.95000
vt 0.78125 0.95000
vt 1.56250 1.00000
vt 1.17188 1.00000
vt 1.17188 0.81250
vt 1.56250 0.81250
vt 1.17188 1.00000
vt 1.56250 1.00000
vt 1.56250 0.95000
vt 1.17188 0.95000
vt 1.95312 1.00000
vt 1.56250 1.00000
vt 1.56250 0.81250
vt 1.95312 0.81250
vt 1.56250 1.00000
vt 1.95312 1.00000
vt 1.95312 0.95000
vt 1.56250 0.95000
vt 2.34375 1.00000
vt 1.95312 1.00000
vt 1.95312 0.81250
vt 2.34375 0.81250
vt 1.95312 1.00000
vt 2.34375 1.00000
vt 2.34375 0.95000
vt 1.95312 0.95000
vt 2.73438 1.00000
vt 2.34375 1.00000
vt 2.34375 0.81250
vt 2.73438 0.81250
vt 2.34375 1.00000
vt 2.73438 1.00000
vt 2.73438 0.95000
vt 2.34375 0.95000
vt 3.12500 1.00000
vt 2.73438 1.00000
vt 2.73438 0.81250
vt 3.12500 0.81250
vt 2.73438 1.00000
vt 3.12500 1.00000
vt 3.12500 0.95000
vt 2.73438 0.95000
vt 3.51562 1.00000
vt 3.12500 1.00000
vt 3.12500 0.81250
vt 3.51562 0.81250
vt 3.12500 1.00000
vt 3.51562 1.00000
vt 3.51562 0.95000
vt 3.12500 0.95000
vt 3.90625 1.00000
vt 3.51562 1.00000
vt 3.51562 0.81250
vt 3.90625 0.81250
vt 3.51562 1.00000
vt 3.90625 1.00000
vt 3.90625 0.95000
vt 3.51562 0.95000
vt 4.29688 1.00000
vt 3.90625 1.00000
vt 3.90625 0.81250
vt 4.29688 0.81250
vt 3.90625 1.00000
vt 4.29688 1.00000
vt 4.29688 0.95000
vt 3.90625 0.95000
vt 4.68750 1.00000
vt 4.29688 1.00000
vt 4.29688 0.81250
vt 4.68750 0.81250
vt 4.29688 1.00000
vt 4.68750 1.00000
vt 4.68750 0.95000
vt 4.29688 0.95000
vt -4.68750 1.00000
vt -4.29688 1.00000
vt -4.29688 0.81250
vt -4.68750 0.81250
vt -4.68750 1.00000
vt -4.29688 1.00000
vt -4.29688 0.95000
vt -4.68750 0.95000
vt -4.29688 1.00000
vt -3.90625 1.00000
vt -3.90625 0.81250
vt -4.29688 0.81250
vt -4.29688 1.00000
vt -3.90625 1.00000
vt -3.90625 0.95000
vt -4.29688 0.95000
vt -3.90625 1.00000
vt -3.51562 1.00000
vt -3.51562 0.81250
vt -3.90625 0.81250
vt -3.90625 1.00000
vt -3.51562 1.00000
vt -3.51562 0.95000
vt -3.90625 0.95000
vt -3.51562 1.00000
vt -3.12500 1.00000
vt -3.12500 0.81250
vt -3.51562 0.81250
vt -3.51562 1.00000
vt -3.12500 1.00000
vt -3.12500 0.95000
vt -3.51562 0.95000
vt -3.12500 1.00000
vt -2.73438 1.00000
vt -2.73438 0.81250
vt -3.12500 0.81250
vt -3.12500 1.00000
vt -2.73438 1.00000
vt -2.73438 0.95000
vt -3.12500 0.95000
vt -2.73438 1.00000
vt -2.34375 1.00000
vt -2.34375 0.81250
vt -2.73438 0.81250
vt -2.73438 1.00000
vt -2.34375 1.00000
vt -2.34375 0.95000
vt -2.73438 0.95000
vt -2.34375 1.00000
vt -1.95312 1.00000
vt -1.95312 0.81250
vt -2.34375 0.81250
vt -2.34375 1.00000
vt -1.95312 1.00000
vt -1.95312 0.95000
vt -2.34375 0.95000
vt -1.95312 1.00000
vt -1.56250 1.00000
vt -1.56250 0.81250
vt -1.95312 0.81250
vt -1.95312 1.00000
vt -1.56250 1.00000
vt -1.56250 0.95000
vt -1.95312 0.95000
vt -1.56250 1.00000
vt -1.17188 1.00000
vt -1.17188 0.81250
vt -1.56250 0.81250
vt -1.56250 1.00000
vt -1.17188 1.00000
vt -1.17188 0.95000
vt -1.56250 0.95000
vt -1.17188 1.00000
vt -0.78125 1.00000
vt -0.78125 0.81250
vt -1.17188 0.81250
vt -1.17188 1.00000
vt -0.78125 1.00000
vt -0.78125 0.95000
vt -1.17188 0.95000
vt -0.78125 1.00000
vt -0.39062 1.00000
vt -0.39062 0.81250
vt -0.78125 0.81250
vt -0.78125 1.00000
vt -0.39062 1.00000
vt -0.39062 0.95000
vt -0.78125 0.95000
vt -0.39062 1.00000
vt 0.00000 1.00000
vt 0.00000 0.81250
vt -0.39062 0.81250
vt -0.39062 1.00000
vt 0.00000 1.00000
vt 0.00000 0.95000
vt -0.39062 0.95000
vt 0.00000 1.00000
vt 0.39062 1.00000
vt 0.39062 0.81250
vt 0.00000 0.81250
vt 0.00000 1.00000
vt 0.39062 1.00000
vt 0.39062 0.95000
vt 0.00000 0.95000
vt 0.39062 1.00000
vt 0.78125 1.00000
vt 0.78125 0.81250
vt 0.39062 0.81250
vt 0.39062 1.00000
vt 0.78125 1.00000
vt 0.78125 0.95000
vt 0.39062 0.95000
vt 0.78125 1.00000
vt 1.17188 1.00000
vt 1.17188 0.81250
vt 0.78125 0.81250
vt 0.78125 1.00000
vt 1.17188 1.00000
vt 1.17188 0.95000
vt 0.78125 0.95000
vt 1.17188 1.00000
vt 1.56250 1.00000
vt 1.56250 0.81250
vt 1.17188 0.81250
vt 1.17188 1.00000
vt 1.56250 1.00000
vt 1.56250 0.95000
vt 1.17188 0.95000
vt 1.56250 1.00000
vt 1.95312 1.00000
vt 1.95312 0.81250
vt 1.56250 0.81250
vt 1.56250 1.00000
vt 1.95312 1.00000
vt 1.95312 0.95000
vt 1.56250 0.95000
vt 1.95312 1.00000
vt 2.34375 1.00000
vt 2.34375 0.81250
vt 1.95312 0.81250
vt 1.95312 1.00000
vt 2.34375 1.00000
vt 2.34375 0.95000
vt 1.95312 0.95000
vt 2.34375 1.00000
vt 2.73438 1.00000
vt 2.73438 0.81250
vt 2.34375 0.81250
vt 2.34375 1.00000
vt 2.73438 1.00000
vt 2.73438 0.95000
vt 2.34375 0.95000
vt 2.73438 1.00000
vt 3.12500 1.00000
vt 3.12500 0.81250
vt 2.73438 0.81250
vt 2.73438 1.00000
vt 3.12500 1.00000
vt 3.12500 0.95000
vt 2.73438 0.95000
vt 3.12500 1.00000
vt 3.51562 1.00000
vt 3.51562 0.81250
vt 3.12500 0.81250
vt 3.12500 1.00000
vt 3.51562 1.00000
vt 3.51562 0.95000
vt 3.12500 0.95000
vt 3.51562 1.00000
vt 3.90625 1.00000
vt 3.90625 0.81250
vt 3.51562 0.81250
vt 3.51562 1.00000
vt 3.90625 1.00000
vt 3.90625 0.95000
vt 3.51562 0.95000
vt 3.90625 1.00000
vt 4.29688 1.00000
vt 4.29688 0.81250
vt 3.90625 0.81250
vt 3.90625 1.00000
vt 4.29688 1.00000
vt 4.29688 0.95000
vt 3.90625 0.95000
vt 4.29688 1.00000
vt 4.68750 1.00000
vt 4.68750 0.81250
vt 4.29688 0.81250
vt 4.29688 1.00000
vt 4.68750 1.00000
vt 4.68750 0.95000
vt 4.29688 0.95000
vt 6.75000 0.00000
vt 7.87500 0.00000
vt 7.87500 2.00000
vt 6.75000 2.00000
vt 6.75000 0.00000
vt 7.87500 0.00000
vt 7.87500 2.00000
vt 6.75000 2.00000
vt 6.75000 1.00000
vt 7.87500 1.00000
vt 7.87500 0.62500
vt 6.75000 0.62500
vt -7.87500 1.00000
vt -6.75000 1.00000
vt -6.75000 0.62500
vt -7.87500 0.62500
vt -1.00000 1.00000
vt 1.00000 1.00000
vt 1.00000 0.62500
vt -1.00000 0.62500
vt -1.00000 1.00000
vt 1.00000 1.00000
vt 1.00000 0.62500
vt -1.00000 0.62500
vt 0.00000 0.00000
vt 0.16667 0.00000
vt 0.16667 1.00000
vt 0.00000 1.00000
vt 0.16667 0.00000
vt 0.33333 0.00000
vt 0.33333 1.00000
vt 0.16667 1.00000
vt 0.33333 0.00000
vt 0.50000 0.00000
vt 0.50000 1.00000
vt 0.33333 1.00000
vt 0.50000 0.00000
vt 0.66667 0.00000
vt 0.66667 1.00000
vt 0.50000 1.00000
vt 0.66667 0.00000
vt 0.83333 0.00000
vt 0.83333 1.00000
vt 0.66667 1.00000
vt 0.83333 0.00000
vt 1.00000 0.00000
vt 1.00000 1.00000
vt 0.83333 1.00000
vt -4.43750 0.25000
vt -3.31250 0.25000
vt -3.31250 1.75000
vt -4.43750 1.75000
vt -3.50000 -0.06250
vt -3.12500 -0.06250
vt -3.12500 2.06250
vt -3.50000 2.06250
vt -4.43750 0.25000
vt -3.31250 0.25000
vt -3.31250 1.75000
vt -4.43750 1.75000
vt -4.43750 1.00000
vt -3.31250 1.00000
vt -3.31250 -1.75000
vt -4.43750 -1.75000
vt 3.31250 1.00000
vt 4.43750 1.00000
vt 4.43750 -1.75000
vt 3.31250 -1.75000
vt -0.75000 1.00000
vt 0.75000 1.00000
vt 0.75000 -1.75000
vt -0.75000 -1.75000
vt -0.75000 1.00000
vt 0.75000 1.00000
vt 0.75000 -1.75000
vt -0.75000 -1.75000
usemtl bridge
f 1/1 2/2 3/3
f 1/1 3/3 4/4
f 5/5 6/6 7/7
f 5/5 7/7 8/8
f 9/9 10/10 11/11
f 9/9 11/11 12/12
f 13/13 14/14 15/15
f 13/13 15/15 16/16
f 17/17 18/18 19/19
f 17/17 19/19 20/20
usemtl container
f 21/21 22/22 23/23
f 21/21 23/23 24/24
f 25/25 26/26 27/27
f 25/25 27/27 28/28
f 29/29 30/30 31/31
f 29/29 31/31 32/32
f 33/33 34/34 35/35
f 33/33 35/35 36/36
f 37/37 38/38 39/39
f 37/37 39/39 40/40
f 41/41 42/42 43/43
f 41/41 43/43 44/44
f 45/45 46/46 47/47
f 45/45 47/47 48/48
f 49/49 50/50 51/51
f 49/49 51/51 52/52
f 53/53 54/54 55/55
f 53/53 55/55 56/56
f 57/57 58/58 59/59
f 57/57 59/59 60/60
f 61/61 62/62 63/63
f 61/61 63/63 64/64
f 65/65 66/66 67/67
f 65/65 67/67 68/68
f 69/69 70/70 71/71
f 69/69 71/71 72/72
f 73/73 74/74 75/75
f 73/73 75/75 76/76
f 77/77 78/78 79/79
f 77/77 79/79 80/80
f 81/81 82/82 83/83
f 81/81 83/83 84/84
f 85/85 86/86 87/87
f 85/85 87/87 88/88
f 89/89 90/90 91/91
f 89/89 91/91 92/92
f 93/93 94/94 95/95
f 93/93 95/95 96/96
f 97/97 98/98 99/99
f 97/97 99/99 100/100
f 101/101 102/102 103/103
f 101/101 103/103 104/104
f 105/105 106/106 107/107
f 105/105 107/107 108/108
f 109/109 110/110 111/111
f 109/109 111/111 112/112
f 113/113 114/114 115/115
f 113/113 115/115 116/116
f 117/117 118/118 119/119
f 117/117 119/119 120/120
f 121/121 122/122 123/123
f 121/121 123/123 124/124
f 125/125 126/126 127/127
f 125/125 127/127 128/128
f 129/129 130/130 131/131
f 129/129 131/131 132/132
f 133/133 134/134 135/135
f 133/133 135/135 136/136
f 137/137 138/138 139/139
f 137/137 139/139 140/140
f 141/141 142/142 143/143
f 141/141 143/143 144/144
f 145/145 146/146 147/147
f 145/145 147/147 148/148
f 149/149 150/150 151/151
f 149/149 151/151 152/152
f 153/153 154/154 155/155
f 153/153 155/155 156/156
f 157/157 158/158 159/159
f 157/157 159/159 160/160
f 161/161 162/162 163/163
f 161/161 163/163 164/164
f 165/165 166/166 167/167
f 165/165 167/167 168/168
f 169/169 170/170 171/171
f 169/169 171/171 172/172
f 173/173 174/174 175/175
f 173/173 175/175 176/176
f 177/177 178/178 179/179
f 177/177 179/179 180/180
f 181/181 182/182 183/183
f 181/181 183/183 184/184
f 185/185 186/186 187/187
f 185/185 187/187 188/188
f 189/189 190/190 191/191
f 189/189 191/191 192/192
f 193/193 194/194 195/195
f 193/193 195/195 196/196
f 197/197 198/198 199/199
f 197/197 199/199 200/200
f 201/201 202/202 203/203
f 201/201 203/203 204/204
f 205/205 206/206 207/207
f 205/205 207/207 208/208
f 209/209 210/210 211/211
f 209/209 211/211 212/212
f 213/213 214/214 215/215
f 213/213 215/215 216/216
f 217/217 218/218 219/219
f 217/217 219/219 220/220
f 221/221 222/222 223/223
f 221/221 223/223 224/224
f 225/225 226/226 227/227
f 225/225 227/227 228/228
f 229/229 230/230 231/231
f 229/229 231/231 232/232
f 233/233 234/234 235/235
f 233/233 235/235 236/236
f 237/237 238/238 239/239
f 237/237 239/239 240/240
f 241/241 242/242 243/243
f 241/241 243/243 244/244
f 245/245 246/246 247/247
f 245/245 247/247 248/248
f 249/249 250/250 251/251
f 249/249 251/251 252/252
f 253/253 254/254 255/255
f 253/253 255/255 256/256
f 257/257 258/258 259/259
f 257/257 259/259 260/260
f 261/261 262/262 263/263
f 261/261 263/263 264/264
f 265/265 266/266 267/267
f 265/265 267/267 268/268
f 269/269 270/270 271/271
f 269/269 271/271 272/272
f 273/273 274/274 275/275
f 273/273 275/275 276/276
f 277/277 278/278 279/279
f 277/277 279/279 280/280
f 281/281 282/282 283/283
f 281/281 283/283 284/284
f 285/285 286/286 287/287
f 285/285 287/287 288/288
f 289/289 290/290 291/291
f 289/289 291/291 292/292
f 293/293 294/294 295/295
f 293/293 295/295 296/296
f 297/297 298/298 299/299
f 297/297 299/299 300/300
f 301/301 302/302 303/303
f 301/301 303/303 304/304
f 305/305 306/306 307/307
f 305/305 307/307 308/308
f 309/309 310/310 311/311
f 309/309 311/311 312/312
f 313/313 314/314 315/315
f 313/313 315/315 316/316
f 317/317 318/318 319/319
f 317/317 319/319 320/320
f 321/321 322/322 323/323
f 321/321 323/323 324/324
f 325/325 326/326 327/327
f 325/325 327/327 328/328
f 329/329 330/330 331/331
f 329/329 331/331 332/332
f 333/333 334/334 335/335
f 333/333 335/335 336/336
f 337/337 338/338 339/339
f 337/337 339/339 340/340
f 341/341 342/342 343/343
f 341/341 343/343 344/344
f 345/345 346/346 347/347
f 345/345 347/347 348/348
f 349/349 350/350 351/351
f 349/349 351/351 352/352
f 353/353 354/354 355/355
f 353/353 355/355 356/356
f 357/357 358/358 359/359
f 357/357 359/359 360/360
f 361/361 362/362 363/363
f 361/361 363/363 364/364
f 365/365 366/366 367/367
f 365/365 367/367 368/368
f 369/369 370/370 371/371
f 369/369 371/371 372/372
f 373/373 374/374 375/375
f 373/373 375/375 376/376
f 377/377 378/378 379/379
f 377/377 379/379 380/380
f 381/381 382/382 383/383
f 381/381 383/383 384/384
f 385/385 386/386 387/387
f 385/385 387/387 388/388
f 389/389 390/390 391/391
f 389/389 391/391 392/392
f 393/393 394/394 395/395
f 393/393 395/395 396/396
f 397/397 398/398 399/399
f 397/397 399/399 400/400
f 401/401 402/402 403/403
f 401/401 403/403 404/404
f 405/405 406/406 407/407
f 405/405 407/407 408/408
f 409/409 410/410 411/411
f 409/409 411/411 412/412
f 413/413 414/414 415/415
f 413/413 415/415 416/416
f 417/417 418/418 419/419
f 417/417 419/419 420/420
f 421/421 422/422 423/423
f 421/421 423/423 424/424
f 425/425 426/426 427/427
f 425/425 427/427 428/428
f 429/429 430/430 431/431
f 429/429 431/431 432/432
f 433/433 434/434 435/435
f 433/433 435/435 436/436
f 437/437 438/438 439/439
f 437/437 439/439 440/440
f 441/441 442/442 443/443
f 441/441 443/443 444/444
f 445/445 446/446 447/447
f 445/445 447/447 448/448
f 449/449 450/450 451/451
f 449/449 451/451 452/452
f 453/453 454/454 455/455
f 453/453 455/455 456/456
f 457/457 458/458 459/459
f 457/457 459/459 460/460
f 461/461 462/462 463/463
f 461/461 463/463 464/464
f 465/465 466/466 467/467
f 465/465 467/467 468/468
f 469/469 470/470 471/471
f 469/469 471/471 472/472
f 473/473 474/474 475/475
f 473/473 475/475 476/476
f 477/477 478/478 479/479
f 477/477 479/479 480/480
f 481/481 482/482 483/483
f 481/481 483/483 484/484
f 485/485 486/486 487/487
f 485/485 487/487 488/488
f 489/489 490/490 491/491
f 489/489 491/491 492/492
f 493/493 494/494 495/495
f 493/493 495/495 496/496
f 497/497 498/498 499/499
f 497/497 499/499 500/500
f 501/501 502/502 503/503
f 501/501 503/503 504/504
f 505/505 506/506 507/507
f 505/505 507/507 508/508
f 509/509 510/510 511/511
f 509/509 511/511 512/512
f 513/513 514/514 515/515
f 513/513 515/515 516/516
f 517/517 518/518 519/519
f 517/517 519/519 520/520
f 521/521 522/522 523/523
f 521/521 523/523 524/524
f 525/525 526/526 527/527
f 525/525 527/527 528/528
f 529/529 530/530 531/531
f 529/529 531/531 532/532
f 533/533 534/534 535/535
f 533/533 535/535 536/536
f 537/537 538/538 539/539
f 537/537 539/539 540/540
f 541/541 542/542 543/543
f 541/541 543/543 544/544
f 545/545 546/546 547/547
f 545/545 547/547 548/548
f 549/549 550/550 551/551
f 549/549 551/551 552/552
f 553/553 554/554 555/555
f 553/553 555/555 556/556
f 557/557 558/558 559/559
f 557/557 559/559 560/560
f 561/561 562/562 563/563
f 561/561 563/563 564/564
f 565/565 566/566 567/567
f 565/565 567/567 568/568
f 569/569 570/570 571/571
f 569/569 571/571 572/572
f 573/573 574/574 575/575
f 573/573 575/575 576/576
f 577/577 578/578 579/579
f 577/577 579/579 580/580
f 581/581 582/582 583/583
f 581/581 583/583 584/584
f 585/585 586/586 587/587
f 585/585 587/587 588/588
f 589/589 590/590 591/591
f 589/589 591/591 592/592
f 593/593 594/594 595/595
f 593/593 595/595 596/596
f 597/597 598/598 599/599
f 597/597 599/599 600/600
f 601/601 602/602 603/603
f 601/601 603/603 604/604
f 605/605 606/606 607/607
f 605/605 607/607 608/608
f 609/609 610/610 611/611
f 609/609 611/611 612/612
f 613/613 614/614 615/615
f 613/613 615/615 616/616
f 617/617 618/618 619/619
f 617/617 619/619 620/620
f 621/621 622/622 623/623
f 621/621 623/623 624/624
f 625/625 626/626 627/627
f 625/625 627/627 628/628
f 629/629 630/630 631/631
f 629/629 631/631 632/632
f 633/633 634/634 635/635
f 633/633 635/635 636/636
f 637/637 638/638 639/639
f 637/637 639/639 640/640
f 641/641 642/642 643/643
f 641/641 643/643 644/644
f 645/645 646/646 647/647
f 645/645 647/647 648/648
f 649/649 650/650 651/651
f 649/649 651/651 652/652
f 653/653 654/654 655/655
f 653/653 655/655 656/656
f 657/657 658/658 659/659
f 657/657 659/659 660/660
f 661/661 662/662 663/663
f 661/661 663/663 664/664
f 665/665 666/666 667/667
f 665/665 667/667 668/668
f 669/669 670/670 671/671
f 669/669 671/671 672/672
f 673/673 674/674 675/675
f 673/673 675/675 676/676
f 677/677 678/678 679/679
f 677/677 679/679 680/680
f 681/681 682/682 683/683
f 681/681 683/683 684/684
f 685/685 686/686 687/687
f 685/685 687/687 688/688
f 689/689 690/690 691/691
f 689/689 691/691 692/692
f 693/693 694/694 695/695
f 693/693 695/695 696/696
f 697/697 698/698 699/699
f 697/697 699/699 700/700
f 701/701 702/702 703/703
f 701/701 703/703 704/704
f 705/705 706/706 707/707
f 705/705 707/707 708/708
f 709/709 710/710 711/711
f 709/709 711/711 712/712
f 713/713 714/714 715/715
f 713/713 715/715 716/716
f 717/717 718/718 719/719
f 717/717 719/719 720/720
f 721/721 722/722 723/723
f 721/721 723/723 724/724
f 725/725 726/726 727/727
f 725/725 727/727 728/728
f 729/729 730/730 731/731
f 729/729 731/731 732/732
f 733/733 734/734 735/735
f 733/733 735/735 736/736
f 737/737 738/738 739/739
f 737/737 739/739 740/740
f 741/741 742/742 743/743
f 741/741 743/743 744/744
f 745/745 746/746 747/747
f 745/745 747/747 748/748
f 749/749 750/750 751/751
f 749/749 751/751 752/752
f 753/753 754/754 755/755
f 753/753 755/755 756/756
f 757/757 758/758 759/759
f 757/757 759/759 760/760
f 761/761 762/762 763/763
f 761/761 763/763 764/764
f 765/765 766/766 767/767
f 765/765 767/767 768/768
f 769/769 770/770 771/771
f 769/769 771/771 772/772
f 773/773 774/774 775/775
f 773/773 775/775 776/776
f 777/777 778/778 779/779
f 777/777 779/779 780/780
f 781/781 782/782 783/783
f 781/781 783/783 784/784
f 785/785 786/786 787/787
f 785/785 787/787 788/788
f 789/789 790/790 791/791
f 789/789 791/791 792/792
f 793/793 794/794 795/795
f 793/793 795/795 796/796
f 797/797 798/798 799/799
f 797/797 799/799 800/800
f 801/801 802/802 803/803
f 801/801 803/803 804/804
f 805/805 806/806 807/807
f 805/805 807/807 808/808
f 809/809 810/810 811/811
f 809/809 811/811 812/812
f 813/813 814/814 815/815
f 813/813 815/815 816/816
f 817/817 818/818 819/819
f 817/817 819/819 820/820
f 821/821 822/822 823/823
f 821/821 823/823 824/824
f 825/825 826/826 827/827
f 825/825 827/827 828/828
f 829/829 830/830 831/831
f 829/829 831/831 832/832
f 833/833 834/834 835/835
f 833/833 835/835 836/836
f 837/837 838/838 839/839
f 837/837 839/839 840/840
f 841/841 842/842 843/843
f 841/841 843/843 844/844
f 845/845 846/846 847/847
f 845/845 847/847 848/848
f 849/849 850/850 851/851
f 849/849 851/851 852/852
f 853/853 854/854 855/855
f 853/853 855/855 856/856
f 857/857 858/858 859/859
f 857/857 859/859 860/860
f 861/861 862/862 863/863
f 861/861 863/863 864/864
f 865/865 866/866 867/867
f 865/865 867/867 868/868
f 869/869 870/870 871/871
f 869/869 871/871 872/872
f 873/873 874/874 875/875
f 873/873 875/875 876/876
f 877/877 878/878 879/879
f 877/877 879/879 880/880
f 881/881 882/882 883/883
f 881/881 883/883 884/884
f 885/885 886/886 887/887
f 885/885 887/887 888/888
f 889/889 890/890 891/891
f 889/889 891/891 892/892
f 893/893 894/894 895/895
f 893/893 895/895 896/896
f 897/897 898/898 899/899
f 897/897 899/899 900/900
f 901/901 902/902 903/903
f 901/901 903/903 904/904
f 905/905 906/906 907/907
f 905/905 907/907 908/908
f 909/909 910/910 911/911
f 909/909 911/911 912/912
f 913/913 914/914 915/915
f 913/913 915/915 916/916
f 917/917 918/918 919/919
f 917/917 919/919 920/920
f 921/921 922/922 923/923
f 921/921 923/923 924/924
f 925/925 926/926 927/927
f 925/925 927/927 928/928
f 929/929 930/930 931/931
f 929/929 931/931 932/932
f 933/933 934/934 935/935
f 933/933 935/935 936/936
f 937/937 938/938 939/939
f 937/937 939/939 940/940
f 941/941 942/942 943/943
f 941/941 943/943 944/944
f 945/945 946/946 947/947
f 945/945 947/947 948/948
f 949/949 950/950 951/951
f 949/949 951/951 952/952
f 953/953 954/954 955/955
f 953/953 955/955 956/956
f 957/957 958/958 959/959
f 957/957 959/959 960/960
f 961/961 962/962 963/963
f 961/961 963/963 964/964
f 965/965 966/966 967/967
f 965/965 967/967 968/968
f 969/969 970/970 971/971
f 969/969 971/971 972/972
f 973/973 974/974 975/975
f 973/973 975/975 976/976
f 977/977 978/978 979/979
f 977/977 979/979 980/980
f 981/981 982/982 983/983
f 981/981 983/983 984/984
f 985/985 986/986 987/987
f 985/985 987/987 988/988
f 989/989 990/990 991/991
f 989/989 991/991 992/992
f 993/993 994/994 995/995
f 993/993 995/995 996/996
f 997/997 998/998 999/999
f 997/997 999/999 1000/1000
f 1001/1001 1002/1002 1003/1003
f 1001/1001 1003/1003 1004/1004
f 1005/1005 1006/1006 1007/1007
f 1005/1005 1007/1007 1008/1008
f 1009/1009 1010/1010 1011/1011
f 1009/1009 1011/1011 1012/1012
f 1013/1013 1014/1014 1015/1015
f 1013/1013 1015/1015 1016/1016
f 1017/1017 1018/1018 1019/1019
f 1017/1017 1019/1019 1020/1020
f 1021/1021 1022/1022 1023/1023
f 1021/1021 1023/1023 1024/1024
f 1025/1025 1026/1026 1027/1027
f 1025/1025 1027/1027 1028/1028
f 1029/1029 1030/1030 1031/1031
f 1029/1029 1031/1031 1032/1032
f 1033/1033 1034/1034 1035/1035
f 1033/1033 1035/1035 1036/1036
f 1037/1037 1038/1038 1039/1039
f 1037/1037 1039/1039 1040/1040
f 1041/1041 1042/1042 1043/1043
f 1041/1041 1043/1043 1044/1044
f 1045/1045 1046/1046 1047/1047
f 1045/1045 1047/1047 1048/1048
f 1049/1049 1050/1050 1051/1051
f 1049/1049 1051/1051 1052/1052
f 1053/1053 1054/1054 1055/1055
f 1053/1053 1055/1055 1056/1056
f 1057/1057 1058/1058 1059/1059
f 1057/1057 1059/1059 1060/1060
f 1061/1061 1062/1062 1063/1063
f 1061/1061 1063/1063 1064/1064
f 1065/1065 1066/1066 1067/1067
f 1065/1065 1067/1067 1068/1068
f 1069/1069 1070/1070 1071/1071
f 1069/1069 1071/1071 1072/1072
f 1073/1073 1074/1074 1075/1075
f 1073/1073 1075/1075 1076/1076
f 1077/1077 1078/1078 1079/1079
f 1077/1077 1079/1079 1080/1080
f 1081/1081 1082/1082 1083/1083
f 1081/1081 1083/1083 1084/1084
f 1085/1085 1086/1086 1087/1087
f 1085/1085 1087/1087 1088/1088
f 1089/1089 1090/1090 1091/1091
f 1089/1089 1091/1091 1092/1092
f 1093/1093 1094/1094 1095/1095
f 1093/1093 1095/1095 1096/1096
f 1097/1097 1098/1098 1099/1099
f 1097/1097 1099/1099 1100/1100
f 1101/1101 1102/1102 1103/1103
f 1101/1101 1103/1103 1104/1104
f 1105/1105 1106/1106 1107/1107
f 1105/1105 1107/1107 1108/1108
f 1109/1109 1110/1110 1111/1111
f 1109/1109 1111/1111 1112/1112
f 1113/1113 1114/1114 1115/1115
f 1113/1113 1115/1115 1116/1116
f 1117/1117 1118/1118 1119/1119
f 1117/1117 1119/1119 1120/1120
f 1121/1121 1122/1122 1123/1123
f 1121/1121 1123/1123 1124/1124
f 1125/1125 1126/1126 1127/1127
f 1125/1125 1127/1127 1128/1128
f 1129/1129 1130/1130 1131/1131
f 1129/1129 1131/1131 1132/1132
f 1133/1133 1134/1134 1135/1135
f 1133/1133 1135/1135 1136/1136
f 1137/1137 1138/1138 1139/1139
f 1137/1137 1139/1139 1140/1140
f 1141/1141 1142/1142 1143/1143
f 1141/1141 1143/1143 1144/1144
f 1145/1145 1146/1146 1147/1147
f 1145/1145 1147/1147 1148/1148
f 1149/1149 1150/1150 1151/1151
f 1149/1149 1151/1151 1152/1152
f 1153/1153 1154/1154 1155/1155
f 1153/1153 1155/1155 1156/1156
f 1157/1157 1158/1158 1159/1159
f 1157/1157 1159/1159 1160/1160
f 1161/1161 1162/1162 1163/1163
f 1161/1161 1163/1163 1164/1164
f 1165/1165 1166/1166 1167/1167
f 1165/1165 1167/1167 1168/1168
f 1169/1169 1170/1170 1171/1171
f 1169/1169 1171/1171 1172/1172
f 1173/1173 1174/1174 1175/1175
f 1173/1173 1175/1175 1176/1176
f 1177/1177 1178/1178 1179/1179
f 1177/1177 1179/1179 1180/1180
f 1181/1181 1182/1182 1183/1183
f 1181/1181 1183/1183 1184/1184
f 1185/1185 1186/1186 1187/1187
f 1185/1185 1187/1187 1188/1188
f 1189/1189 1190/1190 1191/1191
f 1189/1189 1191/1191 1192/1192
f 1193/1193 1194/1194 1195/1195
f 1193/1193 1195/1195 1196/1196
f 1197/1197 1198/1198 1199/1199
f 1197/1197 1199/1199 1200/1200
f 1201/1201 1202/1202 1203/1203
f 1201/1201 1203/1203 1204/1204
f 1205/1205 1206/1206 1207/1207
f 1205/1205 1207/1207 1208/1208
f 1209/1209 1210/1210 1211/1211
f 1209/1209 1211/1211 1212/1212
f 1213/1213 1214/1214 1215/1215
f 1213/1213 1215/1215 1216/1216
f 1217/1217 1218/1218 1219/1219
f 1217/1217 1219/1219 1220/1220
f 1221/1221 1222/1222 1223/1223
f 1221/1221 1223/1223 1224/1224
f 1225/1225 1226/1226 1227/1227
f 1225/1225 1227/1227 1228/1228
f 1229/1229 1230/1230 1231/1231
f 1229/1229 1231/1231 1232/1232
f 1233/1233 1234/1234 1235/1235
f 1233/1233 1235/1235 1236/1236
f 1237/1237 1238/1238 1239/1239
f 1237/1237 1239/1239 1240/1240
f 1241/1241 1242/1242 1243/1243
f 1241/1241 1243/1243 1244/1244
f 1245/1245 1246/1246 1247/1247
f 1245/1245 1247/1247 1248/1248
f 1249/1249 1250/1250 1251/1251
f 1249/1249 1251/1251 1252/1252
f 1253/1253 1254/1254 1255/1255
f 1253/1253 1255/1255 1256/1256
f 1257/1257 1258/1258 1259/1259
f 1257/1257 1259/1259 1260/1260
f 1261/1261 1262/1262 1263/1263
f 1261/1261 1263/1263 1264/1264
f 1265/1265 1266/1266 1267/1267
f 1265/1265 1267/1267 1268/1268
usemtl deck
f 1269/1269 1270/1270 1271/1271
f 1269/1269 1271/1271 1272/1272
f 1269/1269 1272/1272 1273/1273
f 1269/1269 1273/1273 1274/1274
f 1269/1269 1274/1274 1275/1275
f 1269/1269 1275/1275 1276/1276
f 1269/1269 1276/1276 1277/1277
f 1269/1269 1277/1277 1278/1278
f 1269/1269 1278/1278 1279/1279
f 1269/1269 1279/1279 1280/1280
f 1269/1269 1280/1280 1281/1281
f 1269/1269 1281/1281 1282/1282
f 1269/1269 1282/1282 1283/1283
f 1269/1269 1283/1283 1284/1284
f 1269/1269 1284/1284 1285/1285
f 1269/1269 1285/1285 1286/1286
f 1269/1269 1286/1286 1287/1287
f 1269/1269 1287/1287 1288/1288
f 1269/1269 1288/1288 1289/1289
f 1269/1269 1289/1289 1290/1290
f 1269/1269 1290/1290 1291/1291
f 1269/1269 1291/1291 1292/1292
f 1269/1269 1292/1292 1293/1293
f 1269/1269 1293/1293 1294/1294
f 1269/1269 1294/1294 1295/1295
f 1269/1269 1295/1295 1296/1296
f 1269/1269 1296/1296 1297/1297
f 1269/1269 1297/1297 1298/1298
f 1269/1269 1298/1298 1299/1299
f 1269/1269 1299/1299 1300/1300
f 1269/1269 1300/1300 1301/1301
f 1269/1269 1301/1301 1302/1302
f 1269/1269 1302/1302 1303/1303
f 1269/1269 1303/1303 1304/1304
f 1269/1269 1304/1304 1305/1305
f 1269/1269 1305/1305 1306/1306
f 1269/1269 1306/1306 1307/1307
f 1269/1269 1307/1307 1308/1308
f 1269/1269 1308/1308 1309/1309
f 1269/1269 1309/1309 1310/1310
f 1269/1269 1310/1310 1311/1311
f 1269/1269 1311/1311 1312/1312
f 1269/1269 1312/1312 1313/1313
f 1269/1269 1313/1313 1314/1314
f 1269/1269 1314/1314 1315/1315
f 1269/1269 1315/1315 1316/1316
f 1269/1269 1316/1316 1317/1317
f 1269/1269 1317/1317 1318/1318
usemtl funnel
f 1319/1319 1320/1320 1321/1321
f 1319/1319 1321/1321 1322/1322
f 1323/1323 1324/1324 1325/1325
f 1323/1323 1325/1325 1326/1326
f 1327/1327 1328/1328 1329/1329
f 1327/1327 1329/1329 1330/1330
f 1331/1331 1332/1332 1333/1333
f 1331/1331 1333/1333 1334/1334
f 1335/1335 1336/1336 1337/1337
f 1335/1335 1337/1337 1338/1338
usemtl funnel_top
f 1339/1339 1340/1340 1341/1341
f 1339/1339 1341/1341 1342/1342
usemtl hull
f 1343/1343 1344/1344 1345/1345
f 1343/1343 1345/1345 1346/1346
f 1347/1347 1348/1348 1349/1349
f 1347/1347 1349/1349 1350/1350
f 1351/1351 1352/1352 1353/1353
f 1351/1351 1353/1353 1354/1354
f 1355/1355 1356/1356 1357/1357
f 1355/1355 1357/1357 1358/1358
f 1359/1359 1360/1360 1361/1361
f 1359/1359 1361/1361 1362/1362
f 1363/1363 1364/1364 1365/1365
f 1363/1363 1365/1365 1366/1366
f 1367/1367 1368/1368 1369/1369
f 1367/1367 1369/1369 1370/1370
f 1371/1371 1372/1372 1373/1373
f 1371/1371 1373/1373 1374/1374
f 1375/1375 1376/1376 1377/1377
f 1375/1375 1377/1377 1378/1378
f 1379/1379 1380/1380 1381/1381
f 1379/1379 1381/1381 1382/1382
f 1383/1383 1384/1384 1385/1385
f 1383/1383 1385/1385 1386/1386
f 1387/1387 1388/1388 1389/1389
f 1387/1387 1389/1389 1390/1390
f 1391/1391 1392/1392 1393/1393
f 1391/1391 1393/1393 1394/1394
f 1395/1395 1396/1396 1397/1397
f 1395/1395 1397/1397 1398/1398
f 1399/1399 1400/1400 1401/1401
f 1399/1399 1401/1401 1402/1402
f 1403/1403 1404/1404 1405/1405
f 1403/1403 1405/1405 1406/1406
f 1407/1407 1408/1408 1409/1409
f 1407/1407 1409/1409 1410/1410
f 1411/1411 1412/1412 1413/1413
f 1411/1411 1413/1413 1414/1414
f 1415/1415 1416/1416 1417/1417
f 1415/1415 1417/1417 1418/1418
f 1419/1419 1420/1420 1421/1421
f 1419/1419 1421/1421 1422/1422
f 1423/1423 1424/1424 1425/1425
f 1423/1423 1425/1425 1426/1426
f 1427/1427 1428/1428 1429/1429
f 1427/1427 1429/1429 1430/1430
f 1431/1431 1432/1432 1433/1433
f 1431/1431 1433/1433 1434/1434
f 1435/1435 1436/1436 1437/1437
f 1435/1435 1437/1437 1438/1438
f 1439/1439 1440/1440 1441/1441
f 1439/1439 1441/1441 1442/1442
f 1443/1443 1444/1444 1445/1445
f 1443/1443 1445/1445 1446/1446
f 1447/1447 1448/1448 1449/1449
f 1447/1447 1449/1449 1450/1450
f 1451/1451 1452/1452 1453/1453
f 1451/1451 1453/1453 1454/1454
f 1455/1455 1456/1456 1457/1457
f 1455/1455 1457/1457 1458/1458
f 1459/1459 1460/1460 1461/1461
f 1459/1459 1461/1461 1462/1462
f 1463/1463 1464/1464 1465/1465
f 1463/1463 1465/1465 1466/1466
f 1467/1467 1468/1468 1469/1469
f 1467/1467 1469/1469 1470/1470
f 1471/1471 1472/1472 1473/1473
f 1471/1471 1473/1473 1474/1474
f 1475/1475 1476/1476 1477/1477
f 1475/1475 1477/1477 1478/1478
f 1479/1479 1480/1480 1481/1481
f 1479/1479 1481/1481 1482/1482
f 1483/1483 1484/1484 1485/1485
f 1483/1483 1485/1485 1486/1486
f 1487/1487 1488/1488 1489/1489
f 1487/1487 1489/1489 1490/1490
f 1491/1491 1492/1492 1493/1493
f 1491/1491 1493/1493 1494/1494
f 1495/1495 1496/1496 1497/1497
f 1495/1495 1497/1497 1498/1498
f 1499/1499 1500/1500 1501/1501
f 1499/1499 1501/1501 1502/1502
f 1503/1503 1504/1504 1505/1505
f 1503/1503 1505/1505 1506/1506
f 1507/1507 1508/1508 1509/1509
f 1507/1507 1509/1509 1510/1510
f 1511/1511 1512/1512 1513/1513
f 1511/1511 1513/1513 1514/1514
f 1515/1515 1516/1516 1517/1517
f 1515/1515 1517/1517 1518/1518
f 1519/1519 1520/1520 1521/1521
f 1519/1519 1521/1521 1522/1522
f 1523/1523 1524/1524 1525/1525
f 1523/1523 1525/1525 1526/1526
f 1527/1527 1528/1528 1529/1529
f 1527/1527 1529/1529 1530/1530
f 1531/1531 1532/1532 1533/1533
f 1531/1531 1533/1533 1534/1534
f 1535/1535 1536/1536 1537/1537
f 1535/1535 1537/1537 1538/1538
f 1539/1539 1540/1540 1541/1541
f 1539/1539 1541/1541 1542/1542
f 1543/1543 1544/1544 1545/1545
f 1543/1543 1545/1545 1546/1546
f 1547/1547 1548/1548 1549/1549
f 1547/1547 1549/1549 1550/1550
f 1551/1551 1552/1552 1553/1553
f 1551/1551 1553/1553 1554/1554
f 1555/1555 1556/1556 1557/1557
f 1555/1555 1557/1557 1558/1558
f 1559/1559 1560/1560 1561/1561
f 1559/1559 1561/1561 1562/1562
f 1563/1563 1564/1564 1565/1565
f 1563/1563 1565/1565 1566/1566
f 1567/1567 1568/1568 1569/1569
f 1567/1567 1569/1569 1570/1570
f 1571/1571 1572/1572 1573/1573
f 1571/1571 1573/1573 1574/1574
f 1575/1575 1576/1576 1577/1577
f 1575/1575 1577/1577 1578/1578
f 1579/1579 1580/1580 1581/1581
f 1579/1579 1581/1581 1582/1582
f 1583/1583 1584/1584 1585/1585
f 1583/1583 1585/1585 1586/1586
f 1587/1587 1588/1588 1589/1589
f 1587/1587 1589/1589 1590/1590
f 1591/1591 1592/1592 1593/1593
f 1591/1591 1593/1593 1594/1594
f 1595/1595 1596/1596 1597/1597
f 1595/1595 1597/1597 1598/1598
f 1599/1599 1600/1600 1601/1601
f 1599/1599 1601/1601 1602/1602
f 1603/1603 1604/1604 1605/1605
f 1603/1603 1605/1605 1606/1606
f 1607/1607 1608/1608 1609/1609
f 1607/1607 1609/1609 1610/1610
f 1611/1611 1612/1612 1613/1613
f 1611/1611 1613/1613 1614/1614
f 1615/1615 1616/1616 1617/1617
f 1615/1615 1617/1617 1618/1618
f 1619/1619 1620/1620 1621/1621
f 1619/1619 1621/1621 1622/1622
f 1623/1623 1624/1624 1625/1625
f 1623/1623 1625/1625 1626/1626
f 1627/1627 1628/1628 1629/1629
f 1627/1627 1629/1629 1630/1630
f 1631/1631 1632/1632 1633/1633
f 1631/1631 1633/1633 1634/1634
f 1635/1635 1636/1636 1637/1637
f 1635/1635 1637/1637 1638/1638
f 1639/1639 1640/1640 1641/1641
f 1639/1639 1641/1641 1642/1642
f 1643/1643 1644/1644 1645/1645
f 1643/1643 1645/1645 1646/1646
f 1647/1647 1648/1648 1649/1649
f 1647/1647 1649/1649 1650/1650
f 1651/1651 1652/1652 1653/1653
f 1651/1651 1653/1653 1654/1654
f 1655/1655 1656/1656 1657/1657
f 1655/1655 1657/1657 1658/1658
f 1659/1659 1660/1660 1661/1661
f 1659/1659 1661/1661 1662/1662
f 1663/1663 1664/1664 1665/1665
f 1663/1663 1665/1665 1666/1666
f 1667/1667 1668/1668 1669/1669
f 1667/1667 1669/1669 1670/1670
f 1671/1671 1672/1672 1673/1673
f 1671/1671 1673/1673 1674/1674
f 1675/1675 1676/1676 1677/1677
f 1675/1675 1677/1677 1678/1678
f 1679/1679 1680/1680 1681/1681
f 1679/1679 1681/1681 1682/1682
f 1683/1683 1684/1684 1685/1685
f 1683/1683 1685/1685 1686/1686
f 1687/1687 1688/1688 1689/1689
f 1687/1687 1689/1689 1690/1690
f 1691/1691 1692/1692 1693/1693
f 1691/1691 1693/1693 1694/1694
f 1695/1695 1696/1696 1697/1697
f 1695/1695 1697/1697 1698/1698
f 1699/1699 1700/1700 1701/1701
f 1699/1699 1701/1701 1702/1702
f 1703/1703 1704/1704 1705/1705
f 1703/1703 1705/1705 1706/1706
f 1707/1707 1708/1708 1709/1709
f 1707/1707 1709/1709 1710/1710
f 1711/1711 1712/1712 1713/1713
f 1711/1711 1713/1713 1714/1714
f 1715/1715 1716/1716 1717/1717
f 1715/1715 1717/1717 1718/1718
f 1719/1719 1720/1720 1721/1721
f 1719/1719 1721/1721 1722/1722
f 1723/1723 1724/1724 1725/1725
f 1723/1723 1725/1725 1726/1726
f 1727/1727 1728/1728 1729/1729
f 1727/1727 1729/1729 1730/1730
f 1731/1731 1732/1732 1733/1733
f 1731/1731 1733/1733 1734/1734
usemtl inner
f 1735/1735 1736/1736 1737/1737
f 1735/1735 1737/1737 1738/1738
f 1739/1739 1740/1740 1741/1741
f 1739/1739 1741/1741 1742/1742
f 1743/1743 1744/1744 1745/1745
f 1743/1743 1745/1745 1746/1746
f 1747/1747 1748/1748 1749/1749
f 1747/1747 1749/1749 1750/1750
f 1751/1751 1752/1752 1753/1753
f 1751/1751 1753/1753 1754/1754
f 1755/1755 1756/1756 1757/1757
f 1755/1755 1757/1757 1758/1758
f 1759/1759 1760/1760 1761/1761
f 1759/1759 1761/1761 1762/1762
f 1763/1763 1764/1764 1765/1765
f 1763/1763 1765/1765 1766/1766
f 1767/1767 1768/1768 1769/1769
f 1767/1767 1769/1769 1770/1770
f 1771/1771 1772/1772 1773/1773
f 1771/1771 1773/1773 1774/1774
f 1775/1775 1776/1776 1777/1777
f 1775/1775 1777/1777 1778/1778
f 1779/1779 1780/1780 1781/1781
f 1779/1779 1781/1781 1782/1782
f 1783/1783 1784/1784 1785/1785
f 1783/1783 1785/1785 1786/1786
f 1787/1787 1788/1788 1789/1789
f 1787/1787 1789/1789 1790/1790
f 1791/1791 1792/1792 1793/1793
f 1791/1791 1793/1793 1794/1794
f 1795/1795 1796/1796 1797/1797
f 1795/1795 1797/1797 1798/1798
f 1799/1799 1800/1800 1801/1801
f 1799/1799 1801/1801 1802/1802
f 1803/1803 1804/1804 1805/1805
f 1803/1803 1805/1805 1806/1806
f 1807/1807 1808/1808 1809/1809
f 1807/1807 1809/1809 1810/1810
f 1811/1811 1812/1812 1813/1813
f 1811/1811 1813/1813 1814/1814
f 1815/1815 1816/1816 1817/1817
f 1815/1815 1817/1817 1818/1818
f 1819/1819 1820/1820 1821/1821
f 1819/1819 1821/1821 1822/1822
f 1823/1823 1824/1824 1825/1825
f 1823/1823 1825/1825 1826/1826
f 1827/1827 1828/1828 1829/1829
f 1827/1827 1829/1829 1830/1830
f 1831/1831 1832/1832 1833/1833
f 1831/1831 1833/1833 1834/1834
f 1835/1835 1836/1836 1837/1837
f 1835/1835 1837/1837 1838/1838
f 1839/1839 1840/1840 1841/1841
f 1839/1839 1841/1841 1842/1842
f 1843/1843 1844/1844 1845/1845
f 1843/1843 1845/1845 1846/1846
f 1847/1847 1848/1848 1849/1849
f 1847/1847 1849/1849 1850/1850
f 1851/1851 1852/1852 1853/1853
f 1851/1851 1853/1853 1854/1854
f 1855/1855 1856/1856 1857/1857
f 1855/1855 1857/1857 1858/1858
f 1859/1859 1860/1860 1861/1861
f 1859/1859 1861/1861 1862/1862
f 1863/1863 1864/1864 1865/1865
f 1863/1863 1865/1865 1866/1866
f 1867/1867 1868/1868 1869/1869
f 1867/1867 1869/1869 1870/1870
f 1871/1871 1872/1872 1873/1873
f 1871/1871 1873/1873 1874/1874
f 1875/1875 1876/1876 1877/1877
f 1875/1875 1877/1877 1878/1878
f 1879/1879 1880/1880 1881/1881
f 1879/1879 1881/1881 1882/1882
f 1883/1883 1884/1884 1885/1885
f 1883/1883 1885/1885 1886/1886
f 1887/1887 1888/1888 1889/1889
f 1887/1887 1889/1889 1890/1890
f 1891/1891 1892/1892 1893/1893
f 1891/1891 1893/1893 1894/1894
f 1895/1895 1896/1896 1897/1897
f 1895/1895 1897/1897 1898/1898
f 1899/1899 1900/1900 1901/1901
f 1899/1899 1901/1901 1902/1902
f 1903/1903 1904/1904 1905/1905
f 1903/1903 1905/1905 1906/1906
f 1907/1907 1908/1908 1909/1909
f 1907/1907 1909/1909 1910/1910
f 1911/1911 1912/1912 1913/1913
f 1911/1911 1913/1913 1914/1914
f 1915/1915 1916/1916 1917/1917
f 1915/1915 1917/1917 1918/1918
f 1919/1919 1920/1920 1921/1921
f 1919/1919 1921/1921 1922/1922
f 1923/1923 1924/1924 1925/1925
f 1923/1923 1925/1925 1926/1926
f 1927/1927 1928/1928 1929/1929
f 1927/1927 1929/1929 1930/1930
f 1931/1931 1932/1932 1933/1933
f 1931/1931 1933/1933 1934/1934
f 1935/1935 1936/1936 1937/1937
f 1935/1935 1937/1937 1938/1938
f 1939/1939 1940/1940 1941/1941
f 1939/1939 1941/1941 1942/1942
f 1943/1943 1944/1944 1945/1945
f 1943/1943 1945/1945 1946/1946
f 1947/1947 1948/1948 1949/1949
f 1947/1947 1949/1949 1950/1950
f 1951/1951 1952/1952 1953/1953
f 1951/1951 1953/1953 1954/1954
f 1955/1955 1956/1956 1957/1957
f 1955/1955 1957/1957 1958/1958
f 1959/1959 1960/1960 1961/1961
f 1959/1959 1961/1961 1962/1962
f 1963/1963 1964/1964 1965/1965
f 1963/1963 1965/1965 1966/1966
f 1967/1967 1968/1968 1969/1969
f 1967/1967 1969/1969 1970/1970
f 1971/1971 1972/1972 1973/1973
f 1971/1971 1973/1973 1974/1974
f 1975/1975 1976/1976 1977/1977
f 1975/1975 1977/1977 1978/1978
f 1979/1979 1980/1980 1981/1981
f 1979/1979 1981/1981 1982/1982
f 1983/1983 1984/1984 1985/1985
f 1983/1983 1985/1985 1986/1986
f 1987/1987 1988/1988 1989/1989
f 1987/1987 1989/1989 1990/1990
f 1991/1991 1992/1992 1993/1993
f 1991/1991 1993/1993 1994/1994
f 1995/1995 1996/1996 1997/1997
f 1995/1995 1997/1997 1998/1998
f 1999/1999 2000/2000 2001/2001
f 1999/1999 2001/2001 2002/2002
f 2003/2003 2004/2004 2005/2005
f 2003/2003 2005/2005 2006/2006
f 2007/2007 2008/2008 2009/2009
f 2007/2007 2009/2009 2010/2010
f 2011/2011 2012/2012 2013/2013
f 2011/2011 2013/2013 2014/2014
f 2015/2015 2016/2016 2017/2017
f 2015/2015 2017/2017 2018/2018
f 2019/2019 2020/2020 2021/2021
f 2019/2019 2021/2021 2022/2022
f 2023/2023 2024/2024 2025/2025
f 2023/2023 2025/2025 2026/2026
f 2027/2027 2028/2028 2029/2029
f 2027/2027 2029/2029 2030/2030
f 2031/2031 2032/2032 2033/2033
f 2031/2031 2033/2033 2034/2034
f 2035/2035 2036/2036 2037/2037
f 2035/2035 2037/2037 2038/2038
f 2039/2039 2040/2040 2041/2041
f 2039/2039 2041/2041 2042/2042
f 2043/2043 2044/2044 2045/2045
f 2043/2043 2045/2045 2046/2046
f 2047/2047 2048/2048 2049/2049
f 2047/2047 2049/2049 2050/2050
f 2051/2051 2052/2052 2053/2053
f 2051/2051 2053/2053 2054/2054
f 2055/2055 2056/2056 2057/2057
f 2055/2055 2057/2057 2058/2058
f 2059/2059 2060/2060 2061/2061
f 2059/2059 2061/2061 2062/2062
f 2063/2063 2064/2064 2065/2065
f 2063/2063 2065/2065 2066/2066
f 2067/2067 2068/2068 2069/2069
f 2067/2067 2069/2069 2070/2070
f 2071/2071 2072/2072 2073/2073
f 2071/2071 2073/2073 2074/2074
f 2075/2075 2076/2076 2077/2077
f 2075/2075 2077/2077 2078/2078
f 2079/2079 2080/2080 2081/2081
f 2079/2079 2081/2081 2082/2082
f 2083/2083 2084/2084 2085/2085
f 2083/2083 2085/2085 2086/2086
f 2087/2087 2088/2088 2089/2089
f 2087/2087 2089/2089 2090/2090
f 2091/2091 2092/2092 2093/2093
f 2091/2091 2093/2093 2094/2094
f 2095/2095 2096/2096 2097/2097
f 2095/2095 2097/2097 2098/2098
f 2099/2099 2100/2100 2101/2101
f 2099/2099 2101/2101 2102/2102
f 2103/2103 2104/2104 2105/2105
f 2103/2103 2105/2105 2106/2106
f 2107/2107 2108/2108 2109/2109
f 2107/2107 2109/2109 2110/2110
f 2111/2111 2112/2112 2113/2113
f 2111/2111 2113/2113 2114/2114
f 2115/2115 2116/2116 2117/2117
f 2115/2115 2117/2117 2118/2118
f 2119/2119 2120/2120 2121/2121
f 2119/2119 2121/2121 2122/2122
f 2123/2123 2124/2124 2125/2125
f 2123/2123 2125/2125 2126/2126
f 2127/2127 2128/2128 2129/2129
f 2127/2127 2129/2129 2130/2130
f 2131/2131 2132/2132 2133/2133
f 2131/2131 2133/2133 2134/2134
f 2135/2135 2136/2136 2137/2137
f 2135/2135 2137/2137 2138/2138
f 2139/2139 2140/2140 2141/2141
f 2139/2139 2141/2141 2142/2142
usemtl mast
f 2143/2143 2144/2144 2145/2145
f 2143/2143 2145/2145 2146/2146
f 2147/2147 2148/2148 2149/2149
f 2147/2147 2149/2149 2150/2150
f 2151/2151 2152/2152 2153/2153
f 2151/2151 2153/2153 2154/2154
f 2155/2155 2156/2156 2157/2157
f 2155/2155 2157/2157 2158/2158
f 2159/2159 2160/2160 2161/2161
f 2159/2159 2161/2161 2162/2162
f 2163/2163 2164/2164 2165/2165
f 2163/2163 2165/2165 2166/2166
usemtl white
f 2167/2167 2168/2168 2169/2169
f 2167/2167 2169/2169 2170/2170
f 2171/2171 2172/2172 2173/2173
f 2171/2171 2173/2173 2174/2174
usemtl windows
f 2175/2175 2176/2176 2177/2177
f 2175/2175 2177/2177 2178/2178
f 2179/2179 2180/2180 2181/2181
f 2179/2179 2181/2181 2182/2182
f 2183/2183 2184/2184 2185/2185
f 2183/2183 2185/2185 2186/2186
f 2187/2187 2188/2188 2189/2189
f 2187/2187 2189/2189 2190/2190
f 2191/2191 2192/2192 2193/2193
f 2191/2191 2193/2193 2194/2194
