<?xml version="1.0" encoding="utf-8"?><COLLADA xmlns="http://www.collada.org/2005/11/COLLADASchema" xmlns:xsi="http://www.w3.org/2001/XMLSchema-instance" version="1.4.1">
  <asset>
    <contributor>
      <author>Blender User</author>
      <authoring_tool>Blender 4.4.3 commit date:2025-04-29, commit time:14:09, hash:802179c51ccc</authoring_tool>
    </contributor>
    <created>2026-06-27T16:39:40</created>
    <modified>2026-06-27T16:39:40</modified>
    <unit name="meter" meter="1"/>
    <up_axis>Z_UP</up_axis>
  </asset>
  <library_effects>
    <effect id="h_mado_lm1_009-effect">
      <profile_COMMON>
        <newparam sid="h_mado_png_073-surface">
          <surface type="2D">
            <init_from>h_mado_png_073</init_from>
          </surface>
        </newparam>
        <newparam sid="h_mado_png_073-sampler">
          <sampler2D>
            <source>h_mado_png_073-surface</source>
          </sampler2D>
        </newparam>
        <technique sid="common">
          <lambert>
            <emission>
              <color sid="emission">0 0 0 1</color>
            </emission>
            <diffuse>
              <texture texture="h_mado_png_073-sampler" texcoord="texcoords"/>
            </diffuse>
            <index_of_refraction>
              <float sid="ior">1.5</float>
            </index_of_refraction>
          </lambert>
        </technique>
      </profile_COMMON>
    </effect>
    <effect id="h_kage_lm1_025-effect">
      <profile_COMMON>
        <newparam sid="h_kage_png_438-surface">
          <surface type="2D">
            <init_from>h_kage_png_438</init_from>
          </surface>
        </newparam>
        <newparam sid="h_kage_png_438-sampler">
          <sampler2D>
            <source>h_kage_png_438-surface</source>
          </sampler2D>
        </newparam>
        <technique sid="common">
          <lambert>
            <emission>
              <color sid="emission">0 0 0 1</color>
            </emission>
            <diffuse>
              <texture texture="h_kage_png_438-sampler" texcoord="texcoords"/>
            </diffuse>
            <transparent opaque="A_ONE">
              <color sid="alpha">0 0 0 0.2903226</color>
            </transparent>
            <index_of_refraction>
              <float sid="ior">1.5</float>
            </index_of_refraction>
          </lambert>
        </technique>
      </profile_COMMON>
    </effect>
    <effect id="colum__h02_lm1-effect">
      <profile_COMMON>
        <newparam sid="colum__h02_png-surface">
          <surface type="2D">
            <init_from>colum__h02_png</init_from>
          </surface>
        </newparam>
        <newparam sid="colum__h02_png-sampler">
          <sampler2D>
            <source>colum__h02_png-surface</source>
          </sampler2D>
        </newparam>
        <technique sid="common">
          <lambert>
            <emission>
              <color sid="emission">0 0 0 1</color>
            </emission>
            <diffuse>
              <texture texture="colum__h02_png-sampler" texcoord="texcoords"/>
            </diffuse>
            <index_of_refraction>
              <float sid="ior">1.5</float>
            </index_of_refraction>
          </lambert>
        </technique>
      </profile_COMMON>
    </effect>
    <effect id="shin_yuki2_lm1-effect">
      <profile_COMMON>
        <newparam sid="shin_yuki2_png_001-surface">
          <surface type="2D">
            <init_from>shin_yuki2_png_001</init_from>
          </surface>
        </newparam>
        <newparam sid="shin_yuki2_png_001-sampler">
          <sampler2D>
            <source>shin_yuki2_png_001-surface</source>
          </sampler2D>
        </newparam>
        <technique sid="common">
          <lambert>
            <emission>
              <color sid="emission">0 0 0 1</color>
            </emission>
            <diffuse>
              <texture texture="shin_yuki2_png_001-sampler" texcoord="texcoords"/>
            </diffuse>
            <index_of_refraction>
              <float sid="ior">1.5</float>
            </index_of_refraction>
          </lambert>
        </technique>
      </profile_COMMON>
    </effect>
    <effect id="colum__h02_lm2-effect">
      <profile_COMMON>
        <newparam sid="colum__h02_png-surface">
          <surface type="2D">
            <init_from>colum__h02_png</init_from>
          </surface>
        </newparam>
        <newparam sid="colum__h02_png-sampler">
          <sampler2D>
            <source>colum__h02_png-surface</source>
          </sampler2D>
        </newparam>
        <technique sid="common">
          <lambert>
            <emission>
              <color sid="emission">0 0 0 1</color>
            </emission>
            <diffuse>
              <texture texture="colum__h02_png-sampler" texcoord="texcoords"/>
            </diffuse>
            <index_of_refraction>
              <float sid="ior">1.5</float>
            </index_of_refraction>
          </lambert>
        </technique>
      </profile_COMMON>
    </effect>
    <effect id="colum__door_lm1-effect">
      <profile_COMMON>
        <newparam sid="colum__door_png-surface">
          <surface type="2D">
            <init_from>colum__door_png</init_from>
          </surface>
        </newparam>
        <newparam sid="colum__door_png-sampler">
          <sampler2D>
            <source>colum__door_png-surface</source>
          </sampler2D>
        </newparam>
        <technique sid="common">
          <lambert>
            <emission>
              <color sid="emission">0 0 0 1</color>
            </emission>
            <diffuse>
              <texture texture="colum__door_png-sampler" texcoord="texcoords"/>
            </diffuse>
            <index_of_refraction>
              <float sid="ior">1.5</float>
            </index_of_refraction>
          </lambert>
        </technique>
      </profile_COMMON>
    </effect>
    <effect id="ishi1-effect">
      <profile_COMMON>
        <newparam sid="shin_ishi1_png-surface">
          <surface type="2D">
            <init_from>shin_ishi1_png</init_from>
          </surface>
        </newparam>
        <newparam sid="shin_ishi1_png-sampler">
          <sampler2D>
            <source>shin_ishi1_png-surface</source>
          </sampler2D>
        </newparam>
        <technique sid="common">
          <lambert>
            <emission>
              <color sid="emission">0 0 0 1</color>
            </emission>
            <diffuse>
              <texture texture="shin_ishi1_png-sampler" texcoord="texcoords"/>
            </diffuse>
            <index_of_refraction>
              <float sid="ior">1.5</float>
            </index_of_refraction>
          </lambert>
        </technique>
      </profile_COMMON>
    </effect>
    <effect id="ishi3-effect">
      <profile_COMMON>
        <newparam sid="shin_ishi3_png-surface">
          <surface type="2D">
            <init_from>shin_ishi3_png</init_from>
          </surface>
        </newparam>
        <newparam sid="shin_ishi3_png-sampler">
          <sampler2D>
            <source>shin_ishi3_png-surface</source>
          </sampler2D>
        </newparam>
        <technique sid="common">
          <lambert>
            <emission>
              <color sid="emission">0 0 0 1</color>
            </emission>
            <diffuse>
              <texture texture="shin_ishi3_png-sampler" texcoord="texcoords"/>
            </diffuse>
            <index_of_refraction>
              <float sid="ior">1.5</float>
            </index_of_refraction>
          </lambert>
        </technique>
      </profile_COMMON>
    </effect>
    <effect id="yuki2-effect">
      <profile_COMMON>
        <newparam sid="shin_yuki2_png-surface">
          <surface type="2D">
            <init_from>shin_yuki2_png</init_from>
          </surface>
        </newparam>
        <newparam sid="shin_yuki2_png-sampler">
          <sampler2D>
            <source>shin_yuki2_png-surface</source>
          </sampler2D>
        </newparam>
        <technique sid="common">
          <lambert>
            <emission>
              <color sid="emission">0 0 0 1</color>
            </emission>
            <diffuse>
              <texture texture="shin_yuki2_png-sampler" texcoord="texcoords"/>
            </diffuse>
            <index_of_refraction>
              <float sid="ior">1.5</float>
            </index_of_refraction>
          </lambert>
        </technique>
      </profile_COMMON>
    </effect>
    <effect id="h_kage_lm5_007-effect">
      <profile_COMMON>
        <newparam sid="h_kage_png_437-surface">
          <surface type="2D">
            <init_from>h_kage_png_437</init_from>
          </surface>
        </newparam>
        <newparam sid="h_kage_png_437-sampler">
          <sampler2D>
            <source>h_kage_png_437-surface</source>
          </sampler2D>
        </newparam>
        <technique sid="common">
          <lambert>
            <emission>
              <color sid="emission">0 0 0 1</color>
            </emission>
            <diffuse>
              <texture texture="h_kage_png_437-sampler" texcoord="texcoords"/>
            </diffuse>
            <transparent opaque="A_ONE">
              <color sid="alpha">0 0 0 0.2903226</color>
            </transparent>
            <index_of_refraction>
              <float sid="ior">1.5</float>
            </index_of_refraction>
          </lambert>
        </technique>
      </profile_COMMON>
    </effect>
    <effect id="pasted__mkgr_r04-effect">
      <profile_COMMON>
        <newparam sid="mkgr_r04_png_017-surface">
          <surface type="2D">
            <init_from>mkgr_r04_png_017</init_from>
          </surface>
        </newparam>
        <newparam sid="mkgr_r04_png_017-sampler">
          <sampler2D>
            <source>mkgr_r04_png_017-surface</source>
          </sampler2D>
        </newparam>
        <technique sid="common">
          <lambert>
            <emission>
              <color sid="emission">0 0 0 1</color>
            </emission>
            <diffuse>
              <texture texture="mkgr_r04_png_017-sampler" texcoord="texcoords"/>
            </diffuse>
            <index_of_refraction>
              <float sid="ior">1.5</float>
            </index_of_refraction>
          </lambert>
        </technique>
      </profile_COMMON>
    </effect>
    <effect id="lambert2-effect">
      <profile_COMMON>
        <newparam sid="wall01_d_png_199-surface">
          <surface type="2D">
            <init_from>wall01_d_png_199</init_from>
          </surface>
        </newparam>
        <newparam sid="wall01_d_png_199-sampler">
          <sampler2D>
            <source>wall01_d_png_199-surface</source>
          </sampler2D>
        </newparam>
        <technique sid="common">
          <lambert>
            <emission>
              <color sid="emission">0 0 0 1</color>
            </emission>
            <diffuse>
              <texture texture="wall01_d_png_199-sampler" texcoord="texcoords"/>
            </diffuse>
            <index_of_refraction>
              <float sid="ior">1.5</float>
            </index_of_refraction>
          </lambert>
        </technique>
      </profile_COMMON>
    </effect>
    <effect id="pasted__mkgr_r06-effect">
      <profile_COMMON>
        <newparam sid="shin_ishi2_png-surface">
          <surface type="2D">
            <init_from>shin_ishi2_png</init_from>
          </surface>
        </newparam>
        <newparam sid="shin_ishi2_png-sampler">
          <sampler2D>
            <source>shin_ishi2_png-surface</source>
          </sampler2D>
        </newparam>
        <technique sid="common">
          <lambert>
            <emission>
              <color sid="emission">0 0 0 1</color>
            </emission>
            <diffuse>
              <texture texture="shin_ishi2_png-sampler" texcoord="texcoords"/>
            </diffuse>
            <index_of_refraction>
              <float sid="ior">1.5</float>
            </index_of_refraction>
          </lambert>
        </technique>
      </profile_COMMON>
    </effect>
    <effect id="kage1-effect">
      <profile_COMMON>
        <newparam sid="h_kage_png_437-surface">
          <surface type="2D">
            <init_from>h_kage_png_437</init_from>
          </surface>
        </newparam>
        <newparam sid="h_kage_png_437-sampler">
          <sampler2D>
            <source>h_kage_png_437-surface</source>
          </sampler2D>
        </newparam>
        <technique sid="common">
          <lambert>
            <emission>
              <color sid="emission">0 0 0 1</color>
            </emission>
            <diffuse>
              <texture texture="h_kage_png_437-sampler" texcoord="texcoords"/>
            </diffuse>
            <transparent opaque="A_ONE">
              <color sid="alpha">0 0 0 0.2903226</color>
            </transparent>
            <index_of_refraction>
              <float sid="ior">1.5</float>
            </index_of_refraction>
          </lambert>
        </technique>
      </profile_COMMON>
    </effect>
    <effect id="yuki7-effect">
      <profile_COMMON>
        <newparam sid="shin_yuki3_png-surface">
          <surface type="2D">
            <init_from>shin_yuki3_png</init_from>
          </surface>
        </newparam>
        <newparam sid="shin_yuki3_png-sampler">
          <sampler2D>
            <source>shin_yuki3_png-surface</source>
          </sampler2D>
        </newparam>
        <technique sid="common">
          <lambert>
            <emission>
              <color sid="emission">0 0 0 1</color>
            </emission>
            <diffuse>
              <texture texture="shin_yuki3_png-sampler" texcoord="texcoords"/>
            </diffuse>
            <index_of_refraction>
              <float sid="ior">1.5</float>
            </index_of_refraction>
          </lambert>
        </technique>
      </profile_COMMON>
    </effect>
    <effect id="colum_b-effect">
      <profile_COMMON>
        <newparam sid="colum_b_png-surface">
          <surface type="2D">
            <init_from>colum_b_png</init_from>
          </surface>
        </newparam>
        <newparam sid="colum_b_png-sampler">
          <sampler2D>
            <source>colum_b_png-surface</source>
          </sampler2D>
        </newparam>
        <technique sid="common">
          <lambert>
            <emission>
              <color sid="emission">0 0 0 1</color>
            </emission>
            <diffuse>
              <texture texture="colum_b_png-sampler" texcoord="texcoords"/>
            </diffuse>
            <index_of_refraction>
              <float sid="ior">1.5</float>
            </index_of_refraction>
          </lambert>
        </technique>
      </profile_COMMON>
    </effect>
    <effect id="h01-effect">
      <profile_COMMON>
        <newparam sid="colum__h01_png-surface">
          <surface type="2D">
            <init_from>colum__h01_png</init_from>
          </surface>
        </newparam>
        <newparam sid="colum__h01_png-sampler">
          <sampler2D>
            <source>colum__h01_png-surface</source>
          </sampler2D>
        </newparam>
        <technique sid="common">
          <lambert>
            <emission>
              <color sid="emission">0 0 0 1</color>
            </emission>
            <diffuse>
              <texture texture="colum__h01_png-sampler" texcoord="texcoords"/>
            </diffuse>
            <index_of_refraction>
              <float sid="ior">1.5</float>
            </index_of_refraction>
          </lambert>
        </technique>
      </profile_COMMON>
    </effect>
    <effect id="lambert7-effect">
      <profile_COMMON>
        <newparam sid="wall01_d1_png-surface">
          <surface type="2D">
            <init_from>wall01_d1_png</init_from>
          </surface>
        </newparam>
        <newparam sid="wall01_d1_png-sampler">
          <sampler2D>
            <source>wall01_d1_png-surface</source>
          </sampler2D>
        </newparam>
        <technique sid="common">
          <lambert>
            <emission>
              <color sid="emission">0 0 0 1</color>
            </emission>
            <diffuse>
              <texture texture="wall01_d1_png-sampler" texcoord="texcoords"/>
            </diffuse>
            <index_of_refraction>
              <float sid="ior">1.5</float>
            </index_of_refraction>
          </lambert>
        </technique>
      </profile_COMMON>
    </effect>
    <effect id="yuki1-effect">
      <profile_COMMON>
        <newparam sid="shin_yuki1_png-surface">
          <surface type="2D">
            <init_from>shin_yuki1_png</init_from>
          </surface>
        </newparam>
        <newparam sid="shin_yuki1_png-sampler">
          <sampler2D>
            <source>shin_yuki1_png-surface</source>
          </sampler2D>
        </newparam>
        <technique sid="common">
          <lambert>
            <emission>
              <color sid="emission">0 0 0 1</color>
            </emission>
            <diffuse>
              <texture texture="shin_yuki1_png-sampler" texcoord="texcoords"/>
            </diffuse>
            <index_of_refraction>
              <float sid="ior">1.5</float>
            </index_of_refraction>
          </lambert>
        </technique>
      </profile_COMMON>
    </effect>
    <effect id="lambert3-effect">
      <profile_COMMON>
        <newparam sid="grass01gs_png_290-surface">
          <surface type="2D">
            <init_from>grass01gs_png_290</init_from>
          </surface>
        </newparam>
        <newparam sid="grass01gs_png_290-sampler">
          <sampler2D>
            <source>grass01gs_png_290-surface</source>
          </sampler2D>
        </newparam>
        <technique sid="common">
          <lambert>
            <emission>
              <color sid="emission">0 0 0 1</color>
            </emission>
            <diffuse>
              <texture texture="grass01gs_png_290-sampler" texcoord="texcoords"/>
            </diffuse>
            <index_of_refraction>
              <float sid="ior">1.5</float>
            </index_of_refraction>
          </lambert>
        </technique>
      </profile_COMMON>
    </effect>
    <effect id="colum_a-effect">
      <profile_COMMON>
        <newparam sid="colum_a_png-surface">
          <surface type="2D">
            <init_from>colum_a_png</init_from>
          </surface>
        </newparam>
        <newparam sid="colum_a_png-sampler">
          <sampler2D>
            <source>colum_a_png-surface</source>
          </sampler2D>
        </newparam>
        <technique sid="common">
          <lambert>
            <emission>
              <color sid="emission">0 0 0 1</color>
            </emission>
            <diffuse>
              <texture texture="colum_a_png-sampler" texcoord="texcoords"/>
            </diffuse>
            <index_of_refraction>
              <float sid="ior">1.5</float>
            </index_of_refraction>
          </lambert>
        </technique>
      </profile_COMMON>
    </effect>
    <effect id="h_kage_125-effect">
      <profile_COMMON>
        <newparam sid="h_kage_png_436-surface">
          <surface type="2D">
            <init_from>h_kage_png_436</init_from>
          </surface>
        </newparam>
        <newparam sid="h_kage_png_436-sampler">
          <sampler2D>
            <source>h_kage_png_436-surface</source>
          </sampler2D>
        </newparam>
        <technique sid="common">
          <lambert>
            <emission>
              <color sid="emission">0 0 0 1</color>
            </emission>
            <diffuse>
              <texture texture="h_kage_png_436-sampler" texcoord="texcoords"/>
            </diffuse>
            <transparent opaque="A_ONE">
              <color sid="alpha">0 0 0 0.2903226</color>
            </transparent>
            <index_of_refraction>
              <float sid="ior">1.5</float>
            </index_of_refraction>
          </lambert>
        </technique>
      </profile_COMMON>
    </effect>
    <effect id="board_c_040-effect">
      <profile_COMMON>
        <newparam sid="board_cd_png_124-surface">
          <surface type="2D">
            <init_from>board_cd_png_124</init_from>
          </surface>
        </newparam>
        <newparam sid="board_cd_png_124-sampler">
          <sampler2D>
            <source>board_cd_png_124-surface</source>
          </sampler2D>
        </newparam>
        <technique sid="common">
          <lambert>
            <emission>
              <color sid="emission">0 0 0 1</color>
            </emission>
            <diffuse>
              <texture texture="board_cd_png_124-sampler" texcoord="texcoords"/>
            </diffuse>
            <index_of_refraction>
              <float sid="ior">1.5</float>
            </index_of_refraction>
          </lambert>
        </technique>
      </profile_COMMON>
    </effect>
  </library_effects>
  <library_images>
    <image id="board_cd_png_124" name="board_cd_png_124">
      <init_from>board_cd.png</init_from>
    </image>
    <image id="colum__door_png" name="colum__door_png">
      <init_from>colum__door.png</init_from>
    </image>
    <image id="colum__h01_png" name="colum__h01_png">
      <init_from>colum__h01.png</init_from>
    </image>
    <image id="colum__h02_png" name="colum__h02_png">
      <init_from>colum__h02.png</init_from>
    </image>
    <image id="colum_a_png" name="colum_a_png">
      <init_from>colum_a.png</init_from>
    </image>
    <image id="colum_b_png" name="colum_b_png">
      <init_from>colum_b.png</init_from>
    </image>
    <image id="grass01gs_png_290" name="grass01gs_png_290">
      <init_from>grass01gs.png</init_from>
    </image>
    <image id="h_kage_png_436" name="h_kage_png_436">
      <init_from>h_kage.png</init_from>
    </image>
    <image id="h_kage_png_437" name="h_kage_png_437">
      <init_from>h_kage.png</init_from>
    </image>
    <image id="h_kage_png_438" name="h_kage_png_438">
      <init_from>h_kage.png</init_from>
    </image>
    <image id="h_mado_png_073" name="h_mado_png_073">
      <init_from>h_mado.png</init_from>
    </image>
    <image id="mkgr_r04_png_017" name="mkgr_r04_png_017">
      <init_from>mkgr_r04.png</init_from>
    </image>
    <image id="shin_ishi1_png" name="shin_ishi1_png">
      <init_from>shin_ishi1.png</init_from>
    </image>
    <image id="shin_ishi2_png" name="shin_ishi2_png">
      <init_from>shin_ishi2.png</init_from>
    </image>
    <image id="shin_ishi3_png" name="shin_ishi3_png">
      <init_from>shin_ishi3.png</init_from>
    </image>
    <image id="shin_yuki1_png" name="shin_yuki1_png">
      <init_from>shin_yuki1.png</init_from>
    </image>
    <image id="shin_yuki2_png" name="shin_yuki2_png">
      <init_from>shin_yuki2.png</init_from>
    </image>
    <image id="shin_yuki2_png_001" name="shin_yuki2_png_001">
      <init_from>shin_yuki2.png</init_from>
    </image>
    <image id="shin_yuki3_png" name="shin_yuki3_png">
      <init_from>shin_yuki3.png</init_from>
    </image>
    <image id="wall01_d1_png" name="wall01_d1_png">
      <init_from>wall01_d1.png</init_from>
    </image>
    <image id="wall01_d_png_199" name="wall01_d_png_199">
      <init_from>wall01_d.png</init_from>
    </image>
  </library_images>
  <library_materials>
    <material id="h_mado_lm1_009-material" name="h_mado_lm1.009">
      <instance_effect url="#h_mado_lm1_009-effect"/>
    </material>
    <material id="h_kage_lm1_025-material" name="h_kage_lm1.025">
      <instance_effect url="#h_kage_lm1_025-effect"/>
    </material>
    <material id="colum__h02_lm1-material" name="colum__h02_lm1">
      <instance_effect url="#colum__h02_lm1-effect"/>
    </material>
    <material id="shin_yuki2_lm1-material" name="shin_yuki2_lm1">
      <instance_effect url="#shin_yuki2_lm1-effect"/>
    </material>
    <material id="colum__h02_lm2-material" name="colum__h02_lm2">
      <instance_effect url="#colum__h02_lm2-effect"/>
    </material>
    <material id="colum__door_lm1-material" name="colum__door_lm1">
      <instance_effect url="#colum__door_lm1-effect"/>
    </material>
    <material id="ishi1-material" name="ishi1">
      <instance_effect url="#ishi1-effect"/>
    </material>
    <material id="ishi3-material" name="ishi3">
      <instance_effect url="#ishi3-effect"/>
    </material>
    <material id="yuki2-material" name="yuki2">
      <instance_effect url="#yuki2-effect"/>
    </material>
    <material id="h_kage_lm5_007-material" name="h_kage_lm5.007">
      <instance_effect url="#h_kage_lm5_007-effect"/>
    </material>
    <material id="pasted__mkgr_r04-material" name="pasted__mkgr_r04">
      <instance_effect url="#pasted__mkgr_r04-effect"/>
    </material>
    <material id="lambert2-material" name="lambert2">
      <instance_effect url="#lambert2-effect"/>
    </material>
    <material id="pasted__mkgr_r06-material" name="pasted__mkgr_r06">
      <instance_effect url="#pasted__mkgr_r06-effect"/>
    </material>
    <material id="kage1-material" name="kage1">
      <instance_effect url="#kage1-effect"/>
    </material>
    <material id="yuki7-material" name="yuki7">
      <instance_effect url="#yuki7-effect"/>
    </material>
    <material id="colum_b-material" name="colum_b">
      <instance_effect url="#colum_b-effect"/>
    </material>
    <material id="h01-material" name="h01">
      <instance_effect url="#h01-effect"/>
    </material>
    <material id="lambert7-material" name="lambert7">
      <instance_effect url="#lambert7-effect"/>
    </material>
    <material id="yuki1-material" name="yuki1">
      <instance_effect url="#yuki1-effect"/>
    </material>
    <material id="lambert3-material" name="lambert3">
      <instance_effect url="#lambert3-effect"/>
    </material>
    <material id="colum_a-material" name="colum_a">
      <instance_effect url="#colum_a-effect"/>
    </material>
    <material id="h_kage_125-material" name="h_kage.125">
      <instance_effect url="#h_kage_125-effect"/>
    </material>
    <material id="board_c_040-material" name="board_c.040">
      <instance_effect url="#board_c_040-effect"/>
    </material>
  </library_materials>
  <library_geometries>
    <geometry id="sinto_h01-mesh" name="sinto_h01">
      <mesh>
        <source id="sinto_h01-mesh-positions">
          <float_array id="sinto_h01-mesh-positions-array" count="756">14 24 25.5 9 24 25.5 9 15 25.5 14 15 25.5 21 24 25.5 16 24 25.5 16 15 25.5 21 15 25.5 40 1 36 40 1 -8 -20 1 36 -32 1 -18 -32 1 28 -32 1 -18 40 1 -8 30.80469 1 -18 1 34 24 1 2 24 1 2 27 1 34 27 6 34 27 6 2 27 6 2 24 6 34 24 1 2 27 6 2 27 6 34 27 1 34 27 -30 34 24 -30 2 24 -30 2 27 -30 34 27 -24 34 27 -24 2 27 -24 2 24 -24 34 24 -30 2 27 -24 2 27 -24 34 27 -30 34 27 24 34 24 24 2 24 24 2 27 24 34 27 30 34 27 30 2 27 30 2 24 30 34 24 24 2 27 30 2 27 30 34 27 24 34 27 32 52.2461 15.59766 16 52.5039 15.99609 32 55.47461 31.31445 16 55.76953 31.31445 32 49.34375 43.39453 16 49.0293 46.66797 16 52.5039 15.99609 0 52.2461 15.59766 16 55.76953 31.31445 0 55.47461 31.31445 16 49.0293 46.66797 0 49.34375 43.39453 -16 50.5039 -8.003907 -32 50.2461 -8.402344 -16 55.76953 7.314453 -32 55.47461 7.314453 -16 49.0293 22.66797 -32 49.34375 19.39453 0 50.2461 -8.402344 -16 50.5039 -8.003907 0 55.47461 7.314453 -16 55.76953 7.314453 0 49.34375 19.39453 -16 49.0293 22.66797 -3.060547 45.75781 17.57031 -16.88867 46.64844 20.20899 -16.88867 46.64844 36.54492 -3.060547 45.75781 36.54492 24 27 25.5 6 27 25.5 16 24 25.5 14 24 25.5 16 15 25.5 14 15 25.5 24 12 25.5 6 12 25.5 30 34 27 30 34 -12 30 38 27 30 38 -12 30 44 7.5 2 2 15.61133 2 2 -1 -12.44531 2 15.61133 -18 2 -1 -18 2 22 -30 46 7.5 -30 38 -12 -30 38 27 -30 34 27 0 41.89844 36 0 37 33 34 37 33 34 41.89844 36 0 41.89844 -20 0 48 5 34 48 5 34 41.89844 -20 34 48 5 34 43.13477 8 34 37 -17 34 41.89844 -20 34 48 11 34 52 11 0 52 11 0 48 11 34 48 11 34 48 5 34 52 5 34 52 11 -30 2 -9 -30 34 -9 -30 34 -12 -30 2 -12 34 48 11 34 41.89844 36 34 37 33 34 43.13477 8 24 12 25.5 6 12 25.5 6 10 25.5 24 10 25.5 -30 34 -9 -30 2 -9 -30 2 24 -30 34 24 30 2 24 30 2 -9 30 34 -9 30 34 24 24 12 25.5 24 27 25.5 21 24 25.5 21 15 25.5 6 27 25.5 6 12 25.5 9 15 25.5 9 24 25.5 30 2 -12 30 34 -12 30 34 -9 30 2 -9 0 52 5 -34 52 5 -34 52 11 0 52 11 0 48 11 -34 48 11 -34 41.89844 36 0 41.89844 36 0 41.89844 36 -34 41.89844 36 -34 37 33 0 37 33 2 2 22 2 2 15.61133 -12.44531 2 15.61133 -18 2 22 0 41.89844 -20 -34 41.89844 -20 -34 48 5 0 48 5 -34 48 5 -34 41.89844 -20 -34 37 -17 -34 43.13477 8 -34 48 11 0 48 11 0 52 11 -34 52 11 2 28 -1 2 2 15.61133 2 2 22 2 28 24 -34 48 11 -34 52 11 -34 52 5 -34 48 5 -18 2 -1 -18 28 -1 -18 28 24 -18 2 22 24 38 24 -24 38 24 -18 28 24 2 28 24 2 2 24 24 2 24 24 38 24 2 28 24 -18 2 24 -18 28 24 -24 38 24 -24 2 24 2 2 -1 2 28 -1 -18 28 -1 -18 2 -1 -34 48 11 -34 43.13477 8 -34 37 33 -34 41.89844 36 0 52 5 0 52 11 34 52 11 34 52 5 0 48 11 0 41.89844 36 34 41.89844 36 34 48 11 -34 43.13477 8 -34 48 11 -34 48 5 34 43.13477 8 34 48 5 34 48 11 9 15 25.5 6 12 25.5 14 15 25.5 21 24 25.5 24 27 25.5 16 24 25.5 6 27 25.5 9 24 25.5 14 24 25.5 21 15 25.5 16 15 25.5 24 12 25.5 2 28 24 2 2 22 2 2 24 -30 34 -12 -30 34 27 -30 38 -12 2 2 -1 2 2 15.61133 2 28 -1 -18 2 22 -18 28 24 -18 2 24</float_array>
          <technique_common>
            <accessor source="#sinto_h01-mesh-positions-array" count="252" stride="3">
              <param name="X" type="float"/>
              <param name="Y" type="float"/>
              <param name="Z" type="float"/>
            </accessor>
          </technique_common>
        </source>
        <source id="sinto_h01-mesh-normals">
          <float_array id="sinto_h01-mesh-normals-array" count="168">0 0 1 0 1 0 -1 0 0 1 0 0 2.19662e-5 1 5.57978e-5 -0.01412904 0.9997735 0.01591807 -0.00354278 0.9724947 -0.2328982 0.001973927 0.9999962 -0.001942992 -0.002095997 0.9999978 -2.1065e-4 -1.73573e-5 0.9716003 -0.2366283 0.01413017 0.9997735 0.01591837 -0.03123003 0.9930481 0.113491 0.002145588 0.9999977 -2.05636e-4 -0.064112 0.9137676 0.4011464 3.21986e-5 1 3.3471e-4 -0.01567715 0.997283 0.0719794 -0.0321542 0.9980221 0.05401891 0.002145588 0.9999977 -2.05636e-4 -0.01956772 0.9996448 -0.0180971 -4.13824e-5 1 3.34386e-4 0.01567715 0.997283 0.0719794 -0.00463134 0.9999821 0.003790557 0.0321542 0.9980221 0.05401891 -0.002096056 0.9999978 -2.10591e-4 3.28794e-5 1 -3.61745e-6 3.28794e-5 1 0 3.28708e-5 1 1.82539e-6 0 -0.5214567 0.8532779 0 -0.5214571 0.8532776 0 -0.5214567 0.8532779 0 0.9716209 -0.2365439 0 0.9716209 -0.236544 0 0.9716209 -0.2365438 0 0.9716209 0.2365439 0 0.9716209 0.236544 0 0.9716209 0.2365441 0 -0.5214571 0.8532776 0 -0.5214567 0.8532779 0 -0.5214567 0.8532779 0 0.9716209 -0.236544 0 0.9716209 -0.2365439 0 0.9716209 -0.2365438 0 0.9716209 0.236544 0 0.9716209 0.2365439 0 0.9716209 0.2365441 0.064112 0.9137676 0.4011464 0.003473222 0.9999893 0.003093421 0.00465548 0.999982 0.003789663 0.01956456 0.9996448 -0.01809674 3.28943e-5 1 -3.06887e-6 0 -0.5214571 0.8532775 0 0.9716209 -0.2365441 0 0.9716209 0.2365438 0 -0.5214571 0.8532775 0 0.9716209 -0.2365441 0 0.9716209 0.2365438</float_array>
          <technique_common>
            <accessor source="#sinto_h01-mesh-normals-array" count="56" stride="3">
              <param name="X" type="float"/>
              <param name="Y" type="float"/>
              <param name="Z" type="float"/>
            </accessor>
          </technique_common>
        </source>
        <source id="sinto_h01-mesh-map">
          <float_array id="sinto_h01-mesh-map-array" count="768">0 1 0.4179688 0 0.4179688 1 0.5820313 1 1 0 1 1 1 0 1 0.7421875 0.1796875 0 1 0.7421875 0 1 0.1796875 0 0.1796875 0 0 1 0 0.3046875 0 1 1 0.7421875 0.7109375 1 0.5761719 0.2607422 0.6220703 0.7539063 0.5761719 0.7539063 0.6220703 0.2607422 0.5761719 0.7539063 0.6220703 0.7539063 0.7148438 0.2607422 0.6220703 0.7539063 0.6220703 0.2607422 0.5761719 0.3076172 0.6220703 0.7539063 0.5761719 0.7539063 0.6220703 0.2607422 0.5761719 0.7539063 0.6220703 0.7539063 0.6220703 0.2607422 0.7148438 0.7539063 0.7148438 0.2607422 0.5761719 0.2607422 0.6220703 0.7539063 0.5761719 0.7539063 0.6220703 0.2607422 0.5761719 0.7539063 0.6220703 0.7539063 0.7148438 0.2607422 0.6220703 0.7539063 0.6220703 0.2607422 0.3330078 1 0 0.6679688 0 1 0.328125 0.6757813 0 0.4121093 0 0.6679688 0.3330078 1 0 0.6679688 0.328125 0.6757813 0.328125 0.6757813 0 0.4121093 0.3232422 0.3505859 0.3330078 1 0 0.6679688 0.328125 0.6757813 0.328125 0.6757813 0 0.4121093 0.3232422 0.3505859 0.3330078 1 0 0.6679688 0 1 0.328125 0.6757813 0 0.4121093 0 0.6679688 0.2773438 0.3408203 0.5742188 0 0.5742188 0.3955078 0.546875 0.2470703 0.6875 0.2011718 0.796875 0.2470703 0.65625 0.2011718 0.6875 0.0625 0.6875 0.2011718 0.65625 0.0625 0.796875 0.01660156 0.6875 0.0625 1.350586 0.6679688 1.366211 0.6679688 1.350586 0.6679688 1.366211 0.6679688 1.366211 0.6679688 1.350586 0.6679688 1.350586 0.6679688 1.366211 0.6679688 1.358398 0.6679688 0.02929687 0.6835938 0.02734375 0.6855469 0.0234375 0.6835938 0.02734375 0.6855469 0.02441406 0.6855469 0.0234375 0.6835938 0.0234375 0.6835938 0.02441406 0.6855469 0.02148437 0.6826172 1.358398 0.6679688 1.366211 0.6679688 1.350586 0.6679688 1.366211 0.6679688 1.350586 0.6679688 1.350586 0.6679688 0.5400391 0.4804688 0.5400391 0.4804688 0.5400391 0.4804688 0.5166016 0.4375 0.01367187 0.0078125 0.5166016 0.0078125 0.5166016 0.4550781 0.5166016 0.4550781 0.5166016 0.4550781 0.4541016 0.4511719 0.4541016 0.4511719 0.4541016 0.4511719 0.5234375 0.4863281 0.5234375 0.4863281 0.5234375 0.4863281 0.5761719 0.7539063 0.6220703 0.2607422 0.5761719 0.3076172 0.5166016 0.4550781 0.5166016 0.4550781 0.5166016 0.4550781 0.6474609 0.6767578 0.6474609 0.6767578 0.6474609 0.6767578 0.9960938 0.2138672 0.9902344 0.6601563 0.9960938 0.6601563 0.9960938 0.2138672 0.9902344 0.6601563 0.9902344 0.2138672 0.796875 0.2470703 0.765625 0.0625 0.796875 0.01660156 0.546875 0.01660156 0.578125 0.2011718 0.546875 0.2470703 0.6220703 0.7539063 0.5761719 0.3076172 0.6220703 0.2607422 0.2294922 0.3427734 0.2294922 0.3427734 0.2294922 0.3427734 0.5166016 0.4375 0.01367187 0.0078125 0.01367187 0.4375 0.5400391 0.4804688 0.5400391 0.4804688 0.5400391 0.4804688 0.04199218 0.7236328 0.03417968 0.7246094 0.03320312 0.7236328 0.01367187 0.0078125 0.5166016 0.4375 0.5166016 0.0078125 0.5166016 0.4550781 0.5166016 0.4550781 0.5166016 0.4550781 0.4541016 0.4511719 0.4541016 0.4511719 0.4541016 0.4511719 0.02929687 0.6835938 0.02929687 0.6865234 0.02734375 0.6875 0.5234375 0.4863281 0.5234375 0.4863281 0.5234375 0.4863281 0.02441406 0.6875 0.02148437 0.6826172 0.02441406 0.6855469 0.9736328 0.7138672 0.9804687 0.5605469 0.9804687 0.7138672 0.9804687 0.1669921 0.9736328 0.5673828 0.9736328 0.1669921 0.9804687 0.5673828 0.9736328 0.1669921 0.9804687 0.1669921 0.02734375 0.6875 0.02441406 0.6855469 0.02734375 0.6855469 0.5166016 0.4550781 0.5166016 0.4550781 0.5166016 0.4550781 0.2294922 0.3427734 0.2294922 0.3427734 0.2294922 0.3427734 0.01367187 0.0078125 0.5166016 0.4375 0.01367187 0.4375 0.5166016 0.4550781 0.5166016 0.4550781 0.5166016 0.4550781 0.5166016 0.4550781 0.5166016 0.4550781 0.5166016 0.4550781 0.578125 0.0625 0.546875 0.01660156 0.65625 0.0625 0.765625 0.2011718 0.796875 0.2470703 0.6875 0.2011718 0.546875 0.2470703 0.578125 0.2011718 0.65625 0.2011718 0.765625 0.0625 0.6875 0.0625 0.796875 0.01660156 0.02929687 0.6865234 0.03027343 0.6826172 0.02929687 0.6855469 1.366211 0.6679688 1.350586 0.6679688 1.366211 0.6679688 0.02734375 0.6855469 0.02929687 0.6835938 0.02734375 0.6875 0.02148437 0.6826172 0.02246093 0.6865234 0.02246093 0.6855469 0 1 0 0 0.4179688 0 0.5820313 1 0.5820313 0 1 0 0.5761719 0.2607422 0.6220703 0.2607422 0.6220703 0.7539063 0.6220703 0.2607422 0.5761719 0.3076172 0.5761719 0.7539063 0.7148438 0.2607422 0.7148438 0.7539063 0.6220703 0.7539063 0.5761719 0.3076172 0.6220703 0.2607422 0.6220703 0.7539063 0.6220703 0.2607422 0.5761719 0.2607422 0.5761719 0.7539063 0.6220703 0.2607422 0.6220703 0.7539063 0.7148438 0.7539063 0.5761719 0.2607422 0.6220703 0.2607422 0.6220703 0.7539063 0.6220703 0.2607422 0.5761719 0.3076172 0.5761719 0.7539063 0.7148438 0.2607422 0.7148438 0.7539063 0.6220703 0.7539063 0.3330078 1 0.328125 0.6757813 0 0.6679688 0.328125 0.6757813 0.3232422 0.3505859 0 0.4121093 0.3330078 1 0 1 0 0.6679688 0.328125 0.6757813 0 0.6679688 0 0.4121093 0.3330078 1 0 1 0 0.6679688 0.328125 0.6757813 0 0.6679688 0 0.4121093 0.3330078 1 0.328125 0.6757813 0 0.6679688 0.328125 0.6757813 0.3232422 0.3505859 0 0.4121093 0.2773438 0.3408203 0.2773438 0 0.5742188 0 0.546875 0.2470703 0.65625 0.2011718 0.6875 0.2011718 0.65625 0.2011718 0.65625 0.0625 0.6875 0.0625 0.65625 0.0625 0.546875 0.01660156 0.796875 0.01660156 0.5400391 0.4804688 0.5400391 0.4804688 0.5400391 0.4804688 0.5166016 0.4375 0.01367187 0.4375 0.01367187 0.0078125 0.5166016 0.4550781 0.5166016 0.4550781 0.5166016 0.4550781 0.4541016 0.4511719 0.4541016 0.4511719 0.4541016 0.4511719 0.5234375 0.4863281 0.5234375 0.4863281 0.5234375 0.4863281 0.5761719 0.7539063 0.6220703 0.7539063 0.6220703 0.2607422 0.5166016 0.4550781 0.5166016 0.4550781 0.5166016 0.4550781 0.6474609 0.6767578 0.6474609 0.6767578 0.6474609 0.6767578 0.9960938 0.2138672 0.9902344 0.2138672 0.9902344 0.6601563 0.9960938 0.2138672 0.9960938 0.6601563 0.9902344 0.6601563 0.796875 0.2470703 0.765625 0.2011718 0.765625 0.0625 0.546875 0.01660156 0.578125 0.0625 0.578125 0.2011718 0.6220703 0.7539063 0.5761719 0.7539063 0.5761719 0.3076172 0.2294922 0.3427734 0.2294922 0.3427734 0.2294922 0.3427734 0.5166016 0.4375 0.5166016 0.0078125 0.01367187 0.0078125 0.5400391 0.4804688 0.5400391 0.4804688 0.5400391 0.4804688 0.04199218 0.7236328 0.04101562 0.7246094 0.03417968 0.7246094 0.01367187 0.0078125 0.01367187 0.4375 0.5166016 0.4375 0.5166016 0.4550781 0.5166016 0.4550781 0.5166016 0.4550781 0.4541016 0.4511719 0.4541016 0.4511719 0.4541016 0.4511719 0.02929687 0.6835938 0.03027343 0.6826172 0.02929687 0.6865234 0.5234375 0.4863281 0.5234375 0.4863281 0.5234375 0.4863281 0.02441406 0.6875 0.02246093 0.6865234 0.02148437 0.6826172 0.9736328 0.7138672 0.9736328 0.5605469 0.9804687 0.5605469 0.9804687 0.1669921 0.9804687 0.7216797 0.9736328 0.5673828 0.9804687 0.5673828 0.9736328 0.7216797 0.9736328 0.1669921 0.02734375 0.6875 0.02441406 0.6875 0.02441406 0.6855469 0.5166016 0.4550781 0.5166016 0.4550781 0.5166016 0.4550781 0.2294922 0.3427734 0.2294922 0.3427734 0.2294922 0.3427734 0.01367187 0.0078125 0.5166016 0.0078125 0.5166016 0.4375</float_array>
          <technique_common>
            <accessor source="#sinto_h01-mesh-map-array" count="384" stride="2">
              <param name="S" type="float"/>
              <param name="T" type="float"/>
            </accessor>
          </technique_common>
        </source>
        <source id="sinto_h01-mesh-colors-colors" name="colors">
          <float_array id="sinto_h01-mesh-colors-colors-array" count="1536">1 1 1 1 1 1 1 1 1 1 1 1 1 1 1 1 1 1 1 1 1 1 1 1 1 1 1 1 1 1 1 1 1 1 1 1 1 1 1 1 1 1 1 1 1 1 1 1 1 1 1 1 1 1 1 1 1 1 1 1 1 1 1 1 1 1 1 1 1 1 1 1 1 1 1 1 1 1 1 1 1 1 1 1 1 1 1 1 1 1 1 1 1 1 1 1 1 1 1 1 1 1 1 1 1 1 1 1 1 1 1 1 1 1 1 1 1 1 1 1 1 1 1 1 1 1 1 1 1 1 1 1 1 1 1 1 1 1 1 1 1 1 1 1 1 1 1 1 1 1 1 1 1 1 1 1 1 1 1 1 1 1 1 1 1 1 1 1 1 1 1 1 1 1 1 1 1 1 1 1 1 1 1 1 1 1 1 1 1 1 1 1 1 1 1 1 1 1 1 1 1 1 1 1 1 1 1 1 1 1 1 1 1 1 1 1 1 1 1 1 1 1 1 1 1 1 1 1 1 1 1 1 1 1 1 1 1 1 1 1 1 1 1 1 1 1 1 1 1 1 1 1 1 1 1 1 1 1 1 1 1 1 1 1 1 1 1 1 1 1 1 1 1 1 1 1 1 1 1 1 1 1 1 1 1 1 1 1 1 1 1 1 1 1 1 1 1 1 1 1 1 1 1 1 1 1 1 1 1 1 1 1 1 1 1 1 1 1 1 1 1 1 1 1 1 1 1 1 1 1 1 1 1 1 1 1 1 1 1 1 1 1 1 1 1 1 1 1 1 1 1 1 1 1 1 1 1 1 1 1 1 1 1 1 1 1 1 1 1 1 1 1 1 1 1 1 1 1 1 1 1 1 1 1 1 1 1 1 1 1 1 1 1 1 1 1 1 1 1 1 1 1 1 1 1 1 1 1 1 1 1 1 1 1 1 1 1 1 1 1 1 1 1 1 1 1 1 1 1 1 1 1 1 1 1 1 1 1 1 1 1 1 1 1 1 1 1 1 1 1 1 1 1 1 1 1 1 1 1 1 1 1 1 1 1 1 1 1 1 1 1 1 1 1 1 1 1 1 1 1 1 1 1 1 1 1 1 1 1 1 1 1 1 1 1 1 1 1 1 1 1 1 1 1 1 1 1 1 1 1 1 1 1 1 1 1 1 1 1 1 1 1 1 1 1 1 1 1 1 1 1 1 1 1 1 1 1 1 1 1 1 1 1 1 1 1 1 1 1 1 1 1 1 1 1 1 1 1 1 1 1 1 1 1 1 1 1 1 1 1 1 1 1 1 1 1 1 1 1 1 1 1 1 1 1 1 1 1 1 1 1 1 1 1 1 1 1 1 1 1 1 1 1 1 1 1 1 1 1 1 1 1 1 1 1 1 1 1 1 1 1 1 1 1 1 1 1 1 1 1 1 1 1 1 1 1 1 1 1 1 1 1 1 1 1 1 1 1 1 1 1 1 1 1 1 1 1 1 1 1 1 1 1 1 1 1 1 1 1 1 1 1 1 1 1 1 1 1 1 1 1 1 1 1 1 1 1 1 1 1 1 1 1 1 1 1 1 1 1 1 1 1 1 1 1 1 1 1 1 1 1 1 1 1 1 1 1 1 1 1 1 1 1 1 1 1 1 1 1 1 1 1 1 1 1 1 1 1 1 1 1 1 1 1 1 1 1 1 1 1 1 1 1 1 1 1 1 1 1 1 1 1 1 1 1 1 1 1 1 1 1 1 1 1 1 1 1 1 1 1 1 1 1 1 1 1 1 1 1 1 1 1 1 1 1 1 1 1 1 1 1 1 1 1 1 1 1 1 1 1 1 1 1 1 1 1 1 1 1 1 1 1 1 1 1 1 1 1 1 1 1 1 1 1 1 1 1 1 1 1 1 1 1 1 1 1 1 1 1 1 1 1 1 1 1 1 1 1 1 1 1 1 1 1 1 1 1 1 1 1 1 1 1 1 1 1 1 1 1 1 1 1 1 1 1 1 1 1 1 1 1 1 1 1 1 1 1 1 1 1 1 1 1 1 1 1 1 1 1 1 1 1 1 1 1 1 1 1 1 1 1 1 1 1 1 1 1 1 1 1 1 1 1 1 1 1 1 1 1 1 1 1 1 1 1 1 1 1 1 1 1 1 1 1 1 1 1 1 1 1 1 1 1 1 1 1 1 1 1 1 1 1 1 1 1 1 1 1 1 1 1 1 1 1 1 1 1 1 1 1 1 1 1 1 1 1 1 1 1 1 1 1 1 1 1 1 1 1 1 1 1 1 1 1 1 1 1 1 1 1 1 1 1 1 1 1 1 1 1 1 1 1 1 1 1 1 1 1 1 1 1 1 1 1 1 1 1 1 1 1 1 1 1 1 1 1 1 1 1 1 1 1 1 1 1 1 1 1 1 1 1 1 1 1 1 1 1 1 1 1 1 1 1 1 1 1 1 1 1 1 1 1 1 1 1 1 1 1 1 1 1 1 1 1 1 1 1 1 1 1 1 1 1 1 1 1 1 1 1 1 1 1 1 1 1 1 1 1 1 1 1 1 1 1 1 1 1 1 1 1 1 1 1 1 1 1 1 1 1 1 1 1 1 1 1 1 1 1 1 1 1 1 1 1 1 1 1 1 1 1 1 1 1 1 1 1 1 1 1 1 1 1 1 1 1 1 1 1 1 1 1 1 1 1 1 1 1 1 1 1 1 1 1 1 1 1 1 1 1 1 1 1 1 1 1 1 1 1 1 1 1 1 1 1 1 1 1 1 1 1 1 1 1 1 1 1 1 1 1 1 1 1 1 1 1 1 1 1 1 1 1 1 1 1 1 1 1 1 1 1 1 1 1 1 1 1 1 1 1 1 1 1 1 1 1 1 1 1 1 1 1 1 1 1 1 1 1 1 1 1 1 1 1 1 1 1 1 1 1 1 1 1 1 1 1 1 1 1 1 1 1 1 1 1 1 1 1 1 1 1 1 1 1 1 1 1 1 1 1 1 1 1 1 1 1 1 1 1 1 1 1 1 1 1 1 1 1 1 1 1 1 1 1 1 1 1 1 1 1 1 1 1 1 1 1 1 1 1 1 1 1 1 1 1 1 1 1 1 1 1 1 1 1 1 1 1 1 1 1 1 1 1 1 1 1 1 1 1 1 1 1 1 1 1 1 1 1 1 1 1 1 1 1 1 1 1 1 1 1 1 1 1 1 1 1 1 1 1 1 1 1 1 1 1 1 1 1 1 1 1 1 1 1 1 1 1 1 1 1 1 1 1 1 1 1 1 1 1 1 1 1 1 1 1 1 1 1 1 1 1 1 1 1 1 1 1 1 1 1 1 1 1 1 1 1 1 1 1 1 1 1 1 1 1 1 1 1 1 1 1 1 1 1 1 1 1 1 1 1 1 1 1 1 1 1 1 1 1 1 1 1 1 1 1 1 1 1 1 1 1 1 1 1 1 1 1</float_array>
          <technique_common>
            <accessor source="#sinto_h01-mesh-colors-colors-array" count="384" stride="4">
              <param name="R" type="float"/>
              <param name="G" type="float"/>
              <param name="B" type="float"/>
              <param name="A" type="float"/>
            </accessor>
          </technique_common>
        </source>
        <vertices id="sinto_h01-mesh-vertices">
          <input semantic="POSITION" source="#sinto_h01-mesh-positions"/>
        </vertices>
        <triangles material="h_mado_lm1_009-material" count="4">
          <input semantic="VERTEX" source="#sinto_h01-mesh-vertices" offset="0"/>
          <input semantic="NORMAL" source="#sinto_h01-mesh-normals" offset="1"/>
          <input semantic="TEXCOORD" source="#sinto_h01-mesh-map" offset="2" set="0"/>
          <input semantic="COLOR" source="#sinto_h01-mesh-colors-colors" offset="3" set="0"/>
          <p>1 0 0 0 3 0 1 1 0 0 2 2 5 0 3 3 7 0 4 4 4 0 5 5 1 0 225 225 2 0 226 226 3 0 227 227 5 0 228 228 6 0 229 229 7 0 230 230</p>
        </triangles>
        <triangles material="h_kage_lm1_025-material" count="4">
          <input semantic="VERTEX" source="#sinto_h01-mesh-vertices" offset="0"/>
          <input semantic="NORMAL" source="#sinto_h01-mesh-normals" offset="1"/>
          <input semantic="TEXCOORD" source="#sinto_h01-mesh-map" offset="2" set="0"/>
          <input semantic="COLOR" source="#sinto_h01-mesh-colors-colors" offset="3" set="0"/>
          <p>8 1 6 6 9 1 7 7 10 1 8 8 9 1 9 9 11 1 10 10 10 1 11 11 10 1 12 12 11 1 13 13 12 1 14 14 13 1 15 15 14 1 16 16 15 1 17 17</p>
        </triangles>
        <triangles material="colum__h02_lm1-material" count="18">
          <input semantic="VERTEX" source="#sinto_h01-mesh-vertices" offset="0"/>
          <input semantic="NORMAL" source="#sinto_h01-mesh-normals" offset="1"/>
          <input semantic="TEXCOORD" source="#sinto_h01-mesh-map" offset="2" set="0"/>
          <input semantic="COLOR" source="#sinto_h01-mesh-colors-colors" offset="3" set="0"/>
          <p>17 2 18 18 19 2 19 19 16 2 20 20 21 3 21 21 23 3 22 22 20 3 23 23 25 0 24 24 27 0 25 25 24 0 26 26 29 2 27 27 31 2 28 28 28 2 29 29 33 3 30 30 35 3 31 31 32 3 32 32 37 0 33 33 39 0 34 34 36 0 35 35 41 2 36 36 43 2 37 37 40 2 38 38 45 3 39 39 47 3 40 40 44 3 41 41 49 0 42 42 51 0 43 43 48 0 44 44 17 2 231 231 18 2 232 232 19 2 233 233 21 3 234 234 22 3 235 235 23 3 236 236 25 0 237 237 26 0 238 238 27 0 239 239 29 2 240 240 30 2 241 241 31 2 242 242 33 3 243 243 34 3 244 244 35 3 245 245 37 0 246 246 38 0 247 247 39 0 248 248 41 2 249 249 42 2 250 250 43 2 251 251 45 3 252 252 46 3 253 253 47 3 254 254 49 0 255 255 50 0 256 256 51 0 257 257</p>
        </triangles>
        <triangles material="shin_yuki2_lm1-material" count="18">
          <input semantic="VERTEX" source="#sinto_h01-mesh-vertices" offset="0"/>
          <input semantic="NORMAL" source="#sinto_h01-mesh-normals" offset="1"/>
          <input semantic="TEXCOORD" source="#sinto_h01-mesh-map" offset="2" set="0"/>
          <input semantic="COLOR" source="#sinto_h01-mesh-colors-colors" offset="3" set="0"/>
          <p>53 4 45 45 54 5 46 46 52 6 47 47 55 7 48 48 56 8 49 49 54 5 50 50 58 9 51 51 61 10 52 52 60 11 53 53 60 11 54 54 63 12 55 55 62 13 56 56 64 14 57 57 67 15 58 58 66 16 59 59 66 16 60 60 69 17 61 61 68 18 62 62 71 19 63 63 72 20 64 64 70 21 65 65 73 22 66 66 74 23 67 67 72 20 68 68 77 24 69 69 79 25 70 70 76 26 71 71 53 4 258 258 55 7 259 259 54 5 260 260 55 7 261 261 57 45 262 262 56 8 263 263 58 9 264 264 59 46 265 265 61 10 266 266 60 11 267 267 61 10 268 268 63 12 269 269 64 14 270 270 65 47 271 271 67 15 272 272 66 16 273 273 67 15 274 274 69 17 275 275 71 19 276 276 73 22 277 277 72 20 278 278 73 22 279 279 75 48 280 280 74 23 281 281 77 24 282 282 78 49 283 283 79 25 284 284</p>
        </triangles>
        <triangles material="colum__h02_lm2-material" count="84">
          <input semantic="VERTEX" source="#sinto_h01-mesh-vertices" offset="0"/>
          <input semantic="NORMAL" source="#sinto_h01-mesh-normals" offset="1"/>
          <input semantic="TEXCOORD" source="#sinto_h01-mesh-map" offset="2" set="0"/>
          <input semantic="COLOR" source="#sinto_h01-mesh-colors-colors" offset="3" set="0"/>
          <p>81 0 72 72 82 0 73 73 80 0 74 74 83 0 75 75 84 0 76 76 82 0 77 77 85 0 78 78 86 0 79 79 84 0 80 80 88 3 81 81 89 3 82 82 90 3 83 83 89 3 84 84 91 3 85 85 90 3 86 86 90 3 87 87 91 3 88 88 92 3 89 89 93 1 90 90 94 1 91 91 95 1 92 92 94 1 93 93 96 1 94 94 95 1 95 95 95 1 96 96 96 1 97 97 97 1 98 98 98 2 99 99 99 2 100 100 100 2 101 101 99 2 102 102 101 2 103 103 100 2 104 104 103 27 105 105 105 28 106 106 102 29 107 107 107 30 108 108 109 31 109 109 106 32 110 110 110 3 111 111 112 3 112 112 113 3 113 113 115 0 114 114 117 0 115 115 114 0 116 116 119 3 117 117 121 3 118 118 118 3 119 119 123 2 120 120 125 2 121 121 122 2 122 122 126 3 123 123 128 3 124 124 129 3 125 125 131 0 126 126 133 0 127 127 130 0 128 128 135 2 129 129 137 2 130 130 134 2 131 131 139 3 132 132 141 3 133 133 138 3 134 134 143 0 135 135 145 0 136 136 142 0 137 137 147 0 138 138 149 0 139 139 146 0 140 140 151 3 141 141 153 3 142 142 150 3 143 143 155 1 144 144 157 1 145 145 154 1 146 146 159 33 147 147 161 34 148 148 158 35 149 149 163 36 150 150 165 37 151 151 162 38 152 152 166 1 153 153 168 1 154 154 169 1 155 155 171 39 156 156 173 40 157 157 170 41 158 158 174 2 159 159 176 2 160 160 177 2 161 161 179 0 162 162 181 0 163 163 178 0 164 164 183 2 165 165 185 2 166 166 182 2 167 167 187 2 168 168 189 2 169 169 186 2 170 170 191 3 171 171 193 3 172 172 190 3 173 173 195 0 174 174 197 0 175 175 194 0 176 176 199 0 177 177 201 0 178 178 198 0 179 179 203 0 180 180 205 0 181 181 202 0 182 182 207 0 183 183 209 0 184 184 206 0 185 185 210 2 186 186 212 2 187 187 213 2 188 188 215 1 189 189 217 1 190 190 214 1 191 191 219 42 192 192 221 43 193 193 218 44 194 194 222 2 195 195 223 2 196 196 224 2 197 197 225 3 198 198 226 3 199 199 227 3 200 200 228 0 201 201 229 0 202 202 230 0 203 203 231 0 204 204 232 0 205 205 233 0 206 206 234 0 207 207 235 0 208 208 236 0 209 209 237 0 210 210 238 0 211 211 239 0 212 212 240 2 213 213 241 2 214 214 242 2 215 215 243 2 216 216 244 2 217 217 245 2 218 218 246 2 219 219 247 2 220 220 248 2 221 221 249 3 222 222 250 3 223 223 251 3 224 224 81 0 285 285 83 0 286 286 82 0 287 287 83 0 288 288 85 0 289 289 84 0 290 290 85 0 291 291 87 0 292 292 86 0 293 293 103 27 294 294 104 50 295 295 105 28 296 296 107 30 297 297 108 51 298 298 109 31 299 299 110 3 300 300 111 3 301 301 112 3 302 302 115 0 303 303 116 0 304 304 117 0 305 305 119 3 306 306 120 3 307 307 121 3 308 308 123 2 309 309 124 2 310 310 125 2 311 311 126 3 312 312 127 3 313 313 128 3 314 314 131 0 315 315 132 0 316 316 133 0 317 317 135 2 318 318 136 2 319 319 137 2 320 320 139 3 321 321 140 3 322 322 141 3 323 323 143 0 324 324 144 0 325 325 145 0 326 326 147 0 327 327 148 0 328 328 149 0 329 329 151 3 330 330 152 3 331 331 153 3 332 332 155 1 333 333 156 1 334 334 157 1 335 335 159 33 336 336 160 52 337 337 161 34 338 338 163 36 339 339 164 53 340 340 165 37 341 341 166 1 342 342 167 1 343 343 168 1 344 344 171 39 345 345 172 54 346 346 173 40 347 347 174 2 348 348 175 2 349 349 176 2 350 350 179 0 351 351 180 0 352 352 181 0 353 353 183 2 354 354 184 2 355 355 185 2 356 356 187 2 357 357 188 2 358 358 189 2 359 359 191 3 360 360 192 3 361 361 193 3 362 362 195 0 363 363 196 0 364 364 197 0 365 365 199 0 366 366 200 0 367 367 201 0 368 368 203 0 369 369 204 0 370 370 205 0 371 371 207 0 372 372 208 0 373 373 209 0 374 374 210 2 375 375 211 2 376 376 212 2 377 377 215 1 378 378 216 1 379 379 217 1 380 380 219 42 381 381 220 55 382 382 221 43 383 383</p>
        </triangles>
      </mesh>
    </geometry>
    <geometry id="sinto_door1-mesh" name="sinto_door1">
      <mesh>
        <source id="sinto_door1-mesh-positions">
          <float_array id="sinto_door1-mesh-positions-array" count="24">-20.08691 27.62012 2.202148 -20.08691 2.645508 2.202148 -0.08691406 2.645508 2.202148 -0.08691406 27.62012 2.202148 -0.08691406 2.645508 2.202148 -0.08691406 2.645508 0.140625 -0.08691406 27.62012 0.140625 -0.08691406 27.62012 2.202148</float_array>
          <technique_common>
            <accessor source="#sinto_door1-mesh-positions-array" count="8" stride="3">
              <param name="X" type="float"/>
              <param name="Y" type="float"/>
              <param name="Z" type="float"/>
            </accessor>
          </technique_common>
        </source>
        <source id="sinto_door1-mesh-normals">
          <float_array id="sinto_door1-mesh-normals-array" count="6">0 0 1 1 0 0</float_array>
          <technique_common>
            <accessor source="#sinto_door1-mesh-normals-array" count="2" stride="3">
              <param name="X" type="float"/>
              <param name="Y" type="float"/>
              <param name="Z" type="float"/>
            </accessor>
          </technique_common>
        </source>
        <source id="sinto_door1-mesh-map">
          <float_array id="sinto_door1-mesh-map-array" count="24">0 0 0.8242187 1 0 1 0.8925781 0.5957031 0.8164063 0.6953125 0.8164063 0.5957031 0 0 0.8242187 0 0.8242187 1 0.8925781 0.5957031 0.8925781 0.6953125 0.8164063 0.6953125</float_array>
          <technique_common>
            <accessor source="#sinto_door1-mesh-map-array" count="12" stride="2">
              <param name="S" type="float"/>
              <param name="T" type="float"/>
            </accessor>
          </technique_common>
        </source>
        <source id="sinto_door1-mesh-colors-colors" name="colors">
          <float_array id="sinto_door1-mesh-colors-colors-array" count="48">1 1 1 1 1 1 1 1 1 1 1 1 1 1 1 1 1 1 1 1 1 1 1 1 1 1 1 1 1 1 1 1 1 1 1 1 1 1 1 1 1 1 1 1 1 1 1 1</float_array>
          <technique_common>
            <accessor source="#sinto_door1-mesh-colors-colors-array" count="12" stride="4">
              <param name="R" type="float"/>
              <param name="G" type="float"/>
              <param name="B" type="float"/>
              <param name="A" type="float"/>
            </accessor>
          </technique_common>
        </source>
        <vertices id="sinto_door1-mesh-vertices">
          <input semantic="POSITION" source="#sinto_door1-mesh-positions"/>
        </vertices>
        <triangles material="colum__door_lm1-material" count="4">
          <input semantic="VERTEX" source="#sinto_door1-mesh-vertices" offset="0"/>
          <input semantic="NORMAL" source="#sinto_door1-mesh-normals" offset="1"/>
          <input semantic="TEXCOORD" source="#sinto_door1-mesh-map" offset="2" set="0"/>
          <input semantic="COLOR" source="#sinto_door1-mesh-colors-colors" offset="3" set="0"/>
          <p>1 0 0 0 3 0 1 1 0 0 2 2 5 1 3 3 7 1 4 4 4 1 5 5 1 0 6 6 2 0 7 7 3 0 8 8 5 1 9 9 6 1 10 10 7 1 11 11</p>
        </triangles>
      </mesh>
    </geometry>
    <geometry id="m_dun5101_00_00c-mesh" name="m_dun5101_00_00c">
      <mesh>
        <source id="m_dun5101_00_00c-mesh-positions">
          <float_array id="m_dun5101_00_00c-mesh-positions-array" count="6771">-56 2 -64 -24 2 -64 -24 2 -96 -56 2 -96 -56 2 -32 -24 2 -32 -24 2 -64 -56 2 -64 -28 2 -52 4 2 -52 4 2 -84 -28 2 -84 -84 2 -52 -52 2 -52 -52 2 -84 -84 2 -84 -7 41.875 -124.2813 -7 69.92188 -140.4844 -18.54688 42.40625 -123.3594 -18.54688 70.45313 -139.5625 -40 42.78125 -122.7188 -40 70.82813 -138.9062 -61.45312 42.40625 -123.3594 -61.45312 70.45313 -139.5625 -72.25 41.90625 -124.2344 -72.25 69.95313 -140.4219 -96 70.71875 -199.9375 -96 60.92187 -144.3437 -64.0625 75.23438 -199.1406 -64.96875 64.29688 -137.7969 -61.17187 75.65625 -199.0625 -61.17187 65.14063 -139.4531 -28.60938 76.64063 -198.8906 -28.60938 68.78125 -154.3906 0 73.67188 -199.4219 0 68.17188 -168.1719 22.04688 29.48438 -61.95312 -5.59375 29.84375 -56.67187 -5.59375 29.84375 -24 22.04688 29.48438 -24 -63.95312 29.48438 -65.95313 -91.59375 29.84375 -60.67187 -91.59375 29.84375 -28 -63.95312 29.48438 -28 -65.95313 29.375 -117.9531 -93.59375 37.96875 -112.6719 -93.59375 37.96875 -80 -65.95313 29.375 -80 -61.95312 47.95312 -142.1719 -91.51563 42.46875 -142.1875 -91.51563 10 -142.1875 -61.95312 10 -142.1719 14.04687 61.375 -165.9531 -13.59375 69.96875 -160.6719 -13.59375 69.96875 -128 14.04687 61.375 -128 -91 1 -128 12.8125 1 -128 -91 1 -140 12.8125 1 -140 -91 1 -208 12.8125 1 -208 -91 1 -218 12.8125 1 -218 5 37.01562 -142 5 45.9375 -142 -21.09375 37.01562 -142 -21.09375 45.9375 -142 -40 36.98437 -142 -40 45.9375 -142 -85 53.9375 -142 -85 45.01562 -142 -57.90625 53.9375 -142 -57.90625 45.01562 -142 -40 53.9375 -142 -40 44.98437 -142 -99 1 -140 -91 1 -140 -99 1 -208 -91 1 -208 -99 1 -218 -91 1 -218 9 37.01562 -150.0469 9 45.9375 -150.0469 5 45.9375 -142 5 37.01562 -142 9 37.01562 -206 9 45.9375 -206 9 45.9375 -150.0469 9 37.01562 -150.0469 -89 45.01562 -150.0469 -85 45.01562 -142 -85 53.9375 -142 -89 53.9375 -150.0469 -89 45.01562 -206 -89 45.01562 -150.0469 -89 53.9375 -150.0469 -89 53.9375 -206 -23.9375 3.03125 -141.9687 1.96875 3.03125 -141.9687 -12.03125 37.07812 -141.9687 -23.9375 37.07812 -141.9687 22 1 -208 12.8125 1 -208 12.8125 1 -140 22 1 -140 22 1 -140 12.8125 1 -140 12.8125 1 -128 12.8125 1 -218 12.8125 1 -208 22 1 -208 -99 1 -140 -91 1 -128 -91 1 -140 14.07812 8.71875 -148.6719 20.875 4.921875 -150.5 16.21875 12.875 -149.4531 22.95312 9.03125 -151.375 18.54688 16.4375 -148.375 25.20312 12.9375 -151.2812 21.3125 2.265625 -107.6719 20.07812 6.3125 -108.9531 17.25 6.5625 -106.5938 18.40625 2.265625 -104.7813 17.25 6.5625 -106.5938 11.53125 6.03125 -105.2656 12.03125 2.203125 -104.1875 18.40625 2.265625 -104.7813 20.03125 6.0625 -111.2969 20.07812 6.3125 -108.9531 21.3125 2.265625 -107.6719 21.32812 2.265625 -110.5781 18.1875 6.5 -96.5625 20.95312 6.5 -93.59375 20.51562 2.5 -93.34375 17.76562 2.5 -96.3125 16.51563 6.609375 -86.21875 17.54688 4.421875 -88 16.51563 4.640625 -88.85938 14.85937 6.609375 -87.53125 15.92187 6.234375 -85.20313 16.51563 6.609375 -86.21875 14.85937 6.609375 -87.53125 13.67187 4.53125 -86.51563 -90.67188 6.609375 -79.73438 -89.65625 4.421875 -81.51563 -90.6875 4.640625 -82.37501 -92.34375 6.609375 -81.04688 -91.26563 6.234375 -78.71875 -90.67188 6.609375 -79.73438 -92.34375 6.609375 -81.04688 -93.53125 4.53125 -80.03125 -98.67188 8.234375 -80.07813 -101.5156 5.15625 -78.5625 -97.8125 3.296875 -82 -96.62501 6.53125 -81.5625 19.75 17.73438 -146.7656 18.54688 16.4375 -148.375 25.20312 12.9375 -151.2812 23.98438 16.875 -148.5781 19.73438 20.375 -152.0937 20.875 20.53125 -148.4062 27.89062 17.375 -150.7344 26.46875 16.53125 -154.0156 20.21875 22.45312 -154.5156 19.73438 20.375 -152.0937 26.46875 16.53125 -154.0156 27.21875 18.79688 -155.9531 -96.20313 20.17188 -150.7031 -94.39063 16.15625 -144.5312 -90.70313 13.95312 -146.2812 -89.34375 18.51562 -153.8125 -95.73438 24.84375 -152.1406 -96.20313 20.17188 -150.7031 -89.34375 18.51562 -153.8125 -89.67188 23.28125 -157.7969 -101.5156 5.15625 -78.5625 -100.9688 2.71875 -77.89063 -97.8125 3.296875 -82 -100.0625 7.8125 -77.79688 -101.5156 5.15625 -78.5625 -98.67188 8.234375 -80.07813 23.98438 16.875 -148.5781 25.20312 12.9375 -151.2812 26.9375 15 -149.3437 -89.34375 18.51562 -153.8125 -90.70313 13.95312 -146.2812 -87.10938 15.09375 -147.7812 20.75 96 88 24.39062 63.8125 96 37.60937 114.5781 88 35.125 63.8125 96 64.95313 128 88 65.90625 63.8125 96 154.5625 128 88 141.25 63.8125 96 154.5625 128 144.4219 141.25 63.8125 144.4219 -144 128 -256 -127.9531 63.8125 -256 -56.85937 128 -256 -56.85937 63.8125 -256 -24 128 -256 -24 63.8125 -256 64 128 -256 47.95312 63.8125 -256 -80.8125 63.8125 15.92187 -96.85938 128 56.42187 -80.8125 63.8125 104 -96.85938 128 104 -80.8125 63.8125 144.4219 -96.85938 128 144.4219 -80.8125 63.8125 144.4219 -96.85938 128 144.4219 -80.8125 63.8125 184 -96.85938 128 184 -82.37501 63.8125 270.2812 -88.85938 80 264 -0.046875 63.8125 136.4219 4.109375 90.6875 136.4219 -0.046875 63.8125 104 4.109375 90.6875 104 -0.046875 63.8125 15.92187 4.109375 90.6875 40 -127.9531 63.8125 -94.12501 -144 128 -94.12501 -127.9531 63.8125 15.92187 -144 128 40 -80.8125 63.8125 15.92187 -96.85938 128 40 149.1875 63.8125 269.3438 154.5625 80 269.3125 141.25 63.8125 184 154.5625 128 184 141.25 63.8125 144.4219 154.5625 128 144.4219 44.46875 123.2656 40 35.125 63.3125 15.92187 19.98438 91.46875 40 11.23437 95.26563 40 35.125 63.3125 15.92187 -0.046875 63.8125 15.92187 11.23437 95.26563 40 4.109375 90.6875 40 35.125 63.3125 15.92187 44.46875 123.2656 40 64 128 40 47.95312 63.8125 15.92187 24.39062 63.8125 136.4219 20.75 96 136.4219 20.75 96 144 24.39062 63.8125 160.0469 47.95312 63.8125 -125.4219 64 128 -125.4219 64 128 -256 47.95312 63.8125 -256 -127.9531 63.8125 -125.4219 -144 128 -125.4219 -144 128 -94.12501 -127.9531 63.8125 -94.12501 47.95312 63.8125 -94.12501 64 128 -94.12501 64 128 -125.4219 47.95312 63.8125 -125.4219 -0.046875 63.8125 160.0469 24.39062 63.8125 160.0469 20.75 96 144 4.109375 90.6875 144 20.75 96 88 20.75 96 136.4219 24.39062 63.8125 136.4219 24.39062 63.8125 96 4.109375 90.6875 144 4.109375 90.6875 136.4219 -0.046875 63.8125 136.4219 -0.046875 63.8125 160.0469 -144 128 -256 -144 128 -125.4219 -127.9531 63.8125 -125.4219 -127.9531 63.8125 -256 64 128 40 64 128 -94.12501 47.95312 63.8125 -94.12501 47.95312 63.8125 15.92187 -96.85938 128 40 -96.85938 128 56.42187 -80.8125 63.8125 15.92187 20.21875 22.45312 -154.5156 12.04687 16.26563 -170.7187 19.73438 20.375 -152.0937 11.0625 13.8125 -169.2969 16.21875 12.875 -149.4531 8.265625 6.859375 -165.2344 14.07812 8.71875 -148.6719 6.796875 3.21875 -163.1094 -94.39063 16.15625 -144.5312 -97.8125 0.984375 -144 -90.70313 13.95312 -146.2812 -93.84375 0.015625 -145.7969 -87.10938 15.09375 -147.7812 -90.6875 -0.734375 -147.2187 -98.92188 25.3125 -159.4531 -91.79688 23.59375 -162.6719 -99.90625 20.95312 -159.3125 -92.89063 18.76562 -162.5 -104.2031 1.90625 -158.6406 -97.07813 0.1875 -161.8594 -95.73438 24.84375 -152.1406 -98.92188 25.3125 -159.4531 -96.20313 20.17188 -150.7031 -99.90625 20.95312 -159.3125 -100.4531 1.359375 -150.0469 -104.2031 1.90625 -158.6406 -101.5156 5.15625 -78.5625 -100.0625 7.8125 -77.79688 -100.9688 2.71875 -77.89063 -101.2656 11.82812 -79.375 -104.1094 2.71875 -80.125 -106.375 8.859375 -83 -100.0625 7.8125 -77.79688 -98.67188 8.234375 -80.07813 -101.2656 11.82812 -79.375 -96.62501 6.53125 -81.5625 -97.78125 11.17187 -83.71875 16.51563 6.609375 -86.21875 15.92187 6.234375 -85.20313 17.54688 4.421875 -88 17.10938 2.71875 -87.25 -90.67188 6.609375 -79.73438 -91.26563 6.234375 -78.71875 -89.65625 4.421875 -81.51563 -90.09375 2.71875 -80.76563 20.95312 6.5 -93.59375 18.1875 6.5 -96.5625 14.40625 6.5 -93.40625 15.95312 6.5 -90.70313 14.40625 6.5 -93.40625 14.5 2.5 -93.23438 15.95312 2.5 -90.70313 15.95312 6.5 -90.70313 15.92187 6.234375 -85.20313 13.67187 4.53125 -86.51563 13.73437 2.71875 -86.46875 15.92187 2.71875 -85.20313 -91.26563 6.234375 -78.71875 -93.53125 4.53125 -80.03125 -93.45313 2.71875 -79.98438 -91.26563 2.71875 -78.71875 15.95312 2.5 -90.70313 20.51562 2.5 -93.34375 20.95312 6.5 -93.59375 15.95312 6.5 -90.70313 -97.78125 11.17187 -83.71875 -102.4219 9.015625 -85.62501 -106.375 8.859375 -83 -101.2656 11.82812 -79.375 -89.98438 2.5 -87.82813 -89.65625 5.890625 -88.14063 -95.5 6.9375 -82.76563 -95.90625 2.71875 -82.37501 -89.65625 5.890625 -88.14063 -92.53125 5.875 -91.25 -98.76563 6.921875 -86.32813 -95.5 6.9375 -82.76563 -98.76563 6.921875 -86.32813 -98.26563 3.953125 -85.1875 -95.90625 2.71875 -82.37501 -95.5 6.9375 -82.76563 12.20312 1.03125 -110.5938 12.03125 2.203125 -104.1875 11.53125 6.03125 -105.2656 11.6875 4.9375 -111.3125 19.73438 20.375 -152.0937 18.54688 16.4375 -148.375 19.75 17.73438 -146.7656 20.875 20.53125 -148.4062 11.6875 4.9375 -111.3125 11.53125 6.03125 -105.2656 17.25 6.5625 -106.5938 20.03125 6.0625 -111.2969 6.796875 3.21875 -163.1094 13.54687 -0.625 -165.0312 20.875 4.921875 -150.5 14.07812 8.71875 -148.6719 23.98438 16.875 -148.5781 27.89062 17.375 -150.7344 20.875 20.53125 -148.4062 19.75 17.73438 -146.7656 27.21875 18.79688 -155.9531 18.79688 12.42187 -172.6562 12.04687 16.26563 -170.7187 20.21875 22.45312 -154.5156 -100.4531 1.359375 -150.0469 -97.8125 0.984375 -144 -94.39063 16.15625 -144.5312 -96.20313 20.17188 -150.7031 -89.67188 23.28125 -157.7969 -91.79688 23.59375 -162.6719 -98.92188 25.3125 -159.4531 -95.73438 24.84375 -152.1406 20.03125 6.0625 -111.2969 17.25 6.5625 -106.5938 20.07812 6.3125 -108.9531 14.40625 6.5 -93.40625 18.1875 6.5 -96.5625 14.96875 6.5 -95.60938 15.92187 2.71875 -85.20313 17.10938 2.71875 -87.25 15.92187 6.234375 -85.20313 -91.26563 2.71875 -78.71875 -90.09375 2.71875 -80.76563 -91.26563 6.234375 -78.71875 19.73438 20.375 -152.0937 16.21875 12.875 -149.4531 18.54688 16.4375 -148.375 26.9375 15 -149.3437 27.89062 17.375 -150.7344 23.98438 16.875 -148.5781 19.78125 2 -99.14063 12 2 -97.25 22.17188 2 -92 13.96875 2 -90.71875 20.64062 2 -90.4375 12.76562 2 -88.62501 17.6875 2 -84 13.40625 2 -84 -96.26563 2 -85.14063 -106.375 2 -83 -96.26563 2 -79.5 -105.4844 2 -79.5 -98.4375 2 -77.59375 -103.3281 2 -77.59375 -88.40625 2 -88.25 -92.73438 2 -92.54688 -88.40625 2 -85.14063 -96.26563 2 -85.14063 -88.40625 2 -81.1875 -96.26563 2 -79.5 -90.17188 2 -77.96875 -92.54688 2 -77.96875 11.90625 0.578125 -61.65625 0 0.578125 -66.59375 0 0.578125 -49.75 -11.90625 0.578125 -61.65625 -16.84375 0.578125 -49.75 -68.09375 0.578125 -109.6563 -80 0.578125 -114.5938 -80 0.578125 -97.75 -91.90625 0.578125 -109.6563 -96.84375 0.578125 -97.75 -96.84375 0.578125 -97.75 -91.90625 0.578125 -85.84375 -80 0.578125 -97.75 -80 0.578125 -80.90625 -68.09375 0.578125 -85.84375 -11.90625 0.578125 -109.6563 -16.84375 0.578125 -97.75 0 0.578125 -97.75 -11.90625 0.578125 -85.84375 0 0.578125 -80.90625 0 0.578125 -80.90625 11.90625 0.578125 -85.84375 0 0.578125 -97.75 16.84375 0.578125 -97.75 11.90625 0.578125 -109.6563 -91.90625 0.578125 -61.65625 -96.84375 0.578125 -49.75 -80 0.578125 -49.75 -91.90625 0.578125 -37.84375 -80 0.578125 -32.90625 -80 0.578125 -32.90625 -68.09375 0.578125 -37.84375 -80 0.578125 -49.75 -63.15625 0.578125 -49.75 -68.09375 0.578125 -61.65625 21.70312 1.703125 -104.2656 22.4375 1.703125 -110.125 10.67187 1.703125 -102.75 10.23437 1.703125 -106.7031 -92.73438 2 -92.54688 -98.1875 2 -90.85938 -96.26563 2 -85.14063 -106.375 2 -83 11.90625 0.578125 -61.65625 0 0.578125 -49.75 16.84375 0.578125 -49.75 11.90625 0.578125 -37.84375 11.90625 0.578125 -37.84375 0 0.578125 -49.75 0 0.578125 -32.90625 -11.90625 0.578125 -37.84375 -68.09375 0.578125 -85.84375 -63.15625 0.578125 -97.75 -80 0.578125 -97.75 -68.09375 0.578125 -109.6563 11.90625 0.578125 -109.6563 0 0.578125 -114.5938 0 0.578125 -97.75 -11.90625 0.578125 -109.6563 -68.09375 0.578125 -61.65625 -80 0.578125 -66.59375 -80 0.578125 -49.75 -91.90625 0.578125 -61.65625 21.70312 1.703125 -104.2656 10.67187 1.703125 -102.75 13.01562 1.703125 -100.9844 19 1.703125 -101.4063 20.26562 1.703125 -112.25 10.23437 1.703125 -106.7031 22.4375 1.703125 -110.125 -16.84375 0.578125 -49.75 -11.90625 0.578125 -37.84375 0 0.578125 -49.75 -89.42188 28.54688 -93.70313 -89.42188 9.453125 -93.70313 -86.65625 28.35938 -87.04688 -86.65625 9.453125 -87.04688 -80 28.26562 -84.29688 -80 9.453125 -84.29688 -73.34375 28.35938 -87.04688 -73.34375 9.453125 -87.04688 -70.57813 28.40625 -93.70313 -70.57813 9.453125 -93.70313 -89.42188 9.453125 -93.70313 -92.21875 9.453125 -93.70313 -86.65625 9.453125 -87.04688 -88.64063 9.453125 -85.0625 -80 9.453125 -84.29688 -80 9.453125 -81.48438 -73.34375 9.453125 -87.04688 -71.35938 9.453125 -85.0625 -70.57813 9.453125 -93.70313 -67.78125 9.453125 -93.70313 -92.21875 9.453125 -93.70313 -92.21875 1.3125 -93.70313 -88.64063 9.453125 -85.0625 -88.64063 1.3125 -85.0625 -80 9.453125 -81.48438 -80 1.3125 -81.48438 -71.35938 9.453125 -85.0625 -71.35938 1.3125 -85.0625 -67.78125 9.453125 -93.70313 -67.78125 1.3125 -93.70313 -89.42188 28.54688 -45.70312 -89.42188 9.453125 -45.70312 -86.65625 28.35938 -39.04687 -86.65625 9.453125 -39.04687 -80 28.26562 -36.29687 -80 9.453125 -36.29687 -73.34375 28.35938 -39.04687 -73.34375 9.453125 -39.04687 -70.57813 28.40625 -45.70312 -70.57813 9.453125 -45.70312 -89.42188 9.453125 -45.70312 -92.21875 9.453125 -45.70312 -86.65625 9.453125 -39.04687 -88.64063 9.453125 -37.0625 -80 9.453125 -36.29687 -80 9.453125 -33.48437 -73.34375 9.453125 -39.04687 -71.35938 9.453125 -37.0625 -70.57813 9.453125 -45.70312 -67.78125 9.453125 -45.70312 -92.21875 9.453125 -45.70312 -92.21875 1.3125 -45.70312 -88.64063 9.453125 -37.0625 -88.64063 1.3125 -37.0625 -80 9.453125 -33.48437 -80 1.3125 -33.48437 -71.35938 9.453125 -37.0625 -71.35938 1.3125 -37.0625 -67.78125 9.453125 -45.70312 -67.78125 1.3125 -45.70312 -9.421875 28.54688 -45.70312 -9.421875 9.453125 -45.70312 -6.65625 28.35938 -39.04687 -6.65625 9.453125 -39.04687 0 28.26562 -36.29687 0 9.453125 -36.29687 6.65625 28.35938 -39.04687 6.65625 9.453125 -39.04687 9.421875 28.40625 -45.70312 9.421875 9.453125 -45.70312 -9.421875 9.453125 -45.70312 -12.21875 9.453125 -45.70312 -6.65625 9.453125 -39.04687 -8.640625 9.453125 -37.0625 0 9.453125 -36.29687 0 9.453125 -33.48437 6.65625 9.453125 -39.04687 8.640625 9.453125 -37.0625 9.421875 9.453125 -45.70312 12.21875 9.453125 -45.70312 -12.21875 9.453125 -45.70312 -12.21875 1.3125 -45.70312 -8.640625 9.453125 -37.0625 -8.640625 1.3125 -37.0625 0 9.453125 -33.48437 0 1.3125 -33.48437 8.640625 9.453125 -37.0625 8.640625 1.3125 -37.0625 12.21875 9.453125 -45.70312 12.21875 1.3125 -45.70312 -9.421875 47.46875 -93.70313 -9.421875 9.453125 -93.70313 -6.65625 43.39062 -87.04688 -6.65625 9.453125 -87.04688 0 41.35937 -84.29688 0 9.453125 -84.29688 6.65625 43.39062 -87.04688 6.65625 9.453125 -87.04688 9.421875 44.39062 -93.70313 9.421875 9.453125 -93.70313 -9.421875 9.453125 -93.70313 -12.21875 9.453125 -93.70313 -6.65625 9.453125 -87.04688 -8.640625 9.453125 -85.0625 0 9.453125 -84.29688 0 9.453125 -81.48438 6.65625 9.453125 -87.04688 8.640625 9.453125 -85.0625 9.421875 9.453125 -93.70313 12.21875 9.453125 -93.70313 -12.21875 9.453125 -93.70313 -12.21875 1.3125 -93.70313 -8.640625 9.453125 -85.0625 -8.640625 1.3125 -85.0625 0 9.453125 -81.48438 0 1.3125 -81.48438 8.640625 9.453125 -85.0625 8.640625 1.3125 -85.0625 12.21875 9.453125 -93.70313 12.21875 1.3125 -93.70313 -87.46875 59 -142.3594 -87.46875 11 -142.3594 -65.8125 59 -143 -65.8125 11 -143 -56 59 -144 -56 11 -144 8 61 -138 8 61 -186 -5.8125 66 -138 -5.8125 66 -186 -40 67 -138 -40 67 -186 -73.34375 27.39062 -56.375 -77.07813 26.51562 -52.625 -70.57813 28.14062 -49.70312 -74.15625 26.51562 -49.70312 -73.34375 27.39062 -43.04687 -76.40625 26.51562 -46.125 -80 27.17188 -40.29687 -80 26.51562 -44.98437 -86.65625 27.39062 -43.04687 -83.59375 26.51562 -46.125 -89.42188 28.39062 -49.70312 -84.8125 26.51562 -49.70312 -86.65625 28.39062 -56.375 -83.07813 26.51562 -52.78125 -80 27.39062 -59.125 -80 26.51562 -53.6875 -73.34375 27.39062 -56.375 -77.07813 26.51562 -52.625 -73.34375 27.39062 -104.375 -77.07813 26.51562 -100.625 -70.57813 28.14062 -97.70313 -74.15625 26.51562 -97.70313 -73.34375 27.39062 -91.04688 -76.40625 26.51562 -94.12501 -80 27.17188 -88.29688 -80 26.51562 -92.98438 -86.65625 27.39062 -91.04688 -83.59375 26.51562 -94.12501 -89.42188 28.39062 -97.70313 -84.8125 26.51562 -97.70313 -86.65625 28.39062 -104.375 -83.07813 26.51562 -100.7813 -80 27.39062 -107.125 -80 26.51562 -101.6875 -73.34375 27.39062 -104.375 -77.07813 26.51562 -100.625 0 27.09375 -40.29687 0 26.51562 -44.98437 -6.65625 27.39062 -43.04687 -3.59375 26.51562 -46.125 -9.421875 28.39062 -49.70312 -4.8125 26.51562 -49.70312 -6.65625 28.39062 -56.375 -3.078125 26.51562 -52.78125 0 27.39062 -59.125 0 26.51562 -53.6875 6.65625 27.39062 -56.375 2.921875 26.51562 -52.625 9.421875 28.14062 -49.70312 5.84375 26.51562 -49.70312 6.65625 27.39062 -43.04687 3.59375 26.51562 -46.125 0 27.09375 -40.29687 0 26.51562 -44.98437 -74.15625 26.51562 -49.70312 -77.07813 26.51562 -52.625 -80 26.53125 -49.70312 -80 26.51562 -53.6875 -83.07813 26.51562 -52.78125 -3.078125 26.51562 -52.78125 -4.8125 26.51562 -49.70312 0 26.53125 -49.70312 -3.59375 26.51562 -46.125 0 26.51562 -44.98437 0 26.51562 -44.98437 3.59375 26.51562 -46.125 0 26.53125 -49.70312 5.84375 26.51562 -49.70312 2.921875 26.51562 -52.625 -6.65625 43.39062 -104.375 -9.421875 47.46875 -97.70313 0 61.9375 -97.70313 -6.65625 43.39062 -91.04688 0 41.35937 -88.29688 0 41.35937 -88.29688 6.65625 43.39062 -91.04688 0 61.9375 -97.70313 9.421875 44.39062 -97.70313 6.65625 44.39062 -104.375 -74.15625 26.51562 -97.70313 -77.07813 26.51562 -100.625 -80 26.53125 -97.70313 -80 26.51562 -101.6875 -83.07813 26.51562 -100.7813 -74.15625 26.51562 -49.70312 -80 26.53125 -49.70312 -76.40625 26.51562 -46.125 -80 26.51562 -44.98437 -80 26.51562 -44.98437 -80 26.53125 -49.70312 -83.59375 26.51562 -46.125 -84.8125 26.51562 -49.70312 -3.078125 26.51562 -52.78125 0 26.53125 -49.70312 0 26.51562 -53.6875 2.921875 26.51562 -52.625 -6.65625 43.39062 -104.375 0 61.9375 -97.70313 0 43.39062 -107.125 6.65625 44.39062 -104.375 -74.15625 26.51562 -97.70313 -80 26.53125 -97.70313 -76.40625 26.51562 -94.12501 -80 26.51562 -92.98438 -80 26.51562 -92.98438 -80 26.53125 -97.70313 -83.59375 26.51562 -94.12501 -84.8125 26.51562 -97.70313 -83.07813 26.51562 -52.78125 -84.8125 26.51562 -49.70312 -80 26.53125 -49.70312 -83.07813 26.51562 -100.7813 -84.8125 26.51562 -97.70313 -80 26.53125 -97.70313 -12 5.703125 -136 -12 5.703125 -140 -18 36 -136 -18 36 -140 -20 58 -136 -20 58 -140 -28.14062 60 -136 -28.14062 60 -140 -51.57812 60 -136 -51.57812 60 -140 -60 52 -136 -60 52 -140 -62 40 -136 -62 40 -140 -68 5.703125 -136 -68 5.703125 -140 -88 54 -138 -88 45.9375 -138 -68.57813 54 -138 -68.57813 45.9375 -138 -40 54 -138 -40 45.9375 -138 -11.42187 54 -138 -11.42187 45.9375 -138 8 54 -138 8 45.9375 -138 -18 36 -136 -20 58 -136 -28.14062 36 -136 -28.14062 60 -136 -51.57812 36 -136 -51.57812 60 -136 -62 40 -136 -60 52 -136 -88 58 -208 -94 54 -208 -88 58 -175.6094 -94 54 -175.6094 -88 58 -146 -94 54 -146 -94 45.9375 -146 -94 54 -146 -94 45.9375 -175.6094 -94 54 -175.6094 -94 45.9375 -208 -94 54 -208 -68 64 -208 -88 58 -208 -68 64 -175.6094 -88 58 -175.6094 -68 64 -146 -88 58 -146 -88 23.625 -208 -88 23.625 -152.0469 -88 34.01562 -208 -88 34.01562 -152.0469 -88 45.9375 -208 -88 45.9375 -152.0469 -68 64 -146 -68.57813 54 -138 -40 66 -146 -40 54 -138 -12 64 -146 -11.42187 54 -138 14 54 -208 8 58 -208 14 54 -175.6094 8 58 -175.6094 14 54 -146 8 58 -146 14 54 -146 14 45.9375 -146 14 54 -175.6094 14 45.9375 -175.6094 14 54 -208 14 45.9375 -208 8 58 -208 -12 64 -208 8 58 -175.6094 -12 64 -175.6094 8 58 -146 -12 64 -146 -84 23.625 -144 -57.90625 23.625 -144 -84 34.01562 -144 -57.90625 34.01562 -144 -84 45.9375 -144 -57.90625 45.9375 -144 4 23.625 -144 8 23.625 -152.0469 4 34.01562 -144 8 34.01562 -152.0469 4 45.9375 -144 8 45.9375 -152.0469 8 23.625 -152.0469 8 23.625 -208 8 34.01562 -152.0469 8 34.01562 -208 8 45.9375 -152.0469 8 45.9375 -208 -22.09375 23.625 -144 4 23.625 -144 -22.09375 34.01562 -144 4 34.01562 -144 -22.09375 45.9375 -144 4 45.9375 -144 -68 64 -175.6094 -68 64 -146 -40 66 -175.6094 -40 66 -146 -12 64 -175.6094 -12 64 -146 -68 64 -208 -68 64 -175.6094 -40 66 -208 -40 66 -175.6094 -12 64 -208 -12 64 -175.6094 -88 23.625 -152.0469 -84 23.625 -144 -88 34.01562 -152.0469 -84 34.01562 -144 -88 45.9375 -152.0469 -84 45.9375 -144 -68.57813 54 -138 -68 64 -146 -88 54 -138 -88 58 -146 8 58 -146 -12 64 -146 8 54 -138 -11.42187 54 -138 8 5.703125 -152.0469 8 23.625 -152.0469 4 23.625 -144 4 5.703125 -144 8 5.703125 -208 8 23.625 -208 8 23.625 -152.0469 8 5.703125 -152.0469 4 5.703125 -144 4 23.625 -144 -22.09375 23.625 -144 -22.09375 5.703125 -144 8 2 -152.0469 8 5.703125 -152.0469 4 5.703125 -144 4 2 -144 -40 33.98437 -144 -22.09375 34.01562 -144 -22.09375 45.9375 -144 -40 45.9375 -144 8 2 -208 8 5.703125 -208 8 5.703125 -152.0469 8 2 -152.0469 4 2 -144 4 5.703125 -144 -22.09375 5.703125 -144 -22.09375 2 -144 -88 5.703125 -152.0469 -84 5.703125 -144 -84 23.625 -144 -88 23.625 -152.0469 -88 5.703125 -208 -88 5.703125 -152.0469 -88 23.625 -152.0469 -88 23.625 -208 -84 2 -144 -57.90625 2 -144 -57.90625 5.703125 -144 -84 5.703125 -144 -28.14062 5.703125 -140 -28.14062 5.703125 -136 -28.14062 36 -136 -28.14062 36 -140 -51.57812 5.703125 -140 -51.57812 5.703125 -136 -51.57812 2 -136 -51.57812 2 -140 -12 5.703125 -136 -28.14062 5.703125 -136 -28.14062 2 -136 -12 2 -136 -12 5.703125 -140 -12 5.703125 -136 -12 2 -136 -12 2 -140 -68 5.703125 -136 -68 5.703125 -140 -68 2 -140 -68 2 -136 -51.57812 5.703125 -136 -68 5.703125 -136 -68 2 -136 -51.57812 2 -136 -28.14062 2 -136 -28.14062 5.703125 -136 -28.14062 5.703125 -140 -28.14062 2 -140 -51.57812 36 -136 -51.57812 5.703125 -136 -51.57812 5.703125 -140 -51.57812 36 -140 -18 36 -136 -28.14062 36 -136 -28.14062 5.703125 -136 -12 5.703125 -136 -88 2 -152.0469 -84 2 -144 -84 5.703125 -144 -88 5.703125 -152.0469 -51.57812 36 -136 -62 40 -136 -68 5.703125 -136 -51.57812 5.703125 -136 -84 5.703125 -144 -57.90625 5.703125 -144 -57.90625 23.625 -144 -84 23.625 -144 -28.15625 2 -148 -28.15625 2 -136 -28.15625 33.98437 -136 -28.15625 33.98437 -148 -51.90625 2 -136 -28.15625 2 -136 -28.15625 2 -148 -51.90625 2 -148.0156 -51.90625 2 -148.0156 -51.90625 33.98437 -148 -51.90625 33.98437 -136 -51.90625 2 -136 -28.15625 2 -148 -28.15625 33.98437 -148 -51.90625 33.98437 -148 -51.90625 2 -148.0156 -88 2 -208 -88 2 -152.0469 -88 5.703125 -152.0469 -88 5.703125 -208 -40 33.98437 -144 -40 45.9375 -144 -57.90625 45.9375 -144 -57.90625 34.01562 -144 -88 45.9375 -138 -88 54 -138 -94 54 -146 -94 45.9375 -146 8 45.9375 -138 14 45.9375 -146 14 54 -146 8 54 -138 8 54 -138 14 54 -146 8 58 -146 -88 54 -138 -88 58 -146 -94 54 -146 39.95312 63.8125 15.92187 47.95312 63.8125 15.92187 39.95312 63.8125 -16.40625 47.95312 63.8125 -16.40625 39.95312 63.8125 -94.12501 47.95312 63.8125 -94.12501 39.95312 63.8125 -125.4219 47.95312 63.8125 -125.4219 39.95312 63.8125 -248 47.95312 63.8125 -256 15.54687 63.8125 -248 15.54687 63.8125 -256 -24 63.8125 -248 -24 63.8125 -256 -28.6875 63.8125 -248 -28.6875 63.8125 -256 -52.32812 63.8125 -248 -52.32812 63.8125 -256 -56.85937 63.8125 -248 -56.85937 63.8125 -256 -96.32813 63.8125 -248 -96.32813 63.8125 -256 -119.9531 63.8125 -248 -127.9531 63.8125 -256 -119.9531 63.8125 -125.4219 -127.9531 63.8125 -125.4219 -119.9531 63.8125 -94.12501 -127.9531 63.8125 -94.12501 -119.9531 63.8125 -16.40625 -127.9531 63.8125 -16.40625 -119.9531 63.8125 15.92187 -127.9531 63.8125 15.92187 24.39062 63.8125 160.0469 32.39062 63.8125 161.8906 24.39062 63.8125 144.4219 32.39062 63.8125 144.4219 24.39062 63.8125 96 32.39062 63.8125 104 46.4375 63.8125 96 46.4375 63.8125 104 106.1406 63.8125 96 106.1406 63.8125 104 113.2813 63.8125 96 113.8281 63.8125 104 141.25 63.8125 96 133.25 63.8125 104 141.25 63.8125 144.4219 133.25 63.8125 144.4219 141.25 63.8125 179.875 133.25 63.8125 179.875 143.1719 63.8125 190.9687 135.1719 63.8125 190.9687 144.1094 63.8125 201.8594 136.1094 63.8125 201.8594 149.1875 63.8125 285.3438 141.1875 63.8125 285.3438 32.39062 63.8125 104 40 0 104 46.4375 63.8125 104 46.4375 0 104 106.1406 63.8125 104 106.1406 0 104 113.8281 63.8125 104 113.8281 0 104 133.25 63.8125 104 120 0 104 133.25 63.8125 144.4219 120 0 144.4219 133.25 63.8125 179.875 120 0 179.875 135.1719 63.8125 190.9687 120 0 190.9687 136.1094 63.8125 201.8594 120 0 201.8594 141.1875 63.8125 285.3438 120 0 280 -72.8125 63.8125 15.92187 -80.8125 63.8125 15.92187 -72.8125 63.8125 104 -80.8125 63.8125 104 -72.8125 63.8125 144.4219 -80.8125 63.8125 144.4219 -72.8125 63.8125 184 -80.8125 63.8125 184 -73.1875 63.8125 190.9687 -81.1875 63.8125 190.9687 -73.39063 63.8125 201.8594 -81.39063 63.8125 201.8594 -74.375 63.8125 278.2812 -82.37501 63.8125 278.2812 -56.85937 0 -8 -72.8125 63.8125 15.92187 -56.85937 0 104 -72.8125 63.8125 104 -56.85937 0 144.4219 -72.8125 63.8125 144.4219 -56.85937 0 184 -72.8125 63.8125 184 -56.85937 0 190.9687 -73.1875 63.8125 190.9687 -56.85937 0 201.8594 -73.39063 63.8125 201.8594 -56.85937 0 280 -74.375 63.8125 278.2812 0 0 -248 15.54687 63.8125 -248 -24 0 -248 -24 63.8125 -248 -28.6875 0 -248 -28.6875 63.8125 -248 -48.32812 0 -248 -52.32812 63.8125 -248 -56.85937 0 -248 -56.85937 63.8125 -248 -80.42188 0 -248 -96.32813 63.8125 -248 -119.9531 63.8125 15.92187 -104 0 -8 -119.9531 63.8125 -16.40625 -104 0 -16.40625 -119.9531 63.8125 -94.12501 -104 0 -94.12501 -119.9531 63.8125 -125.4219 -104 0 -125.4219 -119.9531 63.8125 -248 -104 0 -248 -8.046875 63.8125 162.4687 -0.046875 63.8125 160.0469 -8.046875 63.8125 144.4219 -0.046875 63.8125 136.4219 -8.046875 63.8125 104 -0.046875 63.8125 104 -8.046875 63.8125 15.92187 -0.046875 63.8125 15.92187 39.95312 63.8125 15.92187 24 0 -8 15.54687 63.8125 15.92187 15.54687 0 -8 -8.046875 63.8125 15.92187 0 0 -8 -72.8125 63.8125 15.92187 -80.42188 0 -8 -96.32813 63.8125 15.92187 -96.32813 0 -8 -119.9531 63.8125 15.92187 -104 0 -8 39.95312 63.8125 -94.12501 24 0 -94.12501 39.95312 63.8125 -16.40625 24 0 -16.40625 39.95312 63.8125 15.92187 24 0 -8 32.39062 63.8125 161.8906 40 0 174.0625 32.39062 63.8125 144.4219 40 0 144.4219 32.39062 63.8125 104 40 0 104 33.10937 0 184 40 0 174.0625 32.39062 63.8125 161.8906 27.71875 63.8125 168.0469 -19.3125 0 184 -3.40625 63.8125 168.0469 -8.046875 63.8125 162.4687 -24 0 177.0469 -96.32813 0 -248 -96.32813 63.8125 -248 -119.9531 63.8125 -248 -104 0 -248 -3.40625 63.8125 168.0469 27.71875 63.8125 168.0469 24.39062 63.8125 160.0469 -0.046875 63.8125 160.0469 -24 0 144.4219 -8.046875 63.8125 144.4219 -8.046875 63.8125 104 -24 0 104 24 0 -125.4219 39.95312 63.8125 -125.4219 39.95312 63.8125 -248 24 0 -248 24 0 -94.12501 39.95312 63.8125 -94.12501 39.95312 63.8125 -125.4219 24 0 -125.4219 -8.046875 63.8125 104 -8.046875 63.8125 15.92187 -24 0 -8 -24 0 104 -8.046875 63.8125 162.4687 -8.046875 63.8125 144.4219 -24 0 144.4219 -24 0 177.0469 27.71875 63.8125 168.0469 -3.40625 63.8125 168.0469 -19.3125 0 184 33.10937 0 184 39.95312 63.8125 -248 15.54687 63.8125 -248 15.54687 0 -248 24 0 -248 -0.046875 63.8125 160.0469 -8.046875 63.8125 162.4687 -3.40625 63.8125 168.0469 15.54687 0 -248 15.54687 63.8125 -248 0 0 -248 24.39062 63.8125 160.0469 27.71875 63.8125 168.0469 32.39062 63.8125 161.8906 -80.42188 0 -8 -72.8125 63.8125 15.92187 -56.85937 0 -8 -80.42188 0 -248 -96.32813 63.8125 -248 -96.32813 0 -248 -8.046875 63.8125 15.92187 0 0 -8 -24 0 -8 -52.32812 0 -8 -56.85937 0 -8 -52.32812 0 104 -56.85937 0 104 -52.32812 0 144.4219 -56.85937 0 144.4219 -52.32812 0 184 -56.85937 0 184 -52.32812 0 190.9687 -56.85937 0 190.9687 -52.32812 0 201.8594 -56.85937 0 201.8594 -52.32812 0 280 -56.85937 0 280 113.8281 0 280 113.8281 0 201.8594 106.1406 0 280 106.1406 0 201.8594 46.4375 0 280 46.4375 0 201.8594 37.28125 0 280 37.28125 0 201.8594 -20.40625 0 280 -20.40625 0 201.8594 -28.6875 0 280 -28.6875 0 201.8594 -52.32812 0 280 -52.32812 0 201.8594 -52.32812 0 190.9687 -52.32812 0 201.8594 -28.6875 0 190.9687 -28.6875 0 201.8594 -20.40625 0 190.9687 -20.40625 0 201.8594 37.28125 0 190.9687 37.28125 0 201.8594 46.4375 0 190.9687 46.4375 0 201.8594 106.1406 0 190.9687 106.1406 0 201.8594 113.8281 0 190.9687 113.8281 0 201.8594 -80.42188 0 -94.12501 -80.42188 0 -16.40625 -56.85937 0 -94.12501 -56.85937 0 -16.40625 -52.32812 0 -94.12501 -52.32812 0 -16.40625 -28.6875 0 -94.12501 -28.6875 0 -16.40625 -24 0 -94.12501 -24 0 -16.40625 0 0 -94.12501 0 0 -16.40625 -24 0 -125.4219 -24 0 -248 -28.6875 0 -125.4219 -28.6875 0 -248 -52.32812 0 -125.4219 -48.32812 0 -248 -56.85937 0 -125.4219 -56.85937 0 -248 -80.42188 0 -125.4219 -80.42188 0 -248 -24 0 -94.12501 -24 0 -125.4219 -28.6875 0 -94.12501 -28.6875 0 -125.4219 -52.32812 0 -94.12501 -52.32812 0 -125.4219 -56.85937 0 -94.12501 -56.85937 0 -125.4219 -80.42188 0 -94.12501 -80.42188 0 -125.4219 113.8281 0 280 120 0 280 113.8281 0 201.8594 120 0 201.8594 113.8281 0 190.9687 120 0 190.9687 113.8281 0 179.875 120 0 179.875 15.54687 0 -8 24 0 -8 15.54687 0 -16.40625 24 0 -16.40625 15.54687 0 -94.12501 24 0 -94.12501 15.54687 0 -125.4219 24 0 -125.4219 46.4375 0 104 46.4375 0 144.4219 106.1406 0 104 106.1406 0 144.4219 113.8281 0 104 113.8281 0 144.4219 120 0 104 120 0 144.4219 -52.32812 0 184 -28.6875 0 184 -52.32812 0 144.4219 -28.6875 0 144.4219 -52.32812 0 104 -28.6875 0 104 -52.32812 0 -8 -28.6875 0 -8 -104 0 -16.40625 -104 0 -8 -96.32813 0 -16.40625 -96.32813 0 -8 -80.42188 0 -16.40625 -80.42188 0 -8 -56.85937 0 -16.40625 -56.85937 0 -8 15.54687 0 -8 15.54687 0 -16.40625 0 0 -8 0 0 -16.40625 -24 0 -8 -24 0 -16.40625 15.54687 0 -94.12501 15.54687 0 -125.4219 0 0 -94.12501 0 0 -125.4219 -24 0 -94.12501 -24 0 -125.4219 -80.42188 0 -125.4219 -80.42188 0 -248 -96.32813 0 -125.4219 -96.32813 0 -248 -104 0 -125.4219 -104 0 -248 0 0 -248 0 0 -125.4219 15.54687 0 -248 15.54687 0 -125.4219 24 0 -248 24 0 -125.4219 46.4375 0 144.4219 40 0 144.4219 46.4375 0 179.875 40 0 174.0625 37.28125 0 190.9687 33.10937 0 184 -28.6875 0 184 -24 0 177.0469 -28.6875 0 144.4219 -24 0 144.4219 -28.6875 0 104 -24 0 104 113.8281 0 179.875 113.8281 0 144.4219 106.1406 0 179.875 106.1406 0 144.4219 46.4375 0 179.875 46.4375 0 144.4219 46.4375 0 179.875 46.4375 0 190.9687 106.1406 0 179.875 106.1406 0 190.9687 113.8281 0 179.875 113.8281 0 190.9687 -52.32812 0 -8 -53.71875 0 -13.39062 -56.85937 0 -8 -56.85937 0 -16.40625 -28.6875 0 -8 -27.53125 0 -13.48437 -28.6875 0 -16.40625 -24 0 -16.40625 -28.6875 0 -8 -24 0 -8 -27.53125 0 -13.48437 -24 0 -16.40625 -52.32812 0 -8 -52.32812 0 -16.40625 -53.71875 0 -13.39062 -56.85937 0 -16.40625 40 0 144.4219 46.4375 0 144.4219 46.4375 0 104 40 0 104 -104 0 -94.12501 -96.32813 0 -94.12501 -96.32813 0 -125.4219 -104 0 -125.4219 15.54687 0 -16.40625 15.54687 0 -94.12501 0 0 -94.12501 0 0 -16.40625 120 0 179.875 120 0 144.4219 113.8281 0 144.4219 113.8281 0 179.875 33.10937 0 184 -19.3125 0 184 -20.40625 0 190.9687 37.28125 0 190.9687 0 0 -248 -24 0 -248 -24 0 -125.4219 0 0 -125.4219 -96.32813 0 -94.12501 -96.32813 0 -16.40625 -80.42188 0 -16.40625 -80.42188 0 -94.12501 -96.32813 0 -125.4219 -96.32813 0 -94.12501 -80.42188 0 -94.12501 -80.42188 0 -125.4219 -104 0 -16.40625 -96.32813 0 -16.40625 -96.32813 0 -94.12501 -104 0 -94.12501 -52.32812 0 184 -52.32812 0 190.9687 -28.6875 0 190.9687 -28.6875 0 184 -28.6875 0 -8 -28.6875 0 104 -24 0 104 -24 0 -8 -28.6875 0 184 -20.40625 0 190.9687 -19.3125 0 184 -24 0 177.0469 -28.6875 0 -8 -28.6875 0 -16.40625 -52.32812 0 -16.40625 -52.32812 0 -8 -28.6875 0 184 -28.6875 0 190.9687 -20.40625 0 190.9687 37.28125 0 190.9687 46.4375 0 190.9687 46.4375 0 179.875 154.5625 80 400 154.5625 80 269.3125 96.1875 80 400 96.1875 80 259.4219 55.35937 80 400 55.35937 80 256.2656 22.54688 80 400 22.54688 80 259.5469 5.84375 80 400 5.84375 80 265.3438 -19.5625 80 400 -19.5625 80 271.6094 -55.8125 80 400 -55.8125 80 272.5938 -89.85938 80 400 -88.85938 80 264 -111.7813 80 400 -111.7813 80 264 -130.375 80 400 -130.375 80 264 -144 80 400 -144 80 264 -168.4062 96 400 -168.4062 96 264 -288 88 400 -288 88 264 -168.4062 144 -328 -288 136 -328 -168.4062 144 -271.8281 -288 136 -271.8281 -168.4062 144 -256 -288 136 -256 -168.4062 144 -125.4219 -288 136 -125.4219 -168.4062 144 -94.12501 -288 136 -94.12501 -168.4062 144 40 -288 136 40 -168.4062 144 56.42187 -288 136 56.42187 -168.4062 144 104 -288 136 104 -168.4062 144 144.4219 -288 136 144.4219 -168.4062 144 184 -288 136 184 -168.4062 96 264 -288 88 264 -144 128 -256 -168.4062 144 -256 -144 128 -125.4219 -168.4062 144 -125.4219 -144 128 -94.12501 -168.4062 144 -94.12501 -144 128 40 -168.4062 144 40 -144 128 56.42187 -168.4062 144 56.42187 -144 128 104 -168.4062 144 104 -144 128 144.4219 -168.4062 144 144.4219 -144 128 184 -168.4062 144 184 -144 80 264 -168.4062 96 264 -168.4062 144 -328 -168.4062 144 -271.8281 -144 144 -328 -144 144 -271.8281 -56.85937 144 -328 -56.85937 144 -271.8281 -24 144 -328 -24 144 -271.8281 64 144 -328 64 144 -271.8281 88 142 -328 88 142 -271.8281 154.5625 142 -328 154.5625 142 -271.8281 256 130 -328 256 130 -271.8281 19.03125 100.875 56.42187 19.125 102.8125 74.5625 31.89062 122.5781 56.42187 31.89062 121.4844 74.28125 44.46875 134.0937 56.42187 44.46875 133.2969 74.01563 64.25 140 56.42187 64.6875 140.5469 73.01563 88.37501 141.4844 56.42187 89.04688 141.1094 73.01563 154.5625 141.4844 56.42187 154.5625 141.1094 73.01563 256 129.4844 56.42187 256 128.5625 73.01563 11.23437 95.26563 40 4.078125 90.6875 40 10.70312 103.5313 56.42187 5.015625 95.78125 56.42187 10.70312 103.0625 73.67188 5.015625 95.92188 73.01563 10.70312 103.0625 88 5.015625 96.17188 88 10.70312 103.0625 139.9375 5.015625 96.17188 139.9375 12.64062 91.35938 146.4062 7.8125 90.90625 146.4062 -130.375 80 264 -111.7813 80 264 -130.375 133.4531 184 -111.7813 134.8906 184 -130.375 133.4531 144.4219 -111.7813 134.8906 144.4219 -130.375 133.4531 104 -111.7813 134.8906 104 -130.375 133.4531 56.42187 -111.7813 134.8906 56.42187 -130.375 133.4531 40 -111.7813 134.8906 40 -130.375 133.4531 40 -144 128 40 -130.375 133.4531 56.42187 -144 128 56.42187 -130.375 133.4531 104 -144 128 104 -130.375 133.4531 144.4219 -144 128 144.4219 -130.375 133.4531 184 -144 128 184 -130.375 80 264 -144 80 264 12.64062 91.35938 146.4062 19 94.28125 146.4062 10.70312 103.0625 139.9375 19 102.2813 139.9375 10.70312 103.0625 88 19 102.2813 88 10.70312 103.0625 73.67188 19.125 102.8125 74.5625 10.70312 103.5313 56.42187 19.03125 100.875 56.42187 44.46875 123.2656 40 44.46875 134.0937 56.42187 64 128 40 64.25 140 56.42187 88 142 40 88.37501 141.4844 56.42187 154.5625 142 40 154.5625 141.4844 56.42187 256 130 40 256 129.4844 56.42187 256 128 88 154.5625 128 88 256 128 144.4219 154.5625 128 144.4219 256 128 184 154.5625 128 184 256 80 264 154.5625 80 269.3125 256 80 400 154.5625 80 400 -96.85938 128 40 -111.7813 134.8906 40 -96.85938 128 56.42187 -111.7813 134.8906 56.42187 -96.85938 128 104 -111.7813 134.8906 104 -96.85938 128 144.4219 -111.7813 134.8906 144.4219 -96.85938 128 184 -111.7813 134.8906 184 154.5625 142 -271.8281 88 142 -271.8281 154.5625 142 -256 88 142 -256 154.5625 142 -125.4219 88 142 -125.4219 154.5625 142 -94.12501 88 142 -94.12501 154.5625 142 40 88 142 40 256 130 -271.8281 154.5625 142 -271.8281 256 130 -256 154.5625 142 -256 256 130 -125.4219 154.5625 142 -125.4219 256 130 -94.12501 154.5625 142 -94.12501 256 130 40 154.5625 142 40 3.109375 90.6875 144 5.015625 96.17188 139.9375 3.203125 90.6875 88 5.015625 96.17188 88 3.203125 89.82813 73.01563 5.015625 95.92188 73.01563 3.203125 90.29688 56.42187 5.015625 95.78125 56.42187 64.6875 140.5469 73.01563 64.95313 128 88 89.04688 141.1094 73.01563 89.45313 128 88 154.5625 141.1094 73.01563 154.5625 128 88 256 128.5625 73.01563 256 128 88 64 128 -256 64 144 -271.8281 -24 128 -256 -24 144 -271.8281 -56.85937 128 -256 -56.85937 144 -271.8281 -144 128 -256 -144 144 -271.8281 88 142 -256 64 128 -256 88 142 -125.4219 64 128 -125.4219 88 142 -94.12501 64 128 -94.12501 88 142 40 64 128 40 19.98438 91.46875 40 11.23437 95.26563 40 19.98438 91.46875 40 10.70312 103.5313 56.42187 19.03125 100.875 56.42187 44.46875 134.0937 56.42187 44.46875 123.2656 40 31.89062 122.5781 56.42187 19.98438 91.46875 40 19.03125 100.875 56.42187 64.6875 140.5469 73.01563 44.46875 133.2969 74.01563 64.95313 128 88 37.60937 114.5781 88 -96.85938 128 184 -111.7813 134.8906 184 -88.85938 80 264 -111.7813 80 264 19 102.2813 88 20.75 96 88 19.125 102.8125 74.5625 31.89062 121.4844 74.28125 64 128 -256 88 142 -256 64 144 -271.8281 88 142 -271.8281 -144 128 -256 -144 144 -271.8281 -168.4062 144 -256 -168.4062 144 -271.8281 20.75 96 88 37.60937 114.5781 88 31.89062 121.4844 74.28125 44.46875 133.2969 74.01563 20.75 96 88 19 102.2813 88 19 102.2813 139.9375 20.75 96 144 20.75 96 144 19 102.2813 139.9375 19 94.28125 146.4062 3.203125 90.29688 56.42187 5.015625 95.78125 56.42187 4.078125 90.6875 40 7.8125 90.90625 146.4062 5.015625 96.17188 139.9375 3.109375 90.6875 144 -70.57813 22.39062 -49.70312 -73.34375 22.39062 -56.375 -73.34375 27.39062 -56.375 -70.57813 28.14062 -49.70312 -73.34375 22.39062 -43.04687 -70.57813 22.39062 -49.70312 -70.57813 28.14062 -49.70312 -73.34375 27.39062 -43.04687 -80 22.39062 -40.29687 -73.34375 22.39062 -43.04687 -73.34375 27.39062 -43.04687 -80 27.17188 -40.29687 -86.65625 22.39062 -43.04687 -80 22.39062 -40.29687 -80 27.17188 -40.29687 -86.65625 27.39062 -43.04687 -89.42188 22.39062 -49.70312 -86.65625 22.39062 -43.04687 -86.65625 27.39062 -43.04687 -89.42188 28.39062 -49.70312 -86.65625 22.39062 -56.375 -89.42188 22.39062 -49.70312 -89.42188 28.39062 -49.70312 -86.65625 28.39062 -56.375 -80 22.39062 -59.125 -86.65625 22.39062 -56.375 -86.65625 28.39062 -56.375 -80 27.39062 -59.125 -73.34375 22.39062 -56.375 -80 22.39062 -59.125 -80 27.39062 -59.125 -73.34375 27.39062 -56.375 -70.57813 9.453125 -49.70312 -73.34375 9.453125 -56.375 -73.34375 22.39062 -56.375 -70.57813 22.39062 -49.70312 -73.34375 9.453125 -43.04687 -70.57813 9.453125 -49.70312 -70.57813 22.39062 -49.70312 -73.34375 22.39062 -43.04687 -80 9.453125 -40.29687 -73.34375 9.453125 -43.04687 -73.34375 22.39062 -43.04687 -80 22.39062 -40.29687 -86.65625 9.453125 -43.04687 -80 9.453125 -40.29687 -80 22.39062 -40.29687 -86.65625 22.39062 -43.04687 -89.42188 9.453125 -49.70312 -86.65625 9.453125 -43.04687 -86.65625 22.39062 -43.04687 -89.42188 22.39062 -49.70312 -86.65625 9.453125 -56.375 -89.42188 9.453125 -49.70312 -89.42188 22.39062 -49.70312 -86.65625 22.39062 -56.375 -80 9.453125 -59.125 -86.65625 9.453125 -56.375 -86.65625 22.39062 -56.375 -80 22.39062 -59.125 -73.34375 9.453125 -56.375 -80 9.453125 -59.125 -80 22.39062 -59.125 -73.34375 22.39062 -56.375 -67.78125 9.453125 -49.70312 -71.35938 9.453125 -58.35937 -73.34375 9.453125 -56.375 -70.57813 9.453125 -49.70312 -71.35938 9.453125 -41.0625 -67.78125 9.453125 -49.70312 -70.57813 9.453125 -49.70312 -73.34375 9.453125 -43.04687 -80 9.453125 -37.48437 -71.35938 9.453125 -41.0625 -73.34375 9.453125 -43.04687 -80 9.453125 -40.29687 -88.64063 9.453125 -41.0625 -80 9.453125 -37.48437 -80 9.453125 -40.29687 -86.65625 9.453125 -43.04687 -92.21875 9.453125 -49.70312 -88.64063 9.453125 -41.0625 -86.65625 9.453125 -43.04687 -89.42188 9.453125 -49.70312 -88.64063 9.453125 -58.35937 -92.21875 9.453125 -49.70312 -89.42188 9.453125 -49.70312 -86.65625 9.453125 -56.375 -80 9.453125 -61.9375 -88.64063 9.453125 -58.35937 -86.65625 9.453125 -56.375 -80 9.453125 -59.125 -71.35938 9.453125 -58.35937 -80 9.453125 -61.9375 -80 9.453125 -59.125 -73.34375 9.453125 -56.375 -67.78125 1.3125 -49.70312 -71.35938 1.3125 -58.35937 -71.35938 9.453125 -58.35937 -67.78125 9.453125 -49.70312 -71.35938 1.3125 -41.0625 -67.78125 1.3125 -49.70312 -67.78125 9.453125 -49.70312 -71.35938 9.453125 -41.0625 -80 1.3125 -37.48437 -71.35938 1.3125 -41.0625 -71.35938 9.453125 -41.0625 -80 9.453125 -37.48437 -88.64063 1.3125 -41.0625 -80 1.3125 -37.48437 -80 9.453125 -37.48437 -88.64063 9.453125 -41.0625 -92.21875 1.3125 -49.70312 -88.64063 1.3125 -41.0625 -88.64063 9.453125 -41.0625 -92.21875 9.453125 -49.70312 -88.64063 1.3125 -58.35937 -92.21875 1.3125 -49.70312 -92.21875 9.453125 -49.70312 -88.64063 9.453125 -58.35937 -80 1.3125 -61.9375 -88.64063 1.3125 -58.35937 -88.64063 9.453125 -58.35937 -80 9.453125 -61.9375 -71.35938 1.3125 -58.35937 -80 1.3125 -61.9375 -80 9.453125 -61.9375 -71.35938 9.453125 -58.35937 -70.57813 22.39062 -97.70313 -73.34375 22.39062 -104.375 -73.34375 27.39062 -104.375 -70.57813 28.14062 -97.70313 -73.34375 22.39062 -91.04688 -70.57813 22.39062 -97.70313 -70.57813 28.14062 -97.70313 -73.34375 27.39062 -91.04688 -80 22.39062 -88.29688 -73.34375 22.39062 -91.04688 -73.34375 27.39062 -91.04688 -80 27.17188 -88.29688 -86.65625 22.39062 -91.04688 -80 22.39062 -88.29688 -80 27.17188 -88.29688 -86.65625 27.39062 -91.04688 -89.42188 22.39062 -97.70313 -86.65625 22.39062 -91.04688 -86.65625 27.39062 -91.04688 -89.42188 28.39062 -97.70313 -86.65625 22.39062 -104.375 -89.42188 22.39062 -97.70313 -89.42188 28.39062 -97.70313 -86.65625 28.39062 -104.375 -80 22.39062 -107.125 -86.65625 22.39062 -104.375 -86.65625 28.39062 -104.375 -80 27.39062 -107.125 -73.34375 22.39062 -104.375 -80 22.39062 -107.125 -80 27.39062 -107.125 -73.34375 27.39062 -104.375 -70.57813 9.453125 -97.70313 -73.34375 9.453125 -104.375 -73.34375 22.39062 -104.375 -70.57813 22.39062 -97.70313 -73.34375 9.453125 -91.04688 -70.57813 9.453125 -97.70313 -70.57813 22.39062 -97.70313 -73.34375 22.39062 -91.04688 -80 9.453125 -88.29688 -73.34375 9.453125 -91.04688 -73.34375 22.39062 -91.04688 -80 22.39062 -88.29688 -86.65625 9.453125 -91.04688 -80 9.453125 -88.29688 -80 22.39062 -88.29688 -86.65625 22.39062 -91.04688 -89.42188 9.453125 -97.70313 -86.65625 9.453125 -91.04688 -86.65625 22.39062 -91.04688 -89.42188 22.39062 -97.70313 -86.65625 9.453125 -104.375 -89.42188 9.453125 -97.70313 -89.42188 22.39062 -97.70313 -86.65625 22.39062 -104.375 -80 9.453125 -107.125 -86.65625 9.453125 -104.375 -86.65625 22.39062 -104.375 -80 22.39062 -107.125 -73.34375 9.453125 -104.375 -80 9.453125 -107.125 -80 22.39062 -107.125 -73.34375 22.39062 -104.375 -67.78125 9.453125 -97.70313 -71.35938 9.453125 -106.3594 -73.34375 9.453125 -104.375 -70.57813 9.453125 -97.70313 -71.35938 9.453125 -89.0625 -67.78125 9.453125 -97.70313 -70.57813 9.453125 -97.70313 -73.34375 9.453125 -91.04688 -80 9.453125 -85.48438 -71.35938 9.453125 -89.0625 -73.34375 9.453125 -91.04688 -80 9.453125 -88.29688 -88.64063 9.453125 -89.0625 -80 9.453125 -85.48438 -80 9.453125 -88.29688 -86.65625 9.453125 -91.04688 -92.21875 9.453125 -97.70313 -88.64063 9.453125 -89.0625 -86.65625 9.453125 -91.04688 -89.42188 9.453125 -97.70313 -88.64063 9.453125 -106.3594 -92.21875 9.453125 -97.70313 -89.42188 9.453125 -97.70313 -86.65625 9.453125 -104.375 -80 9.453125 -109.9375 -88.64063 9.453125 -106.3594 -86.65625 9.453125 -104.375 -80 9.453125 -107.125 -71.35938 9.453125 -106.3594 -80 9.453125 -109.9375 -80 9.453125 -107.125 -73.34375 9.453125 -104.375 -67.78125 1.3125 -97.70313 -71.35938 1.3125 -106.3594 -71.35938 9.453125 -106.3594 -67.78125 9.453125 -97.70313 -71.35938 1.3125 -89.0625 -67.78125 1.3125 -97.70313 -67.78125 9.453125 -97.70313 -71.35938 9.453125 -89.0625 -80 1.3125 -85.48438 -71.35938 1.3125 -89.0625 -71.35938 9.453125 -89.0625 -80 9.453125 -85.48438 -88.64063 1.3125 -89.0625 -80 1.3125 -85.48438 -80 9.453125 -85.48438 -88.64063 9.453125 -89.0625 -92.21875 1.3125 -97.70313 -88.64063 1.3125 -89.0625 -88.64063 9.453125 -89.0625 -92.21875 9.453125 -97.70313 -88.64063 1.3125 -106.3594 -92.21875 1.3125 -97.70313 -92.21875 9.453125 -97.70313 -88.64063 9.453125 -106.3594 -80 1.3125 -109.9375 -88.64063 1.3125 -106.3594 -88.64063 9.453125 -106.3594 -80 9.453125 -109.9375 -71.35938 1.3125 -106.3594 -80 1.3125 -109.9375 -80 9.453125 -109.9375 -71.35938 9.453125 -106.3594 9.421875 22.39062 -49.70312 6.65625 22.39062 -56.375 6.65625 27.39062 -56.375 9.421875 28.14062 -49.70312 6.65625 22.39062 -43.04687 9.421875 22.39062 -49.70312 9.421875 28.14062 -49.70312 6.65625 27.39062 -43.04687 0 22.39062 -40.29687 6.65625 22.39062 -43.04687 6.65625 27.39062 -43.04687 0 27.09375 -40.29687 -6.65625 22.39062 -43.04687 0 22.39062 -40.29687 0 27.09375 -40.29687 -6.65625 27.39062 -43.04687 -9.421875 22.39062 -49.70312 -6.65625 22.39062 -43.04687 -6.65625 27.39062 -43.04687 -9.421875 28.39062 -49.70312 -6.65625 22.39062 -56.375 -9.421875 22.39062 -49.70312 -9.421875 28.39062 -49.70312 -6.65625 28.39062 -56.375 0 22.39062 -59.125 -6.65625 22.39062 -56.375 -6.65625 28.39062 -56.375 0 27.39062 -59.125 6.65625 22.39062 -56.375 0 22.39062 -59.125 0 27.39062 -59.125 6.65625 27.39062 -56.375 9.421875 9.453125 -49.70312 6.65625 9.453125 -56.375 6.65625 22.39062 -56.375 9.421875 22.39062 -49.70312 6.65625 9.453125 -43.04687 9.421875 9.453125 -49.70312 9.421875 22.39062 -49.70312 6.65625 22.39062 -43.04687 0 9.453125 -40.29687 6.65625 9.453125 -43.04687 6.65625 22.39062 -43.04687 0 22.39062 -40.29687 -6.65625 9.453125 -43.04687 0 9.453125 -40.29687 0 22.39062 -40.29687 -6.65625 22.39062 -43.04687 -9.421875 9.453125 -49.70312 -6.65625 9.453125 -43.04687 -6.65625 22.39062 -43.04687 -9.421875 22.39062 -49.70312 -6.65625 9.453125 -56.375 -9.421875 9.453125 -49.70312 -9.421875 22.39062 -49.70312 -6.65625 22.39062 -56.375 0 9.453125 -59.125 -6.65625 9.453125 -56.375 -6.65625 22.39062 -56.375 0 22.39062 -59.125 6.65625 9.453125 -56.375 0 9.453125 -59.125 0 22.39062 -59.125 6.65625 22.39062 -56.375 12.21875 9.453125 -49.70312 8.640625 9.453125 -58.35937 6.65625 9.453125 -56.375 9.421875 9.453125 -49.70312 8.640625 9.453125 -41.0625 12.21875 9.453125 -49.70312 9.421875 9.453125 -49.70312 6.65625 9.453125 -43.04687 0 9.453125 -37.48437 8.640625 9.453125 -41.0625 6.65625 9.453125 -43.04687 0 9.453125 -40.29687 -8.640625 9.453125 -41.0625 0 9.453125 -37.48437 0 9.453125 -40.29687 -6.65625 9.453125 -43.04687 -12.21875 9.453125 -49.70312 -8.640625 9.453125 -41.0625 -6.65625 9.453125 -43.04687 -9.421875 9.453125 -49.70312 -8.640625 9.453125 -58.35937 -12.21875 9.453125 -49.70312 -9.421875 9.453125 -49.70312 -6.65625 9.453125 -56.375 0 9.453125 -61.9375 -8.640625 9.453125 -58.35937 -6.65625 9.453125 -56.375 0 9.453125 -59.125 8.640625 9.453125 -58.35937 0 9.453125 -61.9375 0 9.453125 -59.125 6.65625 9.453125 -56.375 12.21875 1.3125 -49.70312 8.640625 1.3125 -58.35937 8.640625 9.453125 -58.35937 12.21875 9.453125 -49.70312 8.640625 1.3125 -41.0625 12.21875 1.3125 -49.70312 12.21875 9.453125 -49.70312 8.640625 9.453125 -41.0625 0 1.3125 -37.48437 8.640625 1.3125 -41.0625 8.640625 9.453125 -41.0625 0 9.453125 -37.48437 -8.640625 1.3125 -41.0625 0 1.3125 -37.48437 0 9.453125 -37.48437 -8.640625 9.453125 -41.0625 -12.21875 1.3125 -49.70312 -8.640625 1.3125 -41.0625 -8.640625 9.453125 -41.0625 -12.21875 9.453125 -49.70312 -8.640625 1.3125 -58.35937 -12.21875 1.3125 -49.70312 -12.21875 9.453125 -49.70312 -8.640625 9.453125 -58.35937 0 1.3125 -61.9375 -8.640625 1.3125 -58.35937 -8.640625 9.453125 -58.35937 0 9.453125 -61.9375 8.640625 1.3125 -58.35937 0 1.3125 -61.9375 0 9.453125 -61.9375 8.640625 9.453125 -58.35937 -9.421875 22.39062 -97.70313 -9.421875 47.46875 -97.70313 -6.65625 43.39062 -104.375 -6.65625 22.39062 -104.375 -6.65625 22.39062 -91.04688 -6.65625 43.39062 -91.04688 -9.421875 47.46875 -97.70313 -9.421875 22.39062 -97.70313 0 22.39062 -88.29688 0 41.35937 -88.29688 -6.65625 43.39062 -91.04688 -6.65625 22.39062 -91.04688 6.65625 22.39062 -91.04688 6.65625 43.39062 -91.04688 0 41.35937 -88.29688 0 22.39062 -88.29688 9.421875 22.39062 -97.70313 9.421875 44.39062 -97.70313 6.65625 43.39062 -91.04688 6.65625 22.39062 -91.04688 6.65625 22.39062 -104.375 6.65625 44.39062 -104.375 9.421875 44.39062 -97.70313 9.421875 22.39062 -97.70313 0 22.39062 -107.125 0 43.39062 -107.125 6.65625 44.39062 -104.375 6.65625 22.39062 -104.375 -6.65625 22.39062 -104.375 -6.65625 43.39062 -104.375 0 43.39062 -107.125 0 22.39062 -107.125 -9.421875 9.453125 -97.70313 -9.421875 22.39062 -97.70313 -6.65625 22.39062 -104.375 -6.65625 9.453125 -104.375 -6.65625 9.453125 -91.04688 -6.65625 22.39062 -91.04688 -9.421875 22.39062 -97.70313 -9.421875 9.453125 -97.70313 0 9.453125 -88.29688 0 22.39062 -88.29688 -6.65625 22.39062 -91.04688 -6.65625 9.453125 -91.04688 6.65625 9.453125 -91.04688 6.65625 22.39062 -91.04688 0 22.39062 -88.29688 0 9.453125 -88.29688 9.421875 9.453125 -97.70313 9.421875 22.39062 -97.70313 6.65625 22.39062 -91.04688 6.65625 9.453125 -91.04688 6.65625 9.453125 -104.375 6.65625 22.39062 -104.375 9.421875 22.39062 -97.70313 9.421875 9.453125 -97.70313 0 9.453125 -107.125 0 22.39062 -107.125 6.65625 22.39062 -104.375 6.65625 9.453125 -104.375 -6.65625 9.453125 -104.375 -6.65625 22.39062 -104.375 0 22.39062 -107.125 0 9.453125 -107.125 -12.21875 9.453125 -97.70313 -9.421875 9.453125 -97.70313 -6.65625 9.453125 -104.375 -8.640625 9.453125 -106.3594 -8.640625 9.453125 -89.0625 -6.65625 9.453125 -91.04688 -9.421875 9.453125 -97.70313 -12.21875 9.453125 -97.70313 0 9.453125 -85.48438 0 9.453125 -88.29688 -6.65625 9.453125 -91.04688 -8.640625 9.453125 -89.0625 8.640625 9.453125 -89.0625 6.65625 9.453125 -91.04688 0 9.453125 -88.29688 0 9.453125 -85.48438 12.21875 9.453125 -97.70313 9.421875 9.453125 -97.70313 6.65625 9.453125 -91.04688 8.640625 9.453125 -89.0625 8.640625 9.453125 -106.3594 6.65625 9.453125 -104.375 9.421875 9.453125 -97.70313 12.21875 9.453125 -97.70313 0 9.453125 -109.9375 0 9.453125 -107.125 6.65625 9.453125 -104.375 8.640625 9.453125 -106.3594 -8.640625 9.453125 -106.3594 -6.65625 9.453125 -104.375 0 9.453125 -107.125 0 9.453125 -109.9375 -12.21875 1.3125 -97.70313 -12.21875 9.453125 -97.70313 -8.640625 9.453125 -106.3594 -8.640625 1.3125 -106.3594 -8.640625 1.3125 -89.0625 -8.640625 9.453125 -89.0625 -12.21875 9.453125 -97.70313 -12.21875 1.3125 -97.70313 0 1.3125 -85.48438 0 9.453125 -85.48438 -8.640625 9.453125 -89.0625 -8.640625 1.3125 -89.0625 8.640625 1.3125 -89.0625 8.640625 9.453125 -89.0625 0 9.453125 -85.48438 0 1.3125 -85.48438 12.21875 1.3125 -97.70313 12.21875 9.453125 -97.70313 8.640625 9.453125 -89.0625 8.640625 1.3125 -89.0625 8.640625 1.3125 -106.3594 8.640625 9.453125 -106.3594 12.21875 9.453125 -97.70313 12.21875 1.3125 -97.70313 0 1.3125 -109.9375 0 9.453125 -109.9375 8.640625 9.453125 -106.3594 8.640625 1.3125 -106.3594 -8.640625 1.3125 -106.3594 -8.640625 9.453125 -106.3594 0 9.453125 -109.9375 0 1.3125 -109.9375</float_array>
          <technique_common>
            <accessor source="#m_dun5101_00_00c-mesh-positions-array" count="2257" stride="3">
              <param name="X" type="float"/>
              <param name="Y" type="float"/>
              <param name="Z" type="float"/>
            </accessor>
          </technique_common>
        </source>
        <source id="m_dun5101_00_00c-mesh-normals">
          <float_array id="m_dun5101_00_00c-mesh-normals-array" count="3486">0 1 0 3.19406e-5 1 3.26016e-5 3.13892e-4 0.9999985 0.001709401 1.5452e-4 1 -7.7486e-5 -1.50529e-5 0.9999996 9.65625e-4 -1.95728e-5 0.9999984 0.001795351 -8.78118e-5 1 -1.65492e-4 -2.52786e-4 1 -2.5478e-4 -7.21998e-5 1 4.59105e-5 -0.00135672 0.9999992 8.57115e-5 -7.07805e-6 1 1.33573e-4 7.98777e-4 0.9999994 8.19638e-4 -0.001583218 0.9999987 3.08469e-4 -2.89008e-5 0.9999999 4.72963e-4 -1.1278e-5 1 1.12325e-4 2.94223e-5 1 1.19898e-4 4.03842e-4 1 -3.1513e-4 9.66527e-6 1 2.0695e-7 9.6662e-6 1 0 9.66594e-6 1 1.60886e-7 9.66527e-6 1 2.0695e-7 9.66527e-6 1 0 9.66879e-6 1 1.60886e-7 9.50992e-5 1 1.00707e-5 9.50992e-5 1 0 9.52063e-5 1 2.57976e-5 -5.02191e-5 1 4.6224e-7 0 1 0 2.71499e-5 1 -4.50585e-7 9.5129e-5 1 1.00707e-5 9.50694e-5 1 0 9.52352e-5 1 2.58051e-5 0 0 1 0.9734776 -1.09134e-5 0.2287828 0.8952118 0 0.4456409 0.9734775 1.09652e-5 0.2287828 1 0 0 0.9735113 1.09223e-5 0.228639 -0.8952118 0 0.4456409 -0.9734776 -1.09652e-5 0.2287828 -0.9734775 1.09134e-5 0.2287828 -0.9735113 1.09741e-5 0.228639 -1 0 0 0.2946943 0.0471518 0.9544277 -0.622949 0.3337719 0.7074821 -0.4033697 0.3653596 0.8389311 0.2708941 -0.0972017 0.9576891 -0.692485 0.3046405 0.6539563 -0.007117211 0.99997 -0.003072082 -0.003136992 0.9999946 -9.40867e-4 0.005655288 0.9999429 -0.009076833 -0.006965398 0.9996522 -0.02543497 0.004081189 0.9999914 -9.12696e-4 -0.01988172 0.9997326 -0.01181286 0.003053307 0.9999899 -0.00334239 0.009407281 0.9999536 0.002100884 -0.03246319 0.9994392 -0.008221983 -3.28705e-4 1 2.29441e-4 -2.83651e-4 1 2.62909e-4 -3.06051e-5 1 -1.14463e-4 -0.007723569 0.9999532 -0.005829691 0.03429114 0.9993872 -0.007029235 -0.06222283 0.9978901 0.01853954 0.1111741 0.993478 -0.0253331 -0.02850872 0.999424 0.01840627 -0.09024202 0.9954919 0.02919751 -0.007768988 0.9999523 -0.005931735 0.03501588 0.9993593 -0.00740385 -0.06348556 0.9977958 0.01931929 0.1119499 0.9933658 -0.02630412 -0.02931267 0.9993875 0.01911556 -0.09033161 0.9954653 0.02981936 -0.01047486 0.9997689 -0.01877242 -0.003371179 0.9998763 -0.01536345 0.09422969 0.9887163 0.1164512 0.08194446 -0.7186362 0.6905412 -0.0519154 -0.5922724 0.8040637 0.0853011 -0.8068831 0.5845199 -0.5667433 0.7561643 0.3271357 0.3730096 0.8724615 -0.3157133 0.514639 0.8433657 0.1545348 -0.5686076 0.7662367 0.2992771 0.4764935 0.5120645 0.7146635 -0.3093084 0.7543519 0.5790351 -0.01506352 0.9998749 -0.004837512 0.005870044 0.9992792 -0.03750866 -0.02419573 0.9963707 0.08160901 0.04430168 0.9955666 0.08297348 0.02059102 0.9997867 -0.001623272 -0.1430352 0.9652099 -0.2188858 1.14065e-4 1 1.08555e-5 5.57899e-5 1 8.08313e-5 4.93349e-5 1 8.85725e-5 -1.93319e-5 1 -7.46734e-6 -3.31327e-5 1 2.12491e-5 -1.20401e-5 1 -2.25008e-5 -0.04697793 -0.6194595 0.7836219 -0.04697799 -0.6194596 0.7836217 -0.17181 -0.5954217 0.7848275 2.07443e-5 1 -6.90436e-6 4.1157e-5 1 -4.64916e-6 -2.07126e-6 1 -9.72673e-6 -0.004151761 0.9999648 -0.007292985 0.009057641 0.9995555 -0.02840709 -0.004113554 0.9999229 0.01172572 8.46094e-4 0.9999775 -0.006671905 -0.001558899 0.9999591 0.008916258 -0.01835685 0.9996426 0.01943492 2.91177e-5 1 -7.06613e-5 -4.55975e-6 1 -4.69974e-5 -4.45445e-6 1 0 4.79658e-5 1 0 -5.16325e-5 1 0 -4.79658e-5 1 0 9.86606e-5 1 0 6.81122e-5 1 0 3.40939e-5 1 5.83603e-5 3.42578e-5 1 4.65333e-5 3.43621e-5 1 -5.1409e-5 3.41237e-5 1 -4.65333e-5 3.42876e-5 1 0 3.43472e-5 1 4.65641e-5 5.90458e-4 0.9999855 0.005360424 3.42131e-5 1 0 -0.09157025 0.9957626 -0.008472263 -0.05666065 0.9983613 -0.008023023 8.07643e-5 1 -4.74343e-5 8.07792e-5 1 -4.74029e-5 8.07941e-5 1 0 8.08015e-5 1 -6.46412e-5 8.07792e-5 1 3.53549e-5 3.4377e-5 1 4.65641e-5 0.02900129 0.9992346 -0.02625411 -7.18981e-5 1 -8.50242e-5 -6.96565e-5 1 -8.50856e-5 0.07223957 0.9973253 -0.01112776 0.00266242 0.9999966 6.0074e-5 0.0461353 0.9988847 -0.01004552 -0.01598703 0.9998716 0.001164138 -4.15742e-6 1 0 -8.05855e-5 1 -7.15107e-5 1.63913e-6 1 -4.55516e-5 -7.84695e-5 1 6.31511e-5 -8.44002e-5 1 7.9155e-5 7.78157e-5 1 2.3067e-5 3.48948e-5 1 7.28546e-5 8.67248e-5 1 3.8296e-5 4.13358e-5 1 8.15392e-5 -0.007443606 0.9999399 0.008055925 0.01266252 0.9998049 0.0151664 0.01684874 0.999704 -0.01755511 -6.88508e-5 1 0 -6.88136e-5 1 -6.90222e-5 -6.8821e-5 1 4.6197e-7 -3.42429e-5 1 -4.65641e-5 -3.42876e-5 1 0 -3.43472e-5 1 0 3.42876e-5 1 4.65641e-5 3.42131e-5 1 0 3.42876e-5 1 0 -3.43323e-5 1 -4.65641e-5 -3.42131e-5 1 0 -3.42727e-5 1 0 0.008715212 0.9996485 -0.02504068 -0.01291894 0.999916 -0.001021623 0.0310145 0.9995085 -0.004582703 -6.88136e-5 1 -4.74688e-5 -6.88224e-5 1 -1.18107e-4 -6.89849e-5 1 -7.01688e-5 8.07792e-5 1 5.294e-5 8.07941e-5 1 0 8.08015e-5 1 -9.98378e-6 3.41386e-5 1 -3.25521e-4 3.42727e-5 1 4.65641e-5 -3.42727e-5 1 4.63444e-5 -3.4228e-5 1 1.07974e-4 -3.4526e-5 1 -1.00191e-5 3.39597e-5 1 1.58015e-5 3.39523e-5 1 -2.33054e-5 3.4295e-5 1 1.36197e-5 -0.2593559 0.7198784 0.6438242 -0.8431398 0.4801473 0.2420207 -0.5703176 0.7596876 0.3124305 -0.5781164 0.3434437 0.7401539 -0.8430379 0.4803592 0.2419548 -0.3904377 0.3685709 0.8436315 5.79357e-5 1 2.77188e-4 7.00057e-5 1 1.75983e-4 -9.8452e-5 1 -2.72512e-4 2.82094e-4 1 3.58708e-4 -2.08676e-4 1 -3.47614e-4 -1.93104e-4 0.9999997 -7.32817e-4 -2.67625e-5 1 -2.16715e-4 0.001063406 0.9999964 0.002486109 -7.16597e-5 1 -4.50246e-4 2.5326e-4 0.9999999 5.22368e-4 -2.63348e-4 1 1.10857e-4 8.3575e-5 1 7.80746e-5 -1.5755e-4 1 1.15305e-4 5.93215e-5 1 -1.87159e-5 -5.31785e-6 1 -2.14428e-5 -2.48253e-5 1 -2.36928e-5 1.21951e-4 1 -2.51383e-5 -7.53999e-5 1 -1.2897e-4 6.67423e-5 1 -2.87592e-5 2.08542e-5 1 -4.31165e-5 6.03795e-5 1 -6.53863e-5 4.17531e-5 1 1.24e-4 1.14825e-4 1 -8.25524e-6 1.21288e-4 1 -8.97795e-6 8.31187e-5 1 -5.96046e-6 9.49651e-5 1 -5.30481e-6 7.28965e-5 1 -3.40342e-5 -1.25468e-5 1 -3.76999e-5 3.99053e-5 1 -6.34789e-5 -1.28597e-5 1 -3.70443e-5 4.01884e-5 1 2.90871e-5 4.15891e-5 1 8.53837e-5 7.22408e-5 1 -1.57952e-5 5.17368e-5 1 5.60284e-6 -2.58262e-4 1 1.25338e-4 -1.29729e-4 1 1.93932e-5 9.91382e-4 0.9999995 -5.69809e-4 7.06829e-4 0.9999992 -0.001123905 4.43402e-4 0.9999997 -7.62529e-4 -0.001746833 0.999994 0.003032326 6.77668e-5 1 -2.11762e-4 4.61802e-5 1 -7.97551e-5 -2.88755e-4 0.9999999 4.42013e-4 8.80212e-5 1 -4.71249e-5 -2.46622e-5 1 -1.38031e-4 0 1 -1.4698e-7 4.57764e-5 1 4.09186e-5 -4.54783e-5 1 4.66555e-5 -7.05056e-4 0.9999998 -2.75671e-6 0.6771612 0.003697991 0.7358255 0.6772696 0.004004955 0.7357241 0.6773395 0.004108846 0.7356592 0.09387189 0.9913886 -0.09130531 0.09424871 0.9913653 -0.09117043 0.09350359 0.9914113 -0.0914371 -0.7307139 0.1309394 0.670009 -0.7306227 0.1307432 0.6701468 -0.7310653 0.131698 0.6694769 -6.67423e-5 1 -2.41399e-5 1.96137e-4 1 1.05053e-5 -0.001000225 0.9999996 -1.32382e-4 -0.685562 0.3183842 0.6547032 -0.3261581 0.9451856 -0.01566779 -0.5703802 0.7598413 0.3119418 -1.5907e-4 1 2.25225e-5 -1.98483e-5 1 -2.01344e-4 5.47601e-4 0.9999997 -6.25715e-4 -0.3283843 -0.8155584 0.4764748 -0.3278677 -0.8157216 0.4765512 -0.3287077 -0.8154562 0.4764268 0.4253076 0.321838 0.8458923 0.425971 0.3224284 0.8453335 0.4264303 0.3228373 0.8449457 0.3278124 0.8159831 -0.4761413 0.3280253 0.8158627 -0.4762013 0.3281367 0.8158733 -0.4761062 -1.20088e-4 1 1.61771e-4 -1.14441e-5 1 -4.73857e-6 2.73442e-4 1 -2.04265e-4 7.60704e-5 1 -1.80453e-5 7.48038e-5 1 -2.63006e-5 7.689e-5 1 -1.27852e-5 -6.22123e-7 1 -7.14827e-5 8.90344e-6 1 -7.15256e-5 1.09721e-6 1 -7.14911e-5 0 1 0 4.42415e-5 1 -7.62045e-5 -1.84904e-5 1 3.18954e-5 0 1 0 -5.0813e-6 1 8.9407e-6 -3.03901e-5 1 5.31054e-5 -0.5703267 0.7596656 0.3124673 -0.5780187 0.3436969 0.7401128 -0.6857559 0.3184581 0.6544642 0.4256964 0.3222336 0.8455461 0.4257112 0.322189 0.8455556 0.4257112 0.322189 0.8455556 0 1 0 0 1 0 0 1 0 0 1 0 -0.01921027 0.9996324 0.01913911 6.06016e-6 1 1.46165e-5 -0.01897549 0.999643 0.01880961 5.05522e-5 0.9990912 0.04262506 0.018772 0.999643 0.01901274 0.01906388 0.9996365 0.0190671 0 1 0 -2.51946e-5 1 6.06678e-5 0 1 0 0.004749417 0.9999778 -0.004681468 1.82661e-5 1 4.4141e-5 0.004681468 0.9999778 -0.004749417 4.80349e-5 0.9999778 -0.006672561 -4.80344e-5 0.9999781 -0.006616413 -0.004681468 0.9999778 -0.004749417 -0.004749417 0.9999778 -0.004681468 -1.83528e-5 1 4.43503e-5 -0.01921325 0.9996324 0.01913607 -0.01897549 0.999643 0.01880961 5.05429e-5 0.9990912 0.04262506 0 1 0 -0.03035372 0.9992272 0.02497357 5.14537e-6 1 1.24148e-5 -0.02697747 0.999276 0.02682775 -4.8548e-5 0.9983464 0.05748492 0.0267741 0.999276 0.02703088 0.02990025 0.9991981 0.02663135 0 1 0 -1.6395e-5 1 3.94732e-5 -5.06826e-6 1.41277e-6 1 0.06435638 0 0.997927 -5.06826e-6 -1.41947e-6 1 0.06435656 1.78701e-6 0.997927 0.06445908 0 0.9979204 0.3403762 0.9402894 0 0.1871652 0.9823285 0 0.1871672 0.9823282 0 -2.83122e-7 1 -1.39674e-6 0.03081125 0.9995239 0.00159502 -0.01341521 0.9999101 9.02861e-5 -0.1359344 0.9907143 -0.002663195 0.007138311 0.9999482 -0.00726366 0.06793707 0.9976532 -0.008525907 -1.34595e-5 0.9999878 0.004942238 -0.05938363 0.9980936 -0.01682013 1.09255e-4 0.9999659 -0.008258819 -0.003515481 0.9999939 -8.14348e-5 0.04342818 0.9990386 0.005989432 0.03197461 0.9993546 0.01637494 -0.02990293 0.9995527 -3.92824e-4 -0.005482673 0.9999707 -0.005363047 9.18616e-4 0.9999996 -4.33143e-4 -0.003087222 0.9999939 0.001655936 0.03081119 0.999524 0.00159496 -0.01341527 0.9999101 9.04054e-5 -0.1359345 0.9907143 -0.002663195 0.007138311 0.9999482 -0.007263541 0.06793683 0.9976532 -0.008525967 -1.33067e-5 0.9999878 0.004942297 -0.05938345 0.9980936 -0.01682013 1.0936e-4 0.9999659 -0.008258879 -0.003515481 0.9999939 -8.14796e-5 0.04342889 0.9990386 0.005989849 0.03197461 0.9993546 0.01637488 -0.02990382 0.9995527 -3.93406e-4 -0.005482494 0.9999707 -0.005363106 9.08915e-4 0.9999995 -4.37092e-4 -0.007627487 0.9999579 0.005113065 -0.0594716 0.9980878 -0.01685225 0.002751171 0.999948 -0.009821593 -0.003515362 0.9999939 -8.142e-5 0.04342883 0.9990386 0.00598973 0.03197485 0.9993546 0.01637506 -0.02990341 0.9995528 -3.93078e-4 -0.005482614 0.9999707 -0.005362987 0.07241612 0.9973343 0.008960962 0.01382893 0.9999045 1.19284e-4 -0.01341521 0.9999101 9.02563e-5 -0.1359343 0.9907143 -0.002663254 0.00449258 0.9999502 -0.008907139 0.06802368 0.9976472 -0.008538842 0.007620692 0.9999579 0.005117237 -3.68874e-6 1 3.34182e-6 8.8712e-6 1 -1.52537e-5 8.68755e-6 1 -4.29281e-5 -6.66012e-7 1 -3.91989e-5 -3.94695e-6 1 -1.38981e-5 1.05104e-5 1 6.17572e-6 4.74486e-6 1 8.28289e-6 -1.44636e-5 1 1.49409e-5 -8.73633e-6 1 8.03778e-6 -6.99668e-6 1 2.22872e-5 7.11996e-6 1 2.22484e-5 1.5138e-5 1 2.63944e-5 -3.08869e-5 1 -1.93257e-5 -4.13577e-6 1 -1.51163e-5 3.01015e-5 1 -3.06636e-5 -6.29425e-5 1 -4.48078e-5 -2.22325e-5 1 -2.26945e-5 4.27105e-5 1 6.27339e-5 -7.46548e-5 1 4.58956e-5 -4.81755e-5 1 7.64243e-5 8.65459e-5 1 6.58631e-5 -9.74536e-6 1 4.46886e-5 9.37134e-5 1 -9.18805e-5 2.35736e-5 1 -1.6436e-5 1.02043e-4 1 4.09782e-5 -3.68222e-6 1 3.34112e-6 8.87189e-6 1 -1.52534e-5 8.68662e-6 1 -4.2927e-5 -6.67991e-7 1 -3.91989e-5 -4.48001e-6 1 -2.57499e-6 -3.3251e-5 1 -3.70631e-5 1.514e-5 1 2.63951e-5 7.11903e-6 1 2.22453e-5 -9.43127e-6 1 8.54698e-6 -8.88685e-6 1 8.11764e-6 -2.54121e-5 1 8.562e-6 -2.60188e-7 1 -4.06998e-5 1.03377e-6 1 -3.27127e-6 3.91603e-5 1 -1.31808e-4 -6.44624e-5 1 -7.66292e-5 2.95639e-5 1 -6.89328e-5 -2.92361e-5 1 -8.4877e-5 -4.48559e-6 1 -2.57522e-6 -4.5636e-6 1 1.36144e-6 1.51366e-5 1 2.6394e-5 7.11798e-6 1 2.22421e-5 -6.99644e-6 1 2.22872e-5 -9.42708e-6 1 8.54791e-6 -8.88295e-6 1 8.11764e-6 -2.54055e-5 1 8.56095e-6 1.06658e-5 1 5.90179e-6 1.06151e-5 1 5.99207e-6 -1.78516e-5 1 0 0.003883183 0.9999924 -2.46784e-4 -1.78814e-5 1 0 0.003788888 0.9999929 0 -0.02122753 0.9997748 2.95603e-5 -0.01507639 0.9998864 0 -4.41603e-4 1 -1.26045e-5 -6.22101e-4 0.9999998 0 0.006314337 0.9999801 0 0.005495786 0.9999849 0 0.01355212 0.9999082 0 0.01379424 0.9999049 3.40974e-4 -2.07156e-4 1 0 -2.46271e-4 1 0 3.71784e-5 1 0 4.77711e-5 1 0 -4.79976e-5 1 0 -2.41846e-5 1 0 -7.31125e-5 1 0 -8.54293e-5 1 0 -1.80443e-5 1 0 1.50502e-5 1 0 -5.3376e-5 1 0 9.32813e-6 1 0 9.35793e-6 1 2.6607e-5 9.17912e-6 1 1.86128e-4 9.32813e-6 1 -2.6607e-5 9.32813e-6 1 -2.66247e-5 0 1 -4.79976e-5 0 0 1 0 4.79976e-5 1 0 1 4.79658e-5 -8.74102e-5 1 0 -8.74102e-5 1 1.37789e-5 -8.74102e-5 1 1.37229e-5 -8.74102e-5 1 -1.37789e-5 -8.74102e-5 1 -1.3788e-5 -0.9735113 -1.09669e-5 0.228639 0.006319105 0.9995504 -0.02931511 3.90388e-5 0.9999835 0.005753695 -5.1897e-5 0.998742 0.05014455 -0.006169736 0.9995512 -0.02931797 -9.32813e-6 1 2.66247e-5 -9.35793e-6 1 2.6607e-5 -9.32813e-6 1 0 -9.32813e-6 1 -2.6607e-5 -9.32813e-6 1 0 0 4.77711e-5 1 0 1 -4.79658e-5 0 1 -4.77711e-5 0 0 1 0 1 4.79976e-5 8.74102e-5 1 1.3788e-5 8.74102e-5 1 1.37789e-5 8.74102e-5 1 0 8.74102e-5 1 -1.37789e-5 8.74102e-5 1 0 0.9734776 1.09652e-5 0.2287826 0.8952546 0 0.445555 0.8952547 0 0.445555 0.9734775 -1.09579e-5 0.2287827 0.895468 0 0.4451259 0.9735113 1.09669e-5 0.228639 0.9735113 -1.09741e-5 0.228639 -2.31192e-5 1 0 -1.98765e-6 1 0 -2.31192e-5 1 0 1.98765e-6 1 0 2.31192e-5 1 0 -2.31043e-5 1 0 -1.79269e-6 1 0 1.79269e-6 1 0 2.31043e-5 1 0 -0.8952547 0 0.445555 -0.9734776 1.09579e-5 0.2287827 -0.9734776 1.09134e-5 0.2287826 -0.8952546 0 0.4455551 -0.9734775 -1.09652e-5 0.2287828 -6.99982e-6 1 -5.65331e-5 -5.87851e-5 1 -7.49528e-5 1.45926e-5 1 -5.10514e-5 -1.02669e-5 1 -6.74277e-6 2.563e-5 1 -1.59442e-5 7.42283e-5 1 -7.65633e-5 7.89762e-7 1 -5.57341e-5 -2.08214e-6 1 -5.65052e-5 0.9734777 -1.09134e-5 0.2287825 0.8953185 0 0.4454267 0.9734773 1.09652e-5 0.2287836 0.9734776 -1.09134e-5 0.2287828 0.8954681 0 0.4451259 0.9734775 1.09652e-5 0.2287828 -0.8953185 0 0.4454267 -0.9734777 -1.09652e-5 0.2287825 -0.9734773 1.09134e-5 0.2287835 0 1 0 0 1 4.77711e-5 0 1 0 0 1 0 0 1 4.79976e-5 0 1 0 0 1 -4.79976e-5 0 1 0 0 1 0 -1.16388e-5 1 0 0 1 0 -4.54634e-5 1 0 -0.8954681 0 0.4451259 -0.9734776 -1.09652e-5 0.2287828 -0.9734775 1.09134e-5 0.2287828 -4.92632e-5 1 0 6.86765e-5 1 0 -5.56602e-6 -4.15443e-6 1 1.17368e-4 8.70572e-5 1 -2.73287e-4 -2.02796e-4 1 -2.88081e-5 1 -3.8391e-5 2.44677e-5 0 1 2.44677e-5 3.83988e-5 1 -2.44677e-5 0 1 2.86722e-5 1 -3.82098e-5 -2.44677e-5 3.82176e-5 1 -6.75917e-5 1 -4.3869e-5 -4.48599e-5 1 -7.42376e-5 -1.03265e-4 1 3.69549e-6 5.04553e-5 1 -6.67423e-5 5.23925e-5 1 -6.41942e-5 5.1856e-5 1 -6.48499e-5 -8.8652e-6 1 0 -2.55778e-5 1 0 0.05239397 0.9968001 -0.06036835 4.32583e-5 1 -2.03997e-5 -1.43945e-5 1 4.6964e-5 -1.432e-5 1 -4.6964e-5 -0.004931986 0.9999607 0.007374584 -0.01015204 0.9998734 -0.01225864 0.01552647 0.9998165 0.01121306 -0.01664274 0.999857 -0.003011822 -0.004698574 0.9999763 0.005043327 -0.00524187 0.9999856 0.001193046 0.05911815 0.9982404 0.004623353 3.42876e-5 1 -5.752e-5 3.42429e-5 1 4.65333e-5 3.42969e-5 1 3.80278e-5 3.42727e-5 1 -4.65333e-5 3.42876e-5 1 4.65333e-5 3.41237e-5 1 -4.65333e-5 9.92969e-4 0.9999995 -4.64373e-5 0.002316355 0.9999936 0.002748429 0.002162754 0.9999939 -0.002771377 -0.003912091 0.9999846 0.003943502 3.89591e-4 1 -6.02665e-5 -0.002586364 0.9999967 -1.47345e-4 -0.00154215 0.9999976 -0.001589834 9.93609e-5 1 0 -4.78784e-5 1 0 -1.51833e-5 1 0 3.43025e-5 1 -1.56859e-5 3.46005e-5 1 -4.65333e-5 3.44943e-5 1 3.42727e-5 3.43472e-5 1 4.65333e-5 3.43323e-5 1 -4.65333e-5 3.43174e-5 1 -4.65333e-5 3.4228e-5 1 4.65333e-5 3.43025e-5 1 4.65641e-5 2.20299e-5 1 -1.07348e-4 -4.49118e-5 1 -1.07348e-4 -2.80887e-5 1 -1.07322e-4 -5.46947e-5 1 -1.07328e-4 -5.10509e-5 1 -1.07348e-4 2.4039e-5 1 -1.07348e-4 -4.49118e-5 1 -1.07318e-4 8.87811e-5 1 -1.07369e-4 -1.1538e-4 1 -1.07126e-4 1.84878e-5 1 -1.07348e-4 -3.43025e-5 1 0 -3.44515e-5 1 4.65333e-5 -3.43025e-5 1 4.63444e-5 -3.42894e-5 1 1.12474e-4 -3.42727e-5 1 -7.30478e-5 -8.59383e-5 1 -2.51085e-5 -8.59275e-5 1 4.76289e-5 -8.59201e-5 1 -4.76289e-5 -8.59126e-5 1 4.76605e-5 -0.003897547 0.999974 -0.00608009 -0.009363234 0.999955 -0.001539051 0.008330881 0.999964 0.00167483 0.02003616 0.9997968 0.002212643 0.008130073 0.9997617 -0.02026313 -0.02174198 0.9997597 -0.002830386 -3.42727e-5 1 -4.65641e-5 -3.42727e-5 1 0 -3.42876e-5 1 0 -3.4228e-5 1 0 -3.42876e-5 1 -4.65641e-5 -3.42429e-5 1 0 -3.43621e-5 1 0 -3.43006e-5 1 2.98321e-5 -3.40343e-5 1 -5.35031e-5 -3.4255e-5 1 -7.05719e-5 4.86672e-5 1 3.42969e-5 1.5378e-5 1 3.42825e-5 -1.38355e-5 1 3.42876e-5 7.23451e-5 1 0 -6.24537e-5 1 0 5.21094e-5 1 -1.0735e-4 -6.67572e-6 1 -1.07316e-4 5.53519e-5 1 -1.07348e-4 1.53035e-5 1 0 -2.30392e-5 1 0 -5.42849e-5 1 -1.07312e-4 -1.51914e-5 1 -1.07348e-4 7.61002e-5 1 -1.07331e-4 -0.008670508 0.9999625 1.12834e-4 -0.007012784 0.9999755 0 0.005402863 0.9999855 9.53235e-5 1.88023e-4 1 0 -1.54674e-5 1 0 -1.54749e-5 1 0 -1.546e-5 1 3.20069e-6 -1.54674e-5 1 2.23902e-5 -1.54823e-5 1 -3.20069e-6 -1.546e-5 1 3.20069e-6 -1.54749e-5 1 -3.20069e-6 -1.54749e-5 1 3.20069e-6 -1.546e-5 1 -3.20069e-6 -1.54674e-5 1 3.20069e-6 -1.54749e-5 1 -3.20069e-6 -1.54674e-5 1 3.20069e-6 -1.54823e-5 1 -3.20069e-6 -9.36434e-4 0.9999925 0.003752708 -1.81641e-4 0.9999998 5.95147e-4 -3.77856e-5 1 2.54752e-6 -1.2964e-5 1 2.63157e-5 -1.27852e-5 1 2.62982e-5 -1.29938e-5 1 0 -1.2517e-5 1 -2.62982e-5 -1.29044e-5 1 2.62982e-5 -1.27852e-5 1 -2.62982e-5 -1.2964e-5 1 2.62982e-5 -1.26362e-5 1 -2.62982e-5 -1.30534e-5 1 2.62982e-5 -1.27554e-5 1 -2.62982e-5 -1.30832e-5 1 2.62982e-5 -1.30534e-5 1 -2.62982e-5 -1.28448e-5 1 2.62982e-5 -0.007312297 0.9999672 -0.003491282 -2.4274e-5 1 -7.71284e-5 -8.69632e-5 1 -8.74698e-6 -4.05349e-5 1 0 7.98404e-5 1 1.58981e-5 -4.29079e-5 1 0 6.05397e-5 1 1.59054e-5 -4.18238e-5 1 0 -1.01253e-4 1 0 6.34938e-5 1 0 -0.01344716 0.9999018 -0.00395745 1.87801e-4 0.9999955 0.002990245 -0.006393909 0.9997703 -0.0204575 -0.01038277 0.999822 0.01575982 0.001717388 0.9999981 -9.85147e-4 -0.00101149 0.999982 -0.005932331 0.005689978 0.9994816 -0.03168803 0.002237796 0.9999918 0.003372967 0.009395956 0.999868 0.01325833 -0.001541554 0.9999644 -0.008304357 -0.001091301 0.9999781 -0.006536602 0.002671658 0.9999107 0.01309305 0.1114792 0.9925447 0.04926985 -0.02787178 0.9995824 -0.007625341 -0.09292733 0.995455 -0.02082884 -0.00181204 0.9999983 -1.9637e-4 0.008582353 0.9999592 0.002807736 3.67939e-4 0.9999993 -0.001152634 0.005187571 0.999985 0.001745045 -0.07584178 0.9968705 0.02230542 0.001005053 0.9999492 -0.01003301 0.08698832 0.9827159 -0.1634098 0.0202372 0.9997475 -0.009772121 -0.01242458 0.9999188 -0.002860546 0.02627021 0.9996547 6.80506e-4 -0.01666074 0.999861 7.06911e-4 -2.46614e-5 1 -3.69607e-6 -2.46465e-5 1 3.69607e-6 -2.45795e-5 1 -3.69607e-6 -2.4572e-5 1 3.69607e-6 -2.46242e-5 1 -3.69607e-6 -2.46391e-5 1 3.69607e-6 -2.46242e-5 1 0 -7.34627e-5 1 0 -7.34925e-5 1 1.78196e-5 -7.34925e-5 1 1.77473e-5 -7.34925e-5 1 -1.78196e-5 -0.0773043 0.9969991 0.004121601 -0.06445866 0.9979023 -0.006013274 0.1200142 0.9914139 -0.0519154 -0.03103017 0.9978645 0.05747687 0.02095359 0.9997336 -0.009680509 -0.06138491 0.9979967 0.01531594 0.08614468 0.9936115 -0.0729078 0.00568974 0.9999784 0.003324747 -0.06540763 0.9972999 -0.0333898 -0.04830217 0.9985399 -0.02418893 0.05243736 0.9982141 0.02862066 0.1443027 0.9874703 0.06386917 0.00161612 0.999993 0.00338304 -0.06323397 0.9936012 -0.09358543 0.01533293 0.9997864 0.01385545 -0.03497606 0.9978975 -0.05456602 0.02602225 0.9987901 0.04172778 0.1223897 0.9761647 0.1792298 -1.15149e-4 1 -7.10897e-5 -1.50995e-4 1 -8.41226e-5 6.90783e-5 1 2.82265e-5 -0.006915688 0.9999192 0.01067364 2.01193e-4 0.9999998 -6.09851e-4 -2.93996e-4 1 6.8292e-5 0.005692005 0.9999728 -0.004683196 1.12057e-5 1 2.0122e-5 1.13249e-5 1 2.01087e-5 1.11759e-5 1 0 1.13845e-5 1 -2.01087e-5 1.10865e-5 1 2.01087e-5 1.10567e-5 1 -2.01087e-5 1.12355e-5 1 2.01087e-5 1.12951e-5 1 -2.01087e-5 1.11163e-5 1 0 6.34938e-5 1 5.63575e-6 6.34938e-5 1 5.63201e-6 6.34864e-5 1 -5.63201e-6 6.35013e-5 1 5.63201e-6 6.34864e-5 1 -5.63201e-6 6.35087e-5 1 0 0.008154094 0.9999668 -2.36531e-4 -3.16769e-4 0.9999994 -0.001182019 0.004072308 0.9999918 -1.80602e-4 -0.01309287 0.9999144 -8.05203e-5 -0.01021665 0.9999477 2.63233e-4 0.004422187 0.9999898 -9.84894e-4 -9.59415e-4 0.9999997 -6.22273e-5 4.43528e-4 0.9999988 0.001575648 -0.006612896 0.999859 -0.01543331 0.003234982 0.9999853 0.004336655 0.01916611 0.9874094 0.1570209 0.01112991 0.9953379 0.0958057 -0.06155997 0.9332702 -0.3538604 -3.41252e-5 1 -8.89897e-5 -3.41026e-5 1 -8.89897e-5 0 1 -8.90493e-5 3.41026e-5 1 -8.89897e-5 3.41026e-5 1 -8.90493e-5 0 1 -8.89897e-5 1.45733e-5 1 0 1.44243e-5 1 2.41692e-5 1.46031e-5 1 2.40711e-5 1.45137e-5 1 -2.41692e-5 1.45733e-5 1 2.41692e-5 1.46329e-5 1 -2.41692e-5 1.45733e-5 1 -2.41852e-5 -8.06153e-5 1 0 -3.27826e-5 1 0 0 0 -1 -6.49691e-6 1 1.7263e-5 2.85134e-5 1 4.8317e-5 2.86475e-5 1 4.8399e-5 0.003035783 0.9999939 0.001767635 6.31809e-6 1 3.57628e-5 -2.2009e-5 1 1.94646e-5 1.27077e-4 1 -1.96844e-5 6.83665e-5 1 -6.42836e-5 1.40369e-5 1 2.29776e-5 -4.4167e-5 1 -1.17719e-6 -9.43243e-6 1 -6.26147e-5 2.5928e-5 1 -9.80198e-5 6.97989e-5 1 -7.00345e-5 -3.6031e-5 1 -9.34117e-5 6.58482e-5 1 -6.40154e-5 -5.72726e-5 1 -7.36117e-5 1.51992e-6 1 -3.51444e-5 -7.48644e-5 1 -4.15344e-5 0 1 -2.84314e-5 5.19613e-5 1 -2.24477e-5 -5.91576e-5 1 -6.85677e-5 -3.60608e-6 1 -6.15232e-6 -1.62534e-5 1 -2.3514e-5 1.18613e-5 1 -1.17004e-4 -1.83284e-6 1 2.2828e-5 4.81307e-6 1 -2.42032e-5 1.61007e-5 1 0 -1.20997e-5 1 -1.157e-4 -2.81036e-5 1 -7.28667e-5 2.26535e-5 1 1.44243e-5 4.06504e-5 1 1.06096e-5 -3.65525e-5 1 -7.73743e-5 -1.57766e-5 1 -6.13853e-5 6.03795e-5 1 -7.00057e-5 9.39667e-5 1 0 9.40114e-5 1 1.03116e-5 9.39965e-5 1 4.50029e-5 -7.90507e-6 1 -3.10633e-5 -2.47359e-6 1 -3.42429e-5 -2.08616e-7 1 -3.55206e-5 -1.03162e-4 1 -3.08463e-5 -1.03176e-4 1 -3.11434e-5 -1.04815e-4 1 5.33089e-6 3.37958e-5 1 -5.90608e-5 2.1385e-5 1 -6.59321e-5 -2.80291e-5 1 -9.33707e-5 0 1 0 -9.76771e-6 1 -2.48477e-5 -2.79592e-5 1 -6.74807e-5 0 1 0 6.26514e-6 1 -1.50477e-5 0 1 0 0 1 0 -2.5696e-5 1 1.06291e-5 0 1 0 0 1 0 5.31971e-5 1 2.19895e-5 6.90719e-6 1 2.86658e-6 0 1 0 2.10479e-6 1 5.0962e-6 4.23057e-6 1 1.02131e-5 0 1 0 -1.87443e-5 1 4.39428e-5 -4.56075e-7 1 -1.76143e-7 0 1 0 4.70702e-5 1 -1.94598e-5 0 1 0 0 1 0 -4.41469e-5 1 -1.8252e-5 0 1 0 0 1 0 -1.82817e-5 1 -4.41346e-5 0 1 0 0 1 0 1.83404e-5 1 -4.41102e-5 0 1 0 0 1 0 4.4156e-5 1 -1.82299e-5 0 1 0 0 1 0 4.41469e-5 1 1.8252e-5 0 1 0 0 1 0 1.83184e-5 1 4.41194e-5 -4.46777e-7 1 1.98546e-7 0 1 0 -1.83038e-5 1 4.41254e-5 0 1 0 -4.4156e-5 1 1.82299e-5 0 1 0 0 1 0 -4.41469e-5 1 -1.8252e-5 0 1 0 0 1 0 -1.82379e-5 1 -4.41527e-5 0 1 0 0 1 0 1.82881e-5 1 -4.41319e-5 0 1 0 0 1 0 4.4141e-5 1 -1.82661e-5 0 1 0 0 1 0 4.41319e-5 1 1.82881e-5 0 1 0 0 1 0 1.82661e-5 1 4.4141e-5 0 1 0 0 1 0 -1.826e-5 1 4.41436e-5 0 1 0 0 1 0 -4.4141e-5 1 1.82661e-5 0 1 0 0 1 0 -4.41319e-5 1 -1.82881e-5 0 1 0 0 1 0 -9.79751e-6 1 -2.49147e-5 0 1 1.79954e-7 -2.5696e-5 1 1.06291e-5 0 1 1.84507e-7 5.31971e-5 1 2.19904e-5 6.79188e-6 1 3.14568e-6 0 1 0 -1.87442e-5 1 4.39428e-5 -4.56075e-7 1 -1.76143e-7 0 1 0 4.70702e-5 1 -1.94598e-5 0 1 0 -1.82817e-5 1 -4.41346e-5 0 1 0 1.79805e-7 1 0 1.83404e-5 1 -4.41102e-5 0 1 0 1.81496e-5 1 4.41895e-5 -3.95399e-7 1 1.77199e-7 0 1 0 -1.83038e-5 1 4.41254e-5 -4.56075e-7 1 -1.76143e-7 0 1 0 -2.06278e-5 1 8.5352e-6 0 1 0 0 1 0 5.39906e-5 1 2.23164e-5 6.57415e-5 1 2.71737e-5 -1.79866e-7 1 0 1.53846e-5 1 -3.71454e-5 0 1 0 7.6741e-6 1 1.93119e-5 0 1 0 0 1 0 -1.54376e-5 1 -6.38515e-6 0 1 0 -1.00509e-5 1 4.16538e-6 0 1 0 0 1 0 1.06391e-5 1 -2.43321e-5 0 1 0 1.83905e-5 1 4.43347e-5 0 1 0 4.51508e-7 1 -1.87159e-7 -7.72625e-5 1 -3.07113e-5 0 1 -2.94684e-7 0 1 0 4.43562e-5 1 -1.83385e-5 0 1 0 0 1 0 1.83684e-5 1 -4.43438e-5 0 1 0 0 1 0 -1.7987e-5 1 -4.45023e-5 -1.75229e-7 1 0 0 1 0 -4.43653e-5 1 -1.83164e-5 -4.43562e-5 1 1.83385e-5 -1.82365e-5 1 4.43987e-5 0 1 0 3.99975e-7 1 1.66187e-7 1.83905e-5 1 4.43347e-5 0 1 0 4.51508e-7 1 -1.87159e-7 4.43653e-5 1 1.83164e-5 4.43562e-5 1 -1.83385e-5 1.83245e-5 1 -4.4362e-5 -1.83748e-5 1 -4.43412e-5 0 1 0 -4.43503e-5 1 -1.83528e-5 0 1 0 0 1 0 -4.43412e-5 1 1.83748e-5 0 1 0 0 1 0 0 1 0 0 1 0 1.83465e-5 1 4.43529e-5 4.43503e-5 1 1.83528e-5 0 1 0 0 1 0 4.43412e-5 1 -1.83748e-5 0 1 0 0 1 0 5.89732e-5 1 3.00407e-5 7.00906e-6 1 2.53826e-4 2.21133e-4 1 4.7404e-4 8.50625e-4 0.9999997 3.78788e-5 9.66713e-6 1 -6.22667e-6 9.66433e-6 1 -6.22667e-6 9.498e-5 1 -1.41785e-5 0 1 0 9.49502e-5 1 -1.41785e-5 0.8952119 0 0.4456409 -0.8952119 0 0.4456409 -0.9735113 -1.09223e-5 0.228639 0.3048222 -0.1977548 0.9316526 0.01772832 0.9991366 0.03757494 0.04177206 0.9930063 0.1104244 -0.007324874 0.9999457 0.007415592 0.002213478 0.9999961 -0.00173062 0.04784744 0.9986 0.02255308 0.5121408 0.8060181 -0.2967267 0.04919767 0.9985276 0.02285403 0.510033 0.8064157 -0.2992658 0.01101917 0.9992806 0.03628933 -0.0450083 -0.5340687 0.8442422 -0.3800769 0.9210885 0.08448517 0.5168845 0.8006469 0.3029767 0.1195983 0.9893578 -0.08286952 -0.03005164 0.9983384 0.04916787 0.02853834 0.9995056 0.0132035 -4.15742e-6 1 0 3.4079e-5 1 -4.63444e-5 0.01753669 0.9998458 0.001003384 8.07792e-5 1 4.74029e-5 2.75501e-5 1 3.96073e-5 -3.93391e-6 1 4.67757e-5 -0.0123105 0.999804 -0.01550757 -6.89775e-5 1 4.76939e-5 -3.42876e-5 1 3.25521e-4 3.42727e-5 1 -4.63444e-5 -3.44962e-5 1 4.63444e-5 -0.04613947 0.9949157 0.08952087 -6.87837e-5 1 0 8.07792e-5 1 4.72105e-5 3.43472e-5 1 0 -3.43472e-5 1 0 -0.8431637 0.4800925 0.2420458 -0.842697 0.481069 0.2417321 1.12072e-4 1 -3.46564e-5 -3.14414e-5 1 5.2873e-5 7.24018e-4 0.9999997 -3.87494e-4 1.24878e-4 1 -7.16894e-5 2.87953e-4 1 -4.83262e-4 2.64245e-5 1 -7.76568e-5 2.54422e-4 0.9999999 5.85284e-4 5.08621e-4 0.9999999 -2.41742e-4 0.6770876 0.00347197 0.7358943 0.09436988 0.9913411 -0.09130871 -0.7302786 0.1300039 0.6706656 -6.56778e-5 1 2.85208e-5 -0.8428529 0.4800011 0.2433065 -6.034e-4 0.9999996 7.40945e-4 -0.3275469 -0.8158228 0.4765986 0.4249094 0.3214836 0.8462272 0.3277033 0.81602 -0.4761532 5.45178e-5 1 6.59451e-5 7.91848e-5 1 2.21282e-6 -4.79658e-5 1 -7.5539e-6 0.06445908 0 0.9979204 -2.86847e-7 1 1.40337e-6 0.1468387 0.9888155 0.02612119 1.12057e-5 0.9997308 0.02320462 -0.0621044 0.9975118 -0.03336483 0.1468386 0.9888155 0.02612113 1.12355e-5 0.9997308 0.02320456 -0.06210422 0.9975119 -0.03336483 -0.04493093 0.9986579 0.02576285 -0.0621044 0.9975118 -0.03336483 0.04492789 0.998658 0.02576458 3.71784e-5 1 0 -8.15093e-5 1 0 9.32813e-6 1 0 -8.74102e-5 1 0 0.01277869 0.9995823 -0.0259242 -0.01280879 0.9995819 -0.0259239 -9.17912e-6 1 -1.86128e-4 0 0 1 8.744e-5 1 -9.63893e-5 0.9734776 -7.66554e-5 0.2287828 2.31192e-5 1 0 0.8953189 0 0.4454258 0.895468 0 0.4451258 0.9735113 -1.09741e-5 0.228639 -0.8953189 0 0.4454258 0 1 0 0 1 0 0 1 4.77711e-5 -0.895468 0 0.4451258 -3.27528e-5 1 0 3.84943e-4 2.85705e-4 0.9999999 -0.9735113 -1.09223e-5 0.228639 2.86531e-5 1 3.82241e-5 -2.8789e-5 1 3.84053e-5 -0.00495994 0.9999485 -0.00886172 0.003771603 0.9999908 0.002063691 -2.06987e-5 1 0 1.6138e-5 1 0 4.49118e-5 1 -1.07348e-4 4.49118e-5 1 -1.07139e-4 -3.42876e-5 1 -4.65333e-5 -8.58456e-5 1 3.31323e-5 -8.59201e-5 1 0 0.00739032 0.9998988 0.01216393 -0.00981307 0.9995184 0.02944123 -3.43025e-5 1 3.25521e-4 -3.42876e-5 1 4.63444e-5 -3.42876e-5 1 -6.93778e-5 -3.39895e-5 1 4.64994e-4 -2.77442e-5 1 3.42727e-5 -4.81773e-5 1 1.49012e-6 -2.08616e-5 1 -3.04133e-5 6.35162e-5 1 0 0.01991724 0.9996648 0.01654708 0.001964092 0.9998707 0.01596719 0.1216483 0.9915161 0.04579895 0.1820505 0.9697429 -0.1626545 -2.46167e-5 1 3.68107e-6 0.1352717 0.9908053 0.002546191 0.01643991 0.9998108 0.01040518 7.2822e-5 1 1.42069e-5 1.09971e-5 1 -2.0027e-5 6.35013e-5 1 -5.60915e-6 0.005139052 0.9999865 8.70307e-4 0.02431595 0.9997031 -0.001594901 -0.05272758 0.942519 -0.3299666 3.39642e-5 1 -8.90493e-5 1.46031e-5 1 0 9.39965e-5 1 4.62355e-5 4.51508e-7 1 -1.87159e-7 -3.93726e-5 1 9.48012e-5 -3.42745e-5 1 1.41729e-5 0 1 0 0 1 0 1.83685e-5 1 -4.43438e-5 -2.9698e-5 1 1.22562e-5 4.43653e-5 1 1.83164e-5 1.83905e-5 1 4.43347e-5 -1.7965e-5 1 4.45115e-5 -1.84273e-5 1 -4.43194e-5 -1.83528e-5 1 4.43503e-5 -4.43412e-5 1 1.83748e-5 -4.43503e-5 1 -1.83528e-5 -1.83748e-5 1 -4.43412e-5 4.43412e-5 1 -1.83748e-5 4.43503e-5 1 1.83528e-5 8.92001e-7 1 -3.69751e-7 -3.41591e-5 1 1.44513e-5 1.7928e-5 1 -4.45264e-5 -2.96831e-5 1 1.22488e-5 1.8831e-5 1 4.41521e-5 -1.80164e-5 1 4.44901e-5 1.83685e-5 1 -4.43438e-5 -9.89735e-5 1 4.09018e-5 0 1 0 -1.68681e-5 1 4.071e-5 5.14535e-6 1 1.24149e-5 -6.5589e-5 1 -2.70849e-5 9.15676e-5 1 -3.78191e-5 -1.63913e-5 1 3.94732e-5 -1.82817e-5 1 -4.41346e-5 5.95034e-5 1 2.30829e-5 -4.4156e-5 1 1.82299e-5 -1.87442e-5 1 4.39429e-5 1.79295e-5 1 4.4281e-5 1.83404e-5 1 -4.41102e-5 4.41319e-5 1 1.82881e-5 4.4141e-5 1 -1.82661e-5 1.82881e-5 1 -4.41319e-5 -4.41319e-5 1 -1.82881e-5 -4.4141e-5 1 1.82661e-5</float_array>
          <technique_common>
            <accessor source="#m_dun5101_00_00c-mesh-normals-array" count="1162" stride="3">
              <param name="X" type="float"/>
              <param name="Y" type="float"/>
              <param name="Z" type="float"/>
            </accessor>
          </technique_common>
        </source>
        <source id="m_dun5101_00_00c-mesh-map">
          <float_array id="m_dun5101_00_00c-mesh-map-array" count="8478">1 0 0 1 0 0 1 0 0 1 0 0 0.9882813 0 0 1 0 0 0 0 0.9882813 1 0.9882813 0 0.5419922 0 0.7021485 0.4501953 0.7021485 0 0.7021485 0.4501953 0.9941406 0 0.7021485 0 0.9941406 0 0.7021485 0.4501953 0.7021485 0 0.7021485 0.4501953 0.5517578 0 0.7021485 0 0 0.4121093 0.3330078 1 0 1 0.3330078 1 0.3623047 0.3691406 0.3623047 1 0.3623047 1 0.7021485 0.5292969 0.7021485 1 0.7021485 1 1 0.6699219 1 1 0.004882812 0.3408203 0.3017578 0 0.3017578 0.3955078 0.004882812 0.3408203 0.3017578 0 0.3017578 0.3955078 0.2773438 0.3408203 0.5742188 0 0.5742188 0.3955078 0.265625 0.3378906 0.5742188 0 0.5742188 0.3955078 0.2773438 0.3408203 0.5742188 0 0.5742188 0.3955078 0.7109375 1 0.1796875 1.304687 0.1796875 1 0.7109375 1.304687 0.1796875 1.742188 0.1796875 1.304687 0.7109375 1.742188 0.1796875 2 0.1796875 1.742188 -0.25 1 -0.4765625 0.765625 -0.25 0.765625 -0.4765625 0.765625 -0.5585938 1 -0.5585938 0.765625 -0.25 0.765625 -0.4765625 1 -0.25 1 -0.4765625 0.765625 -0.5585938 1 -0.4765625 1 0.1796875 1.304687 0 1.742188 0 1.304687 0.1796875 1.742188 0 2 0 1.742188 -0.0078125 1 -0.2460938 0.765625 -0.0078125 0.765625 1.996094 1.003906 1.617187 0.7851563 1.996094 0.7851563 -0.2460938 0.765625 -0.0078125 1 -0.0078125 0.765625 1.617187 0.7851563 1.996094 1.003906 1.996094 0.7851563 0 1.742188 0.1796875 2 0 2 0.7109375 1.742188 1 1.304687 1 1.742188 1 1.304687 0.7109375 1.304687 0.7109375 1 0.7109375 2 0.7109375 1.742188 1 1.742188 0 1.304687 0.1796875 1 0.1796875 1.304687 0.15625 0.1171875 0.7109375 0.8828125 0.15625 0.8828125 0.7109375 0.1171875 1.109375 0.8828125 0.7109375 0.8828125 1.125 0.140625 0.890625 0.625 0.890625 0.140625 2.203125 0.2421875 1.554687 0.71875 2.203125 0.71875 1.125 0.625 1.359375 0.140625 1.359375 0.625 0.390625 0.8750001 0.8828125 0.125 0.390625 0.125 0.8515625 0.09375 1.304687 0.4296875 0.859375 0.546875 0.59375 0.0625 0.859375 0.546875 0.53125 0.625 0.8515625 0.09375 1.304687 0.4296875 0.859375 0.546875 0.59375 0.0625 0.859375 0.546875 0.53125 0.625 1.4375 0.1796875 1.867188 0.9609375 1.992188 0.3359375 1.109375 0.8828125 1.390625 0.4609375 1.195312 0.8828125 1.132812 0.8828125 0.8359375 0.1171875 1.132812 0.1171875 1.132812 0.8828125 1.507812 0.1171875 1.507812 0.8828125 1.734375 0.8984375 0.7421875 0.453125 1.734375 0.1328125 1.757812 0.8984375 2.53125 0.1328125 1.757812 0.1015625 1.023437 0.8671875 1.023437 1.164062 1.867188 0.9609375 1.023437 0.3515625 1.023437 0.8671875 1.4375 0.1796875 0.65625 0.53125 1.65625 1 0.65625 1 1.734375 0.1328125 0.7421875 0.453125 0.9375 0.1015625 -4.164062 1.982422 -3.648438 1.078125 -3.683594 1.982422 -3.683594 1.982422 -2.648438 1.027344 -2.796875 1.976562 -2.796875 1.976562 -0.8730469 1.027344 -0.7050781 1.976562 -0.8730469 1.027344 -1.208984 1.976562 -0.7050781 1.976562 -1.527344 0.01367187 0.07226562 0.984375 -1.935547 0.984375 0.07226562 0.01367187 0.90625 0.984375 0.07226562 0.984375 0.90625 0.984375 2.527344 0.01367187 2.935547 0.984375 -13.0918 0.984375 -14.01562 0.05078125 -12.69336 0.05078125 -14.01562 0.984375 -14.78125 0.05078125 -14.01562 0.05078125 -14.83984 0.984375 -15.375 0.05078125 -14.78125 0.05078125 -15.375 0.05078125 -17.04102 0.984375 -16.75586 0.7402344 -0.1933593 0.9765625 0.4335938 0.2988281 -0.1933593 0.2988281 0.4335938 0.2988281 1.425781 0.9765625 1.798828 0.2988281 -9.90625 0.984375 -11.77148 0.05078125 -9.919922 0.05078125 -11.77148 0.05078125 -12.78711 0.984375 -12.69336 0.05078125 -3.328125 1.976562 -1.869141 1.027344 -3.328125 1.59375 -1.703125 1.976562 -1.376953 1.027344 -1.869141 1.027344 -12.42773 0.984375 -12.44727 0.05078125 -12.22852 0.984375 -12.44727 0.05078125 -12.16797 0.984375 -12.22852 0.984375 -12.44727 0.05078125 -11.77148 0.05078125 -12.16797 0.984375 -11.77148 0.05078125 -12.0918 0.984375 -12.16797 0.984375 -12.42773 0.984375 -12.69336 0.05078125 -12.44727 0.05078125 1.365234 1.273437 1.240234 1.992188 0.9726563 1.273437 -6.666016 0.984375 -9.322266 0.05078125 -6.726562 0.05078125 -9.302735 0.984375 -9.919922 0.05078125 -9.322266 0.05078125 -9.302735 0.984375 -9.919922 0.05078125 -9.322266 0.05078125 0.8105469 0.2988281 0.25 0.9804687 -0.1191406 0.2988281 1.365234 1.992188 2.035156 1.273437 2.035156 1.992188 -0.3105469 0.9765625 -0.1933593 0.2988281 -0.5585938 0.2988281 -9.302735 0.984375 -6.726562 0.05078125 -6.666016 0.984375 -12.0918 0.984375 -9.919922 0.05078125 -9.90625 0.984375 -12.78711 0.984375 -13.0918 0.984375 -12.69336 0.05078125 0.6152344 0.984375 0.015625 0.9179687 0.6894531 0.9179687 0.015625 0.9179687 0.6210938 0.5703125 0.6894531 0.9179687 0.015625 0.5703125 0.5488281 0.484375 0.6210938 0.5703125 0.015625 0.453125 0.5136719 0.328125 0.5019531 0.453125 0.5136719 0.328125 0.015625 0.203125 0.5234375 0.203125 0.765625 0.203125 0.6074219 0.453125 0.765625 0.453125 0.5917969 0.203125 0.015625 0.453125 0.6074219 0.453125 0.765625 0.734375 0.6347656 0.984375 0.6347656 0.6992187 0.6347656 0.6992187 0.015625 0.984375 0.015625 0.6992187 0.7265625 0.2597656 0.765625 0.3144531 0.6875 0.203125 0.765625 0.3144531 0.765625 0.453125 0.6875 0.203125 0.6875 0.203125 0.765625 0.453125 0.5527344 0.203125 0.765625 0.453125 0.5488281 0.453125 0.5527344 0.203125 0.9023438 0.984375 0.9101563 0.9023438 0.796875 0.984375 0.9101563 0.9023438 0.9199219 0.8222656 0.796875 0.984375 0.796875 0.984375 0.9199219 0.8222656 0.796875 0.8085938 0.90625 0.9472656 0.9023438 0.984375 0.9492187 0.8828125 0.9023438 0.984375 0.984375 0.9101563 0.9492187 0.8828125 0.90625 0.9472656 0.9023438 0.984375 0.9492187 0.8828125 0.9023438 0.984375 0.984375 0.9101563 0.9492187 0.8828125 0.6855469 0.6386719 0.765625 0.484375 0.765625 0.6640625 0.6738281 0.328125 0.765625 0.453125 0.6679688 0.453125 0.7265625 0.2597656 0.765625 0.203125 0.765625 0.3144531 0.7265625 0.2597656 0.765625 0.203125 0.765625 0.3144531 0.890625 0.8203125 0.796875 0.984375 0.890625 0.984375 0.6210938 0.5703125 0.765625 0.484375 0.765625 0.6601563 0.984375 0.5917969 0.796875 0.484375 0.796875 0.6171875 0.6328125 0.203125 0.765625 0.453125 0.765625 0.203125 0.6894531 0.9179687 0.765625 0.984375 0.6152344 0.984375 0.765625 0.328125 0.5742188 0.453125 0.765625 0.453125 0.6933594 0.703125 0.765625 0.8652344 0.6894531 0.9179687 0.765625 0.984375 0.6171875 0.8203125 0.765625 0.7207031 0.015625 0.203125 0.5488281 0.453125 0.015625 0.453125 0.890625 0.703125 0.796875 0.6171875 0.796875 0.7246094 0.015625 0.203125 0.6152344 0.453125 0.6328125 0.203125 0.015625 0.6992187 0.5019531 0.484375 0.6347656 0.6992187 0.984375 0.6503906 0.796875 0.484375 0.796875 0.734375 0.765625 0.7207031 0.6171875 0.8203125 0.6914063 0.7207031 0.6679688 0.484375 0.6855469 0.6386719 0.6523438 0.5351563 0.984375 0.984375 0.984375 0.9101563 0.9023438 0.984375 0.984375 0.984375 0.984375 0.9101563 0.9023438 0.984375 0.6894531 0.9179687 0.6210938 0.5703125 0.6933594 0.703125 0.984375 0.6816406 0.984375 0.5917969 0.890625 0.703125 0.515625 0.546875 0.5117188 0.5742188 0.5078125 0.546875 0.5117188 0.5742188 0.5078125 0.5585938 0.5078125 0.546875 0.5078125 0.5742188 0.5078125 0.5664063 0.5078125 0.5585938 0.5078125 0.5742188 0.5195313 0.5585938 0.5195313 0.5703125 0.5078125 0.5585938 0.5117188 0.5546875 0.5195313 0.5585938 0.5351563 0.5742188 0.5234375 0.5742188 0.5351563 0.5664063 0.5234375 0.5742188 0.5195313 0.5703125 0.5351563 0.5664063 0.5351563 0.5664063 0.5195313 0.5703125 0.5351563 0.5585938 0.5195313 0.5703125 0.5195313 0.5585938 0.5351563 0.5585938 0.5351563 0.5585938 0.5195313 0.5585938 0.5351563 0.546875 0.5195313 0.5585938 0.5234375 0.546875 0.5351563 0.546875 0 0.3984375 0.125 0.3984375 0.5 0.5585938 0.125 0.3984375 0.25 0.3984375 0.5 0.5585938 0.5 0.5585938 0.25 0.3984375 0.375 0.3984375 0 0.3984375 0.125 0.3984375 0.5 0.5585938 0.125 0.3984375 0.25 0.3984375 0.5 0.5585938 0.5 0.5585938 0.25 0.3984375 0.375 0.3984375 0.375 0.3984375 0.5 0.3984375 0.5 0.5585938 0.5 0.3984375 0.625 0.3984375 0.5 0.5585938 0.5 0.5585938 0.625 0.3984375 0.75 0.3984375 1 0.3984375 0.8750001 0.3984375 0.5 0.5585938 0.8750001 0.3984375 0.75 0.3984375 0.5 0.5585938 0.5 0.5585938 0.75 0.3984375 0.625 0.3984375 0.625 0.3984375 0.5 0.3984375 0.5 0.5585938 0.5 0.3984375 0.375 0.3984375 0.5 0.5585938 0.5 0.5585938 0.375 0.3984375 0.25 0.3984375 1 0.3984375 0.8750001 0.3984375 0.5 0.5585938 0.8750001 0.3984375 0.75 0.3984375 0.5 0.5585938 0.5 0.5585938 0.75 0.3984375 0.625 0.3984375 0.625 0.3984375 0.5 0.3984375 0.5 0.5585938 0.5 0.3984375 0.375 0.3984375 0.5 0.5585938 0.5 0.5585938 0.375 0.3984375 0.25 0.3984375 0.5195313 0.546875 0.5351563 0.546875 0.515625 0.5742188 0.5351563 0.546875 0.5234375 0.5742188 0.515625 0.5742188 0.5234375 0.5742188 0.515625 0.5742188 0.5195313 0.5703125 0.515625 0.5742188 0.5078125 0.5742188 0.5195313 0.5703125 1 0.3984375 0.5 0.5585938 0.8750001 0.3984375 0.5 0.5585938 0.75 0.3984375 0.8750001 0.3984375 0.75 0.3984375 0.5 0.5585938 0.625 0.3984375 0.5 0.5585938 0.5 0.3984375 0.625 0.3984375 0.75 0.3984375 0.8750001 0.3984375 0.5 0.5585938 0.8750001 0.3984375 1 0.3984375 0.5 0.5585938 0.25 0.3984375 0.125 0.3984375 0.5 0.5585938 0.125 0.3984375 0 0.3984375 0.5 0.5585938 0.25 0.3984375 0.125 0.3984375 0.5 0.5585938 0.125 0.3984375 0 0.3984375 0.5 0.5585938 0.515625 0.5742188 0.515625 0.546875 0.5195313 0.546875 0.5351563 0.5742188 0.5234375 0.5742188 0.5351563 0.546875 0.375 0.3984375 0.5 0.3984375 0.5 0.5585938 0.3730469 0.5 0.4335938 1.171875 0.3007813 1.171875 0.4765625 0.4179688 0.734375 1.171875 0.4335938 1.171875 0.734375 1.171875 0.9882813 0.4433593 1.011719 1.171875 1.011719 1.171875 1.074219 0.5332031 1.107422 1.171875 0.265625 0.4941406 0.4765625 0.4179688 0.3730469 0.5 0.3984375 0.3867188 0.7382813 0.3925781 0.4765625 0.4179688 0.7382813 0.3925781 1.070312 0.4199219 0.9882813 0.4433593 0.9882813 0.4433593 1.177734 0.5390625 1.074219 0.5332031 0.2988281 0.3632813 0.3984375 0.3867188 0.265625 0.4941406 0.4296875 0.2519531 0.7421875 0.3535156 0.3984375 0.3867188 0.7636719 0.21875 1.070312 0.4199219 0.7421875 0.3535156 1.083984 0.2871094 1.177734 0.5390625 1.070312 0.4199219 -0.4296875 0.5 -0.3691406 1.171875 -0.5019531 1.171875 -0.3242188 0.4179688 -0.06835937 1.171875 -0.3691406 1.171875 -0.06835937 1.171875 0.1875 0.4433593 0.2089843 1.171875 0.2089843 1.171875 -0.08398437 0.5332031 -0.04882812 1.171875 -0.5351563 0.4941406 -0.3242188 0.4179688 -0.4296875 0.5 -0.4023438 0.3867188 -0.06445312 0.3925781 -0.3242188 0.4179688 -0.06445312 0.3925781 0.2695313 0.4199219 0.1875 0.4433593 0.1875 0.4433593 0.01953125 0.5390625 -0.08398437 0.5332031 -0.5019531 0.3632813 -0.4023438 0.3867188 -0.5351563 0.4941406 -0.3710938 0.2519531 -0.06054687 0.3535156 -0.4023438 0.3867188 -0.03710937 0.21875 0.2695313 0.4199219 -0.06054687 0.3535156 0.28125 0.2871094 0.01953125 0.5390625 0.2695313 0.4199219 0.3730469 0.5 0.4335938 1.171875 0.3007813 1.171875 0.4765625 0.4179688 0.734375 1.171875 0.4335938 1.171875 0.734375 1.171875 0.9882813 0.4433593 1.011719 1.171875 1.011719 1.171875 1.074219 0.5332031 1.107422 1.171875 0.265625 0.4941406 0.4765625 0.4179688 0.3730469 0.5 0.3984375 0.3867188 0.7382813 0.3925781 0.4765625 0.4179688 0.7382813 0.3925781 1.070312 0.4199219 0.9882813 0.4433593 0.9882813 0.4433593 1.177734 0.5390625 1.074219 0.5332031 0.2988281 0.3632813 0.3984375 0.3867188 0.265625 0.4941406 0.4296875 0.2519531 0.7421875 0.3535156 0.3984375 0.3867188 0.7636719 0.21875 1.070312 0.4199219 0.7421875 0.3535156 1.083984 0.2871094 1.177734 0.5390625 1.070312 0.4199219 0.1679688 0.28125 0.2285156 1 0.09765625 1 0.2734375 0.1992188 0.5292969 1 0.2285156 1 0.5292969 1 0.7851563 0.2246093 0.8085938 1 0.8085938 1 0.8710938 0.3144531 0.9042969 1 0.0625 0.2753906 0.2734375 0.1992188 0.1679688 0.28125 0.1953125 0.1679688 0.5351563 0.1738281 0.2734375 0.1992188 0.5351563 0.1738281 0.8671875 0.2011718 0.7851563 0.2246093 0.7851563 0.2246093 0.9726563 0.3203125 0.8710938 0.3144531 0.09570312 0.1445312 0.1953125 0.1679688 0.0625 0.2753906 0.2265625 0.03320312 0.5390625 0.1347656 0.1953125 0.1679688 0.5605469 0 0.8671875 0.2011718 0.5390625 0.1347656 0.8808594 0.06835937 0.9726563 0.3203125 0.8671875 0.2011718 0.2617188 0 0.7128906 1 0.2617188 1 0.7128906 0 1 1 0.7128906 1 1 1 0.7128906 0 1 0 0.7128906 1 0 0 0.7128906 0 0.8535156 0.8535156 0.8105469 0.5 1 0.5 0.8105469 0.5 0.8535156 0.1464843 1 0.5 0.6914063 0.3085938 0.5 0 0.8535156 0.1464843 0.5 0 0.3085938 0.3085938 0.1464843 0.1464843 0.1464843 0.1464843 0.2441406 0.5 0 0.5 0.2441406 0.5 0.1464843 0.8535156 0 0.5 0.3359375 0.6640625 0.5 1 0.1464843 0.8535156 0.5 1 0.6542969 0.6542969 0.8535156 0.8535156 0.8535156 0.8535156 0.8105469 0.5 1 0.5 0.8105469 0.5 0.8535156 0.1464843 1 0.5 0.6914063 0.3085938 0.5 0 0.8535156 0.1464843 0.5 0 0.3085938 0.3085938 0.1464843 0.1464843 0.1464843 0.1464843 0.2441406 0.5 0 0.5 0.2441406 0.5 0.1464843 0.8535156 0 0.5 0.3359375 0.6640625 0.5 1 0.1464843 0.8535156 0.5 1 0.6542969 0.6542969 0.8535156 0.8535156 0.5 0 0.3085938 0.3085938 0.1464843 0.1464843 0.1464843 0.1464843 0.2441406 0.5 0 0.5 0.2441406 0.5 0.1464843 0.8535156 0 0.5 0.3359375 0.6640625 0.5 1 0.1464843 0.8535156 0.5 1 0.6542969 0.6542969 0.8535156 0.8535156 0.8535156 0.8535156 0.8105469 0.5 1 0.5 0.8105469 0.5 0.8535156 0.1464843 1 0.5 0.6914063 0.3085938 0.5 0 0.8535156 0.1464843 0.8105469 0.5 0.6542969 0.6542969 0.5 0.5 0.6542969 0.6542969 0.5 0.7109375 0.5 0.5 0.5 0.5 0.5 0.7109375 0.3359375 0.6640625 0.3359375 0.6640625 0.2441406 0.5 0.5 0.5 0.2441406 0.5 0.3085938 0.3085938 0.5 0.5 0.5 0.5 0.3085938 0.3085938 0.5 0.25 0.5 0.25 0.6914063 0.3085938 0.5 0.5 0.6914063 0.3085938 0.8105469 0.5 0.5 0.5 0.5 0.5 0.8105469 0.5 0.6542969 0.6542969 0.8535156 0.8535156 1 0.5 0.5 0.5 1 0.5 0.8535156 0.1464843 0.5 0.5 0.5 0.5 0.8535156 0.1464843 0.5 0 0.5 0 0.1464843 0.1464843 0.5 0.5 0.1464843 0.1464843 0 0.5 0.5 0.5 0.5 0.5 0 0.5 0.1464843 0.8535156 0.8105469 0.5 0.6542969 0.6542969 0.5 0.5 0.6542969 0.6542969 0.5 0.7109375 0.5 0.5 0.5 0.5 0.5 0.7109375 0.3359375 0.6640625 0.8105469 0.5 0.5 0.5 0.6914063 0.3085938 0.5 0.5 0.5 0.25 0.6914063 0.3085938 0.5 0.25 0.5 0.5 0.3085938 0.3085938 0.5 0.5 0.2441406 0.5 0.3085938 0.3085938 0.3359375 0.6640625 0.5 0.5 0.5 0.7109375 0.5 0.5 0.6542969 0.6542969 0.5 0.7109375 0.8535156 0.8535156 0.5 0.5 0.5 1 0.5 0.5 0.1464843 0.8535156 0.5 1 0.8105469 0.5 0.5 0.5 0.6914063 0.3085938 0.5 0.5 0.5 0.25 0.6914063 0.3085938 0.5 0.25 0.5 0.5 0.3085938 0.3085938 0.5 0.5 0.2441406 0.5 0.3085938 0.3085938 0.3359375 0.6640625 0.2441406 0.5 0.5 0.5 0.3359375 0.6640625 0.2441406 0.5 0.5 0.5 0 0.96875 0 0.96875 0 0.96875 0 0.96875 0 0.96875 0 0.96875 0 0.96875 0 0.96875 0 0.96875 0 0.96875 0 0.96875 0 0.96875 0 0.96875 0 0.96875 0 0.96875 0 0.96875 0 0.96875 0 0.96875 0 0.96875 0 0.96875 0 0.96875 -0.01660156 1.552734 0.383789 1.791016 -0.01660156 1.791016 0.383789 1.552734 0.7841797 1.791016 0.383789 1.791016 0.7841797 1.552734 0.383789 1.791016 0.7841797 1.791016 0.383789 1.552734 -0.01660156 1.791016 0.383789 1.791016 -0.015625 -0.2197265 -0.1005859 -0.4277344 -0.015625 -0.4277344 -0.1005859 -0.2197265 -0.3378906 -0.4277344 -0.1005859 -0.4277344 -0.3378906 -0.4277344 -0.4228516 -0.2197265 -0.4228516 -0.4277344 1.388672 0.9960938 1.588867 0.3496093 1.588867 0.9960938 1.388672 0.3496093 1.588867 0.9960938 1.588867 0.3496093 -0.4042969 1.571289 -0.6953125 1.34668 -0.4042969 1.34668 -0.6953125 1.571289 -0.9912109 1.34668 -0.6953125 1.34668 1.984375 2.013672 1.383789 1.569336 1.383789 2.013672 1.984375 1.569336 1.383789 2.013672 1.383789 1.569336 1.572266 0.6572266 1.995117 0.7871094 1.995117 0.6572266 1.572266 0.7871094 1.995117 1.004883 1.995117 0.7871094 0.4960938 1.791016 1.008789 2.024414 1.008789 1.791016 1.008789 2.024414 0.4960938 1.791016 1.008789 1.791016 1.588867 0.9960938 1.388672 0.3496093 1.388672 0.9960938 1.588867 0.3496093 1.388672 0.9960938 1.388672 0.3496093 -0.4042969 1.34668 -0.6953125 1.571289 -0.4042969 1.571289 -0.6953125 1.34668 -0.9912109 1.571289 -0.6953125 1.571289 1.383789 2.013672 1.984375 1.569336 1.984375 2.013672 1.383789 1.569336 1.984375 2.013672 1.984375 1.569336 -0.6103516 0.6445313 -0.2480468 0.7666016 -0.2480468 0.6445313 -0.6103516 0.7666016 -0.2480468 1.000977 -0.2480468 0.7666016 0.01171875 0.6445313 -0.2480468 0.7666016 -0.2480468 0.6445313 0.01171875 0.7666016 -0.2480468 1.000977 -0.2480468 0.7666016 1.995117 0.6572266 1.572266 0.7871094 1.572266 0.6572266 1.995117 0.7871094 1.572266 1.004883 1.572266 0.7871094 -0.2480468 0.6445313 -0.6103516 0.7666016 -0.6103516 0.6445313 -0.2480468 0.7666016 -0.6103516 1.000977 -0.6103516 0.7666016 1.984375 2.013672 1.384766 1.569336 1.984375 1.569336 1.384766 2.013672 1.984375 1.569336 1.384766 1.569336 1.984375 1.569336 1.384766 2.013672 1.984375 2.013672 1.384766 1.569336 1.984375 2.013672 1.384766 2.013672 -0.2480468 0.6445313 0.01171875 0.7666016 0.01171875 0.6445313 -0.2480468 0.7666016 0.01171875 1.000977 0.01171875 0.7666016 0.4960938 2.024414 0.4960938 1.791016 -0.01660156 2.023438 0.4960938 1.791016 -0.01660156 1.791016 -0.01660156 2.023438 -0.01660156 1.791016 0.4960938 1.791016 -0.01660156 2.023438 0.4960938 1.791016 0.4960938 2.024414 -0.01660156 2.023438 0.01171875 -0.3417969 -0.2480468 -0.6464844 0.01171875 -0.6464844 1.995117 -0.1611328 1.572266 -0.6611328 1.995117 -0.6611328 -0.2480468 -0.3417969 -0.6103516 -0.6464844 -0.2480468 -0.6464844 0.01171875 0.3515625 -0.2480468 0.3515625 0.01171875 0.3515625 -0.4746093 0.7666016 -0.5576172 1.000977 -0.5576172 0.7666016 1.995117 0.3515625 1.572266 0.3515625 1.995117 0.3515625 -0.2480468 0.3515625 -0.4570313 0.3515625 -0.2480468 0.3515625 -0.2480468 -0.6464844 0.01171875 -0.3417969 0.01171875 -0.6464844 1.572266 -0.6611328 1.995117 -0.1611328 1.995117 -0.6611328 -0.4570313 0.3515625 -0.2480468 0.3515625 -0.2480468 0.3515625 0 0.9453125 0 0.9453125 0 0.9453125 0 0.6113281 0 0.6113281 0 0.6113281 0.5917969 0.5771484 0.3828125 0.5820313 0.3828125 0.5771484 0 0.6132813 0 0.6132813 0 0.6132813 0 0.6132813 0 0.6132813 0 0.6132813 0.5917969 0.5771484 0.3828125 0.5800781 0.3828125 0.5771484 0 0.6113281 0 0.6113281 0 0.6113281 0 0.9453125 0 0.9453125 0 0.9453125 0.3916016 0.3583984 0.5917969 0.546875 0.3759766 0.546875 -0.2480468 0.3515625 0.01171875 0.3515625 0.01171875 0.3515625 0.3916016 0.3583984 0.5917969 0.5478516 0.3759766 0.5478516 -0.6103516 -0.6464844 -0.2480468 -0.3417969 -0.2480468 -0.6464844 0.3017578 0.1826172 0.2871094 0.2148438 0.2871094 0.1748046 0.1103515 0.015625 0.4541016 0.234375 0.1103515 0.234375 0.2861328 0.2148438 0.2724609 0.1826172 0.2861328 0.1748046 0.2714844 0.1748046 0.2480468 0.2148438 0.2480468 0.1748046 1.572266 0.3515625 1.995117 0.3515625 1.995117 0.3515625 -0.5576172 1.000977 -0.4746093 0.7666016 -0.5576172 0.7666016 0.07226562 1.571289 0 1.34668 0.07226562 1.34668 0 1.34668 0.07226562 1.571289 0.07226562 1.34668 1.382812 0.4707031 1.605469 0.5751953 1.382812 0.5751953 1.382812 0.4707031 1.382812 0.5751953 1.605469 0.5751953 0.78125 0.7070313 0.78125 0.7070313 0.78125 0.7070313 0.78125 0.7070313 0.78125 0.7070313 0.78125 0.7070313 0.78125 0.7070313 0.78125 0.7070313 0.78125 0.7070313 0.78125 0.7070313 0.78125 0.7070313 0.78125 0.7070313 0.78125 0.7070313 0.78125 0.7070313 0.78125 0.7070313 0.78125 0.7070313 0.78125 0.7070313 0.78125 0.7070313 0.78125 0.7070313 0.78125 0.7070313 0.78125 0.7070313 0.78125 0.7070313 0.78125 0.7070313 0.78125 0.7070313 0.78125 0.7070313 0.78125 0.7070313 0.78125 0.7070313 0.78125 0.7070313 0.78125 0.7070313 0.78125 0.7070313 0.78125 0.7070313 0.78125 0.7070313 0.78125 0.7070313 0.78125 0.7070313 0.78125 0.7070313 0.78125 0.7070313 0.78125 0.7070313 0.78125 0.7070313 0.78125 0.7070313 0.78125 0.7070313 0.78125 0.7070313 0.78125 0.7070313 0.78125 0.7070313 0.78125 0.7070313 0.78125 0.7070313 0.78125 0.7070313 0.78125 0.7070313 0.78125 0.7070313 0.78125 0.7070313 0.78125 0.7070313 0.78125 0.7070313 0.78125 0.7070313 0.78125 0.7070313 0.78125 0.7070313 0.78125 0.7070313 0.78125 0.7070313 0.78125 0.7070313 0.78125 0.7070313 0.78125 0.7070313 0.78125 0.7070313 0.78125 0.7070313 0.78125 0.7070313 0.78125 0.7070313 0.78125 0.7070313 0.78125 0.7070313 0.78125 0.7070313 0.78125 0.7070313 0.78125 0.7070313 0.78125 0.7070313 0.78125 0.7070313 0.78125 0.7070313 0.78125 0.7070313 0.78125 0.7070313 0.78125 0.7070313 0.78125 0.7070313 0.78125 0.7070313 0.78125 0.7070313 0.78125 0.7070313 -2.560547 -1.042969 -2.533203 -0.015625 -2.806641 -0.015625 -2.445312 -1.042969 -1.501953 -0.015625 -2.533203 -0.015625 -1.390625 -1.042969 -1.335937 -0.015625 -1.501953 -0.015625 -1.335937 -0.015625 -1.041016 -1.042969 -0.8730469 -0.015625 -1.041016 -1.042969 -1.376953 -0.015625 -0.8730469 -0.015625 -1.542969 -1.042969 -1.869141 -0.015625 -1.376953 -0.015625 -1.869141 -0.015625 -2.726562 -1.042969 -2.224609 -0.015625 -2.224609 -0.015625 -2.988281 -1.042969 -2.394531 -0.015625 -2.394531 -0.015625 -3.328125 -1.042969 -3.328125 -0.015625 0.78125 0.7070313 0.78125 0.7070313 0.78125 0.7070313 0.78125 0.7070313 0.78125 0.7070313 0.78125 0.7070313 0.78125 0.7070313 0.78125 0.7070313 0.78125 0.7070313 0.78125 0.7070313 0.78125 0.7070313 0.78125 0.7070313 0.78125 0.7070313 0.78125 0.7070313 0.78125 0.7070313 0.78125 0.7070313 0.78125 0.7070313 0.78125 0.7070313 -12.69336 -0.2363281 -14.01562 -1.042969 -12.60352 -1.042969 -14.01562 -0.2363281 -14.72656 -1.042969 -14.01562 -1.042969 -14.78125 -0.2363281 -15.26562 -1.042969 -14.72656 -1.042969 -15.375 -0.2363281 -15.74805 -1.042969 -15.26562 -1.042969 -15.71094 -0.2363281 -15.93164 -1.042969 -15.74805 -1.042969 -15.93164 -1.042969 -16.75586 -0.2363281 -16.16797 -1.042969 1.775391 -1.042969 1.087891 -0.015625 1.087891 -1.042969 1.087891 -0.015625 0.8378906 -1.042969 1.087891 -1.042969 0.8378906 -0.015625 0.390625 -1.042969 0.8378906 -1.042969 0.390625 -0.015625 0.1445312 -1.042969 0.390625 -1.042969 0.1445312 -0.015625 -0.53125 -1.042969 0.1445312 -1.042969 -11.46094 -1.042969 -11.22656 -0.015625 -11.77148 -0.015625 -11.31055 -1.042969 -9.919922 -0.015625 -11.22656 -0.015625 -9.929688 -1.042969 -9.322266 -0.015625 -9.919922 -0.015625 -9.341797 -1.042969 -6.726562 -0.015625 -9.322266 -0.015625 0.78125 0.7070313 0.78125 0.7070313 0.78125 0.7070313 0.78125 0.7070313 0.78125 0.7070313 0.78125 0.7070313 0.78125 0.7070313 0.78125 0.7070313 0.78125 0.7070313 -11.6582 -1.042969 -12.22461 -0.2363281 -12.69336 -0.2363281 -12.22461 -0.2363281 -11.46094 -1.042969 -11.77148 -0.2363281 -11.6582 -1.042969 -12.23242 -0.2363281 -12.69336 -0.2363281 -12.23242 -0.2363281 -11.46094 -1.042969 -11.77148 -0.2363281 -11.46094 -1.042969 -10.46289 -0.015625 -11.77148 -0.015625 -10.46289 -0.015625 -9.929688 -1.042969 -9.919922 -0.015625 1.076172 -0.015625 1.365234 -1.042969 1.365234 -0.015625 1.365234 -1.042969 2.035156 -0.015625 1.365234 -0.015625 1.076172 -1.042969 1.365234 -0.015625 1.365234 -1.042969 -0.0703125 -0.015625 -0.5605469 -1.042969 -0.0703125 -1.042969 -0.9863281 -0.015625 -1.207031 -1.042969 -0.9863281 -1.042969 0.78125 0.7070313 0.78125 0.7070313 0.78125 0.7070313 -14.01562 -0.2363281 -14.72656 -1.042969 -14.01562 -1.042969 -6.726562 -0.015625 -9.341797 -1.042969 -6.785156 -1.042969 -9.322266 -0.015625 -9.929688 -1.042969 -9.341797 -1.042969 1.580078 -0.015625 0.2597656 -1.042969 0.2597656 -0.015625 -0.6152344 -0.015625 -0.3457031 -1.042969 -0.8339844 -1.042969 -0.01171875 -0.015625 0.6171875 -1.042969 0.5390625 -0.015625 2.220703 -0.015625 2.462891 -1.042969 2.919922 -0.015625 0.78125 0.7070313 0.78125 0.7070313 0.78125 0.7070313 2.220703 -1.042969 2.220703 -0.015625 1.775391 -1.042969 0.78125 0.7070313 0.78125 0.7070313 0.78125 0.7070313 -11.6582 -1.042969 -12.69336 -0.2363281 -12.60352 -1.042969 -0.53125 -1.042969 -0.9863281 -0.015625 -0.9863281 -1.042969 -12.69336 -0.2363281 -12.60352 -1.042969 -11.6582 -1.042969 -0.5488281 0.8808594 -0.5488281 0.8808594 -0.5488281 0.8808594 -0.5488281 0.8808594 -0.5488281 0.8808594 -0.5488281 0.8808594 -0.5488281 0.8808594 -0.5488281 0.8808594 -0.5488281 0.8808594 -0.5488281 0.8808594 -0.5488281 0.8808594 -0.5488281 0.8808594 -0.5488281 0.8808594 -0.5488281 0.8808594 -0.5488281 0.8808594 -0.5488281 0.8808594 -0.5488281 0.8808594 -0.5488281 0.8808594 -0.6425781 -0.921875 -0.6425781 -0.921875 -0.6425781 -0.921875 -0.6425781 -0.921875 -0.6425781 -0.921875 -0.6425781 -0.921875 -0.6425781 -0.921875 -0.6425781 -0.921875 -0.6425781 -0.921875 -0.6425781 -0.921875 -0.6425781 -0.921875 -0.6425781 -0.921875 -0.6425781 -0.921875 -0.6425781 -0.921875 -0.6425781 -0.921875 -0.6425781 -0.921875 -0.6425781 -0.921875 -0.6425781 -0.921875 -0.6425781 -0.921875 -0.6425781 -0.921875 -0.6425781 -0.921875 -0.6425781 -0.921875 -0.6425781 -0.921875 -0.6425781 -0.921875 -0.6425781 -0.921875 -0.6425781 -0.921875 -0.6425781 -0.921875 -0.6425781 -0.921875 -0.6425781 -0.921875 -0.6425781 -0.921875 -0.6425781 -0.921875 -0.6425781 -0.921875 -0.6425781 -0.921875 -0.6425781 -0.921875 -0.6425781 -0.921875 -0.6425781 -0.921875 -1.513672 4.046875 -1.513672 4.046875 -1.513672 4.046875 -1.513672 4.046875 -1.513672 4.046875 -1.513672 4.046875 -1.513672 4.046875 -1.513672 4.046875 -1.513672 4.046875 -1.513672 4.046875 -1.513672 4.046875 -1.513672 4.046875 -1.513672 4.046875 -1.513672 4.046875 -1.513672 4.046875 -18.00977 4.96875 -18.28125 4.96875 -18.00977 4.96875 -18.28125 4.96875 -18.76953 4.96875 -18.76953 4.96875 -18.76953 4.96875 -19.03516 4.96875 -19.03516 4.96875 -19.03516 4.96875 -19.77344 4.96875 -19.03516 4.96875 -18.00977 2.976562 -18.28125 2.419922 -18.00977 2.419922 -18.28125 2.976562 -18.76953 2.419922 -18.28125 2.419922 -18.76953 2.976562 -19.03516 2.419922 -18.76953 2.419922 -19.03516 2.976562 -19.77344 2.419922 -19.03516 2.419922 1.765625 -1.046875 1.734375 -1.046875 1.765625 -1.046875 1.734375 -1.046875 1.708984 -1.046875 1.734375 -1.046875 1.708984 -1.046875 1.642578 -1.046875 1.708984 -1.046875 -0.4863281 3.869141 -0.4863281 3.869141 -0.4863281 3.869141 -0.4863281 3.869141 -0.4863281 3.869141 -0.4863281 3.869141 -0.4863281 3.869141 -0.4863281 3.869141 -0.4863281 3.869141 2.763672 -3.046875 4.253906 -3 2.763672 -3 4.253906 -3.046875 4.494141 -3 4.253906 -3 4.494141 -3.046875 4.75 -3 4.494141 -3 -0.6328125 0.09570312 -0.6328125 0.09570312 -0.6328125 0.09570312 -0.6328125 0.09570312 -0.6328125 0.09570312 -0.6328125 0.09570312 -0.6328125 0.09570312 -0.6328125 0.09570312 -0.6328125 0.09570312 -3.568359 3.84375 -3.568359 3.84375 -3.568359 3.84375 -3.568359 3.84375 -3.568359 3.84375 -3.568359 3.84375 -3.568359 3.84375 -3.568359 3.84375 -3.568359 3.84375 -2.308594 2.849609 -2.308594 2.849609 -2.308594 2.849609 -2.308594 2.849609 -2.308594 2.849609 -2.308594 2.849609 -16.77344 2.976562 -17.25977 2.419922 -16.77344 2.419922 -17.25977 2.976562 -18.00977 2.419922 -17.25977 2.419922 -19.79492 4.96875 -20.29102 4.96875 -19.79492 4.96875 -20.29102 4.96875 -20.53125 4.96875 -20.29102 4.96875 -17.25977 4.96875 -16.77344 4.96875 -17.25977 4.96875 -16.77344 4.96875 -16.50977 4.96875 -16.77344 4.96875 0.5585938 -1.148437 0.5585938 -1.148437 0.5585938 -1.148437 0.5585938 -1.148437 0.2011718 -1.175781 0.3789063 -1.162109 0.06445312 0.9453125 0.009765625 0.9453125 0.01171875 0.9453125 0.06054687 0.9453125 0.005859375 0.8554687 0.009765625 0.9453125 4.494141 -3.046875 4.253906 -3.925781 4.494141 -3.925781 4.253906 -3.046875 2.763672 -3.925781 4.253906 -3.925781 -0.6425781 -0.921875 -0.6425781 -0.921875 -0.6425781 -0.921875 -0.6425781 -0.921875 -0.6425781 -0.921875 -0.6425781 -0.921875 -3.568359 3.84375 -3.568359 3.84375 -3.568359 3.84375 -3.568359 3.84375 -3.568359 3.84375 -3.568359 3.84375 -1.513672 4.046875 -1.513672 4.046875 -1.513672 4.046875 -1.513672 4.046875 -1.513672 4.046875 -1.513672 4.046875 -2.308594 2.849609 -2.308594 2.849609 -2.308594 2.849609 -2.308594 2.849609 -2.308594 2.849609 -2.308594 2.849609 -1.513672 4.046875 -1.513672 4.046875 -1.513672 4.046875 -1.513672 4.046875 -1.513672 4.046875 -1.513672 4.046875 0.5585938 -1.148437 0.5585938 -1.148437 0.5585938 -1.148437 -0.4863281 3.869141 -0.4863281 3.869141 -0.4863281 3.869141 -16.32617 3.507812 -16.32617 3.507812 -16.32617 3.507812 4.494141 -1.046875 4.75 -1.046875 4.75 -1.046875 0.2011718 -1.175781 0.2011718 -1.175781 0.2011718 -1.175781 -18.00977 4.96875 -17.25977 4.96875 -17.25977 4.96875 -16.32617 3.507812 -16.32617 3.507812 -16.32617 3.507812 -20.29102 2.419922 -19.79492 2.976562 -20.29102 2.976562 -0.4863281 3.869141 -0.4863281 3.869141 -0.4863281 3.869141 -0.6796875 -1.929688 -0.6796875 -1.929688 -0.6796875 -1.929688 0.005859375 0.8554687 0.04882812 0.8554687 0 0.8554687 -0.6269531 0.9453125 -0.6269531 0.9453125 -0.6269531 0.9453125 -1.513672 4.046875 -1.513672 4.046875 -1.513672 4.046875 -0.6796875 -1.929688 -0.6796875 -1.929688 -0.6796875 -1.929688 -0.6425781 -0.921875 -0.6425781 -0.921875 -0.6425781 -0.921875 4.753906 -5.490234 3.253906 -8.845704 4.753906 -8.845704 3.253906 -5.236328 2.205078 -8.845704 3.253906 -8.845704 2.205078 -8.845704 1.363281 -5.240234 1.363281 -8.845704 1.363281 -8.845704 0.9335938 -5.388672 0.9335938 -8.845704 0.9335938 -8.845704 0.28125 -5.548828 0.28125 -8.845704 0.28125 -8.845704 -0.6484375 -5.574219 -0.6484375 -8.845704 -0.6484375 -5.574219 -1.523437 -8.845704 -0.6484375 -8.845704 -1.523437 -8.845704 -2.085938 -5.353516 -2.085938 -8.845704 -2.085938 -5.353516 -2.5625 -8.845704 -2.085938 -8.845704 -2.5625 -5.353516 -2.912109 -8.845704 -2.5625 -8.845704 -2.912109 -5.353516 -3.539062 -8.845704 -2.912109 -8.845704 -3.539062 -5.353516 -6.609375 -8.845704 -3.539062 -8.845704 -6.609375 9.845704 -3.539062 8.404297 -3.539062 9.845704 -6.609375 8.404297 -3.539062 7.998047 -3.539062 8.404297 -6.609375 7.998047 -3.539062 4.644531 -3.539062 7.998047 -6.609375 4.644531 -3.539062 3.841797 -3.539062 4.644531 -6.609375 3.841797 -3.539062 0.3964844 -3.539062 3.841797 -6.609375 0.3964844 -3.539062 -0.0234375 -3.539062 0.3964844 -6.609375 -0.0234375 -3.539062 -1.246094 -3.539062 -0.0234375 -6.609375 -1.246094 -3.539062 -2.283203 -3.539062 -1.246094 -6.609375 -2.283203 -3.539062 -3.300781 -3.539062 -2.283203 -6.609375 -3.300781 -3.539062 -5.353516 -3.539062 -3.300781 -3.539062 7.998047 -2.912109 4.644531 -2.912109 7.998047 -3.539062 4.644531 -2.912109 3.841797 -2.912109 4.644531 -3.539062 3.841797 -2.912109 0.3964844 -2.912109 3.841797 -3.539062 0.3964844 -2.912109 -0.0234375 -2.912109 0.3964844 -3.539062 -0.0234375 -2.912109 -1.246094 -2.912109 -0.0234375 -3.539062 -1.246094 -2.912109 -2.283203 -2.912109 -1.246094 -3.539062 -2.283203 -2.912109 -3.300781 -2.912109 -2.283203 -2.912109 -3.300781 -3.539062 -5.353516 -2.912109 -5.353516 -3.539062 8.404297 -2.912109 9.845704 -3.539062 9.845704 -2.912109 8.404297 -0.6757813 9.845704 -2.912109 9.845704 -0.6757813 8.404297 0.1679688 9.845704 -0.6757813 9.845704 0.1679688 8.404297 2.427734 9.845704 0.1679688 9.845704 2.427734 8.404297 3.042969 9.845704 2.427734 9.845704 3.042969 8.404297 4.753906 9.845704 3.042969 9.845704 4.753906 8.404297 7.357422 9.845704 4.753906 9.845704 1.275391 -0.4902344 1.603516 -0.0234375 1.273437 -0.0234375 1.603516 -0.0234375 1.925781 -0.4765625 1.925781 -0.0234375 1.925781 -0.0234375 2.445312 -0.4511719 2.433594 -0.0234375 2.445312 -0.4511719 3.052734 -0.0234375 2.433594 -0.0234375 3.070312 -0.4511719 4.753906 -0.0234375 3.052734 -0.0234375 4.753906 -0.4511719 7.357422 -0.0234375 4.753906 -0.0234375 1.072266 0.3964844 0.9140625 -0.0234375 1.058594 -0.0234375 1.058594 -0.0234375 0.9140625 -0.4511719 1.058594 -0.4667969 1.058594 -0.4667969 0.9140625 -0.8359375 1.058594 -0.8359375 0.9140625 -0.8359375 1.058594 -2.167969 1.058594 -0.8359375 0.9140625 -2.167969 1.109375 -2.333984 1.058594 -2.167969 -2.085938 -5.353516 -2.5625 -3.300781 -2.5625 -5.353516 -2.085938 -3.300781 -2.5625 -2.283203 -2.5625 -3.300781 -2.085938 -2.283203 -2.5625 -1.246094 -2.5625 -2.283203 -2.085938 -1.246094 -2.5625 -0.0234375 -2.5625 -1.246094 -2.085938 -0.0234375 -2.5625 0.3964844 -2.5625 -0.0234375 -2.912109 0.3964844 -2.5625 -0.0234375 -2.5625 0.3964844 -2.912109 -0.0234375 -2.5625 -1.246094 -2.5625 -0.0234375 -2.912109 -1.246094 -2.5625 -2.283203 -2.5625 -1.246094 -2.912109 -2.283203 -2.5625 -3.300781 -2.5625 -2.283203 -2.912109 -3.300781 -2.5625 -5.353516 -2.5625 -3.300781 1.271484 -2.333984 1.058594 -2.167969 1.109375 -2.333984 1.271484 -2.167969 1.058594 -0.8359375 1.058594 -2.167969 1.058594 -0.8359375 1.275391 -0.4902344 1.058594 -0.4667969 1.058594 -0.4667969 1.273437 -0.0234375 1.058594 -0.0234375 1.925781 -0.0234375 2.427734 0.3964844 1.925781 0.3964844 2.433594 -0.0234375 3.042969 0.3964844 2.427734 0.3964844 3.052734 -0.0234375 4.753906 0.3964844 3.042969 0.3964844 4.753906 -0.0234375 7.357422 0.3964844 4.753906 0.3964844 4.753906 -0.8359375 7.357422 -2.283203 7.357422 -0.8359375 4.753906 -2.283203 7.357422 -3.300781 7.357422 -2.283203 4.753906 -3.300781 7.357422 -5.353516 7.357422 -3.300781 4.753906 -5.490234 7.357422 -8.845704 7.357422 -5.353516 -2.085938 0.3964844 -1.703125 -0.0234375 -1.703125 0.3964844 -2.085938 -0.0234375 -1.703125 -1.246094 -1.703125 -0.0234375 -2.085938 -1.246094 -1.703125 -2.283203 -1.703125 -1.246094 -2.085938 -2.283203 -1.703125 -3.300781 -1.703125 -2.283203 3.042969 8.404297 4.753906 7.998047 4.753906 8.404297 3.042969 7.998047 4.753906 4.644531 4.753906 7.998047 3.042969 4.644531 4.753906 3.841797 4.753906 4.644531 3.042969 3.841797 4.753906 0.3964844 4.753906 3.841797 4.753906 8.404297 7.357422 7.998047 7.357422 8.404297 4.753906 7.998047 7.357422 4.644531 7.357422 7.998047 4.753906 4.644531 7.357422 3.841797 7.357422 4.644531 4.753906 3.841797 7.357422 0.3964844 7.357422 3.841797 0.9140625 -2.167969 0.8925781 -0.8359375 0.890625 -2.273438 0.8925781 -0.8359375 0.9140625 -0.4511719 0.8925781 -0.4511719 0.9140625 -0.4511719 0.8925781 -0.0234375 0.8925781 -0.4511719 2.451172 -0.8359375 3.070312 -0.4511719 2.445312 -0.4511719 3.082031 -0.8359375 4.753906 -0.4511719 3.070312 -0.4511719 4.753906 -0.8359375 7.357422 -0.4511719 4.753906 -0.4511719 2.427734 8.404297 0.1679688 7.998047 2.427734 7.998047 0.1679688 8.404297 -0.6757813 7.998047 0.1679688 7.998047 -0.6757813 8.404297 -2.912109 7.998047 -0.6757813 7.998047 2.427734 7.998047 3.042969 4.644531 3.042969 7.998047 2.427734 4.644531 3.042969 3.841797 3.042969 4.644531 2.427734 3.841797 3.042969 0.3964844 3.042969 3.841797 1.296875 0.3964844 1.072266 0.3964844 1.296875 0.3964844 1.072266 0.3964844 1.058594 -0.0234375 1.296875 0.3964844 1.296875 0.3964844 1.058594 -0.0234375 1.273437 -0.0234375 1.925781 -0.0234375 1.925781 0.3964844 1.603516 -0.0234375 1.925781 0.3964844 1.296875 0.3964844 1.603516 -0.0234375 1.603516 -0.0234375 1.296875 0.3964844 1.273437 -0.0234375 2.445312 -0.4511719 1.925781 -0.4765625 2.451172 -0.8359375 1.925781 -0.4765625 1.75 -0.8359375 2.451172 -0.8359375 -1.703125 -3.300781 -2.085938 -3.300781 -1.496094 -5.353516 -2.085938 -3.300781 -2.085938 -5.353516 -1.496094 -5.353516 1.271484 -0.8359375 1.316406 -0.8359375 1.275391 -0.4902344 1.316406 -0.8359375 1.603516 -0.4824219 1.275391 -0.4902344 2.427734 7.998047 3.042969 7.998047 2.427734 8.404297 3.042969 7.998047 3.042969 8.404297 2.427734 8.404297 -2.912109 7.998047 -2.912109 8.404297 -3.539062 7.998047 -2.912109 8.404297 -3.539062 8.404297 -3.539062 7.998047 1.316406 -0.8359375 1.75 -0.8359375 1.603516 -0.4824219 1.75 -0.8359375 1.925781 -0.4765625 1.603516 -0.4824219 1.316406 -0.8359375 1.271484 -2.167969 1.316406 -2.273438 1.316406 -2.273438 1.271484 -2.167969 1.271484 -2.333984 0.8925781 -0.0234375 0.9140625 -0.0234375 0.8886719 0.3964844 0.984375 -2.333984 0.9140625 -2.167969 0.890625 -2.273438 -0.46875 0.96875 -0.03125 0.53125 -0.03125 0.96875 -0.46875 0.53125 -0.03125 0.96875 -0.46875 0.96875 -0.46875 0.53125 -0.03125 0.96875 -0.46875 0.96875 -0.46875 0.96875 -0.03125 0.53125 -0.03125 0.96875 -0.46875 0.96875 -0.03125 0.53125 -0.03125 0.96875 -0.46875 0.53125 -0.03125 0.96875 -0.46875 0.96875 -0.46875 0.53125 -0.03125 0.96875 -0.46875 0.96875 -0.46875 0.53125 -0.03125 0.96875 -0.46875 0.96875 -0.96875 0.53125 -0.53125 0.96875 -0.96875 0.96875 -0.96875 0.53125 -0.53125 0.96875 -0.96875 0.96875 -0.96875 0.53125 -0.53125 0.96875 -0.96875 0.96875 -0.96875 0.53125 -0.53125 0.96875 -0.96875 0.96875 -0.96875 0.53125 -0.53125 0.96875 -0.96875 0.96875 -0.96875 0.53125 -0.53125 0.96875 -0.96875 0.96875 -0.96875 0.53125 -0.53125 0.96875 -0.96875 0.96875 -0.96875 0.53125 -0.53125 0.96875 -0.96875 0.96875 -0.46875 0.03125 -0.03125 0.46875 -0.46875 0.46875 -0.03125 0.03125 -0.46875 0.46875 -0.46875 0.03125 -0.03125 0.03125 -0.46875 0.46875 -0.46875 0.03125 -0.46875 0.03125 -0.03125 0.46875 -0.46875 0.46875 -0.46875 0.03125 -0.03125 0.46875 -0.46875 0.46875 -0.03125 0.03125 -0.46875 0.46875 -0.46875 0.03125 -0.03125 0.03125 -0.46875 0.46875 -0.46875 0.03125 -0.46875 0.03125 -0.03125 0.46875 -0.46875 0.46875 -0.53125 0.03125 -0.96875 0.46875 -0.96875 0.03125 -0.53125 0.03125 -0.96875 0.46875 -0.96875 0.03125 -0.53125 0.03125 -0.96875 0.46875 -0.96875 0.03125 -0.53125 0.03125 -0.96875 0.46875 -0.96875 0.03125 -0.53125 0.03125 -0.96875 0.46875 -0.96875 0.03125 -0.53125 0.03125 -0.96875 0.46875 -0.96875 0.03125 -0.96875 0.46875 -0.53125 0.03125 -0.53125 0.46875 -0.96875 0.46875 -0.53125 0.03125 -0.53125 0.46875 -0.46875 0.96875 -0.03125 0.53125 -0.03125 0.96875 -0.46875 0.53125 -0.03125 0.96875 -0.46875 0.96875 -0.46875 0.53125 -0.03125 0.96875 -0.46875 0.96875 -0.46875 0.96875 -0.03125 0.53125 -0.03125 0.96875 -0.46875 0.96875 -0.03125 0.53125 -0.03125 0.96875 -0.46875 0.53125 -0.03125 0.96875 -0.46875 0.96875 -0.46875 0.53125 -0.03125 0.96875 -0.46875 0.96875 -0.46875 0.53125 -0.03125 0.96875 -0.46875 0.96875 -0.96875 0.53125 -0.53125 0.96875 -0.96875 0.96875 -0.96875 0.53125 -0.53125 0.96875 -0.96875 0.96875 -0.96875 0.53125 -0.53125 0.96875 -0.96875 0.96875 -0.96875 0.53125 -0.53125 0.96875 -0.96875 0.96875 -0.96875 0.53125 -0.53125 0.96875 -0.96875 0.96875 -0.96875 0.53125 -0.53125 0.96875 -0.96875 0.96875 -0.96875 0.53125 -0.53125 0.96875 -0.96875 0.96875 -0.96875 0.53125 -0.53125 0.96875 -0.96875 0.96875 -0.46875 0.03125 -0.03125 0.46875 -0.46875 0.46875 -0.03125 0.03125 -0.46875 0.46875 -0.46875 0.03125 -0.03125 0.03125 -0.46875 0.46875 -0.46875 0.03125 -0.46875 0.03125 -0.03125 0.46875 -0.46875 0.46875 -0.46875 0.03125 -0.03125 0.46875 -0.46875 0.46875 -0.03125 0.03125 -0.46875 0.46875 -0.46875 0.03125 -0.03125 0.03125 -0.46875 0.46875 -0.46875 0.03125 -0.46875 0.03125 -0.03125 0.46875 -0.46875 0.46875 -0.53125 0.03125 -0.96875 0.46875 -0.96875 0.03125 -0.53125 0.03125 -0.96875 0.46875 -0.96875 0.03125 -0.53125 0.03125 -0.96875 0.46875 -0.96875 0.03125 -0.53125 0.03125 -0.96875 0.46875 -0.96875 0.03125 -0.53125 0.03125 -0.96875 0.46875 -0.96875 0.03125 -0.53125 0.03125 -0.96875 0.46875 -0.96875 0.03125 -0.96875 0.46875 -0.53125 0.03125 -0.53125 0.46875 -0.96875 0.46875 -0.53125 0.03125 -0.53125 0.46875 -0.46875 0.96875 -0.03125 0.53125 -0.03125 0.96875 -0.46875 0.53125 -0.03125 0.96875 -0.46875 0.96875 -0.46875 0.53125 -0.03125 0.96875 -0.46875 0.96875 -0.46875 0.96875 -0.03125 0.53125 -0.03125 0.96875 -0.46875 0.96875 -0.03125 0.53125 -0.03125 0.96875 -0.46875 0.53125 -0.03125 0.96875 -0.46875 0.96875 -0.46875 0.53125 -0.03125 0.96875 -0.46875 0.96875 -0.46875 0.53125 -0.03125 0.96875 -0.46875 0.96875 -0.96875 0.53125 -0.53125 0.96875 -0.96875 0.96875 -0.96875 0.53125 -0.53125 0.96875 -0.96875 0.96875 -0.96875 0.53125 -0.53125 0.96875 -0.96875 0.96875 -0.96875 0.53125 -0.53125 0.96875 -0.96875 0.96875 -0.96875 0.53125 -0.53125 0.96875 -0.96875 0.96875 -0.96875 0.53125 -0.53125 0.96875 -0.96875 0.96875 -0.96875 0.53125 -0.53125 0.96875 -0.96875 0.96875 -0.96875 0.53125 -0.53125 0.96875 -0.96875 0.96875 -0.46875 0.03125 -0.03125 0.46875 -0.46875 0.46875 -0.03125 0.03125 -0.46875 0.46875 -0.46875 0.03125 -0.03125 0.03125 -0.46875 0.46875 -0.46875 0.03125 -0.46875 0.03125 -0.03125 0.46875 -0.46875 0.46875 -0.46875 0.03125 -0.03125 0.46875 -0.46875 0.46875 -0.03125 0.03125 -0.46875 0.46875 -0.46875 0.03125 -0.03125 0.03125 -0.46875 0.46875 -0.46875 0.03125 -0.46875 0.03125 -0.03125 0.46875 -0.46875 0.46875 -0.53125 0.03125 -0.96875 0.46875 -0.96875 0.03125 -0.53125 0.03125 -0.96875 0.46875 -0.96875 0.03125 -0.53125 0.03125 -0.96875 0.46875 -0.96875 0.03125 -0.53125 0.03125 -0.96875 0.46875 -0.96875 0.03125 -0.53125 0.03125 -0.96875 0.46875 -0.96875 0.03125 -0.53125 0.03125 -0.96875 0.46875 -0.96875 0.03125 -0.96875 0.46875 -0.53125 0.03125 -0.53125 0.46875 -0.96875 0.46875 -0.53125 0.03125 -0.53125 0.46875 -0.46875 0.96875 -0.03125 0.53125 -0.46875 0.53125 -0.03125 0.96875 -0.46875 0.53125 -0.46875 0.96875 -0.03125 0.96875 -0.46875 0.53125 -0.46875 0.96875 -0.46875 0.96875 -0.03125 0.53125 -0.46875 0.53125 -0.46875 0.96875 -0.03125 0.53125 -0.46875 0.53125 -0.03125 0.96875 -0.46875 0.53125 -0.46875 0.96875 -0.03125 0.96875 -0.46875 0.53125 -0.46875 0.96875 -0.03125 0.96875 -0.46875 0.53125 -0.46875 0.96875 -0.53125 0.96875 -0.96875 0.53125 -0.96875 0.96875 -0.53125 0.96875 -0.96875 0.53125 -0.96875 0.96875 -0.53125 0.96875 -0.96875 0.53125 -0.96875 0.96875 -0.53125 0.96875 -0.96875 0.53125 -0.96875 0.96875 -0.53125 0.96875 -0.96875 0.53125 -0.96875 0.96875 -0.53125 0.96875 -0.96875 0.53125 -0.96875 0.96875 -0.53125 0.96875 -0.96875 0.53125 -0.96875 0.96875 -0.53125 0.96875 -0.96875 0.53125 -0.96875 0.96875 -0.46875 0.03125 -0.03125 0.46875 -0.03125 0.03125 -0.46875 0.46875 -0.03125 0.03125 -0.46875 0.03125 -0.46875 0.46875 -0.03125 0.03125 -0.46875 0.03125 -0.46875 0.03125 -0.03125 0.46875 -0.03125 0.03125 -0.46875 0.03125 -0.03125 0.46875 -0.03125 0.03125 -0.46875 0.46875 -0.03125 0.03125 -0.46875 0.03125 -0.46875 0.46875 -0.03125 0.03125 -0.46875 0.03125 -0.46875 0.03125 -0.03125 0.46875 -0.03125 0.03125 -0.96875 0.46875 -0.53125 0.03125 -0.96875 0.03125 -0.96875 0.46875 -0.53125 0.03125 -0.96875 0.03125 -0.96875 0.46875 -0.53125 0.03125 -0.96875 0.03125 -0.96875 0.46875 -0.53125 0.03125 -0.96875 0.03125 -0.96875 0.46875 -0.53125 0.03125 -0.96875 0.03125 -0.96875 0.46875 -0.53125 0.03125 -0.96875 0.03125 -0.53125 0.03125 -0.96875 0.46875 -0.53125 0.46875 -0.53125 0.03125 -0.96875 0.46875 -0.53125 0.46875 1 0 1 1 0 1 1 0 1 1 0 1 0.9882813 0 0.9882813 1 0 1 0 0 0 1 0.9882813 1 0.5419922 0 0.5419922 0.4501953 0.7021485 0.4501953 0.7021485 0.4501953 0.9941406 0.4501953 0.9941406 0 0.9941406 0 0.9941406 0.4501953 0.7021485 0.4501953 0.7021485 0.4501953 0.5517578 0.4501953 0.5517578 0 0 0.4121093 0.3232422 0.3505859 0.3330078 1 0.3330078 1 0.3232422 0.3505859 0.3623047 0.3691406 0.3623047 1 0.3623047 0.3691406 0.7021485 0.5292969 0.7021485 1 0.7021485 0.5292969 1 0.6699219 0.004882812 0.3408203 0.004882812 0 0.3017578 0 0.004882812 0.3408203 0.004882812 0 0.3017578 0 0.2773438 0.3408203 0.2773438 0 0.5742188 0 0.265625 0.3378906 0.265625 0 0.5742188 0 0.2773438 0.3408203 0.2773438 0 0.5742188 0 0.7109375 1 0.7109375 1.304687 0.1796875 1.304687 0.7109375 1.304687 0.7109375 1.742188 0.1796875 1.742188 0.7109375 1.742188 0.7109375 2 0.1796875 2 -0.25 1 -0.4765625 1 -0.4765625 0.765625 -0.4765625 0.765625 -0.4765625 1 -0.5585938 1 -0.25 0.765625 -0.4765625 0.765625 -0.4765625 1 -0.4765625 0.765625 -0.5585938 0.765625 -0.5585938 1 0.1796875 1.304687 0.1796875 1.742188 0 1.742188 0.1796875 1.742188 0.1796875 2 0 2 -0.0078125 1 -0.2460938 1 -0.2460938 0.765625 1.996094 1.003906 1.617187 1.003906 1.617187 0.7851563 -0.2460938 0.765625 -0.2460938 1 -0.0078125 1 1.617187 0.7851563 1.617187 1.003906 1.996094 1.003906 0 1.742188 0.1796875 1.742188 0.1796875 2 0.7109375 1.742188 0.7109375 1.304687 1 1.304687 0.15625 0.1171875 0.7109375 0.1171875 0.7109375 0.8828125 0.7109375 0.1171875 1.195312 0.1171875 1.109375 0.8828125 1.125 0.140625 1.125 0.625 0.890625 0.625 2.203125 0.2421875 1.554687 0.2421875 1.554687 0.71875 1.125 0.625 1.125 0.140625 1.359375 0.140625 0.390625 0.8750001 0.8828125 0.8750001 0.8828125 0.125 0.8515625 0.09375 1.289062 0.140625 1.304687 0.4296875 0.59375 0.0625 0.8515625 0.09375 0.859375 0.546875 0.8515625 0.09375 1.289062 0.140625 1.304687 0.4296875 0.59375 0.0625 0.8515625 0.09375 0.859375 0.546875 1.4375 0.1796875 1.023437 0.8671875 1.867188 0.9609375 1.109375 0.8828125 1.195312 0.1171875 1.390625 0.4609375 1.132812 0.8828125 0.8359375 0.8828125 0.8359375 0.1171875 1.132812 0.8828125 1.132812 0.1171875 1.507812 0.1171875 1.734375 0.8984375 0.8750001 0.8984375 0.7421875 0.453125 1.757812 0.8984375 2.53125 0.8984375 2.53125 0.1328125 -4.164062 1.982422 -4.164062 1.214844 -3.648438 1.078125 -3.683594 1.982422 -3.648438 1.078125 -2.648438 1.027344 -2.796875 1.976562 -2.648438 1.027344 -0.8730469 1.027344 -0.8730469 1.027344 -1.376953 1.027344 -1.208984 1.976562 -1.527344 0.01367187 0.07226562 0.01367187 0.07226562 0.984375 0.07226562 0.01367187 0.90625 0.01367187 0.90625 0.984375 0.90625 0.984375 0.90625 0.01367187 2.527344 0.01367187 -13.0918 0.984375 -14.01562 0.984375 -14.01562 0.05078125 -14.01562 0.984375 -14.83984 0.984375 -14.78125 0.05078125 -14.83984 0.984375 -15.49023 0.984375 -15.375 0.05078125 -15.375 0.05078125 -15.49023 0.984375 -17.04102 0.984375 -0.1933593 0.9765625 0.4335938 0.9765625 0.4335938 0.2988281 0.4335938 0.2988281 0.4335938 0.9765625 1.425781 0.9765625 -9.90625 0.984375 -12.0918 0.984375 -11.77148 0.05078125 -11.77148 0.05078125 -12.0918 0.984375 -12.78711 0.984375 -3.328125 1.976562 -1.703125 1.976562 -1.869141 1.027344 -1.703125 1.976562 -1.208984 1.976562 -1.376953 1.027344 -12.42773 0.984375 -12.78711 0.984375 -12.69336 0.05078125 1.365234 1.273437 1.365234 1.992188 1.240234 1.992188 -6.666016 0.984375 -9.302735 0.984375 -9.322266 0.05078125 -9.302735 0.984375 -9.90625 0.984375 -9.919922 0.05078125 -9.302735 0.984375 -9.90625 0.984375 -9.919922 0.05078125 0.8105469 0.2988281 0.6347656 0.9804687 0.25 0.9804687 1.365234 1.992188 1.365234 1.273437 2.035156 1.273437 -0.3105469 0.9765625 -0.1933593 0.9765625 -0.1933593 0.2988281 -9.302735 0.984375 -9.322266 0.05078125 -6.726562 0.05078125 -12.0918 0.984375 -11.77148 0.05078125 -9.919922 0.05078125 0.6152344 0.984375 0.015625 0.984375 0.015625 0.9179687 0.015625 0.9179687 0.015625 0.5703125 0.6210938 0.5703125 0.015625 0.5703125 0.015625 0.484375 0.5488281 0.484375 0.015625 0.453125 0.015625 0.328125 0.5136719 0.328125 0.5136719 0.328125 0.015625 0.328125 0.015625 0.203125 0.765625 0.203125 0.5917969 0.203125 0.6074219 0.453125 0.5917969 0.203125 0.015625 0.203125 0.015625 0.453125 0.765625 0.734375 0.765625 0.984375 0.6347656 0.984375 0.6347656 0.6992187 0.6347656 0.984375 0.015625 0.984375 0.6855469 0.6386719 0.6679688 0.484375 0.765625 0.484375 0.6738281 0.328125 0.765625 0.328125 0.765625 0.453125 0.7265625 0.2597656 0.6875 0.203125 0.765625 0.203125 0.7265625 0.2597656 0.6875 0.203125 0.765625 0.203125 0.890625 0.8203125 0.796875 0.8046875 0.796875 0.984375 0.6210938 0.5703125 0.5488281 0.484375 0.765625 0.484375 0.984375 0.5917969 0.984375 0.484375 0.796875 0.484375 0.6328125 0.203125 0.6152344 0.453125 0.765625 0.453125 0.6894531 0.9179687 0.765625 0.8515625 0.765625 0.984375 0.765625 0.328125 0.5625 0.328125 0.5742188 0.453125 0.6933594 0.703125 0.765625 0.7304687 0.765625 0.8652344 0.765625 0.984375 0.5742188 0.984375 0.6171875 0.8203125 0.015625 0.203125 0.5527344 0.203125 0.5488281 0.453125 0.890625 0.703125 0.984375 0.5917969 0.796875 0.6171875 0.015625 0.203125 0.015625 0.453125 0.6152344 0.453125 0.015625 0.6992187 0.015625 0.484375 0.5019531 0.484375 0.984375 0.6503906 0.984375 0.484375 0.796875 0.484375 0.515625 0.546875 0.5117188 0.5742188 0.5117188 0.5742188 0.5117188 0.5742188 0.5078125 0.5742188 0.5078125 0.5585938 0.5078125 0.5742188 0.5078125 0.5742188 0.5078125 0.5664063 0.5078125 0.5742188 0.5078125 0.5585938 0.5195313 0.5585938 0.5078125 0.5585938 0.5078125 0.546875 0.5117188 0.5546875 0.515625 0.5742188 0.5117188 0.5742188 0.515625 0.546875 0.3730469 0.5 0.4765625 0.4179688 0.4335938 1.171875 0.4765625 0.4179688 0.7382813 0.3925781 0.734375 1.171875 0.734375 1.171875 0.7382813 0.3925781 0.9882813 0.4433593 1.011719 1.171875 0.9882813 0.4433593 1.074219 0.5332031 0.265625 0.4941406 0.3984375 0.3867188 0.4765625 0.4179688 0.3984375 0.3867188 0.7421875 0.3535156 0.7382813 0.3925781 0.7382813 0.3925781 0.7421875 0.3535156 1.070312 0.4199219 0.9882813 0.4433593 1.070312 0.4199219 1.177734 0.5390625 0.2988281 0.3632813 0.4296875 0.2519531 0.3984375 0.3867188 0.4296875 0.2519531 0.7636719 0.21875 0.7421875 0.3535156 0.7636719 0.21875 1.083984 0.2871094 1.070312 0.4199219 1.083984 0.2871094 1.1875 0.4082031 1.177734 0.5390625 -0.4296875 0.5 -0.3242188 0.4179688 -0.3691406 1.171875 -0.3242188 0.4179688 -0.06445312 0.3925781 -0.06835937 1.171875 -0.06835937 1.171875 -0.06445312 0.3925781 0.1875 0.4433593 0.2089843 1.171875 0.1875 0.4433593 -0.08398437 0.5332031 -0.5351563 0.4941406 -0.4023438 0.3867188 -0.3242188 0.4179688 -0.4023438 0.3867188 -0.06054687 0.3535156 -0.06445312 0.3925781 -0.06445312 0.3925781 -0.06054687 0.3535156 0.2695313 0.4199219 0.1875 0.4433593 0.2695313 0.4199219 0.01953125 0.5390625 -0.5019531 0.3632813 -0.3710938 0.2519531 -0.4023438 0.3867188 -0.3710938 0.2519531 -0.03710937 0.21875 -0.06054687 0.3535156 -0.03710937 0.21875 0.28125 0.2871094 0.2695313 0.4199219 0.28125 0.2871094 0.02929687 0.4082031 0.01953125 0.5390625 0.3730469 0.5 0.4765625 0.4179688 0.4335938 1.171875 0.4765625 0.4179688 0.7382813 0.3925781 0.734375 1.171875 0.734375 1.171875 0.7382813 0.3925781 0.9882813 0.4433593 1.011719 1.171875 0.9882813 0.4433593 1.074219 0.5332031 0.265625 0.4941406 0.3984375 0.3867188 0.4765625 0.4179688 0.3984375 0.3867188 0.7421875 0.3535156 0.7382813 0.3925781 0.7382813 0.3925781 0.7421875 0.3535156 1.070312 0.4199219 0.9882813 0.4433593 1.070312 0.4199219 1.177734 0.5390625 0.2988281 0.3632813 0.4296875 0.2519531 0.3984375 0.3867188 0.4296875 0.2519531 0.7636719 0.21875 0.7421875 0.3535156 0.7636719 0.21875 1.083984 0.2871094 1.070312 0.4199219 1.083984 0.2871094 1.1875 0.4082031 1.177734 0.5390625 0.1679688 0.28125 0.2734375 0.1992188 0.2285156 1 0.2734375 0.1992188 0.5351563 0.1738281 0.5292969 1 0.5292969 1 0.5351563 0.1738281 0.7851563 0.2246093 0.8085938 1 0.7851563 0.2246093 0.8710938 0.3144531 0.0625 0.2753906 0.1953125 0.1679688 0.2734375 0.1992188 0.1953125 0.1679688 0.5390625 0.1347656 0.5351563 0.1738281 0.5351563 0.1738281 0.5390625 0.1347656 0.8671875 0.2011718 0.7851563 0.2246093 0.8671875 0.2011718 0.9726563 0.3203125 0.09570312 0.1445312 0.2265625 0.03320312 0.1953125 0.1679688 0.2265625 0.03320312 0.5605469 0 0.5390625 0.1347656 0.5605469 0 0.8808594 0.06835937 0.8671875 0.2011718 0.8808594 0.06835937 0.9824219 0.1894531 0.9726563 0.3203125 0.2617188 0 0.7128906 0 0.7128906 1 0.7128906 0 1 0 1 1 1 1 0.7128906 1 0.7128906 0 0.7128906 1 0 1 0 0 0.8535156 0.8535156 0.6542969 0.6542969 0.8105469 0.5 0.8105469 0.5 0.6914063 0.3085938 0.8535156 0.1464843 0.6914063 0.3085938 0.5 0.25 0.5 0 0.5 0 0.5 0.25 0.3085938 0.3085938 0.1464843 0.1464843 0.3085938 0.3085938 0.2441406 0.5 0.2441406 0.5 0.3359375 0.6640625 0.1464843 0.8535156 0.3359375 0.6640625 0.5 0.7109375 0.5 1 0.5 1 0.5 0.7109375 0.6542969 0.6542969 0.8535156 0.8535156 0.6542969 0.6542969 0.8105469 0.5 0.8105469 0.5 0.6914063 0.3085938 0.8535156 0.1464843 0.6914063 0.3085938 0.5 0.25 0.5 0 0.5 0 0.5 0.25 0.3085938 0.3085938 0.1464843 0.1464843 0.3085938 0.3085938 0.2441406 0.5 0.2441406 0.5 0.3359375 0.6640625 0.1464843 0.8535156 0.3359375 0.6640625 0.5 0.7109375 0.5 1 0.5 1 0.5 0.7109375 0.6542969 0.6542969 0.5 0 0.5 0.25 0.3085938 0.3085938 0.1464843 0.1464843 0.3085938 0.3085938 0.2441406 0.5 0.2441406 0.5 0.3359375 0.6640625 0.1464843 0.8535156 0.3359375 0.6640625 0.5 0.7109375 0.5 1 0.5 1 0.5 0.7109375 0.6542969 0.6542969 0.8535156 0.8535156 0.6542969 0.6542969 0.8105469 0.5 0.8105469 0.5 0.6914063 0.3085938 0.8535156 0.1464843 0.6914063 0.3085938 0.5 0.25 0.5 0 0 0.96875 0 0.96875 0 0.96875 0 0.96875 0 0.96875 0 0.96875 0 0.96875 0 0.96875 0 0.96875 0 0.96875 0 0.96875 0 0.96875 0 0.96875 0 0.96875 0 0.96875 0 0.96875 0 0.96875 0 0.96875 0 0.96875 0 0.96875 0 0.96875 -0.01660156 1.552734 0.383789 1.552734 0.383789 1.791016 0.383789 1.552734 0.7841797 1.552734 0.7841797 1.791016 0.7841797 1.552734 0.383789 1.552734 0.383789 1.791016 0.383789 1.552734 -0.01660156 1.552734 -0.01660156 1.791016 -0.015625 -0.2197265 -0.1005859 -0.2197265 -0.1005859 -0.4277344 -0.1005859 -0.2197265 -0.3378906 -0.2197265 -0.3378906 -0.4277344 -0.3378906 -0.4277344 -0.3378906 -0.2197265 -0.4228516 -0.2197265 1.388672 0.9960938 1.388672 0.3496093 1.588867 0.3496093 1.388672 0.3496093 1.388672 0.9960938 1.588867 0.9960938 -0.4042969 1.571289 -0.6953125 1.571289 -0.6953125 1.34668 -0.6953125 1.571289 -0.9912109 1.571289 -0.9912109 1.34668 1.984375 2.013672 1.984375 1.569336 1.383789 1.569336 1.984375 1.569336 1.984375 2.013672 1.383789 2.013672 1.572266 0.6572266 1.572266 0.7871094 1.995117 0.7871094 1.572266 0.7871094 1.572266 1.004883 1.995117 1.004883 0.4960938 1.791016 0.4960938 2.024414 1.008789 2.024414 1.008789 2.024414 0.4960938 2.024414 0.4960938 1.791016 1.588867 0.9960938 1.588867 0.3496093 1.388672 0.3496093 1.588867 0.3496093 1.588867 0.9960938 1.388672 0.9960938 -0.4042969 1.34668 -0.6953125 1.34668 -0.6953125 1.571289 -0.6953125 1.34668 -0.9912109 1.34668 -0.9912109 1.571289 1.383789 2.013672 1.383789 1.569336 1.984375 1.569336 1.383789 1.569336 1.383789 2.013672 1.984375 2.013672 -0.6103516 0.6445313 -0.6103516 0.7666016 -0.2480468 0.7666016 -0.6103516 0.7666016 -0.6103516 1.000977 -0.2480468 1.000977 0.01171875 0.6445313 0.01171875 0.7666016 -0.2480468 0.7666016 0.01171875 0.7666016 0.01171875 1.000977 -0.2480468 1.000977 1.995117 0.6572266 1.995117 0.7871094 1.572266 0.7871094 1.995117 0.7871094 1.995117 1.004883 1.572266 1.004883 -0.2480468 0.6445313 -0.2480468 0.7666016 -0.6103516 0.7666016 -0.2480468 0.7666016 -0.2480468 1.000977 -0.6103516 1.000977 1.984375 2.013672 1.384766 2.013672 1.384766 1.569336 1.384766 2.013672 1.984375 2.013672 1.984375 1.569336 1.984375 1.569336 1.384766 1.569336 1.384766 2.013672 1.384766 1.569336 1.984375 1.569336 1.984375 2.013672 -0.2480468 0.6445313 -0.2480468 0.7666016 0.01171875 0.7666016 -0.2480468 0.7666016 -0.2480468 1.000977 0.01171875 1.000977 0.01171875 -0.3417969 -0.2480468 -0.3417969 -0.2480468 -0.6464844 1.995117 -0.1611328 1.572266 -0.1611328 1.572266 -0.6611328 -0.2480468 -0.3417969 -0.6103516 -0.3417969 -0.6103516 -0.6464844 0.01171875 0.3515625 -0.2480468 0.3515625 -0.2480468 0.3515625 -0.4746093 0.7666016 -0.4746093 1.000977 -0.5576172 1.000977 1.995117 0.3515625 1.572266 0.3515625 1.572266 0.3515625 -0.2480468 0.3515625 -0.4570313 0.3515625 -0.4570313 0.3515625 -0.2480468 -0.6464844 -0.2480468 -0.3417969 0.01171875 -0.3417969 1.572266 -0.6611328 1.572266 -0.1611328 1.995117 -0.1611328 -0.4570313 0.3515625 -0.4570313 0.3515625 -0.2480468 0.3515625 0 0.9453125 0 0.9453125 0 0.9453125 0 0.6113281 0 0.6113281 0 0.6113281 0.5917969 0.5771484 0.5917969 0.5820313 0.3828125 0.5820313 0 0.6132813 0 0.6132813 0 0.6132813 0 0.6132813 0 0.6132813 0 0.6132813 0.5917969 0.5771484 0.5917969 0.5800781 0.3828125 0.5800781 0 0.6113281 0 0.6113281 0 0.6113281 0 0.9453125 0 0.9453125 0 0.9453125 0.3916016 0.3583984 0.5917969 0.3583984 0.5917969 0.546875 -0.2480468 0.3515625 -0.2480468 0.3515625 0.01171875 0.3515625 0.3916016 0.3583984 0.5917969 0.3583984 0.5917969 0.5478516 -0.6103516 -0.6464844 -0.6103516 -0.3417969 -0.2480468 -0.3417969 0.3017578 0.1826172 0.3017578 0.2148438 0.2871094 0.2148438 0.1103515 0.015625 0.4541016 0.015625 0.4541016 0.234375 0.2861328 0.2148438 0.2724609 0.2148438 0.2724609 0.1826172 0.2714844 0.1748046 0.2714844 0.2148438 0.2480468 0.2148438 1.572266 0.3515625 1.572266 0.3515625 1.995117 0.3515625 -0.5576172 1.000977 -0.4746093 1.000977 -0.4746093 0.7666016 0.07226562 1.571289 0 1.571289 0 1.34668 0 1.34668 0 1.571289 0.07226562 1.571289 0.78125 0.7070313 0.78125 0.7070313 0.78125 0.7070313 0.78125 0.7070313 0.78125 0.7070313 0.78125 0.7070313 0.78125 0.7070313 0.78125 0.7070313 0.78125 0.7070313 0.78125 0.7070313 0.78125 0.7070313 0.78125 0.7070313 0.78125 0.7070313 0.78125 0.7070313 0.78125 0.7070313 0.78125 0.7070313 0.78125 0.7070313 0.78125 0.7070313 0.78125 0.7070313 0.78125 0.7070313 0.78125 0.7070313 0.78125 0.7070313 0.78125 0.7070313 0.78125 0.7070313 0.78125 0.7070313 0.78125 0.7070313 0.78125 0.7070313 0.78125 0.7070313 0.78125 0.7070313 0.78125 0.7070313 0.78125 0.7070313 0.78125 0.7070313 0.78125 0.7070313 0.78125 0.7070313 0.78125 0.7070313 0.78125 0.7070313 0.78125 0.7070313 0.78125 0.7070313 0.78125 0.7070313 0.78125 0.7070313 0.78125 0.7070313 0.78125 0.7070313 0.78125 0.7070313 0.78125 0.7070313 0.78125 0.7070313 0.78125 0.7070313 0.78125 0.7070313 0.78125 0.7070313 0.78125 0.7070313 0.78125 0.7070313 0.78125 0.7070313 0.78125 0.7070313 0.78125 0.7070313 0.78125 0.7070313 0.78125 0.7070313 0.78125 0.7070313 0.78125 0.7070313 0.78125 0.7070313 0.78125 0.7070313 0.78125 0.7070313 0.78125 0.7070313 0.78125 0.7070313 0.78125 0.7070313 0.78125 0.7070313 0.78125 0.7070313 0.78125 0.7070313 0.78125 0.7070313 0.78125 0.7070313 0.78125 0.7070313 0.78125 0.7070313 0.78125 0.7070313 0.78125 0.7070313 0.78125 0.7070313 0.78125 0.7070313 0.78125 0.7070313 0.78125 0.7070313 0.78125 0.7070313 0.78125 0.7070313 -2.560547 -1.042969 -2.445312 -1.042969 -2.533203 -0.015625 -2.445312 -1.042969 -1.390625 -1.042969 -1.501953 -0.015625 -1.390625 -1.042969 -1.220703 -1.042969 -1.335937 -0.015625 -1.335937 -0.015625 -1.220703 -1.042969 -1.041016 -1.042969 -1.041016 -1.042969 -1.542969 -1.042969 -1.376953 -0.015625 -1.542969 -1.042969 -2.035156 -1.042969 -1.869141 -0.015625 -1.869141 -0.015625 -2.035156 -1.042969 -2.726562 -1.042969 -2.224609 -0.015625 -2.726562 -1.042969 -2.988281 -1.042969 -2.394531 -0.015625 -2.988281 -1.042969 -3.328125 -1.042969 0.78125 0.7070313 0.78125 0.7070313 0.78125 0.7070313 0.78125 0.7070313 0.78125 0.7070313 0.78125 0.7070313 0.78125 0.7070313 0.78125 0.7070313 0.78125 0.7070313 0.78125 0.7070313 0.78125 0.7070313 0.78125 0.7070313 0.78125 0.7070313 0.78125 0.7070313 0.78125 0.7070313 0.78125 0.7070313 0.78125 0.7070313 0.78125 0.7070313 -12.69336 -0.2363281 -14.01562 -0.2363281 -14.01562 -1.042969 -14.01562 -0.2363281 -14.78125 -0.2363281 -14.72656 -1.042969 -14.78125 -0.2363281 -15.375 -0.2363281 -15.26562 -1.042969 -15.375 -0.2363281 -15.71094 -0.2363281 -15.74805 -1.042969 -15.71094 -0.2363281 -15.89062 -0.2363281 -15.93164 -1.042969 -15.93164 -1.042969 -15.89062 -0.2363281 -16.75586 -0.2363281 1.775391 -1.042969 2.220703 -0.015625 1.087891 -0.015625 1.087891 -0.015625 0.8378906 -0.015625 0.8378906 -1.042969 0.8378906 -0.015625 0.390625 -0.015625 0.390625 -1.042969 0.390625 -0.015625 0.1445312 -0.015625 0.1445312 -1.042969 0.1445312 -0.015625 -0.9863281 -0.015625 -0.53125 -1.042969 -11.46094 -1.042969 -11.31055 -1.042969 -11.22656 -0.015625 -11.31055 -1.042969 -9.929688 -1.042969 -9.919922 -0.015625 -9.929688 -1.042969 -9.341797 -1.042969 -9.322266 -0.015625 -9.341797 -1.042969 -6.785156 -1.042969 -6.726562 -0.015625 0.78125 0.7070313 0.78125 0.7070313 0.78125 0.7070313 0.78125 0.7070313 0.78125 0.7070313 0.78125 0.7070313 0.78125 0.7070313 0.78125 0.7070313 0.78125 0.7070313 -11.6582 -1.042969 -11.58984 -1.042969 -12.22461 -0.2363281 -12.22461 -0.2363281 -11.58984 -1.042969 -11.46094 -1.042969 -11.6582 -1.042969 -11.52539 -1.042969 -12.23242 -0.2363281 -12.23242 -0.2363281 -11.52539 -1.042969 -11.46094 -1.042969 -11.46094 -1.042969 -10.08008 -1.042969 -10.46289 -0.015625 -10.46289 -0.015625 -10.08008 -1.042969 -9.929688 -1.042969 1.076172 -0.015625 0.8730469 -1.042969 1.365234 -1.042969 1.365234 -1.042969 2.035156 -1.042969 2.035156 -0.015625 1.076172 -1.042969 0.8730469 -0.015625 1.365234 -0.015625 -0.0703125 -0.015625 -0.359375 -0.015625 -0.5605469 -1.042969 -0.9863281 -0.015625 -1.664062 -0.015625 -1.207031 -1.042969 0.78125 0.7070313 0.78125 0.7070313 0.78125 0.7070313 -14.01562 -0.2363281 -14.78125 -0.2363281 -14.72656 -1.042969 -6.726562 -0.015625 -9.322266 -0.015625 -9.341797 -1.042969 -9.322266 -0.015625 -9.919922 -0.015625 -9.929688 -1.042969 1.580078 -0.015625 1.9375 -1.042969 0.2597656 -1.042969 -0.6152344 -0.015625 -0.3457031 -0.015625 -0.3457031 -1.042969 -0.01171875 -0.015625 -0.3769531 -1.042969 0.6171875 -1.042969 2.220703 -0.015625 2.220703 -1.042969 2.462891 -1.042969 -0.5488281 0.8808594 -0.5488281 0.8808594 -0.5488281 0.8808594 -0.5488281 0.8808594 -0.5488281 0.8808594 -0.5488281 0.8808594 -0.5488281 0.8808594 -0.5488281 0.8808594 -0.5488281 0.8808594 -0.5488281 0.8808594 -0.5488281 0.8808594 -0.5488281 0.8808594 -0.5488281 0.8808594 -0.5488281 0.8808594 -0.5488281 0.8808594 -0.5488281 0.8808594 -0.5488281 0.8808594 -0.5488281 0.8808594 -0.6425781 -0.921875 -0.6425781 -0.921875 -0.6425781 -0.921875 -0.6425781 -0.921875 -0.6425781 -0.921875 -0.6425781 -0.921875 -0.6425781 -0.921875 -0.6425781 -0.921875 -0.6425781 -0.921875 -0.6425781 -0.921875 -0.6425781 -0.921875 -0.6425781 -0.921875 -0.6425781 -0.921875 -0.6425781 -0.921875 -0.6425781 -0.921875 -0.6425781 -0.921875 -0.6425781 -0.921875 -0.6425781 -0.921875 -0.6425781 -0.921875 -0.6425781 -0.921875 -0.6425781 -0.921875 -0.6425781 -0.921875 -0.6425781 -0.921875 -0.6425781 -0.921875 -0.6425781 -0.921875 -0.6425781 -0.921875 -0.6425781 -0.921875 -0.6425781 -0.921875 -0.6425781 -0.921875 -0.6425781 -0.921875 -0.6425781 -0.921875 -0.6425781 -0.921875 -0.6425781 -0.921875 -0.6425781 -0.921875 -0.6425781 -0.921875 -0.6425781 -0.921875 -1.513672 4.046875 -1.513672 4.046875 -1.513672 4.046875 -1.513672 4.046875 -1.513672 4.046875 -1.513672 4.046875 -1.513672 4.046875 -1.513672 4.046875 -1.513672 4.046875 -1.513672 4.046875 -1.513672 4.046875 -1.513672 4.046875 -1.513672 4.046875 -1.513672 4.046875 -1.513672 4.046875 -18.00977 4.96875 -18.28125 4.96875 -18.28125 4.96875 -18.28125 4.96875 -18.28125 4.96875 -18.76953 4.96875 -18.76953 4.96875 -18.76953 4.96875 -19.03516 4.96875 -19.03516 4.96875 -19.77344 4.96875 -19.77344 4.96875 -18.00977 2.976562 -18.28125 2.976562 -18.28125 2.419922 -18.28125 2.976562 -18.76953 2.976562 -18.76953 2.419922 -18.76953 2.976562 -19.03516 2.976562 -19.03516 2.419922 -19.03516 2.976562 -19.77344 2.976562 -19.77344 2.419922 1.765625 -1.046875 1.734375 -1.046875 1.734375 -1.046875 1.734375 -1.046875 1.708984 -1.046875 1.708984 -1.046875 1.708984 -1.046875 1.642578 -1.046875 1.642578 -1.046875 -0.4863281 3.869141 -0.4863281 3.869141 -0.4863281 3.869141 -0.4863281 3.869141 -0.4863281 3.869141 -0.4863281 3.869141 -0.4863281 3.869141 -0.4863281 3.869141 -0.4863281 3.869141 2.763672 -3.046875 4.253906 -3.046875 4.253906 -3 4.253906 -3.046875 4.494141 -3.046875 4.494141 -3 4.494141 -3.046875 4.75 -3.046875 4.75 -3 -0.6328125 0.09570312 -0.6328125 0.09570312 -0.6328125 0.09570312 -0.6328125 0.09570312 -0.6328125 0.09570312 -0.6328125 0.09570312 -0.6328125 0.09570312 -0.6328125 0.09570312 -0.6328125 0.09570312 -3.568359 3.84375 -3.568359 3.84375 -3.568359 3.84375 -3.568359 3.84375 -3.568359 3.84375 -3.568359 3.84375 -3.568359 3.84375 -3.568359 3.84375 -3.568359 3.84375 -2.308594 2.849609 -2.308594 2.849609 -2.308594 2.849609 -2.308594 2.849609 -2.308594 2.849609 -2.308594 2.849609 -16.77344 2.976562 -17.25977 2.976562 -17.25977 2.419922 -17.25977 2.976562 -18.00977 2.976562 -18.00977 2.419922 -19.79492 4.96875 -20.29102 4.96875 -20.29102 4.96875 -20.29102 4.96875 -20.53125 4.96875 -20.53125 4.96875 -17.25977 4.96875 -16.77344 4.96875 -16.77344 4.96875 -16.77344 4.96875 -16.50977 4.96875 -16.50977 4.96875 0.5585938 -1.148437 0.5585938 -1.148437 0.5585938 -1.148437 0.5585938 -1.148437 0.5585938 -1.148437 0.2011718 -1.175781 0.06445312 0.9453125 0.06054687 0.9453125 0.009765625 0.9453125 0.06054687 0.9453125 0.05859375 0.8535156 0.005859375 0.8554687 4.494141 -3.046875 4.253906 -3.046875 4.253906 -3.925781 4.253906 -3.046875 2.763672 -3.046875 2.763672 -3.925781 -0.6425781 -0.921875 -0.6425781 -0.921875 -0.6425781 -0.921875 -0.6425781 -0.921875 -0.6425781 -0.921875 -0.6425781 -0.921875 0.5585938 -1.148437 0.5585938 -1.148437 0.5585938 -1.148437 -0.4863281 3.869141 -0.4863281 3.869141 -0.4863281 3.869141 -16.32617 3.507812 -16.32617 3.507812 -16.32617 3.507812 4.494141 -1.046875 4.494141 -1.046875 4.75 -1.046875 0.2011718 -1.175781 0.2011718 -1.175781 0.2011718 -1.175781 -18.00977 4.96875 -18.00977 4.96875 -17.25977 4.96875 -16.32617 3.507812 -16.32617 3.507812 -16.32617 3.507812 -20.29102 2.419922 -19.79492 2.419922 -19.79492 2.976562 -0.4863281 3.869141 -0.4863281 3.869141 -0.4863281 3.869141 -0.6796875 -1.929688 -0.6796875 -1.929688 -0.6796875 -1.929688 0.005859375 0.8554687 0.05859375 0.8554687 0.04882812 0.8554687 -0.6269531 0.9453125 -0.6269531 0.9453125 -0.6269531 0.9453125 -1.513672 4.046875 -1.513672 4.046875 -1.513672 4.046875 4.753906 -5.490234 3.253906 -5.236328 3.253906 -8.845704 3.253906 -5.236328 2.205078 -5.154297 2.205078 -8.845704 2.205078 -8.845704 2.205078 -5.154297 1.363281 -5.240234 1.363281 -8.845704 1.363281 -5.240234 0.9335938 -5.388672 0.9335938 -8.845704 0.9335938 -5.388672 0.28125 -5.548828 0.28125 -8.845704 0.28125 -5.548828 -0.6484375 -5.574219 -0.6484375 -5.574219 -1.496094 -5.353516 -1.523437 -8.845704 -1.523437 -8.845704 -1.496094 -5.353516 -2.085938 -5.353516 -2.085938 -5.353516 -2.5625 -5.353516 -2.5625 -8.845704 -2.5625 -5.353516 -2.912109 -5.353516 -2.912109 -8.845704 -2.912109 -5.353516 -3.539062 -5.353516 -3.539062 -8.845704 -3.539062 -5.353516 -6.609375 -5.353516 -6.609375 -8.845704 -6.609375 9.845704 -6.609375 8.404297 -3.539062 8.404297 -6.609375 8.404297 -6.609375 7.998047 -3.539062 7.998047 -6.609375 7.998047 -6.609375 4.644531 -3.539062 4.644531 -6.609375 4.644531 -6.609375 3.841797 -3.539062 3.841797 -6.609375 3.841797 -6.609375 0.3964844 -3.539062 0.3964844 -6.609375 0.3964844 -6.609375 -0.0234375 -3.539062 -0.0234375 -6.609375 -0.0234375 -6.609375 -1.246094 -3.539062 -1.246094 -6.609375 -1.246094 -6.609375 -2.283203 -3.539062 -2.283203 -6.609375 -2.283203 -6.609375 -3.300781 -3.539062 -3.300781 -6.609375 -3.300781 -6.609375 -5.353516 -3.539062 -5.353516 -3.539062 7.998047 -3.539062 4.644531 -2.912109 4.644531 -3.539062 4.644531 -3.539062 3.841797 -2.912109 3.841797 -3.539062 3.841797 -3.539062 0.3964844 -2.912109 0.3964844 -3.539062 0.3964844 -3.539062 -0.0234375 -2.912109 -0.0234375 -3.539062 -0.0234375 -3.539062 -1.246094 -2.912109 -1.246094 -3.539062 -1.246094 -3.539062 -2.283203 -2.912109 -2.283203 -3.539062 -2.283203 -3.539062 -3.300781 -2.912109 -3.300781 -2.912109 -3.300781 -3.539062 -3.300781 -3.539062 -5.353516 -3.539062 8.404297 -2.912109 8.404297 -2.912109 9.845704 -2.912109 8.404297 -0.6757813 8.404297 -0.6757813 9.845704 -0.6757813 8.404297 0.1679688 8.404297 0.1679688 9.845704 0.1679688 8.404297 2.427734 8.404297 2.427734 9.845704 2.427734 8.404297 3.042969 8.404297 3.042969 9.845704 3.042969 8.404297 4.753906 8.404297 4.753906 9.845704 4.753906 8.404297 7.357422 8.404297 7.357422 9.845704 1.275391 -0.4902344 1.603516 -0.4824219 1.603516 -0.0234375 1.603516 -0.0234375 1.603516 -0.4824219 1.925781 -0.4765625 1.925781 -0.0234375 1.925781 -0.4765625 2.445312 -0.4511719 2.445312 -0.4511719 3.070312 -0.4511719 3.052734 -0.0234375 3.070312 -0.4511719 4.753906 -0.4511719 4.753906 -0.0234375 4.753906 -0.4511719 7.357422 -0.4511719 7.357422 -0.0234375 1.072266 0.3964844 0.8886719 0.3964844 0.9140625 -0.0234375 1.058594 -0.0234375 0.9140625 -0.0234375 0.9140625 -0.4511719 1.058594 -0.4667969 0.9140625 -0.4511719 0.9140625 -0.8359375 0.9140625 -0.8359375 0.9140625 -2.167969 1.058594 -2.167969 0.9140625 -2.167969 0.984375 -2.333984 1.109375 -2.333984 -2.085938 -5.353516 -2.085938 -3.300781 -2.5625 -3.300781 -2.085938 -3.300781 -2.085938 -2.283203 -2.5625 -2.283203 -2.085938 -2.283203 -2.085938 -1.246094 -2.5625 -1.246094 -2.085938 -1.246094 -2.085938 -0.0234375 -2.5625 -0.0234375 -2.085938 -0.0234375 -2.085938 0.3964844 -2.5625 0.3964844 -2.912109 0.3964844 -2.912109 -0.0234375 -2.5625 -0.0234375 -2.912109 -0.0234375 -2.912109 -1.246094 -2.5625 -1.246094 -2.912109 -1.246094 -2.912109 -2.283203 -2.5625 -2.283203 -2.912109 -2.283203 -2.912109 -3.300781 -2.5625 -3.300781 -2.912109 -3.300781 -2.912109 -5.353516 -2.5625 -5.353516 1.271484 -2.333984 1.271484 -2.167969 1.058594 -2.167969 1.271484 -2.167969 1.271484 -0.8359375 1.058594 -0.8359375 1.058594 -0.8359375 1.271484 -0.8359375 1.275391 -0.4902344 1.058594 -0.4667969 1.275391 -0.4902344 1.273437 -0.0234375 1.925781 -0.0234375 2.433594 -0.0234375 2.427734 0.3964844 2.433594 -0.0234375 3.052734 -0.0234375 3.042969 0.3964844 3.052734 -0.0234375 4.753906 -0.0234375 4.753906 0.3964844 4.753906 -0.0234375 7.357422 -0.0234375 7.357422 0.3964844 4.753906 -0.8359375 4.753906 -2.283203 7.357422 -2.283203 4.753906 -2.283203 4.753906 -3.300781 7.357422 -3.300781 4.753906 -3.300781 4.753906 -5.490234 7.357422 -5.353516 4.753906 -5.490234 4.753906 -8.845704 7.357422 -8.845704 -2.085938 0.3964844 -2.085938 -0.0234375 -1.703125 -0.0234375 -2.085938 -0.0234375 -2.085938 -1.246094 -1.703125 -1.246094 -2.085938 -1.246094 -2.085938 -2.283203 -1.703125 -2.283203 -2.085938 -2.283203 -2.085938 -3.300781 -1.703125 -3.300781 3.042969 8.404297 3.042969 7.998047 4.753906 7.998047 3.042969 7.998047 3.042969 4.644531 4.753906 4.644531 3.042969 4.644531 3.042969 3.841797 4.753906 3.841797 3.042969 3.841797 3.042969 0.3964844 4.753906 0.3964844 4.753906 8.404297 4.753906 7.998047 7.357422 7.998047 4.753906 7.998047 4.753906 4.644531 7.357422 4.644531 4.753906 4.644531 4.753906 3.841797 7.357422 3.841797 4.753906 3.841797 4.753906 0.3964844 7.357422 0.3964844 0.9140625 -2.167969 0.9140625 -0.8359375 0.8925781 -0.8359375 0.8925781 -0.8359375 0.9140625 -0.8359375 0.9140625 -0.4511719 0.9140625 -0.4511719 0.9140625 -0.0234375 0.8925781 -0.0234375 2.451172 -0.8359375 3.082031 -0.8359375 3.070312 -0.4511719 3.082031 -0.8359375 4.753906 -0.8359375 4.753906 -0.4511719 4.753906 -0.8359375 7.357422 -0.8359375 7.357422 -0.4511719 2.427734 8.404297 0.1679688 8.404297 0.1679688 7.998047 0.1679688 8.404297 -0.6757813 8.404297 -0.6757813 7.998047 -0.6757813 8.404297 -2.912109 8.404297 -2.912109 7.998047 2.427734 7.998047 2.427734 4.644531 3.042969 4.644531 2.427734 4.644531 2.427734 3.841797 3.042969 3.841797 2.427734 3.841797 2.427734 0.3964844 3.042969 0.3964844 1.316406 -0.8359375 1.271484 -0.8359375 1.271484 -2.167969 -0.46875 0.96875 -0.46875 0.53125 -0.03125 0.53125 -0.46875 0.53125 -0.03125 0.53125 -0.03125 0.96875 -0.46875 0.53125 -0.03125 0.53125 -0.03125 0.96875 -0.46875 0.96875 -0.46875 0.53125 -0.03125 0.53125 -0.46875 0.96875 -0.46875 0.53125 -0.03125 0.53125 -0.46875 0.53125 -0.03125 0.53125 -0.03125 0.96875 -0.46875 0.53125 -0.03125 0.53125 -0.03125 0.96875 -0.46875 0.53125 -0.03125 0.53125 -0.03125 0.96875 -0.96875 0.53125 -0.53125 0.53125 -0.53125 0.96875 -0.96875 0.53125 -0.53125 0.53125 -0.53125 0.96875 -0.96875 0.53125 -0.53125 0.53125 -0.53125 0.96875 -0.96875 0.53125 -0.53125 0.53125 -0.53125 0.96875 -0.96875 0.53125 -0.53125 0.53125 -0.53125 0.96875 -0.96875 0.53125 -0.53125 0.53125 -0.53125 0.96875 -0.96875 0.53125 -0.53125 0.53125 -0.53125 0.96875 -0.96875 0.53125 -0.53125 0.53125 -0.53125 0.96875 -0.46875 0.03125 -0.03125 0.03125 -0.03125 0.46875 -0.03125 0.03125 -0.03125 0.46875 -0.46875 0.46875 -0.03125 0.03125 -0.03125 0.46875 -0.46875 0.46875 -0.46875 0.03125 -0.03125 0.03125 -0.03125 0.46875 -0.46875 0.03125 -0.03125 0.03125 -0.03125 0.46875 -0.03125 0.03125 -0.03125 0.46875 -0.46875 0.46875 -0.03125 0.03125 -0.03125 0.46875 -0.46875 0.46875 -0.46875 0.03125 -0.03125 0.03125 -0.03125 0.46875 -0.53125 0.03125 -0.53125 0.46875 -0.96875 0.46875 -0.53125 0.03125 -0.53125 0.46875 -0.96875 0.46875 -0.53125 0.03125 -0.53125 0.46875 -0.96875 0.46875 -0.53125 0.03125 -0.53125 0.46875 -0.96875 0.46875 -0.53125 0.03125 -0.53125 0.46875 -0.96875 0.46875 -0.53125 0.03125 -0.53125 0.46875 -0.96875 0.46875 -0.96875 0.46875 -0.96875 0.03125 -0.53125 0.03125 -0.96875 0.46875 -0.96875 0.03125 -0.53125 0.03125 -0.46875 0.96875 -0.46875 0.53125 -0.03125 0.53125 -0.46875 0.53125 -0.03125 0.53125 -0.03125 0.96875 -0.46875 0.53125 -0.03125 0.53125 -0.03125 0.96875 -0.46875 0.96875 -0.46875 0.53125 -0.03125 0.53125 -0.46875 0.96875 -0.46875 0.53125 -0.03125 0.53125 -0.46875 0.53125 -0.03125 0.53125 -0.03125 0.96875 -0.46875 0.53125 -0.03125 0.53125 -0.03125 0.96875 -0.46875 0.53125 -0.03125 0.53125 -0.03125 0.96875 -0.96875 0.53125 -0.53125 0.53125 -0.53125 0.96875 -0.96875 0.53125 -0.53125 0.53125 -0.53125 0.96875 -0.96875 0.53125 -0.53125 0.53125 -0.53125 0.96875 -0.96875 0.53125 -0.53125 0.53125 -0.53125 0.96875 -0.96875 0.53125 -0.53125 0.53125 -0.53125 0.96875 -0.96875 0.53125 -0.53125 0.53125 -0.53125 0.96875 -0.96875 0.53125 -0.53125 0.53125 -0.53125 0.96875 -0.96875 0.53125 -0.53125 0.53125 -0.53125 0.96875 -0.46875 0.03125 -0.03125 0.03125 -0.03125 0.46875 -0.03125 0.03125 -0.03125 0.46875 -0.46875 0.46875 -0.03125 0.03125 -0.03125 0.46875 -0.46875 0.46875 -0.46875 0.03125 -0.03125 0.03125 -0.03125 0.46875 -0.46875 0.03125 -0.03125 0.03125 -0.03125 0.46875 -0.03125 0.03125 -0.03125 0.46875 -0.46875 0.46875 -0.03125 0.03125 -0.03125 0.46875 -0.46875 0.46875 -0.46875 0.03125 -0.03125 0.03125 -0.03125 0.46875 -0.53125 0.03125 -0.53125 0.46875 -0.96875 0.46875 -0.53125 0.03125 -0.53125 0.46875 -0.96875 0.46875 -0.53125 0.03125 -0.53125 0.46875 -0.96875 0.46875 -0.53125 0.03125 -0.53125 0.46875 -0.96875 0.46875 -0.53125 0.03125 -0.53125 0.46875 -0.96875 0.46875 -0.53125 0.03125 -0.53125 0.46875 -0.96875 0.46875 -0.96875 0.46875 -0.96875 0.03125 -0.53125 0.03125 -0.96875 0.46875 -0.96875 0.03125 -0.53125 0.03125 -0.46875 0.96875 -0.46875 0.53125 -0.03125 0.53125 -0.46875 0.53125 -0.03125 0.53125 -0.03125 0.96875 -0.46875 0.53125 -0.03125 0.53125 -0.03125 0.96875 -0.46875 0.96875 -0.46875 0.53125 -0.03125 0.53125 -0.46875 0.96875 -0.46875 0.53125 -0.03125 0.53125 -0.46875 0.53125 -0.03125 0.53125 -0.03125 0.96875 -0.46875 0.53125 -0.03125 0.53125 -0.03125 0.96875 -0.46875 0.53125 -0.03125 0.53125 -0.03125 0.96875 -0.96875 0.53125 -0.53125 0.53125 -0.53125 0.96875 -0.96875 0.53125 -0.53125 0.53125 -0.53125 0.96875 -0.96875 0.53125 -0.53125 0.53125 -0.53125 0.96875 -0.96875 0.53125 -0.53125 0.53125 -0.53125 0.96875 -0.96875 0.53125 -0.53125 0.53125 -0.53125 0.96875 -0.96875 0.53125 -0.53125 0.53125 -0.53125 0.96875 -0.96875 0.53125 -0.53125 0.53125 -0.53125 0.96875 -0.96875 0.53125 -0.53125 0.53125 -0.53125 0.96875 -0.46875 0.03125 -0.03125 0.03125 -0.03125 0.46875 -0.03125 0.03125 -0.03125 0.46875 -0.46875 0.46875 -0.03125 0.03125 -0.03125 0.46875 -0.46875 0.46875 -0.46875 0.03125 -0.03125 0.03125 -0.03125 0.46875 -0.46875 0.03125 -0.03125 0.03125 -0.03125 0.46875 -0.03125 0.03125 -0.03125 0.46875 -0.46875 0.46875 -0.03125 0.03125 -0.03125 0.46875 -0.46875 0.46875 -0.46875 0.03125 -0.03125 0.03125 -0.03125 0.46875 -0.53125 0.03125 -0.53125 0.46875 -0.96875 0.46875 -0.53125 0.03125 -0.53125 0.46875 -0.96875 0.46875 -0.53125 0.03125 -0.53125 0.46875 -0.96875 0.46875 -0.53125 0.03125 -0.53125 0.46875 -0.96875 0.46875 -0.53125 0.03125 -0.53125 0.46875 -0.96875 0.46875 -0.53125 0.03125 -0.53125 0.46875 -0.96875 0.46875 -0.96875 0.46875 -0.96875 0.03125 -0.53125 0.03125 -0.96875 0.46875 -0.96875 0.03125 -0.53125 0.03125 -0.46875 0.96875 -0.03125 0.96875 -0.03125 0.53125 -0.03125 0.96875 -0.03125 0.53125 -0.46875 0.53125 -0.03125 0.96875 -0.03125 0.53125 -0.46875 0.53125 -0.46875 0.96875 -0.03125 0.96875 -0.03125 0.53125 -0.46875 0.96875 -0.03125 0.96875 -0.03125 0.53125 -0.03125 0.96875 -0.03125 0.53125 -0.46875 0.53125 -0.03125 0.96875 -0.03125 0.53125 -0.46875 0.53125 -0.03125 0.96875 -0.03125 0.53125 -0.46875 0.53125 -0.53125 0.96875 -0.53125 0.53125 -0.96875 0.53125 -0.53125 0.96875 -0.53125 0.53125 -0.96875 0.53125 -0.53125 0.96875 -0.53125 0.53125 -0.96875 0.53125 -0.53125 0.96875 -0.53125 0.53125 -0.96875 0.53125 -0.53125 0.96875 -0.53125 0.53125 -0.96875 0.53125 -0.53125 0.96875 -0.53125 0.53125 -0.96875 0.53125 -0.53125 0.96875 -0.53125 0.53125 -0.96875 0.53125 -0.53125 0.96875 -0.53125 0.53125 -0.96875 0.53125 -0.46875 0.03125 -0.46875 0.46875 -0.03125 0.46875 -0.46875 0.46875 -0.03125 0.46875 -0.03125 0.03125 -0.46875 0.46875 -0.03125 0.46875 -0.03125 0.03125 -0.46875 0.03125 -0.46875 0.46875 -0.03125 0.46875 -0.46875 0.03125 -0.46875 0.46875 -0.03125 0.46875 -0.46875 0.46875 -0.03125 0.46875 -0.03125 0.03125 -0.46875 0.46875 -0.03125 0.46875 -0.03125 0.03125 -0.46875 0.03125 -0.46875 0.46875 -0.03125 0.46875 -0.96875 0.46875 -0.53125 0.46875 -0.53125 0.03125 -0.96875 0.46875 -0.53125 0.46875 -0.53125 0.03125 -0.96875 0.46875 -0.53125 0.46875 -0.53125 0.03125 -0.96875 0.46875 -0.53125 0.46875 -0.53125 0.03125 -0.96875 0.46875 -0.53125 0.46875 -0.53125 0.03125 -0.96875 0.46875 -0.53125 0.46875 -0.53125 0.03125 -0.53125 0.03125 -0.96875 0.03125 -0.96875 0.46875 -0.53125 0.03125 -0.96875 0.03125 -0.96875 0.46875</float_array>
          <technique_common>
            <accessor source="#m_dun5101_00_00c-mesh-map-array" count="4239" stride="2">
              <param name="S" type="float"/>
              <param name="T" type="float"/>
            </accessor>
          </technique_common>
        </source>
        <source id="m_dun5101_00_00c-mesh-colors-colors" name="colors">
          <float_array id="m_dun5101_00_00c-mesh-colors-colors-array" count="16956">1 1 1 1 1 1 1 1 1 1 1 1 1 1 1 1 1 1 1 1 1 1 1 1 1 1 1 1 1 1 1 1 1 1 1 1 1 1 1 1 1 1 1 1 1 1 1 1 1 1 1 1 1 1 1 1 1 1 1 1 1 1 1 1 1 1 1 1 1 1 1 1 1 1 1 1 1 1 1 1 1 1 1 1 1 1 1 1 1 1 1 1 1 1 1 1 1 1 1 1 1 1 1 1 1 1 1 1 1 1 1 1 1 1 1 1 1 1 1 1 1 1 1 1 1 1 1 1 1 1 1 1 1 1 1 1 1 1 1 1 1 1 1 1 1 1 1 1 1 1 1 1 1 1 1 1 1 1 1 1 1 1 1 1 1 1 1 1 1 1 1 1 1 1 1 1 1 1 1 1 1 1 1 1 1 1 1 1 1 1 1 1 1 1 1 1 1 1 1 1 1 1 1 1 1 1 1 1 1 1 1 1 1 1 1 1 1 1 1 1 1 1 1 1 1 1 1 1 1 1 1 1 1 1 1 1 1 1 1 1 1 1 1 1 1 1 1 1 1 1 1 1 1 1 1 1 1 1 1 1 1 1 1 1 1 1 1 1 1 1 1 1 1 1 1 1 1 1 1 1 1 1 1 1 1 1 1 1 1 1 1 1 1 1 1 1 1 1 1 1 1 1 1 1 1 1 1 1 1 1 1 1 1 1 1 1 1 1 1 1 1 1 1 1 1 1 1 1 1 1 1 1 1 1 1 1 1 1 1 1 1 1 1 1 1 1 1 1 1 1 1 1 1 1 1 1 1 1 1 1 1 1 1 1 1 1 1 1 1 1 1 1 1 1 1 1 1 1 1 1 1 1 1 1 1 1 1 1 1 1 1 1 1 1 1 1 1 1 1 1 1 1 1 1 1 1 1 1 1 1 1 1 1 1 1 1 1 1 1 1 1 1 1 1 1 1 1 1 1 1 1 1 1 1 1 1 1 1 1 1 1 1 1 1 1 1 1 1 1 1 1 1 1 1 1 1 1 1 1 1 1 1 1 1 1 1 1 1 1 1 1 1 1 1 1 1 1 1 1 1 1 1 1 1 1 1 1 1 1 1 1 1 1 1 1 1 1 1 1 1 1 1 1 1 1 1 1 1 1 1 1 1 1 1 1 1 1 1 1 1 1 1 1 1 1 1 1 1 1 1 1 1 1 1 1 1 1 1 1 1 1 1 1 1 1 1 1 1 1 1 1 1 1 1 1 1 1 1 1 1 1 1 1 1 1 1 1 1 1 1 1 1 1 1 1 1 1 1 1 1 1 1 1 1 1 1 1 1 1 1 1 1 1 1 1 1 1 1 1 1 1 1 1 1 1 1 1 1 1 1 1 1 1 1 1 1 1 1 1 1 1 1 1 1 1 1 1 1 1 1 1 1 1 1 1 1 1 1 1 1 1 1 1 1 1 1 1 1 1 1 1 1 1 1 1 1 1 1 1 1 1 1 1 1 1 1 1 1 1 1 1 1 1 1 1 1 1 1 1 1 1 1 1 1 1 1 1 1 1 1 1 1 1 1 1 1 1 1 1 1 1 1 1 1 1 1 1 1 1 1 1 1 1 1 1 1 1 1 1 1 1 1 1 1 1 1 1 1 1 1 1 1 1 1 1 1 1 1 1 1 1 1 1 1 1 1 1 1 1 1 1 1 1 1 1 1 1 1 1 1 1 1 1 1 1 1 1 1 1 1 1 1 1 1 1 1 1 1 1 1 1 1 1 1 1 1 1 1 1 1 1 1 1 1 1 1 1 1 1 1 1 1 1 1 1 1 1 1 1 1 1 1 1 1 1 1 1 1 1 1 1 1 1 1 1 1 1 1 1 1 1 1 1 1 1 1 1 1 1 1 1 1 1 1 1 1 1 1 1 1 1 1 1 1 1 1 1 1 1 1 1 1 1 1 1 1 1 1 1 1 1 1 1 1 1 1 1 1 1 1 1 1 1 1 1 1 1 1 1 1 1 1 1 1 1 1 1 1 1 1 1 1 1 1 1 1 1 1 1 1 1 1 1 1 1 1 1 1 1 1 1 1 1 1 1 1 1 1 1 1 1 1 1 1 1 1 1 1 1 1 1 1 1 1 1 1 1 1 1 1 1 1 1 1 1 1 1 1 1 1 1 1 1 1 1 1 1 1 1 1 1 1 1 1 1 1 1 1 1 1 1 1 1 1 1 1 1 1 1 1 1 1 1 1 1 1 1 1 1 1 1 1 1 1 1 1 1 1 1 1 1 1 1 1 1 1 1 1 1 1 1 1 1 1 1 1 1 1 1 1 1 1 1 1 1 1 1 1 1 1 1 1 1 1 1 1 1 1 1 1 1 1 1 1 1 1 1 1 1 1 1 1 1 1 1 1 1 1 1 1 1 1 1 1 1 1 1 1 1 1 1 1 1 1 1 1 1 1 1 1 1 1 1 1 1 1 1 1 1 1 1 1 1 1 1 1 1 1 1 1 1 1 1 1 1 1 1 1 1 1 1 1 1 1 1 1 1 1 1 1 1 1 1 1 1 1 1 1 1 1 1 1 1 1 1 1 1 1 1 1 1 1 1 1 1 1 1 1 1 1 1 1 1 1 1 1 1 1 1 1 1 1 1 1 1 1 1 1 1 1 1 1 1 1 1 1 1 1 1 1 1 1 1 1 1 1 1 1 1 1 1 1 1 1 1 1 1 1 1 1 1 1 1 1 1 1 1 1 1 1 1 1 1 1 1 1 1 1 1 1 1 1 1 1 1 1 1 1 1 1 1 1 1 1 1 1 1 1 1 1 1 1 1 1 1 1 1 1 1 1 1 1 1 1 1 1 1 1 1 1 1 1 1 1 1 1 1 1 1 1 1 1 1 1 1 1 1 1 1 1 1 1 1 1 1 1 1 1 1 1 1 1 1 1 1 1 1 1 1 1 1 1 1 1 1 1 1 1 1 1 1 1 1 1 1 1 1 1 1 1 1 1 1 1 1 1 1 1 1 1 1 1 1 1 1 1 1 1 1 1 1 1 1 1 1 1 1 1 1 1 1 1 1 1 1 1 1 1 1 1 1 1 1 1 1 1 1 1 1 1 1 1 1 1 1 1 1 1 1 1 1 1 1 1 1 1 1 1 1 1 1 1 1 1 1 1 1 1 1 1 1 1 1 1 1 1 1 1 1 1 1 1 1 1 1 1 1 1 1 1 1 1 1 1 1 1 1 1 1 1 1 1 1 1 1 1 1 1 1 1 1 1 1 1 1 1 1 1 1 1 1 1 1 1 1 1 1 1 1 1 1 1 1 1 1 1 1 1 1 1 1 1 1 1 1 1 1 1 1 1 1 1 1 1 1 1 1 1 1 1 1 1 1 1 1 1 1 1 1 1 1 1 1 1 1 1 1 1 1 1 1 1 1 1 1 1 1 1 1 1 1 1 1 1 1 1 1 1 1 1 1 1 1 1 1 1 1 1 1 1 1 1 1 1 1 1 1 1 1 1 1 1 1 1 1 1 1 1 1 1 1 1 1 1 1 1 1 1 1 1 1 1 1 1 1 1 1 1 1 1 1 1 1 1 1 1 1 1 1 1 1 1 1 1 1 1 1 1 1 1 1 1 1 1 1 1 1 1 1 1 1 1 1 1 1 1 1 1 1 1 1 1 1 1 1 1 1 1 1 1 1 1 1 1 1 1 1 1 1 1 1 1 1 1 1 1 1 1 1 1 1 1 1 1 1 1 1 1 1 1 1 1 1 1 1 1 1 1 1 1 1 1 1 1 1 1 1 1 1 1 1 1 1 1 1 1 1 1 1 1 1 1 1 1 1 1 1 1 1 1 1 1 1 1 1 1 1 1 1 1 1 1 1 1 1 1 1 1 1 1 1 1 1 1 1 1 1 1 1 1 1 1 1 1 1 1 1 1 1 1 1 1 1 1 1 1 1 1 1 1 1 1 1 1 1 1 1 1 1 1 1 1 1 1 1 1 1 1 1 1 1 1 1 1 1 1 1 1 1 1 1 1 1 1 1 1 1 1 1 1 1 1 1 1 1 1 1 1 1 1 1 1 1 1 1 1 1 1 1 1 1 1 1 1 1 1 1 1 1 1 1 1 1 1 1 1 1 1 1 1 1 1 1 1 1 1 1 1 1 1 1 1 1 1 1 1 1 1 1 1 1 1 1 1 1 1 1 1 1 1 1 1 1 1 1 1 1 1 1 1 1 1 1 1 1 1 1 1 1 1 1 1 1 1 1 1 1 1 1 1 1 1 1 1 1 1 1 1 1 1 1 1 1 1 1 1 1 1 1 1 1 1 1 1 1 1 1 1 1 1 1 1 1 1 1 1 1 1 1 1 1 1 1 1 1 1 1 1 1 1 1 1 1 1 1 1 1 1 1 1 1 1 1 1 1 1 1 1 1 1 1 1 1 1 1 1 1 1 1 1 1 1 1 1 1 1 1 1 1 1 1 1 1 1 1 1 1 1 1 1 1 1 1 1 1 1 1 1 1 1 1 1 1 1 1 1 1 1 1 1 1 1 1 1 1 1 1 1 1 1 1 1 1 1 1 1 1 1 1 1 1 1 1 1 1 1 1 1 1 1 1 1 1 1 1 1 1 1 1 1 1 1 1 1 1 1 1 1 1 1 1 1 1 1 1 1 1 1 1 1 1 1 1 1 1 1 1 1 1 1 1 1 1 1 1 1 1 1 1 1 1 1 1 1 1 1 1 1 1 1 1 1 1 1 1 1 1 1 1 1 1 1 1 1 1 1 1 1 1 1 1 1 1 1 1 1 1 1 1 1 1 1 1 1 1 1 1 1 1 1 1 1 1 1 1 1 1 1 1 1 1 1 1 1 1 1 1 1 1 1 1 1 1 1 1 1 1 1 1 1 1 1 1 1 1 1 1 1 1 1 1 1 1 1 1 1 1 1 1 1 1 1 1 1 1 1 1 1 1 1 1 1 1 1 1 1 1 1 1 1 1 1 1 1 1 1 1 1 1 1 1 1 1 1 1 1 1 1 1 1 1 1 1 1 1 1 1 1 1 1 1 1 1 1 1 1 1 1 1 1 1 1 1 1 1 1 1 1 1 1 1 1 1 1 1 1 1 1 1 1 1 1 1 1 1 1 1 1 1 1 1 1 1 1 1 1 1 1 1 1 1 1 1 1 1 1 1 1 1 1 1 1 1 1 1 1 1 1 1 1 1 1 1 1 1 1 1 1 1 1 1 1 1 1 1 1 1 1 1 1 1 1 1 1 1 1 1 1 1 1 1 1 1 1 1 1 1 1 1 1 1 1 1 1 1 1 1 1 1 1 1 1 1 1 1 1 1 1 1 1 1 1 1 1 1 1 1 1 1 1 1 1 1 1 1 1 1 1 1 1 1 1 1 1 1 1 1 1 1 1 1 1 1 1 1 1 1 1 1 1 1 1 1 1 1 1 1 1 1 1 1 1 1 1 1 1 1 1 1 1 1 1 1 1 1 1 1 1 1 1 1 1 1 1 1 1 1 1 1 1 1 1 1 1 1 1 1 1 1 1 1 1 1 1 1 1 1 1 1 1 1 1 1 1 1 1 1 1 1 1 1 1 1 1 1 1 1 1 1 1 1 1 1 1 1 1 1 1 1 1 1 1 1 1 1 1 1 1 1 1 1 1 1 1 1 1 1 1 1 1 1 1 1 1 1 1 1 1 1 1 1 1 1 1 1 1 1 1 1 1 1 1 1 1 1 1 1 1 1 1 1 1 1 1 1 1 1 1 1 1 1 1 1 1 1 1 1 1 1 1 1 1 1 1 1 1 1 1 1 1 1 1 1 1 1 1 1 1 1 1 1 1 1 1 1 1 1 1 1 1 1 1 1 1 1 1 1 1 1 1 1 1 1 1 1 1 1 1 1 1 1 1 1 1 1 1 1 1 1 1 1 1 1 1 1 1 1 1 1 1 1 1 1 1 1 1 1 1 1 1 1 1 1 1 1 1 1 1 1 1 1 1 1 1 1 1 1 1 1 1 1 1 1 1 1 1 1 1 1 1 1 1 1 1 1 1 1 1 1 1 1 1 1 1 1 1 1 1 1 1 1 1 1 1 1 1 1 1 1 1 1 1 1 1 1 1 1 1 1 1 1 1 1 1 1 1 1 1 1 1 1 1 1 1 1 1 1 1 1 1 1 1 1 1 1 1 1 1 1 1 1 1 1 1 1 1 1 1 1 1 1 1 1 1 1 1 1 1 1 1 1 1 1 1 1 1 1 1 1 1 1 1 1 1 1 1 1 1 1 1 1 1 1 1 1 1 1 1 1 1 1 1 1 1 1 1 1 1 1 1 1 1 1 1 1 1 1 1 1 1 1 1 1 1 1 1 1 1 1 1 1 1 1 1 1 1 1 1 1 1 1 1 1 1 1 1 1 1 1 1 1 1 1 1 1 1 1 1 1 1 1 1 1 1 1 1 1 1 1 1 1 1 1 1 1 1 1 1 1 1 1 1 1 1 1 1 1 1 1 1 1 1 1 1 1 1 1 1 1 1 1 1 1 1 1 1 1 1 1 1 1 1 1 1 1 1 1 1 1 1 1 1 1 1 1 1 1 1 1 1 1 1 1 1 1 1 1 1 1 1 1 1 1 1 1 1 1 1 1 1 1 1 1 1 1 1 1 1 1 1 1 1 1 1 1 1 1 1 1 1 1 1 1 1 1 1 1 1 1 1 1 1 1 1 1 1 1 1 1 1 1 1 1 1 1 1 1 1 1 1 1 1 1 1 1 1 1 1 1 1 1 1 1 1 1 1 1 1 1 1 1 1 1 1 1 1 1 1 1 1 1 1 1 1 1 1 1 1 1 1 1 1 1 1 1 1 1 1 1 1 1 1 1 1 1 1 1 1 1 1 1 1 1 1 1 1 1 1 1 1 1 1 1 1 1 1 1 1 1 1 1 1 1 1 1 1 1 1 1 1 1 1 1 1 1 1 1 1 1 1 1 1 1 1 1 1 1 1 1 1 1 1 1 1 1 1 1 1 1 1 1 1 1 1 1 1 1 1 1 1 1 1 1 1 1 1 1 1 1 1 1 1 1 1 1 1 1 1 1 1 1 1 1 1 1 1 1 1 1 1 1 1 1 1 1 1 1 1 1 1 1 1 1 1 1 1 1 1 1 1 1 1 1 1 1 1 1 1 1 1 1 1 1 1 1 1 1 1 1 1 1 1 1 1 1 1 1 1 1 1 1 1 1 1 1 1 1 1 1 1 1 1 1 1 1 1 1 1 1 1 1 1 1 1 1 1 1 1 1 1 1 1 1 1 1 1 1 1 1 1 1 1 1 1 1 1 1 1 1 1 1 1 1 1 1 1 1 1 1 1 1 1 1 1 1 1 1 1 1 1 1 1 1 1 1 1 1 1 1 1 1 1 1 1 1 1 1 1 1 1 1 1 1 1 1 1 1 1 1 1 1 1 1 1 1 1 1 1 1 1 1 1 1 1 1 1 1 1 1 1 1 1 1 1 1 1 1 1 1 1 1 1 1 1 1 1 1 1 1 1 1 1 1 1 1 1 1 1 1 1 1 1 1 1 1 1 1 1 1 1 1 1 1 1 1 1 1 1 1 1 1 1 1 1 1 1 1 1 1 1 1 1 1 1 1 1 1 1 1 1 1 1 1 1 1 1 1 1 1 1 1 1 1 1 1 1 1 1 1 1 1 1 1 1 1 1 1 1 1 1 1 1 1 1 1 1 1 1 1 1 1 1 1 1 1 1 1 1 1 1 1 1 1 1 1 1 1 1 1 1 1 1 1 1 1 1 1 1 1 1 1 1 1 1 1 1 1 1 1 1 1 1 1 1 1 1 1 1 1 1 1 1 1 1 1 1 1 1 1 1 1 1 1 1 1 1 1 1 1 1 1 1 1 1 1 1 1 1 1 1 1 1 1 1 1 1 1 1 1 1 1 1 1 1 1 1 1 1 1 1 1 1 1 1 1 1 1 1 1 1 1 1 1 1 1 1 1 1 1 1 1 1 1 1 1 1 1 1 1 1 1 1 1 1 1 1 1 1 1 1 1 1 1 1 1 1 1 1 1 1 1 1 1 1 1 1 1 1 1 1 1 1 1 1 1 1 1 1 1 1 1 1 1 1 1 1 1 1 1 1 1 1 1 1 1 1 1 1 1 1 1 1 1 1 1 1 1 1 1 1 1 1 1 1 1 1 1 1 1 1 1 1 1 1 1 1 1 1 1 1 1 1 1 1 1 1 1 1 1 1 1 1 1 1 1 1 1 1 1 1 1 1 1 1 1 1 1 1 1 1 1 1 1 1 1 1 1 1 1 1 1 1 1 1 1 1 1 1 1 1 1 1 1 1 1 1 1 1 1 1 1 1 1 1 1 1 1 1 1 1 1 1 1 1 1 1 1 1 1 1 1 1 1 1 1 1 1 1 1 1 1 1 1 1 1 1 1 1 1 1 1 1 1 1 1 1 1 1 1 1 1 1 1 1 1 1 1 1 1 1 1 1 1 1 1 1 1 1 1 1 1 1 1 1 1 1 1 1 1 1 1 1 1 1 1 1 1 1 1 1 1 1 1 1 1 1 1 1 1 1 1 1 1 1 1 1 1 1 1 1 1 1 1 1 1 1 1 1 1 1 1 1 1 1 1 1 1 1 1 1 1 1 1 1 1 1 1 1 1 1 1 1 1 1 1 1 1 1 1 1 1 1 1 1 1 1 1 1 1 1 1 1 1 1 1 1 1 1 1 1 1 1 1 1 1 1 1 1 1 1 1 1 1 1 1 1 1 1 1 1 1 1 1 1 1 1 1 1 1 1 1 1 1 1 1 1 1 1 1 1 1 1 1 1 1 1 1 1 1 1 1 1 1 1 1 1 1 1 1 1 1 1 1 1 1 1 1 1 1 1 1 1 1 1 1 1 1 1 1 1 1 1 1 1 1 1 1 1 1 1 1 1 1 1 1 1 1 1 1 1 1 1 1 1 1 1 1 1 1 1 1 1 1 1 1 1 1 1 1 1 1 1 1 1 1 1 1 1 1 1 1 1 1 1 1 1 1 1 1 1 1 1 1 1 1 1 1 1 1 1 1 1 1 1 1 1 1 1 1 1 1 1 1 1 1 1 1 1 1 1 1 1 1 1 1 1 1 1 1 1 1 1 1 1 1 1 1 1 1 1 1 1 1 1 1 1 1 1 1 1 1 1 1 1 1 1 1 1 1 1 1 1 1 1 1 1 1 1 1 1 1 1 1 1 1 1 1 1 1 1 1 1 1 1 1 1 1 1 1 1 1 1 1 1 1 1 1 1 1 1 1 1 1 1 1 1 1 1 1 1 1 1 1 1 1 1 1 1 1 1 1 1 1 1 1 1 1 1 1 1 1 1 1 1 1 1 1 1 1 1 1 1 1 1 1 1 1 1 1 1 1 1 1 1 1 1 1 1 1 1 1 1 1 1 1 1 1 1 1 1 1 1 1 1 1 1 1 1 1 1 1 1 1 1 1 1 1 1 1 1 1 1 1 1 1 1 1 1 1 1 1 1 1 1 1 1 1 1 1 1 1 1 1 1 1 1 1 1 1 1 1 1 1 1 1 1 1 1 1 1 1 1 1 1 1 1 1 1 1 1 1 1 1 1 1 1 1 1 1 1 1 1 1 1 1 1 1 1 1 1 1 1 1 1 1 1 1 1 1 1 1 1 1 1 1 1 1 1 1 1 1 1 1 1 1 1 1 1 1 1 1 1 1 1 1 1 1 1 1 1 1 1 1 1 1 1 1 1 1 1 1 1 1 1 1 1 1 1 1 1 1 1 1 1 1 1 1 1 1 1 1 1 1 1 1 1 1 1 1 1 1 1 1 1 1 1 1 1 1 1 1 1 1 1 1 1 1 1 1 1 1 1 1 1 1 1 1 1 1 1 1 1 1 1 1 1 1 1 1 1 1 1 1 1 1 1 1 1 1 1 1 1 1 1 1 1 1 1 1 1 1 1 1 1 1 1 1 1 1 1 1 1 1 1 1 1 1 1 1 1 1 1 1 1 1 1 1 1 1 1 1 1 1 1 1 1 1 1 1 1 1 1 1 1 1 1 1 1 1 1 1 1 1 1 1 1 1 1 1 1 1 1 1 1 1 1 1 1 1 1 1 1 1 1 1 1 1 1 1 1 1 1 1 1 1 1 1 1 1 1 1 1 1 1 1 1 1 1 1 1 1 1 1 1 1 1 1 1 1 1 1 1 1 1 1 1 1 1 1 1 1 1 1 1 1 1 1 1 1 1 1 1 1 1 1 1 1 1 1 1 1 1 1 1 1 1 1 1 1 1 1 1 1 1 1 1 1 1 1 1 1 1 1 1 1 1 1 1 1 1 1 1 1 1 1 1 1 1 1 1 1 1 1 1 1 1 1 1 1 1 1 1 1 1 1 1 1 1 1 1 1 1 1 1 1 1 1 1 1 1 1 1 1 1 1 1 1 1 1 1 1 1 1 1 1 1 1 1 1 1 1 1 1 1 1 1 1 1 1 1 1 1 1 1 1 1 1 1 1 1 1 1 1 1 1 1 1 1 1 1 1 1 1 1 1 1 1 1 1 1 1 1 1 1 1 1 1 1 1 1 1 1 1 1 1 1 1 1 1 1 1 1 1 1 1 1 1 1 1 1 1 1 1 1 1 1 1 1 1 1 1 1 1 1 1 1 1 1 1 1 1 1 1 1 1 1 1 1 1 1 1 1 1 1 1 1 1 1 1 1 1 1 1 1 1 1 1 1 1 1 1 1 1 1 1 1 1 1 1 1 1 1 1 1 1 1 1 1 1 1 1 1 1 1 1 1 1 1 1 1 1 1 1 1 1 1 1 1 1 1 1 1 1 1 1 1 1 1 1 1 1 1 1 1 1 1 1 1 1 1 1 1 1 1 1 1 1 1 1 1 1 1 1 1 1 1 1 1 1 1 1 1 1 1 1 1 1 1 1 1 1 1 1 1 1 1 1 1 1 1 1 1 1 1 1 1 1 1 1 1 1 1 1 1 1 1 1 1 1 1 1 1 1 1 1 1 1 1 1 1 1 1 1 1 1 1 1 1 1 1 1 1 1 1 1 1 1 1 1 1 1 1 1 1 1 1 1 1 1 1 1 1 1 1 1 1 1 1 1 1 1 1 1 1 1 1 1 1 1 1 1 1 1 1 1 1 1 1 1 1 1 1 1 1 1 1 1 1 1 1 1 1 1 1 1 1 1 1 1 1 1 1 1 1 1 1 1 1 1 1 1 1 1 1 1 1 1 1 1 1 1 1 1 1 1 1 1 1 1 1 1 1 1 1 1 1 1 1 1 1 1 1 1 1 1 1 1 1 1 1 1 1 1 1 1 1 1 1 1 1 1 1 1 1 1 1 1 1 1 1 1 1 1 1 1 1 1 1 1 1 1 1 1 1 1 1 1 1 1 1 1 1 1 1 1 1 1 1 1 1 1 1 1 1 1 1 1 1 1 1 1 1 1 1 1 1 1 1 1 1 1 1 1 1 1 1 1 1 1 1 1 1 1 1 1 1 1 1 1 1 1 1 1 1 1 1 1 1 1 1 1 1 1 1 1 1 1 1 1 1 1 1 1 1 1 1 1 1 1 1 1 1 1 1 1 1 1 1 1 1 1 1 1 1 1 1 1 1 1 1 1 1 1 1 1 1 1 1 1 1 1 1 1 1 1 1 1 1 1 1 1 1 1 1 1 1 1 1 1 1 1 1 1 1 1 1 1 1 1 1 1 1 1 1 1 1 1 1 1 1 1 1 1 1 1 1 1 1 1 1 1 1 1 1 1 1 1 1 1 1 1 1 1 1 1 1 1 1 1 1 1 1 1 1 1 1 1 1 1 1 1 1 1 1 1 1 1 1 1 1 1 1 1 1 1 1 1 1 1 1 1 1 1 1 1 1 1 1 1 1 1 1 1 1 1 1 1 1 1 1 1 1 1 1 1 1 1 1 1 1 1 1 1 1 1 1 1 1 1 1 1 1 1 1 1 1 1 1 1 1 1 1 1 1 1 1 1 1 1 1 1 1 1 1 1 1 1 1 1 1 1 1 1 1 1 1 1 1 1 1 1 1 1 1 1 1 1 1 1 1 1 1 1 1 1 1 1 1 1 1 1 1 1 1 1 1 1 1 1 1 1 1 1 1 1 1 1 1 1 1 1 1 1 1 1 1 1 1 1 1 1 1 1 1 1 1 1 1 1 1 1 1 1 1 1 1 1 1 1 1 1 1 1 1 1 1 1 1 1 1 1 1 1 1 1 1 1 1 1 1 1 1 1 1 1 1 1 1 1 1 1 1 1 1 1 1 1 1 1 1 1 1 1 1 1 1 1 1 1 1 1 1 1 1 1 1 1 1 1 1 1 1 1 1 1 1 1 1 1 1 1 1 1 1 1 1 1 1 1 1 1 1 1 1 1 1 1 1 1 1 1 1 1 1 1 1 1 1 1 1 1 1 1 1 1 1 1 1 1 1 1 1 1 1 1 1 1 1 1 1 1 1 1 1 1 1 1 1 1 1 1 1 1 1 1 1 1 1 1 1 1 1 1 1 1 1 1 1 1 1 1 1 1 1 1 1 1 1 1 1 1 1 1 1 1 1 1 1 1 1 1 1 1 1 1 1 1 1 1 1 1 1 1 1 1 1 1 1 1 1 1 1 1 1 1 1 1 1 1 1 1 1 1 1 1 1 1 1 1 1 1 1 1 1 1 1 1 1 1 1 1 1 1 1 1 1 1 1 1 1 1 1 1 1 1 1 1 1 1 1 1 1 1 1 1 1 1 1 1 1 1 1 1 1 1 1 1 1 1 1 1 1 1 1 1 1 1 1 1 1 1 1 1 1 1 1 1 1 1 1 1 1 1 1 1 1 1 1 1 1 1 1 1 1 1 1 1 1 1 1 1 1 1 1 1 1 1 1 1 1 1 1 1 1 1 1 1 1 1 1 1 1 1 1 1 1 1 1 1 1 1 1 1 1 1 1 1 1 1 1 1 1 1 1 1 1 1 1 1 1 1 1 1 1 1 1 1 1 1 1 1 1 1 1 1 1 1 1 1 1 1 1 1 1 1 1 1 1 1 1 1 1 1 1 1 1 1 1 1 1 1 1 1 1 1 1 1 1 1 1 1 1 1 1 1 1 1 1 1 1 1 1 1 1 1 1 1 1 1 1 1 1 1 1 1 1 1 1 1 1 1 1 1 1 1 1 1 1 1 1 1 1 1 1 1 1 1 1 1 1 1 1 1 1 1 1 1 1 1 1 1 1 1 1 1 1 1 1 1 1 1 1 1 1 1 1 1 1 1 1 1 1 1 1 1 1 1 1 1 1 1 1 1 1 1 1 1 1 1 1 1 1 1 1 1 1 1 1 1 1 1 1 1 1 1 1 1 1 1 1 1 1 1 1 1 1 1 1 1 1 1 1 1 1 1 1 1 1 1 1 1 1 1 1 1 1 1 1 1 1 1 1 1 1 1 1 1 1 1 1 1 1 1 1 1 1 1 1 1 1 1 1 1 1 1 1 1 1 1 1 1 1 1 1 1 1 1 1 1 1 1 1 1 1 1 1 1 1 1 1 1 1 1 1 1 1 1 1 1 1 1 1 1 1 1 1 1 1 1 1 1 1 1 1 1 1 1 1 1 1 1 1 1 1 1 1 1 1 1 1 1 1 1 1 1 1 1 1 1 1 1 1 1 1 1 1 1 1 1 1 1 1 1 1 1 1 1 1 1 1 1 1 1 1 1 1 1 1 1 1 1 1 1 1 1 1 1 1 1 1 1 1 1 1 1 1 1 1 1 1 1 1 1 1 1 1 1 1 1 1 1 1 1 1 1 1 1 1 1 1 1 1 1 1 1 1 1 1 1 1 1 1 1 1 1 1 1 1 1 1 1 1 1 1 1 1 1 1 1 1 1 1 1 1 1 1 1 1 1 1 1 1 1 1 1 1 1 1 1 1 1 1 1 1 1 1 1 1 1 1 1 1 1 1 1 1 1 1 1 1 1 1 1 1 1 1 1 1 1 1 1 1 1 1 1 1 1 1 1 1 1 1 1 1 1 1 1 1 1 1 1 1 1 1 1 1 1 1 1 1 1 1 1 1 1 1 1 1 1 1 1 1 1 1 1 1 1 1 1 1 1 1 1 1 1 1 1 1 1 1 1 1 1 1 1 1 1 1 1 1 1 1 1 1 1 1 1 1 1 1 1 1 1 1 1 1 1 1 1 1 1 1 1 1 1 1 1 1 1 1 1 1 1 1 1 1 1 1 1 1 1 1 1 1 1 1 1 1 1 1 1 1 1 1 1 1 1 1 1 1 1 1 1 1 1 1 1 1 1 1 1 1 1 1 1 1 1 1 1 1 1 1 1 1 1 1 1 1 1 1 1 1 1 1 1 1 1 1 1 1 1 1 1 1 1 1 1 1 1 1 1 1 1 1 1 1 1 1 1 1 1 1 1 1 1 1 1 1 1 1 1 1 1 1 1 1 1 1 1 1 1 1 1 1 1 1 1 1 1 1 1 1 1 1 1 1 1 1 1 1 1 1 1 1 1 1 1 1 1 1 1 1 1 1 1 1 1 1 1 1 1 1 1 1 1 1 1 1 1 1 1 1 1 1 1 1 1 1 1 1 1 1 1 1 1 1 1 1 1 1 1 1 1 1 1 1 1 1 1 1 1 1 1 1 1 1 1 1 1 1 1 1 1 1 1 1 1 1 1 1 1 1 1 1 1 1 1 1 1 1 1 1 1 1 1 1 1 1 1 1 1 1 1 1 1 1 1 1 1 1 1 1 1 1 1 1 1 1 1 1 1 1 1 1 1 1 1 1 1 1 1 1 1 1 1 1 1 1 1 1 1 1 1 1 1 1 1 1 1 1 1 1 1 1 1 1 1 1 1 1 1 1 1 1 1 1 1 1 1 1 1 1 1 1 1 1 1 1 1 1 1 1 1 1 1 1 1 1 1 1 1 1 1 1 1 1 1 1 1 1 1 1 1 1 1 1 1 1 1 1 1 1 1 1 1 1 1 1 1 1 1 1 1 1 1 1 1 1 1 1 1 1 1 1 1 1 1 1 1 1 1 1 1 1 1 1 1 1 1 1 1 1 1 1 1 1 1 1 1 1 1 1 1 1 1 1 1 1 1 1 1 1 1 1 1 1 1 1 1 1 1 1 1 1 1 1 1 1 1 1 1 1 1 1 1 1 1 1 1 1 1 1 1 1 1 1 1 1 1 1 1 1 1 1 1 1 1 1 1 1 1 1 1 1 1 1 1 1 1 1 1 1 1 1 1 1 1 1 1 1 1 1 1 1 1 1 1 1 1 1 1 1 1 1 1 1 1 1 1 1 1 1 1 1 1 1 1 1 1 1 1 1 1 1 1 1 1 1 1 1 1 1 1 1 1 1 1 1 1 1 1 1 1 1 1 1 1 1 1 1 1 1 1 1 1 1 1 1 1 1 1 1 1 1 1 1 1 1 1 1 1 1 1 1 1 1 1 1 1 1 1 1 1 1 1 1 1 1 1 1 1 1 1 1 1 1 1 1 1 1 1 1 1 1 1 1 1 1 1 1 1 1 1 1 1 1 1 1 1 1 1 1 1 1 1 1 1 1 1 1 1 1 1 1 1 1 1 1 1 1 1 1 1 1 1 1 1 1 1 1 1 1 1 1 1 1 1 1 1 1 1 1 1 1 1 1 1 1 1 1 1 1 1 1 1 1 1 1 1 1 1 1 1 1 1 1 1 1 1 1 1 1 1 1 1 1 1 1 1 1 1 1 1 1 1 1 1 1 1 1 1 1 1 1 1 1 1 1 1 1 1 1 1 1 1 1 1 1 1 1 1 1 1 1 1 1 1 1 1 1 1 1 1 1 1 1 1 1 1 1 1 1 1 1 1 1 1 1 1 1 1 1 1 1 1 1 1 1 1 1 1 1 1 1 1 1 1 1 1 1 1 1 1 1 1 1 1 1 1 1 1 1 1 1 1 1 1 1 1 1 1 1 1 1 1 1 1 1 1 1 1 1 1 1 1 1 1 1 1 1 1 1 1 1 1 1 1 1 1 1 1 1 1 1 1 1 1 1 1 1 1 1 1 1 1 1 1 1 1 1 1 1 1 1 1 1 1 1 1 1 1 1 1 1 1 1 1 1 1 1 1 1 1 1 1 1 1 1 1 1 1 1 1 1 1 1 1 1 1 1 1 1 1 1 1 1 1 1 1 1 1 1 1 1 1 1 1 1 1 1 1 1 1 1 1 1 1 1 1 1 1 1 1 1 1 1 1 1 1 1 1 1 1 1 1 1 1 1 1 1 1 1 1 1 1 1 1 1 1 1 1 1 1 1 1 1 1 1 1 1 1 1 1 1 1 1 1 1 1 1 1 1 1 1 1 1 1 1 1 1 1 1 1 1 1 1 1 1 1 1 1 1 1 1 1 1 1 1 1 1 1 1 1 1 1 1 1 1 1 1 1 1 1 1 1 1 1 1 1 1 1 1 1 1 1 1 1 1 1 1 1 1 1 1 1 1 1 1 1 1 1 1 1 1 1 1 1 1 1 1 1 1 1 1 1 1 1 1 1 1 1 1 1 1 1 1 1 1 1 1 1 1 1 1 1 1 1 1 1 1 1 1 1 1 1 1 1 1 1 1 1 1 1 1 1 1 1 1 1 1 1 1 1 1 1 1 1 1 1 1 1 1 1 1 1 1 1 1 1 1 1 1 1 1 1 1 1 1 1 1 1 1 1 1 1 1 1 1 1 1 1 1 1 1 1 1 1 1 1 1 1 1 1 1 1 1 1 1 1 1 1 1 1 1 1 1 1 1 1 1 1 1 1 1 1 1 1 1 1 1 1 1 1 1 1 1 1 1 1 1 1 1 1 1 1 1 1 1 1 1 1 1 1 1 1 1 1 1 1 1 1 1 1 1 1 1 1 1 1 1 1 1 1 1 1 1 1 1 1 1 1 1 1 1 1 1 1 1 1 1 1 1 1 1 1 1 1 1 1 1 1 1 1 1 1 1 1 1 1 1 1 1 1 1 1 1 1 1 1 1 1 1 1 1 1 1 1 1 1 1 1 1 1 1 1 1 1 1 1 1 1 1 1 1 1 1 1 1 1 1 1 1 1 1 1 1 1 1 1 1 1 1 1 1 1 1 1 1 1 1 1 1 1 1 1 1 1 1 1 1 1 1 1 1 1 1 1 1 1 1 1 1 1 1 1 1 1 1 1 1 1 1 1 1 1 1 1 1 1 1 1 1 1 1 1 1 1 1 1 1 1 1 1 1 1 1 1 1 1 1 1 1 1 1 1 1 1 1 1 1 1 1 1 1 1 1 1 1 1 1 1 1 1 1 1 1 1 1 1 1 1 1 1 1 1 1 1 1 1 1 1 1 1 1 1 1 1 1 1 1 1 1 1 1 1 1 1 1 1 1 1 1 1 1 1 1 1 1 1 1 1 1 1 1 1 1 1 1 1 1 1 1 1 1 1 1 1 1 1 1 1 1 1 1 1 1 1 1 1 1 1 1 1 1 1 1 1 1 1 1 1 1 1 1 1 1 1 1 1 1 1 1 1 1 1 1 1 1 1 1 1 1 1 1 1 1 1 1 1 1 1 1 1 1 1 1 1 1 1 1 1 1 1 1 1 1 1 1 1 1 1 1 1 1 1 1 1 1 1 1 1 1 1 1 1 1 1 1 1 1 1 1 1 1 1 1 1 1 1 1 1 1 1 1 1 1 1 1 1 1 1 1 1 1 1 1 1 1 1 1 1 1 1 1 1 1 1 1 1 1 1 1 1 1 1 1 1 1 1 1 1 1 1 1 1 1 1 1 1 1 1 1 1 1 1 1 1 1 1 1 1 1 1 1 1 1 1 1 1 1 1 1 1 1 1 1 1 1 1 1 1 1 1 1 1 1 1 1 1 1 1 1 1 1 1 1 1 1 1 1 1 1 1 1 1 1 1 1 1 1 1 1 1 1 1 1 1 1 1 1 1 1 1 1 1 1 1 1 1 1 1 1 1 1 1 1 1 1 1 1 1 1 1 1 1 1 1 1 1 1 1 1 1 1 1 1 1 1 1 1 1 1 1 1 1 1 1 1 1 1 1 1 1 1 1 1 1 1 1 1 1 1 1 1 1 1 1 1 1 1 1 1 1 1 1 1 1 1 1 1 1 1 1 1 1 1 1 1 1 1 1 1 1 1 1 1 1 1 1 1 1 1 1 1 1 1 1 1 1 1 1 1 1 1 1 1 1 1 1 1 1 1 1 1 1 1 1 1 1 1 1 1 1 1 1 1 1 1 1 1 1 1 1 1 1 1 1 1 1 1 1 1 1 1 1 1 1 1 1 1 1 1 1 1 1 1 1 1 1 1 1 1 1 1 1 1 1 1 1 1 1 1 1 1 1 1 1 1 1 1 1 1 1 1 1 1 1 1 1 1 1 1 1 1 1 1 1 1 1 1 1 1 1 1 1 1 1 1 1 1 1 1 1 1 1 1 1 1 1 1 1 1 1 1 1 1 1 1 1 1 1 1 1 1 1 1 1 1 1 1 1 1 1 1 1 1 1 1 1 1 1 1 1 1 1 1 1 1 1 1 1 1 1 1 1 1 1 1 1 1 1 1 1 1 1 1 1 1 1 1 1 1 1 1 1 1 1 1 1 1 1 1 1 1 1 1 1 1 1 1 1 1 1 1 1 1 1 1 1 1 1 1 1 1 1 1 1 1 1 1 1 1 1 1 1 1 1 1 1 1 1 1 1 1 1 1 1 1 1 1 1 1 1 1 1 1 1 1 1 1 1 1 1 1 1 1 1 1 1 1 1 1 1 1 1 1 1 1 1 1 1 1 1 1 1 1 1 1 1 1 1 1 1 1 1 1 1 1 1 1 1 1 1 1 1 1 1 1 1 1 1 1 1 1 1 1 1 1 1 1 1 1 1 1 1 1 1 1 1 1 1 1 1 1 1 1 1 1 1 1 1 1 1 1 1 1 1 1 1 1 1 1 1 1 1 1 1 1 1 1 1 1 1 1 1 1 1 1 1 1 1 1 1 1 1 1 1 1 1 1 1 1 1 1 1 1 1 1 1 1 1 1 1 1 1 1 1 1 1 1 1 1 1 1 1 1 1 1 1 1 1 1 1 1 1 1 1 1 1 1 1 1 1 1 1 1 1 1 1 1 1 1 1 1 1 1 1 1 1 1 1 1 1 1 1 1 1 1 1 1 1 1 1 1 1 1 1 1 1 1 1 1 1 1 1 1 1 1 1 1 1 1 1 1 1 1 1 1 1 1 1 1 1 1 1 1 1 1 1 1 1 1 1 1 1 1 1 1 1 1 1 1 1 1 1 1 1 1 1 1 1 1 1 1 1 1 1 1 1 1 1 1 1 1 1 1 1 1 1 1 1 1 1 1 1 1 1 1 1 1 1 1 1 1 1 1 1 1 1 1 1 1 1 1 1 1 1 1 1 1 1 1 1 1 1 1 1 1 1 1 1 1 1 1 1 1 1 1 1 1 1 1 1 1 1 1 1 1 1 1 1 1 1 1 1 1 1 1 1 1 1 1 1 1 1 1 1 1 1 1 1 1 1 1 1 1 1 1 1 1 1 1 1 1 1 1 1 1 1 1 1 1 1 1 1 1 1 1 1 1 1 1 1 1 1 1 1 1 1 1 1 1 1 1 1 1 1 1 1 1 1 1 1 1 1 1 1 1 1 1 1 1 1 1 1 1 1 1 1 1 1 1 1 1 1 1 1 1 1 1 1 1 1 1 1 1 1 1 1 1 1 1 1 1 1 1 1 1 1 1 1 1 1 1 1 1 1 1 1 1 1 1 1 1 1 1 1 1 1 1 1 1 1 1 1 1 1 1 1 1 1 1 1 1 1 1 1 1 1 1 1 1 1 1 1 1 1 1 1 1 1 1 1 1 1 1 1 1 1 1 1 1 1 1 1 1 1 1 1 1 1 1 1 1 1 1 1 1 1 1 1 1 1 1 1 1 1 1 1 1 1 1 1 1 1 1 1 1 1 1 1 1 1 1 1 1 1 1 1 1 1 1 1 1 1 1 1 1 1 1 1 1 1 1 1 1 1 1 1 1 1 1 1 1 1 1 1 1 1 1 1 1 1 1 1 1 1 1 1 1 1 1 1 1 1 1 1 1 1 1 1 1 1 1 1 1 1 1 1 1 1 1 1 1 1 1 1 1 1 1 1 1 1 1 1 1 1 1 1 1 1 1 1 1 1 1 1 1 1 1 1 1 1 1 1 1 1 1 1 1 1 1 1 1 1 1 1 1 1 1 1 1 1 1 1 1 1 1 1 1 1 1 1 1 1 1 1 1 1 1 1 1 1 1 1 1 1 1 1 1 1 1 1 1 1 1 1 1 1 1 1 1 1 1 1 1 1 1 1 1 1 1 1 1 1 1 1 1 1 1 1 1 1 1 1 1 1 1 1 1 1 1 1 1 1 1 1 1 1 1 1 1 1 1 1 1 1 1 1 1 1 1 1 1 1 1 1 1 1 1 1 1 1 1 1 1 1 1 1 1 1 1 1 1 1 1 1 1 1 1 1 1 1 1 1 1 1 1 1 1 1 1 1 1 1 1 1 1 1 1 1 1 1 1 1 1 1 1 1 1 1 1 1 1 1 1 1 1 1 1 1 1 1 1 1 1 1 1 1 1 1 1 1 1 1 1 1 1 1 1 1 1 1 1 1 1 1 1 1 1 1 1 1 1 1 1 1 1 1 1 1 1 1 1 1 1 1 1 1 1 1 1 1 1 1 1 1 1 1 1 1 1 1 1 1 1 1 1 1 1 1 1 1 1 1 1 1 1 1 1 1 1 1 1 1 1 1 1 1 1 1 1 1 1 1 1 1 1 1 1 1 1 1 1 1 1 1 1 1 1 1 1 1 1 1 1 1 1 1 1 1 1 1 1 1 1 1 1 1 1 1 1 1 1 1 1 1 1 1 1 1 1 1 1 1 1 1 1 1 1 1 1 1 1 1 1 1 1 1 1 1 1 1 1 1 1 1 1 1 1 1 1 1 1 1 1 1 1 1 1 1 1 1 1 1 1 1 1 1 1 1 1 1 1 1 1 1 1 1 1 1 1 1 1 1 1 1 1 1 1 1 1 1 1 1 1 1 1 1 1 1 1 1 1 1 1 1 1 1 1 1 1 1 1 1 1 1 1 1 1 1 1 1 1 1 1 1 1 1 1 1 1 1 1 1 1 1 1 1 1 1 1 1 1 1 1 1 1 1 1 1 1 1 1 1 1 1 1 1 1 1 1 1 1 1 1 1 1 1 1 1 1 1 1 1 1 1 1 1 1 1 1 1 1 1 1 1 1 1 1 1 1 1 1 1 1 1 1 1 1 1 1 1 1 1 1 1 1 1 1 1 1 1 1 1 1 1 1 1 1 1 1 1 1 1 1 1 1 1 1 1 1 1 1 1 1 1 1 1 1 1 1 1 1 1 1 1 1 1 1 1 1 1 1 1 1 1 1 1 1 1 1 1 1 1 1 1 1 1 1 1 1 1 1 1 1 1 1 1 1 1 1 1 1 1 1 1 1 1 1 1 1 1 1 1 1 1 1 1 1 1 1 1 1 1 1 1 1 1 1 1 1 1 1 1 1 1 1 1 1 1 1 1 1 1 1 1 1 1 1 1 1 1 1 1 1 1 1 1 1 1 1 1 1 1 1 1 1 1 1 1 1 1 1 1 1 1 1 1 1 1 1 1 1 1 1 1 1 1 1 1 1 1 1 1 1 1 1 1 1 1 1 1 1 1 1 1 1 1 1 1 1 1 1 1 1 1 1 1 1 1 1 1 1 1 1 1 1 1 1 1 1 1 1 1 1 1 1 1 1 1 1 1 1 1 1 1 1 1 1 1 1 1 1 1 1 1 1 1 1 1 1 1 1 1 1 1 1 1 1 1 1 1 1 1 1 1 1 1 1 1 1 1 1 1 1 1 1 1 1 1 1 1 1 1 1 1 1 1 1 1 1 1 1 1 1 1 1 1 1 1 1 1 1 1 1 1 1 1 1 1 1 1 1 1 1 1 1 1 1 1 1 1 1 1 1 1 1 1 1 1 1 1 1 1 1 1 1 1 1 1 1 1 1 1 1 1 1 1 1 1 1 1 1 1 1 1 1 1 1 1 1 1 1 1 1 1 1 1 1 1 1 1 1 1 1 1 1 1 1 1 1 1 1 1 1 1 1 1 1 1 1 1 1 1 1 1 1 1 1 1 1 1 1 1 1 1 1 1 1 1 1 1 1 1 1 1 1 1 1 1 1 1 1 1 1 1 1 1 1 1 1 1 1 1 1 1 1 1 1 1 1 1 1 1 1 1 1 1 1 1 1 1 1 1 1 1 1 1 1 1 1 1 1 1 1 1 1 1 1 1 1 1 1 1 1 1 1 1 1 1 1 1 1 1 1 1 1 1 1 1 1 1 1 1 1 1 1 1 1 1 1 1 1 1 1 1 1 1 1 1 1 1 1 1 1 1 1 1 1 1 1 1 1 1 1 1 1 1 1 1 1 1 1 1 1 1 1 1 1 1 1 1 1 1 1 1 1 1 1 1 1 1 1 1 1 1 1 1 1 1 1 1 1 1 1 1 1 1 1 1 1 1 1 1 1 1 1 1 1 1 1 1 1 1 1 1 1 1 1 1 1 1 1 1 1 1 1 1 1 1 1 1 1 1 1 1 1 1 1 1 1 1 1 1 1 1 1 1 1 1 1 1 1 1 1 1 1 1 1 1 1 1 1 1 1 1 1 1 1 1 1 1 1 1 1 1 1 1 1 1 1 1 1 1 1 1 1 1 1 1 1 1 1 1 1 1 1 1 1 1 1 1 1 1 1 1 1 1 1 1 1 1 1 1 1 1 1 1 1 1 1 1 1 1 1 1 1 1 1 1 1 1 1 1 1 1 1 1 1 1 1 1 1 1 1 1 1 1 1 1 1 1 1 1 1 1 1 1 1 1 1 1 1 1 1 1 1 1 1 1 1 1 1 1 1 1 1 1 1 1 1 1 1 1 1 1 1 1 1 1 1 1 1 1 1 1 1 1 1 1 1 1 1 1 1 1 1 1 1 1 1 1 1 1 1 1 1 1 1 1 1 1 1 1 1 1 1 1 1 1 1 1 1 1 1 1 1 1 1 1 1 1 1 1 1 1 1 1 1 1 1 1 1 1 1 1 1 1 1 1 1 1 1 1 1 1 1 1 1 1 1 1 1 1 1 1 1 1 1 1 1 1 1 1 1 1 1 1 1 1 1 1 1 1 1 1 1 1 1 1 1 1 1 1 1 1 1 1 1 1 1 1 1 1 1 1 1 1 1 1 1 1 1 1 1 1 1 1 1 1 1 1 1 1 1 1 1 1 1 1 1 1 1 1 1 1 1 1 1 1 1 1 1 1 1 1 1 1 1 1 1 1 1 1 1 1 1 1 1 1 1 1 1 1 1 1 1 1 1 1 1 1 1 1 1 1 1 1 1 1 1 1 1 1 1 1 1 1 1 1 1 1 1 1 1 1 1 1 1 1 1 1 1 1 1 1 1 1 1 1 1 1 1 1 1 1 1 1 1 1 1 1 1 1 1 1 1 1 1 1 1 1 1 1 1 1 1 1 1 1 1 1 1 1 1 1 1 1 1 1 1 1 1 1 1 1 1 1 1 1 1 1 1 1 1 1 1 1 1 1 1 1 1 1 1 1 1 1 1 1 1 1 1 1 1 1 1 1 1 1 1 1 1 1 1 1 1 1 1 1 1 1 1 1 1 1 1 1 1 1 1 1 1 1 1 1 1 1 1 1 1 1 1 1 1 1 1 1 1 1 1 1 1 1 1 1 1 1 1 1 1 1 1 1 1 1 1 1 1 1 1 1 1 1 1 1 1 1 1 1 1 1 1 1 1 1 1 1 1 1 1 1 1 1 1 1 1 1 1 1 1 1 1 1 1 1 1 1 1 1 1 1 1 1 1 1 1 1 1 1 1 1 1 1 1 1 1 1 1 1 1 1 1 1 1 1 1 1 1 1 1 1 1 1 1 1 1 1 1 1 1 1 1 1 1 1 1 1 1 1 1 1 1 1 1 1 1 1 1 1 1 1 1 1 1 1 1 1 1 1 1 1 1 1 1 1 1 1 1 1 1 1 1 1 1 1 1 1 1 1 1 1 1 1 1 1 1 1 1 1 1 1 1 1 1 1 1 1 1 1 1 1 1 1 1 1 1 1 1 1 1 1 1 1 1 1 1 1 1 1 1 1 1 1 1 1 1 1 1 1 1 1 1 1 1 1 1 1 1 1 1 1 1 1 1 1 1 1 1 1 1 1 1 1 1 1 1 1 1 1 1 1 1 1 1 1 1 1 1 1 1 1 1 1 1 1 1 1 1 1 1 1 1 1 1 1 1 1 1 1 1 1 1 1 1 1 1 1 1 1 1 1 1 1 1 1 1 1 1 1 1 1 1 1 1 1 1 1 1 1 1 1 1 1 1 1 1 1 1 1 1 1 1 1 1 1 1 1 1 1 1 1 1 1 1 1 1 1 1 1 1 1 1 1 1 1 1 1 1 1 1 1 1 1 1 1 1 1 1 1 1 1 1 1 1 1 1 1 1 1 1 1 1 1 1 1 1 1 1 1 1 1 1 1 1 1 1 1 1 1 1 1 1 1 1 1 1 1 1 1 1 1 1 1 1 1 1 1 1 1 1 1 1 1 1 1 1 1 1 1 1 1 1 1 1 1 1 1 1 1 1 1 1 1 1 1 1 1 1 1 1 1 1 1 1 1 1 1 1 1 1 1 1 1 1 1 1 1 1 1 1 1 1 1 1 1 1 1 1 1 1 1 1 1 1 1 1 1 1 1 1 1 1 1 1 1 1 1 1 1 1 1 1 1 1 1 1 1 1 1 1 1 1 1 1 1 1 1 1 1 1 1 1 1 1 1 1 1 1 1 1 1 1 1 1 1 1 1 1 1 1 1 1 1 1 1 1 1 1 1 1 1 1 1 1 1 1 1 1 1 1 1 1 1 1 1 1 1 1 1 1 1 1 1 1 1 1 1 1 1 1 1 1 1 1 1 1 1 1 1 1 1 1 1 1 1 1 1 1 1 1 1 1 1 1 1 1 1 1 1 1 1 1 1 1 1 1 1 1 1 1 1 1 1 1 1 1 1 1 1 1 1 1 1 1 1 1 1 1 1 1 1 1 1 1 1 1 1 1 1 1 1 1 1 1 1 1 1 1 1 1 1 1 1 1 1 1 1 1 1 1 1 1 1 1 1 1 1 1 1 1 1 1 1 1 1 1 1 1 1 1 1 1 1 1 1 1 1 1 1 1 1 1 1 1 1 1 1 1 1 1 1 1 1 1 1 1 1 1 1 1 1 1 1 1 1 1 1 1 1 1 1 1 1 1 1 1 1 1 1 1 1 1 1 1 1 1 1 1 1 1 1 1 1 1 1 1 1 1 1 1 1 1 1 1 1 1 1 1 1 1 1 1 1 1 1 1 1 1 1 1 1 1 1 1 1 1 1 1 1 1 1 1 1 1 1 1 1 1 1 1 1 1 1 1 1 1 1 1 1 1 1 1 1 1 1 1 1 1 1 1 1 1 1 1 1 1 1 1 1 1 1 1 1 1 1 1 1 1 1 1 1 1 1 1 1 1 1 1 1 1 1 1 1 1 1 1 1 1 1 1 1 1 1 1 1 1 1 1 1 1 1 1 1 1 1 1 1 1 1 1 1 1 1 1 1 1 1 1 1 1 1 1 1 1 1 1 1 1 1 1 1 1 1 1 1 1 1 1 1 1 1 1 1 1 1 1 1 1 1 1 1 1 1 1 1 1 1 1 1 1 1 1 1 1 1 1 1 1 1 1 1 1 1 1 1 1 1 1 1 1 1 1 1 1 1 1 1 1 1 1 1 1 1 1 1 1 1 1 1 1 1 1 1 1 1 1 1 1 1 1 1 1 1 1 1 1 1 1 1 1 1 1 1 1 1 1 1 1 1 1 1 1 1 1 1 1 1 1 1 1 1 1 1 1 1 1 1 1 1 1 1 1 1 1 1 1 1 1 1 1 1 1 1 1 1 1 1 1 1 1 1 1 1 1 1 1 1 1 1 1 1 1 1 1 1 1 1 1 1 1 1 1 1 1 1 1 1 1 1 1 1 1 1 1 1 1 1 1 1 1 1 1 1 1 1 1 1 1 1 1 1 1 1 1 1 1 1 1 1 1 1 1 1 1 1 1 1 1 1 1 1 1 1 1 1 1 1 1 1 1 1 1 1 1 1 1 1 1 1 1 1 1 1 1 1 1 1 1 1 1 1 1 1 1 1 1 1 1 1 1 1 1 1 1 1 1 1 1 1 1 1 1 1 1 1 1 1 1 1 1 1 1 1 1 1 1 1 1 1 1 1 1 1 1 1 1 1 1 1 1 1 1 1 1 1 1 1 1 1 1 1 1 1 1 1 1 1 1 1 1 1 1 1 1 1 1 1 1 1 1 1 1 1 1 1 1 1 1 1 1 1 1 1 1 1 1 1 1 1 1 1 1 1 1 1 1 1 1 1 1 1 1 1 1 1 1 1 1 1 1 1 1 1 1 1 1 1 1 1 1 1 1 1 1 1 1 1 1 1 1 1 1 1 1 1 1 1 1 1 1 1 1 1 1 1 1 1 1 1 1 1 1 1 1 1 1 1 1 1 1 1 1 1 1 1 1 1 1 1 1 1 1 1 1 1 1 1 1 1 1 1 1 1 1 1 1 1 1 1 1 1 1 1 1 1 1 1 1 1 1 1 1 1 1 1 1 1 1 1 1 1 1 1 1 1 1 1 1 1 1 1 1 1 1 1 1 1 1 1 1 1 1 1 1 1 1 1 1 1 1 1 1 1 1 1 1 1 1 1 1 1 1 1 1 1 1 1 1 1 1 1 1 1 1 1 1 1 1 1 1 1 1 1 1 1 1 1 1 1 1 1 1 1 1 1 1 1 1 1 1 1 1 1 1 1 1 1 1 1 1 1 1 1 1 1 1 1 1 1 1 1 1 1 1 1 1 1 1 1 1 1 1 1 1 1 1 1 1 1 1 1 1 1 1 1 1 1 1 1 1 1 1 1 1 1 1 1 1 1 1 1 1 1 1 1 1 1 1 1 1 1 1 1 1 1 1 1 1 1 1 1 1 1 1 1 1 1 1 1 1 1 1 1 1 1 1 1 1 1 1 1 1 1 1 1 1 1 1 1 1 1 1 1 1 1 1 1 1 1 1 1 1 1 1 1 1 1 1 1 1 1 1 1 1 1 1 1 1 1 1 1 1 1 1 1 1 1 1 1 1 1 1 1 1 1 1 1 1 1 1 1 1 1 1 1 1 1 1 1 1 1 1 1 1 1 1 1 1 1 1 1 1 1 1 1 1 1 1 1 1 1 1 1 1 1 1 1 1 1 1 1 1 1 1 1 1 1 1 1 1 1 1 1 1 1 1 1 1 1 1 1 1 1 1 1 1 1 1 1 1 1 1 1 1 1 1 1 1 1 1 1 1 1 1 1 1 1 1 1 1 1 1 1 1 1 1 1 1 1 1 1 1 1 1 1 1 1 1 1 1 1 1 1 1 1 1 1 1 1 1 1 1 1 1 1 1 1 1 1 1 1 1 1 1 1 1 1 1 1 1 1 1 1 1 1 1 1 1 1 1 1 1 1 1 1 1 1 1 1 1 1 1 1 1 1 1 1 1 1 1 1 1 1 1 1 1 1 1 1 1 1 1 1 1 1 1 1 1 1 1 1 1 1 1 1 1 1 1 1 1 1 1 1 1 1 1 1 1 1 1 1 1 1 1 1 1 1 1 1 1 1 1 1 1 1 1 1 1 1 1 1 1 1 1 1 1 1 1 1 1 1 1 1 1 1 1 1 1 1 1 1 1 1 1 1 1 1 1 1 1 1 1 1 1 1 1 1 1 1 1 1 1 1 1 1 1 1 1 1 1 1 1 1 1 1 1 1 1 1 1 1 1 1 1 1 1 1 1 1 1 1 1 1 1 1 1 1 1 1 1 1 1 1 1 1 1 1 1 1 1 1 1 1 1 1 1 1 1 1 1 1 1 1 1 1 1 1 1 1 1 1 1 1 1 1 1 1 1 1 1 1 1 1 1 1 1 1 1 1 1 1 1 1 1 1 1 1 1 1 1 1 1 1 1 1 1 1 1 1 1 1 1 1 1 1 1 1 1 1 1 1 1 1 1 1 1 1 1 1 1 1 1 1 1 1 1 1 1 1 1 1 1 1 1 1 1 1 1 1 1 1 1 1 1 1 1 1 1 1 1 1 1 1 1 1 1 1 1 1 1 1 1 1 1 1 1 1 1 1 1 1 1 1 1 1 1 1 1 1 1 1 1 1 1 1 1 1 1 1 1 1 1 1 1 1 1 1 1 1 1 1 1 1 1 1 1 1 1 1 1 1 1 1 1 1 1 1 1 1 1 1 1 1 1 1 1 1 1 1 1 1 1 1 1 1 1 1 1 1 1 1 1 1 1 1 1 1 1 1 1 1 1 1 1 1 1 1 1 1 1 1 1 1 1 1 1 1 1 1 1 1 1 1 1 1 1 1 1 1 1 1 1 1 1 1 1 1 1 1 1 1 1 1 1 1 1 1 1 1 1 1 1 1 1 1 1 1 1 1 1 1 1 1 1 1 1 1 1 1 1 1 1 1 1 1 1 1 1 1 1 1 1 1 1 1 1 1 1 1 1 1 1 1 1 1 1 1 1 1 1 1 1 1 1 1 1 1 1 1 1 1 1 1 1 1 1 1 1 1 1 1 1 1 1 1 1 1 1 1 1 1 1 1 1 1 1 1 1 1 1 1 1 1 1 1 1 1 1 1 1 1 1 1 1 1 1 1 1 1 1 1 1 1 1 1 1 1 1 1 1 1 1 1 1 1 1 1 1 1 1 1 1 1 1 1 1 1 1 1 1 1 1 1 1 1 1 1 1 1 1 1 1 1 1 1 1 1 1 1 1 1 1 1 1 1 1 1 1 1 1 1 1 1 1 1 1 1 1 1 1 1 1 1 1 1 1 1 1 1 1 1 1 1 1 1 1 1 1 1 1 1 1 1 1 1 1 1 1 1 1 1 1 1 1 1 1 1 1 1 1 1 1 1 1 1 1 1 1 1 1 1 1 1 1 1 1 1 1 1 1 1 1 1 1 1 1 1 1 1 1 1 1 1 1 1 1 1 1 1 1 1 1 1 1 1 1 1 1 1 1 1 1 1 1 1 1 1 1 1 1 1 1 1 1 1 1 1 1 1 1 1 1 1 1 1 1 1 1 1 1 1 1 1 1 1 1 1 1 1 1 1 1 1 1 1 1 1 1 1 1 1 1 1 1 1 1 1 1 1 1 1 1 1 1 1 1 1 1 1 1 1 1 1 1 1 1 1 1 1 1 1 1 1 1 1 1 1 1 1 1 1 1 1 1 1 1 1 1 1 1 1 1 1 1 1 1 1 1 1 1 1 1 1 1 1 1 1 1 1 1 1 1 1 1 1 1 1 1 1 1 1 1 1 1 1 1 1 1 1 1 1 1 1 1 1 1 1 1 1 1 1 1 1 1 1 1 1 1 1 1 1 1 1 1 1 1 1 1 1 1 1 1 1 1 1 1 1 1 1 1 1 1 1 1 1 1 1 1 1 1 1 1 1 1 1 1 1 1 1 1 1 1 1 1 1 1 1 1 1 1 1 1 1 1 1 1 1 1 1 1 1 1 1 1 1 1 1 1 1 1 1 1 1 1 1 1 1 1 1 1 1 1 1 1 1 1 1 1 1 1 1 1 1 1 1 1 1 1 1 1 1 1 1 1 1 1 1 1 1 1 1 1 1 1 1 1 1 1 1 1 1 1 1 1 1 1 1 1 1 1 1 1 1 1 1 1 1 1 1 1 1 1 1 1 1 1 1 1 1 1 1 1 1 1 1 1 1 1 1 1 1 1 1 1 1 1 1 1 1 1 1 1 1 1 1 1 1 1 1 1 1 1 1 1 1 1 1 1 1 1 1 1 1 1 1 1 1 1 1 1 1 1 1 1 1 1 1 1 1 1 1 1 1 1 1 1 1 1 1 1 1 1 1 1 1 1 1 1 1 1 1 1 1 1 1 1 1 1 1 1 1 1 1 1 1 1 1 1 1 1 1 1 1 1 1 1 1 1 1 1 1 1 1 1 1 1 1 1 1 1 1 1 1 1 1 1 1 1 1 1 1 1 1 1 1 1 1 1 1 1 1 1 1 1 1 1 1 1 1 1 1 1 1 1 1 1 1 1 1 1 1 1 1 1 1 1 1 1 1 1 1 1 1 1 1 1 1 1 1 1 1 1 1 1 1 1 1 1 1 1 1 1 1 1 1 1 1 1 1 1 1 1 1 1 1 1 1 1 1 1 1 1 1 1 1 1 1 1 1 1 1 1 1 1 1 1 1 1 1 1 1 1 1 1 1 1 1 1 1 1 1 1 1 1 1 1 1 1 1 1 1 1 1 1 1 1 1 1 1 1 1 1 1 1 1 1 1 1 1 1 1 1 1 1 1 1 1 1 1 1 1 1 1 1 1 1 1 1 1 1 1 1 1 1 1 1 1 1 1 1 1 1 1 1 1 1 1 1 1 1 1 1 1 1 1 1 1 1 1 1 1 1 1 1 1 1 1 1 1 1 1 1 1 1 1 1 1 1 1 1 1 1 1 1 1 1 1 1 1 1 1 1 1 1 1 1 1 1 1 1 1 1 1 1 1 1 1 1 1 1 1 1 1 1 1 1 1 1 1 1 1 1 1 1 1 1 1 1 1 1 1 1 1 1 1 1 1 1 1 1 1 1 1 1 1 1 1 1 1 1 1 1 1 1 1 1 1 1 1 1 1 1 1 1 1 1 1 1 1 1 1 1 1 1 1 1 1 1 1 1 1 1 1 1 1 1 1 1 1 1 1 1 1 1 1 1 1 1 1 1 1 1 1 1 1 1 1 1 1 1 1 1 1 1 1 1 1 1 1 1 1 1 1 1 1 1 1 1 1 1 1 1 1 1 1 1 1 1 1 1 1 1 1 1 1 1 1 1 1 1 1 1 1 1 1 1 1 1 1 1 1 1 1 1 1 1 1 1 1 1 1 1 1 1 1 1 1 1 1 1 1 1 1 1 1 1 1 1 1 1 1 1 1 1 1 1 1 1 1 1 1 1 1 1 1 1 1 1 1 1 1 1 1 1 1 1 1 1 1 1 1 1 1 1 1 1 1 1 1 1 1 1 1 1 1 1 1 1 1 1 1 1 1 1 1 1 1 1 1 1 1 1 1 1 1 1 1 1 1 1 1 1 1 1 1 1 1 1 1 1 1 1 1 1 1 1 1 1 1 1 1 1 1 1 1 1 1 1 1 1 1 1 1 1 1 1 1 1 1 1 1 1 1 1 1 1 1 1 1 1 1 1 1 1 1 1 1 1 1 1 1 1 1 1 1 1 1 1 1 1 1 1 1 1 1 1 1 1 1 1 1 1 1 1 1 1 1 1 1 1 1 1 1 1 1 1 1 1 1 1 1 1 1 1 1 1 1 1 1 1 1 1 1 1 1 1 1 1 1 1 1 1 1 1 1 1 1 1 1 1 1 1 1 1 1 1 1 1 1 1 1 1 1 1 1 1 1 1 1 1 1 1 1 1 1 1 1 1 1 1 1 1 1 1 1 1 1 1 1 1 1 1 1 1 1 1 1 1 1 1 1 1 1 1 1 1 1 1 1 1 1 1 1 1 1 1 1 1 1 1 1 1 1 1 1 1 1 1 1 1 1 1 1 1 1 1 1 1 1 1 1 1 1 1 1 1 1 1 1 1 1 1 1 1 1 1 1 1 1 1 1 1 1 1 1 1 1 1 1 1 1 1 1 1 1 1 1 1 1 1 1 1 1 1 1 1 1 1 1 1 1 1 1 1 1 1 1 1 1 1 1 1 1 1 1 1 1 1 1 1 1 1 1 1 1 1 1 1 1 1 1 1 1 1 1 1 1 1 1 1 1 1 1 1 1 1 1 1 1 1 1 1 1 1 1 1 1 1 1 1 1 1 1 1 1 1 1 1 1 1 1 1 1 1 1 1 1 1 1 1 1 1 1 1 1 1 1 1 1 1 1 1 1 1 1 1 1 1 1 1 1 1 1 1 1 1 1 1 1 1 1 1 1 1 1 1 1 1 1 1 1 1 1 1 1 1 1 1 1 1 1 1 1 1 1 1 1 1 1 1 1 1 1 1 1 1 1 1 1 1 1 1 1 1 1 1 1 1 1 1 1 1 1 1 1 1 1 1 1 1 1 1 1 1 1 1 1 1 1 1 1 1 1 1 1 1 1 1 1 1 1 1 1 1 1 1 1 1 1 1 1 1 1 1 1 1 1 1 1 1 1 1 1 1 1 1 1 1 1 1 1 1 1 1 1 1 1 1 1 1 1 1 1 1 1 1 1 1 1 1 1 1 1 1 1 1 1 1 1 1 1 1 1 1 1 1 1 1 1 1 1 1 1 1 1 1 1 1 1 1 1 1 1 1 1 1 1 1 1 1 1 1 1 1 1 1 1 1 1 1 1 1 1 1 1 1 1 1 1 1 1 1 1 1 1 1 1 1 1 1 1 1 1 1 1 1 1 1 1 1 1 1 1 1 1 1 1 1 1 1 1 1 1 1 1 1 1 1 1 1 1 1 1 1 1 1 1 1 1 1 1 1 1 1 1 1 1 1 1 1 1 1 1 1 1 1 1 1 1 1 1 1 1 1 1 1 1 1 1 1 1 1 1 1 1 1 1 1 1 1 1 1 1 1 1 1 1 1 1 1 1 1 1 1 1 1 1 1 1 1 1 1 1 1 1 1 1 1 1 1 1 1 1 1 1 1 1 1 1 1 1 1 1 1 1 1 1 1 1 1 1 1 1 1 1 1 1 1 1 1 1 1 1 1 1 1 1 1 1 1 1 1 1 1 1 1 1 1 1 1 1 1 1 1 1 1 1 1 1 1 1 1 1 1 1 1 1 1 1 1 1 1 1 1 1 1 1 1 1 1 1 1 1 1 1 1 1 1 1 1 1 1 1 1 1 1 1 1 1 1 1 1 1 1 1 1 1 1 1 1 1 1 1 1 1 1 1 1 1 1 1 1 1 1 1 1 1 1 1 1 1 1 1 1 1 1 1 1 1 1 1 1 1 1 1 1 1 1 1 1 1 1 1 1 1 1 1 1 1 1 1 1 1 1 1 1 1 1 1 1 1 1 1 1 1 1 1 1 1 1 1 1 1 1 1 1 1 1 1 1 1 1 1 1 1 1 1 1 1 1 1 1 1 1 1 1 1 1 1 1 1 1 1 1 1 1 1 1 1 1 1 1 1 1 1 1 1 1 1 1 1 1 1 1 1 1 1 1 1 1 1 1 1 1 1 1 1 1 1 1 1 1 1 1 1 1 1 1 1 1 1 1 1 1 1 1 1 1 1 1 1 1 1 1 1 1 1 1 1 1 1 1 1 1 1 1 1 1 1 1 1 1 1 1 1 1 1 1 1 1 1 1 1 1 1 1 1 1 1 1 1 1 1 1 1 1 1 1 1 1 1 1 1 1 1 1 1 1 1 1 1 1 1 1 1 1 1 1 1 1 1 1 1 1 1 1 1 1 1 1 1 1 1 1 1 1 1 1 1 1 1 1 1 1 1 1 1 1 1 1 1 1 1 1 1 1 1 1 1 1 1 1 1 1 1 1 1 1 1 1 1 1 1 1 1 1 1 1 1 1 1 1 1 1 1 1 1 1 1 1 1 1 1 1 1 1 1 1 1 1 1 1 1 1 1 1 1 1 1 1 1 1 1 1 1 1 1 1 1 1 1 1 1 1 1 1 1 1 1 1 1 1 1 1 1 1 1 1 1 1 1 1 1 1 1 1 1 1 1 1 1 1 1 1 1 1 1 1 1 1 1 1 1 1 1 1 1 1 1 1 1 1 1 1 1 1 1 1 1 1 1 1 1 1 1 1 1 1 1 1 1 1 1 1 1 1 1 1 1 1 1 1 1 1 1 1 1 1 1 1 1 1 1 1 1 1 1 1 1 1 1 1 1 1 1 1 1 1 1 1 1 1 1 1 1 1 1 1 1 1 1 1 1 1 1 1 1 1 1 1 1 1 1 1 1 1 1 1 1 1 1 1 1 1 1 1 1 1 1 1 1 1 1 1 1 1 1 1 1 1 1 1 1 1 1 1 1 1 1 1 1 1 1 1 1 1 1 1 1 1 1 1 1 1 1 1 1 1 1 1 1 1 1 1 1 1 1 1 1 1 1 1 1 1 1 1 1 1 1 1 1 1 1 1 1 1 1 1 1 1 1 1 1 1 1 1 1 1 1 1 1 1 1 1 1 1 1 1 1 1 1 1 1 1 1 1 1 1 1 1 1 1 1 1 1 1 1 1 1 1 1 1 1 1 1 1 1 1 1 1 1 1 1 1 1 1 1 1 1 1 1 1 1 1 1 1 1 1 1 1 1 1 1 1 1 1 1 1 1 1 1 1 1 1 1 1 1 1 1 1 1 1 1 1 1 1 1 1 1 1 1 1 1 1 1 1 1 1 1 1 1 1 1 1 1 1 1 1 1 1 1 1 1 1 1 1 1 1 1 1 1 1 1 1 1 1 1 1 1 1 1 1 1 1 1 1 1 1 1 1 1 1 1 1 1 1 1 1 1 1 1 1 1 1 1 1 1 1 1 1 1 1 1 1 1 1 1 1 1 1 1 1 1 1 1 1 1 1 1 1 1 1 1 1 1 1 1 1 1 1 1 1 1 1 1 1 1 1 1 1 1 1 1 1 1 1 1 1 1 1 1 1 1 1 1 1 1 1 1 1 1 1 1 1 1 1 1 1 1 1 1 1 1 1 1 1 1 1 1 1 1 1 1 1 1 1 1 1 1 1 1 1 1 1 1 1 1 1 1 1 1 1 1 1 1 1 1 1 1 1 1 1 1 1 1 1 1 1 1 1 1 1 1 1 1 1 1 1 1 1 1 1 1 1 1 1 1 1 1 1 1 1 1 1 1 1 1 1 1 1 1 1 1 1 1 1 1 1 1 1 1 1 1 1 1 1 1 1 1 1 1 1 1 1 1 1 1 1 1 1 1 1 1 1 1 1 1 1 1 1 1 1 1 1 1 1 1 1 1 1 1 1 1 1 1 1 1 1 1 1 1 1 1 1 1 1 1 1 1 1 1 1 1 1 1 1 1 1 1 1 1 1 1 1 1 1 1 1 1 1 1 1 1 1 1 1 1 1 1 1 1 1 1 1 1 1 1 1 1 1 1 1 1 1 1 1 1 1 1 1 1 1 1 1 1 1 1 1 1 1 1 1 1 1 1 1 1 1 1 1 1 1 1 1 1 1 1 1 1 1 1 1 1 1 1 1 1 1 1 1 1 1 1 1 1 1 1 1 1 1 1 1 1 1 1 1 1 1 1 1 1 1 1 1 1 1 1 1 1 1 1 1 1 1 1 1 1 1 1 1 1 1 1 1 1 1 1 1 1 1 1 1 1 1 1 1 1 1 1 1 1 1 1 1 1 1 1 1 1 1 1 1 1 1 1 1 1 1 1 1 1 1 1 1 1 1 1 1 1 1 1 1 1 1 1 1 1 1 1 1 1 1 1 1 1 1 1 1 1 1 1 1 1 1 1 1 1 1 1 1 1 1 1 1 1 1 1 1 1 1 1 1 1 1 1 1 1 1 1 1 1 1 1 1 1 1 1 1 1 1 1 1 1 1 1 1 1 1 1 1 1 1 1 1 1 1 1 1 1 1 1 1 1 1 1 1 1 1 1 1 1 1 1 1 1 1 1 1 1 1 1 1 1 1 1 1 1 1 1 1 1 1 1 1 1 1 1 1 1 1 1 1 1 1 1 1 1 1 1 1 1 1 1 1 1 1 1 1 1 1 1 1 1 1 1 1 1 1 1 1 1 1 1 1 1 1 1 1 1 1 1 1 1 1 1 1 1 1 1 1 1 1 1 1 1 1 1 1 1 1 1 1 1 1 1 1 1 1 1 1 1 1 1 1 1 1 1 1 1 1 1 1 1 1 1 1 1 1 1 1 1 1 1 1 1 1 1 1 1 1 1 1 1 1 1 1 1 1 1 1 1 1 1 1 1 1 1 1 1 1 1 1 1 1 1 1 1 1 1 1 1 1 1 1 1 1 1 1 1 1 1 1 1 1 1 1 1 1 1 1 1 1 1 1 1 1 1 1 1 1 1 1 1 1 1 1 1 1 1 1 1 1 1 1 1 1 1 1 1 1 1 1 1 1 1 1 1 1 1 1 1 1 1 1 1 1 1 1 1 1 1 1 1 1 1 1 1 1 1 1 1 1 1 1 1 1 1 1 1 1 1 1 1 1 1 1 1 1 1 1 1 1 1 1 1 1 1 1 1 1 1 1 1 1 1 1 1 1 1 1 1 1 1 1 1 1 1 1 1 1 1 1 1 1 1 1 1 1 1 1 1 1 1 1 1 1 1 1 1 1 1 1 1 1 1 1 1 1 1 1 1 1 1 1 1 1 1 1 1 1 1 1 1 1 1 1 1 1 1 1 1 1 1 1 1 1 1 1 1 1 1 1 1 1 1 1 1 1 1 1 1 1 1 1 1 1 1 1 1 1 1 1 1 1 1 1 1 1 1 1 1 1 1 1 1 1 1 1 1 1 1 1 1 1 1 1 1 1 1 1 1 1 1 1 1 1 1 1 1 1 1 1 1 1 1 1 1 1 1 1 1 1 1 1 1 1 1 1 1 1 1 1 1 1 1 1 1 1 1 1 1 1 1 1 1 1 1 1 1 1 1 1 1 1 1 1 1 1 1 1 1 1 1 1 1 1 1 1 1 1 1 1 1 1 1 1 1 1 1 1 1 1 1 1 1 1 1 1 1 1 1 1 1 1 1 1 1 1 1 1 1 1 1 1 1 1 1 1 1 1 1 1 1 1 1 1 1 1 1 1 1 1 1 1 1 1 1 1 1 1 1 1 1 1 1 1 1 1 1 1 1 1 1 1 1 1 1 1 1 1 1 1 1 1 1 1 1 1 1 1 1 1 1 1 1 1 1 1 1 1 1 1 1 1 1 1 1 1 1 1 1 1 1 1 1 1 1 1 1 1 1 1 1 1 1 1 1 1 1 1 1 1 1 1 1 1 1 1 1 1 1 1 1 1 1 1 1 1 1 1 1 1 1 1 1 1 1 1 1 1 1 1 1 1 1 1 1 1 1 1 1 1 1 1 1 1 1 1 1 1 1 1 1 1 1 1 1 1 1 1 1 1 1 1 1 1 1 1 1 1 1 1 1 1 1 1 1 1 1 1 1 1 1 1 1 1 1 1 1 1 1 1 1 1 1 1 1 1 1 1 1 1 1 1 1 1 1 1 1 1 1 1 1 1 1 1 1 1 1 1 1 1 1 1 1 1 1 1 1 1 1 1 1 1 1 1 1 1 1 1 1 1 1 1 1 1 1 1 1 1 1 1 1 1 1 1 1 1 1 1 1 1 1 1 1 1 1 1 1 1 1 1 1 1 1 1 1 1 1 1 1 1 1 1 1 1 1 1 1 1 1 1 1 1 1 1 1 1 1 1 1 1 1 1 1 1 1 1 1 1 1 1 1 1 1 1 1 1 1 1 1 1 1 1 1 1 1 1 1 1 1 1 1 1 1 1 1 1 1 1 1 1 1 1 1 1 1 1 1 1 1 1 1 1 1 1 1 1 1 1 1 1 1 1 1 1 1 1 1 1 1 1 1 1 1 1 1 1 1 1 1 1 1 1 1 1 1 1 1 1 1 1 1 1 1 1 1 1 1 1 1 1 1 1 1 1 1 1 1 1 1 1 1 1 1 1 1 1 1 1 1 1 1 1 1 1 1 1 1 1 1 1 1 1 1 1 1 1 1 1 1 1 1 1 1 1 1 1 1 1 1 1 1 1</float_array>
          <technique_common>
            <accessor source="#m_dun5101_00_00c-mesh-colors-colors-array" count="4239" stride="4">
              <param name="R" type="float"/>
              <param name="G" type="float"/>
              <param name="B" type="float"/>
              <param name="A" type="float"/>
            </accessor>
          </technique_common>
        </source>
        <vertices id="m_dun5101_00_00c-mesh-vertices">
          <input semantic="POSITION" source="#m_dun5101_00_00c-mesh-positions"/>
        </vertices>
        <triangles material="ishi1-material" count="4">
          <input semantic="VERTEX" source="#m_dun5101_00_00c-mesh-vertices" offset="0"/>
          <input semantic="NORMAL" source="#m_dun5101_00_00c-mesh-normals" offset="1"/>
          <input semantic="TEXCOORD" source="#m_dun5101_00_00c-mesh-map" offset="2" set="0"/>
          <input semantic="COLOR" source="#m_dun5101_00_00c-mesh-colors-colors" offset="3" set="0"/>
          <p>1 0 0 0 3 0 1 1 0 0 2 2 5 0 3 3 7 0 4 4 4 0 5 5 1 0 2340 2340 2 0 2341 2341 3 0 2342 2342 5 0 2343 2343 6 0 2344 2344 7 0 2345 2345</p>
        </triangles>
        <triangles material="ishi3-material" count="4">
          <input semantic="VERTEX" source="#m_dun5101_00_00c-mesh-vertices" offset="0"/>
          <input semantic="NORMAL" source="#m_dun5101_00_00c-mesh-normals" offset="1"/>
          <input semantic="TEXCOORD" source="#m_dun5101_00_00c-mesh-map" offset="2" set="0"/>
          <input semantic="COLOR" source="#m_dun5101_00_00c-mesh-colors-colors" offset="3" set="0"/>
          <p>9 0 6 6 11 0 7 7 8 0 8 8 13 0 9 9 15 0 10 10 12 0 11 11 9 0 2346 2346 10 0 2347 2347 11 0 2348 2348 13 0 2349 2349 14 0 2350 2350 15 0 2351 2351</p>
        </triangles>
        <triangles material="yuki2-material" count="26">
          <input semantic="VERTEX" source="#m_dun5101_00_00c-mesh-vertices" offset="0"/>
          <input semantic="NORMAL" source="#m_dun5101_00_00c-mesh-normals" offset="1"/>
          <input semantic="TEXCOORD" source="#m_dun5101_00_00c-mesh-map" offset="2" set="0"/>
          <input semantic="COLOR" source="#m_dun5101_00_00c-mesh-colors-colors" offset="3" set="0"/>
          <p>16 1 12 12 19 2 13 13 18 3 14 14 19 2 15 15 20 4 16 16 18 3 17 17 20 4 18 18 23 5 19 19 22 6 20 20 23 5 21 21 24 7 22 22 22 6 23 23 27 8 24 24 28 9 25 25 26 10 26 26 28 9 27 27 31 11 28 28 30 12 29 29 30 12 30 30 33 13 31 31 32 14 32 32 32 14 33 33 35 15 34 34 34 16 35 35 37 17 36 36 39 18 37 37 36 19 38 38 41 20 39 39 43 21 40 40 40 22 41 41 45 23 42 42 47 24 43 43 44 25 44 44 49 26 45 45 51 27 46 46 48 28 47 47 53 29 48 48 55 30 49 49 52 31 50 50 16 1 2352 2352 17 984 2353 2353 19 2 2354 2354 19 2 2355 2355 21 985 2356 2356 20 4 2357 2357 20 4 2358 2358 21 985 2359 2359 23 5 2360 2360 23 5 2361 2361 25 986 2362 2362 24 7 2363 2363 27 8 2364 2364 29 987 2365 2365 28 9 2366 2366 28 9 2367 2367 29 987 2368 2368 31 11 2369 2369 30 12 2370 2370 31 11 2371 2371 33 13 2372 2372 32 14 2373 2373 33 13 2374 2374 35 15 2375 2375 37 17 2376 2376 38 988 2377 2377 39 18 2378 2378 41 20 2379 2379 42 989 2380 2380 43 21 2381 2381 45 23 2382 2382 46 990 2383 2383 47 24 2384 2384 49 26 2385 2385 50 991 2386 2386 51 27 2387 2387 53 29 2388 2388 54 992 2389 2389 55 30 2390 2390</p>
        </triangles>
        <triangles material="h_kage_lm5_007-material" count="33">
          <input semantic="VERTEX" source="#m_dun5101_00_00c-mesh-vertices" offset="0"/>
          <input semantic="NORMAL" source="#m_dun5101_00_00c-mesh-normals" offset="1"/>
          <input semantic="TEXCOORD" source="#m_dun5101_00_00c-mesh-map" offset="2" set="0"/>
          <input semantic="COLOR" source="#m_dun5101_00_00c-mesh-colors-colors" offset="3" set="0"/>
          <p>57 0 51 51 58 0 52 52 56 0 53 53 59 0 54 54 60 0 55 55 58 0 56 56 61 0 57 57 62 0 58 58 60 0 59 59 65 32 60 60 66 32 61 61 64 32 62 62 66 32 63 63 69 32 64 64 68 32 65 65 71 32 66 66 72 32 67 67 70 32 68 68 73 32 69 69 74 32 70 70 72 32 71 71 77 0 72 72 78 0 73 73 76 0 74 74 79 0 75 75 80 0 76 76 78 0 77 77 83 33 78 78 85 34 79 79 82 35 80 80 87 36 81 81 89 37 82 82 86 36 83 83 91 38 84 84 93 39 85 85 90 40 86 86 95 41 87 87 97 42 88 88 94 42 89 89 98 32 90 90 100 32 91 91 101 32 92 92 103 0 93 93 105 0 94 94 102 0 95 95 106 0 96 96 107 0 97 97 108 0 98 98 109 0 99 99 110 0 100 100 111 0 101 101 112 0 102 102 113 0 103 103 114 0 104 104 57 0 2391 2391 59 0 2392 2392 58 0 2393 2393 59 0 2394 2394 61 0 2395 2395 60 0 2396 2396 61 0 2397 2397 63 0 2398 2398 62 0 2399 2399 65 32 2400 2400 67 32 2401 2401 66 32 2402 2402 66 32 2403 2403 67 32 2404 2404 69 32 2405 2405 71 32 2406 2406 73 32 2407 2407 72 32 2408 2408 73 32 2409 2409 75 32 2410 2410 74 32 2411 2411 77 0 2412 2412 79 0 2413 2413 78 0 2414 2414 79 0 2415 2415 81 0 2416 2416 80 0 2417 2417 83 33 2418 2418 84 993 2419 2419 85 34 2420 2420 87 36 2421 2421 88 484 2422 2422 89 37 2423 2423 91 38 2424 2424 92 994 2425 2425 93 39 2426 2426 95 41 2427 2427 96 995 2428 2428 97 42 2429 2429 98 32 2430 2430 99 32 2431 2431 100 32 2432 2432 103 0 2433 2433 104 0 2434 2434 105 0 2435 2435</p>
        </triangles>
        <triangles material="pasted__mkgr_r04-material" count="36">
          <input semantic="VERTEX" source="#m_dun5101_00_00c-mesh-vertices" offset="0"/>
          <input semantic="NORMAL" source="#m_dun5101_00_00c-mesh-normals" offset="1"/>
          <input semantic="TEXCOORD" source="#m_dun5101_00_00c-mesh-map" offset="2" set="0"/>
          <input semantic="COLOR" source="#m_dun5101_00_00c-mesh-colors-colors" offset="3" set="0"/>
          <p>116 43 105 105 117 44 106 106 115 45 107 107 118 46 108 108 119 47 109 109 117 44 110 110 121 48 111 111 123 49 112 112 124 50 113 113 125 51 114 114 127 52 115 115 128 53 116 116 130 54 117 117 132 55 118 118 129 56 119 119 133 57 120 120 135 58 121 121 136 59 122 122 137 60 123 123 139 61 124 124 140 62 125 125 141 63 126 126 143 64 127 127 144 65 128 128 145 66 129 129 147 67 130 130 148 68 131 131 149 69 132 132 151 70 133 133 152 71 134 134 153 72 135 135 155 73 136 136 156 74 137 137 158 75 138 138 160 76 139 139 157 77 140 140 161 78 141 141 163 79 142 142 164 80 143 143 166 81 144 144 168 82 145 145 165 83 146 146 169 84 147 147 171 85 148 148 172 86 149 149 173 87 150 150 175 88 151 151 176 89 152 152 177 90 153 153 178 91 154 154 179 92 155 155 180 93 156 156 181 94 157 157 182 95 158 158 183 96 159 159 184 97 160 160 185 98 161 161 186 99 162 162 187 100 163 163 188 101 164 164 116 43 2436 2436 118 46 2437 2437 117 44 2438 2438 118 46 2439 2439 120 996 2440 2440 119 47 2441 2441 121 48 2442 2442 122 997 2443 2443 123 49 2444 2444 125 51 2445 2445 126 998 2446 2446 127 52 2447 2447 130 54 2448 2448 131 999 2449 2449 132 55 2450 2450 133 57 2451 2451 134 1000 2452 2452 135 58 2453 2453 137 60 2454 2454 138 1001 2455 2455 139 61 2456 2456 141 63 2457 2457 142 1002 2458 2458 143 64 2459 2459 145 66 2460 2460 146 1003 2461 2461 147 67 2462 2462 149 69 2463 2463 150 1004 2464 2464 151 70 2465 2465 153 72 2466 2466 154 1005 2467 2467 155 73 2468 2468 158 75 2469 2469 159 1006 2470 2470 160 76 2471 2471 161 78 2472 2472 162 1007 2473 2473 163 79 2474 2474 166 81 2475 2475 167 1008 2476 2476 168 82 2477 2477 169 84 2478 2478 170 1009 2479 2479 171 85 2480 2480 173 87 2481 2481 174 1010 2482 2482 175 88 2483 2483</p>
        </triangles>
        <triangles material="lambert2-material" count="59">
          <input semantic="VERTEX" source="#m_dun5101_00_00c-mesh-vertices" offset="0"/>
          <input semantic="NORMAL" source="#m_dun5101_00_00c-mesh-normals" offset="1"/>
          <input semantic="TEXCOORD" source="#m_dun5101_00_00c-mesh-map" offset="2" set="0"/>
          <input semantic="COLOR" source="#m_dun5101_00_00c-mesh-colors-colors" offset="3" set="0"/>
          <p>189 102 165 165 192 103 166 166 191 104 167 167 191 104 168 168 194 105 169 169 193 106 170 170 193 106 171 171 196 107 172 172 195 108 173 173 196 107 174 174 197 109 175 175 195 108 176 176 200 110 177 177 201 111 178 178 199 112 179 179 202 113 180 180 203 111 181 181 201 111 182 182 203 111 183 183 206 114 184 184 205 115 185 185 208 116 186 186 209 117 187 187 207 118 188 188 210 119 189 189 211 120 190 190 209 117 191 191 214 121 192 192 215 122 193 193 213 123 194 194 215 122 195 195 218 124 196 196 217 125 197 197 220 126 198 198 221 127 199 199 219 128 200 200 221 127 201 201 224 129 202 202 223 130 203 203 226 131 204 204 227 132 205 205 225 123 206 206 227 132 207 207 230 133 208 208 229 134 209 209 232 135 210 210 233 136 211 211 231 137 212 212 234 138 213 213 235 139 214 214 233 136 215 215 237 140 216 216 238 141 217 217 239 142 218 218 238 141 219 219 240 143 220 220 239 142 221 221 241 144 222 222 242 145 223 223 243 146 224 224 242 145 225 225 244 147 226 226 243 146 227 227 246 148 228 228 248 149 229 229 245 150 230 230 249 151 231 231 251 152 232 232 252 153 233 233 254 154 234 234 256 155 235 235 253 156 236 236 258 157 237 237 260 158 238 238 257 159 239 239 262 160 240 240 264 161 241 241 261 162 242 242 266 163 243 243 268 164 244 244 265 165 245 245 270 166 246 246 272 167 247 247 269 168 248 248 273 169 249 249 275 170 250 250 276 171 251 251 278 172 252 252 280 159 253 253 277 173 254 254 282 174 255 255 284 175 256 256 281 176 257 257 285 177 258 258 286 178 259 259 287 179 260 260 189 102 2484 2484 190 1011 2485 2485 192 103 2486 2486 191 104 2487 2487 192 103 2488 2488 194 105 2489 2489 193 106 2490 2490 194 105 2491 2491 196 107 2492 2492 196 107 2493 2493 198 1012 2494 2494 197 109 2495 2495 200 110 2496 2496 202 113 2497 2497 201 111 2498 2498 202 113 2499 2499 204 113 2500 2500 203 111 2501 2501 203 111 2502 2502 204 113 2503 2503 206 114 2504 2504 208 116 2505 2505 210 119 2506 2506 209 117 2507 2507 210 119 2508 2508 212 1013 2509 2509 211 120 2510 2510 214 121 2511 2511 216 1014 2512 2512 215 122 2513 2513 215 122 2514 2514 216 1014 2515 2515 218 124 2516 2516 220 126 2517 2517 222 1015 2518 2518 221 127 2519 2519 221 127 2520 2520 222 1015 2521 2521 224 129 2522 2522 226 131 2523 2523 228 1016 2524 2524 227 132 2525 2525 227 132 2526 2526 228 1016 2527 2527 230 133 2528 2528 232 135 2529 2529 234 138 2530 2530 233 136 2531 2531 234 138 2532 2532 236 1017 2533 2533 235 139 2534 2534 246 148 2535 2535 247 1018 2536 2536 248 149 2537 2537 249 151 2538 2538 250 1019 2539 2539 251 152 2540 2540 254 154 2541 2541 255 1020 2542 2542 256 155 2543 2543 258 157 2544 2544 259 1021 2545 2545 260 158 2546 2546 262 160 2547 2547 263 1022 2548 2548 264 161 2549 2549 266 163 2550 2550 267 1023 2551 2551 268 164 2552 2552 270 166 2553 2553 271 1024 2554 2554 272 167 2555 2555 273 169 2556 2556 274 1025 2557 2557 275 170 2558 2558 278 172 2559 2559 279 1026 2560 2560 280 159 2561 2561 282 174 2562 2562 283 1027 2563 2563 284 175 2564 2564</p>
        </triangles>
        <triangles material="pasted__mkgr_r06-material" count="69">
          <input semantic="VERTEX" source="#m_dun5101_00_00c-mesh-vertices" offset="0"/>
          <input semantic="NORMAL" source="#m_dun5101_00_00c-mesh-normals" offset="1"/>
          <input semantic="TEXCOORD" source="#m_dun5101_00_00c-mesh-map" offset="2" set="0"/>
          <input semantic="COLOR" source="#m_dun5101_00_00c-mesh-colors-colors" offset="3" set="0"/>
          <p>288 180 261 261 291 181 262 262 290 182 263 263 291 181 264 264 292 183 265 265 290 182 266 266 293 184 267 267 294 185 268 268 292 183 269 269 297 186 270 270 298 187 271 271 296 188 272 272 298 187 273 273 301 189 274 274 300 190 275 275 303 191 276 276 304 192 277 277 302 193 278 278 305 194 279 279 306 195 280 280 304 192 281 281 308 196 282 282 311 197 283 283 310 198 284 284 310 198 285 285 313 199 286 286 312 200 287 287 314 201 288 288 315 202 289 289 316 203 290 290 315 202 291 291 317 204 292 292 316 203 293 293 316 203 294 294 317 204 295 295 318 205 296 296 317 204 297 297 319 206 298 298 318 205 299 299 320 207 300 300 321 208 301 301 322 209 302 302 321 208 303 303 323 210 304 304 322 209 305 305 322 209 306 306 323 210 307 307 324 211 308 308 325 212 309 309 326 213 310 310 327 214 311 311 326 213 312 312 328 215 313 313 327 214 314 314 329 216 315 315 330 217 316 316 331 218 317 317 330 217 318 318 332 219 319 319 331 218 320 320 334 0 321 321 336 0 322 322 333 0 323 323 338 220 324 324 340 221 325 325 337 222 326 326 342 223 327 327 344 224 328 328 341 225 329 329 346 226 330 330 348 227 331 331 345 228 332 332 350 229 333 333 352 230 334 334 349 231 335 335 354 232 336 336 356 233 337 337 353 234 338 338 357 235 339 339 359 236 340 340 360 237 341 341 362 238 342 342 364 239 343 343 361 240 344 344 366 241 345 345 368 242 346 346 365 243 347 347 369 244 348 348 371 245 349 349 372 246 350 350 374 247 351 351 376 248 352 352 373 249 353 353 377 250 354 354 379 251 355 355 380 252 356 356 382 253 357 357 384 254 358 358 381 255 359 359 385 256 360 360 387 257 361 361 388 258 362 362 390 259 363 363 392 260 364 364 389 261 365 365 393 262 366 366 395 263 367 367 396 264 368 368 397 265 369 369 399 266 370 370 400 267 371 371 401 268 372 372 402 269 373 373 403 270 374 374 404 0 375 375 405 0 376 376 406 0 377 377 407 271 378 378 408 272 379 379 409 273 380 380 410 274 381 381 411 275 382 382 412 276 383 383 413 277 384 384 414 278 385 385 415 279 386 386 416 280 387 387 417 281 388 388 418 282 389 389 288 180 2565 2565 289 1028 2566 2566 291 181 2567 2567 291 181 2568 2568 293 184 2569 2569 292 183 2570 2570 293 184 2571 2571 295 1029 2572 2572 294 185 2573 2573 297 186 2574 2574 299 1030 2575 2575 298 187 2576 2576 298 187 2577 2577 299 1030 2578 2578 301 189 2579 2579 303 191 2580 2580 305 194 2581 2581 304 192 2582 2582 305 194 2583 2583 307 1031 2584 2584 306 195 2585 2585 308 196 2586 2586 309 1032 2587 2587 311 197 2588 2588 310 198 2589 2589 311 197 2590 2590 313 199 2591 2591 334 0 2592 2592 335 0 2593 2593 336 0 2594 2594 338 220 2595 2595 339 1033 2596 2596 340 221 2597 2597 342 223 2598 2598 343 1034 2599 2599 344 224 2600 2600 346 226 2601 2601 347 1035 2602 2602 348 227 2603 2603 350 229 2604 2604 351 1036 2605 2605 352 230 2606 2606 354 232 2607 2607 355 1037 2608 2608 356 233 2609 2609 357 235 2610 2610 358 1038 2611 2611 359 236 2612 2612 362 238 2613 2613 363 1039 2614 2614 364 239 2615 2615 366 241 2616 2616 367 1040 2617 2617 368 242 2618 2618 369 244 2619 2619 370 1041 2620 2620 371 245 2621 2621 374 247 2622 2622 375 1042 2623 2623 376 248 2624 2624 377 250 2625 2625 378 1043 2626 2626 379 251 2627 2627 382 253 2628 2628 383 1044 2629 2629 384 254 2630 2630 385 256 2631 2631 386 1045 2632 2632 387 257 2633 2633 390 259 2634 2634 391 1046 2635 2635 392 260 2636 2636 393 262 2637 2637 394 1047 2638 2638 395 263 2639 2639 397 265 2640 2640 398 1048 2641 2641 399 266 2642 2642</p>
        </triangles>
        <triangles material="kage1-material" count="55">
          <input semantic="VERTEX" source="#m_dun5101_00_00c-mesh-vertices" offset="0"/>
          <input semantic="NORMAL" source="#m_dun5101_00_00c-mesh-normals" offset="1"/>
          <input semantic="TEXCOORD" source="#m_dun5101_00_00c-mesh-map" offset="2" set="0"/>
          <input semantic="COLOR" source="#m_dun5101_00_00c-mesh-colors-colors" offset="3" set="0"/>
          <p>419 0 390 390 422 0 391 391 421 0 392 392 422 0 393 393 423 0 394 394 421 0 395 395 424 0 396 396 425 0 397 397 423 0 398 398 428 0 399 399 429 0 400 400 427 0 401 401 430 0 402 402 431 0 403 403 429 0 404 404 433 0 405 405 434 0 406 406 435 0 407 407 434 0 408 408 436 0 409 409 435 0 410 410 435 0 411 411 436 0 412 412 437 0 413 413 436 0 414 414 438 0 415 415 437 0 416 416 437 0 417 417 438 0 418 418 439 0 419 419 438 0 420 420 440 0 421 421 439 0 422 422 441 0 423 423 442 0 424 424 443 0 425 425 442 0 426 426 444 0 427 427 443 0 428 428 443 0 429 429 444 0 430 430 445 0 431 431 446 0 432 432 447 0 433 433 448 0 434 434 447 0 435 435 449 0 436 436 448 0 437 437 448 0 438 438 449 0 439 439 450 0 440 440 451 0 441 441 452 0 442 442 453 0 443 443 452 0 444 444 454 0 445 445 453 0 446 446 453 0 447 447 454 0 448 448 455 0 449 449 456 0 450 450 457 0 451 451 458 0 452 452 457 0 453 453 459 0 454 454 458 0 455 455 458 0 456 456 459 0 457 457 460 0 458 458 461 0 459 459 462 0 460 460 463 0 461 461 462 0 462 462 464 0 463 463 463 0 464 464 463 0 465 465 464 0 466 466 465 0 467 467 466 0 468 468 467 0 469 469 468 0 470 470 467 0 471 471 469 0 472 472 468 0 473 473 468 0 474 474 469 0 475 475 470 0 476 476 471 0 477 477 472 0 478 478 473 0 479 479 472 0 480 480 474 0 481 481 473 0 482 482 473 0 483 483 474 0 484 484 475 0 485 485 476 0 486 486 477 0 487 487 478 0 488 488 477 0 489 489 479 0 490 490 478 0 491 491 480 0 492 492 481 0 493 493 482 0 494 494 481 0 495 495 483 0 496 496 482 0 497 497 484 0 498 498 485 0 499 499 486 0 500 500 485 0 501 501 487 0 502 502 486 0 503 503 488 0 504 504 489 0 505 505 490 0 506 506 489 0 507 507 491 0 508 508 490 0 509 509 492 0 510 510 493 0 511 511 494 0 512 512 493 0 513 513 495 0 514 514 494 0 515 515 496 0 516 516 497 0 517 517 498 0 518 518 497 0 519 519 499 0 520 520 498 0 521 521 500 0 522 522 501 0 523 523 502 0 524 524 501 0 525 525 503 0 526 526 502 0 527 527 505 283 528 528 507 284 529 529 504 285 530 530 508 0 531 531 509 0 532 532 510 0 533 533 511 0 534 534 512 0 535 535 513 0 536 536 419 0 2643 2643 420 0 2644 2644 422 0 2645 2645 422 0 2646 2646 424 0 2647 2647 423 0 2648 2648 424 0 2649 2649 426 0 2650 2650 425 0 2651 2651 428 0 2652 2652 430 0 2653 2653 429 0 2654 2654 430 0 2655 2655 432 0 2656 2656 431 0 2657 2657 505 283 2658 2658 506 0 2659 2659 507 284 2660 2660</p>
        </triangles>
        <triangles material="yuki7-material" count="104">
          <input semantic="VERTEX" source="#m_dun5101_00_00c-mesh-vertices" offset="0"/>
          <input semantic="NORMAL" source="#m_dun5101_00_00c-mesh-normals" offset="1"/>
          <input semantic="TEXCOORD" source="#m_dun5101_00_00c-mesh-map" offset="2" set="0"/>
          <input semantic="COLOR" source="#m_dun5101_00_00c-mesh-colors-colors" offset="3" set="0"/>
          <p>515 286 537 537 516 287 538 538 514 288 539 539 517 289 540 540 518 290 541 541 516 287 542 542 518 290 543 543 521 291 544 544 520 292 545 545 520 292 546 546 523 293 547 547 522 294 548 548 525 0 549 549 526 0 550 550 524 0 551 551 527 0 552 552 528 0 553 553 526 0 554 554 528 0 555 555 531 0 556 556 530 0 557 557 530 0 558 558 533 0 559 559 532 0 560 560 535 295 561 561 536 296 562 562 534 297 563 563 537 298 564 564 538 299 565 565 536 296 566 566 539 300 567 567 540 301 568 568 538 299 569 569 541 302 570 570 542 303 571 571 540 301 572 572 545 286 573 573 546 304 574 574 544 288 575 575 547 305 576 576 548 306 577 577 546 304 578 578 548 306 579 579 551 291 580 580 550 292 581 581 550 292 582 582 553 293 583 583 552 294 584 584 555 0 585 585 556 0 586 586 554 0 587 587 557 0 588 588 558 0 589 589 556 0 590 590 558 0 591 591 561 0 592 592 560 0 593 593 560 0 594 594 563 0 595 595 562 0 596 596 565 295 597 597 566 296 598 598 564 297 599 599 567 298 600 600 568 299 601 601 566 296 602 602 569 300 603 603 570 301 604 604 568 299 605 605 571 302 606 606 572 303 607 607 570 301 608 608 575 286 609 609 576 304 610 610 574 288 611 611 577 305 612 612 578 306 613 613 576 304 614 614 578 306 615 615 581 291 616 616 580 292 617 617 580 292 618 618 583 293 619 619 582 294 620 620 585 0 621 621 586 0 622 622 584 0 623 623 587 0 624 624 588 0 625 625 586 0 626 626 588 0 627 627 591 0 628 628 590 0 629 629 590 0 630 630 593 0 631 631 592 0 632 632 595 295 633 633 596 296 634 634 594 297 635 635 597 298 636 636 598 299 637 637 596 296 638 638 599 300 639 639 600 301 640 640 598 299 641 641 601 302 642 642 602 303 643 643 600 301 644 644 605 307 645 645 606 308 646 646 604 309 647 647 607 310 648 648 608 311 649 649 606 308 650 650 608 311 651 651 611 312 652 652 610 313 653 653 610 313 654 654 613 314 655 655 612 315 656 656 615 0 657 657 616 0 658 658 614 0 659 659 617 0 660 660 618 0 661 661 616 0 662 662 618 0 663 663 621 0 664 664 620 0 665 665 620 0 666 666 623 0 667 667 622 0 668 668 625 295 669 669 626 296 670 670 624 297 671 671 627 298 672 672 628 299 673 673 626 296 674 674 629 300 675 675 630 301 676 676 628 299 677 677 631 302 678 678 632 303 679 679 630 301 680 680 635 316 681 681 636 317 682 682 634 318 683 683 637 319 684 684 638 320 685 685 636 317 686 686 641 321 687 687 642 322 688 688 640 321 689 689 643 323 690 690 644 324 691 691 642 322 692 692 515 286 2661 2661 517 289 2662 2662 516 287 2663 2663 517 289 2664 2664 519 1049 2665 2665 518 290 2666 2666 518 290 2667 2667 519 1049 2668 2668 521 291 2669 2669 520 292 2670 2670 521 291 2671 2671 523 293 2672 2672 525 0 2673 2673 527 0 2674 2674 526 0 2675 2675 527 0 2676 2676 529 0 2677 2677 528 0 2678 2678 528 0 2679 2679 529 0 2680 2680 531 0 2681 2681 530 0 2682 2682 531 0 2683 2683 533 0 2684 2684 535 295 2685 2685 537 298 2686 2686 536 296 2687 2687 537 298 2688 2688 539 300 2689 2689 538 299 2690 2690 539 300 2691 2691 541 302 2692 2692 540 301 2693 2693 541 302 2694 2694 543 976 2695 2695 542 303 2696 2696 545 286 2697 2697 547 305 2698 2698 546 304 2699 2699 547 305 2700 2700 549 1049 2701 2701 548 306 2702 2702 548 306 2703 2703 549 1049 2704 2704 551 291 2705 2705 550 292 2706 2706 551 291 2707 2707 553 293 2708 2708 555 0 2709 2709 557 0 2710 2710 556 0 2711 2711 557 0 2712 2712 559 0 2713 2713 558 0 2714 2714 558 0 2715 2715 559 0 2716 2716 561 0 2717 2717 560 0 2718 2718 561 0 2719 2719 563 0 2720 2720 565 295 2721 2721 567 298 2722 2722 566 296 2723 2723 567 298 2724 2724 569 300 2725 2725 568 299 2726 2726 569 300 2727 2727 571 302 2728 2728 570 301 2729 2729 571 302 2730 2730 573 976 2731 2731 572 303 2732 2732 575 286 2733 2733 577 305 2734 2734 576 304 2735 2735 577 305 2736 2736 579 1049 2737 2737 578 306 2738 2738 578 306 2739 2739 579 1049 2740 2740 581 291 2741 2741 580 292 2742 2742 581 291 2743 2743 583 293 2744 2744 585 0 2745 2745 587 0 2746 2746 586 0 2747 2747 587 0 2748 2748 589 0 2749 2749 588 0 2750 2750 588 0 2751 2751 589 0 2752 2752 591 0 2753 2753 590 0 2754 2754 591 0 2755 2755 593 0 2756 2756 595 295 2757 2757 597 298 2758 2758 596 296 2759 2759 597 298 2760 2760 599 300 2761 2761 598 299 2762 2762 599 300 2763 2763 601 302 2764 2764 600 301 2765 2765 601 302 2766 2766 603 976 2767 2767 602 303 2768 2768 605 307 2769 2769 607 310 2770 2770 606 308 2771 2771 607 310 2772 2772 609 1049 2773 2773 608 311 2774 2774 608 311 2775 2775 609 1049 2776 2776 611 312 2777 2777 610 313 2778 2778 611 312 2779 2779 613 314 2780 2780 615 0 2781 2781 617 0 2782 2782 616 0 2783 2783 617 0 2784 2784 619 0 2785 2785 618 0 2786 2786 618 0 2787 2787 619 0 2788 2788 621 0 2789 2789 620 0 2790 2790 621 0 2791 2791 623 0 2792 2792 625 295 2793 2793 627 298 2794 2794 626 296 2795 2795 627 298 2796 2796 629 300 2797 2797 628 299 2798 2798 629 300 2799 2799 631 302 2800 2800 630 301 2801 2801 631 302 2802 2802 633 976 2803 2803 632 303 2804 2804 635 316 2805 2805 637 319 2806 2806 636 317 2807 2807 637 319 2808 2808 639 1050 2809 2809 638 320 2810 2810 641 321 2811 2811 643 323 2812 2812 642 322 2813 2813 643 323 2814 2814 645 1051 2815 2815 644 324 2816 2816</p>
        </triangles>
        <triangles material="colum_b-material" count="80">
          <input semantic="VERTEX" source="#m_dun5101_00_00c-mesh-vertices" offset="0"/>
          <input semantic="NORMAL" source="#m_dun5101_00_00c-mesh-normals" offset="1"/>
          <input semantic="TEXCOORD" source="#m_dun5101_00_00c-mesh-map" offset="2" set="0"/>
          <input semantic="COLOR" source="#m_dun5101_00_00c-mesh-colors-colors" offset="3" set="0"/>
          <p>646 325 693 693 649 326 694 694 648 327 695 695 649 326 696 696 650 328 697 697 648 327 698 698 651 329 699 699 652 330 700 700 650 328 701 701 652 330 702 702 655 331 703 703 654 332 704 704 654 332 705 705 657 333 706 706 656 334 707 707 657 333 708 708 658 335 709 709 656 334 710 710 659 336 711 711 660 337 712 712 658 335 713 713 660 337 714 714 663 338 715 715 662 339 716 716 664 340 717 717 667 341 718 718 666 342 719 719 667 341 720 720 668 343 721 721 666 342 722 722 669 344 723 723 670 345 724 724 668 343 725 725 670 345 726 726 673 346 727 727 672 347 728 728 672 347 729 729 675 348 730 730 674 349 731 731 675 348 732 732 676 350 733 733 674 349 734 734 677 351 735 735 678 352 736 736 676 350 737 737 678 352 738 738 681 353 739 739 680 339 740 740 682 354 741 741 685 355 742 742 684 356 743 743 684 356 744 744 687 357 745 745 686 358 746 746 687 357 747 747 688 359 748 748 686 358 749 749 689 360 750 750 690 361 751 751 688 359 752 752 690 361 753 753 693 362 754 754 692 363 755 755 692 363 756 756 695 364 757 757 694 365 758 758 695 364 759 759 696 366 760 760 694 365 761 761 697 367 762 762 698 368 763 763 696 366 764 764 700 369 765 765 701 370 766 766 702 371 767 767 701 370 768 768 703 372 769 769 702 371 770 770 702 371 771 771 703 372 772 772 704 373 773 773 705 374 774 774 706 375 775 775 707 376 776 776 706 375 777 777 708 377 778 778 707 376 779 779 707 376 780 780 708 377 781 781 709 378 782 782 710 379 783 783 711 380 784 784 712 381 785 785 711 380 786 786 713 382 787 787 712 381 788 788 712 381 789 789 713 382 790 790 714 383 791 791 715 384 792 792 716 385 793 793 717 386 794 794 716 385 795 795 718 387 796 796 717 386 797 797 717 386 798 798 718 387 799 799 719 388 800 800 720 389 801 801 721 390 802 802 722 391 803 803 721 390 804 804 723 392 805 805 722 391 806 806 722 391 807 807 723 392 808 808 724 393 809 809 725 394 810 810 726 395 811 811 727 396 812 812 726 395 813 813 728 397 814 814 727 396 815 815 727 396 816 816 728 397 817 817 729 373 818 818 730 398 819 819 731 399 820 820 732 400 821 821 731 399 822 822 733 401 823 823 732 400 824 824 734 378 825 825 735 402 826 826 736 403 827 827 735 402 828 828 737 404 829 829 736 403 830 830 738 373 831 831 739 405 832 832 740 372 833 833 739 405 834 834 741 406 835 835 740 372 836 836 742 407 837 837 743 408 838 838 744 409 839 839 743 408 840 840 745 410 841 841 744 409 842 842 746 411 843 843 747 412 844 844 748 413 845 845 747 412 846 846 749 414 847 847 748 413 848 848 750 415 849 849 751 416 850 850 752 417 851 851 751 416 852 852 753 418 853 853 752 417 854 854 754 374 855 855 755 419 856 856 756 420 857 857 757 374 858 858 758 419 859 859 759 420 860 860 646 325 2817 2817 647 1052 2818 2818 649 326 2819 2819 649 326 2820 2820 651 329 2821 2821 650 328 2822 2822 651 329 2823 2823 653 1053 2824 2824 652 330 2825 2825 652 330 2826 2826 653 1053 2827 2827 655 331 2828 2828 654 332 2829 2829 655 331 2830 2830 657 333 2831 2831 657 333 2832 2832 659 336 2833 2833 658 335 2834 2834 659 336 2835 2835 661 1054 2836 2836 660 337 2837 2837 660 337 2838 2838 661 1054 2839 2839 663 338 2840 2840 664 340 2841 2841 665 1055 2842 2842 667 341 2843 2843 667 341 2844 2844 669 344 2845 2845 668 343 2846 2846 669 344 2847 2847 671 1056 2848 2848 670 345 2849 2849 670 345 2850 2850 671 1056 2851 2851 673 346 2852 2852 672 347 2853 2853 673 346 2854 2854 675 348 2855 2855 675 348 2856 2856 677 351 2857 2857 676 350 2858 2858 677 351 2859 2859 679 1057 2860 2860 678 352 2861 2861 678 352 2862 2862 679 1057 2863 2863 681 353 2864 2864 682 354 2865 2865 683 1058 2866 2866 685 355 2867 2867 684 356 2868 2868 685 355 2869 2869 687 357 2870 2870 687 357 2871 2871 689 360 2872 2872 688 359 2873 2873 689 360 2874 2874 691 1059 2875 2875 690 361 2876 2876 690 361 2877 2877 691 1059 2878 2878 693 362 2879 2879 692 363 2880 2880 693 362 2881 2881 695 364 2882 2882 695 364 2883 2883 697 367 2884 2884 696 366 2885 2885 697 367 2886 2886 699 1060 2887 2887 698 368 2888 2888</p>
        </triangles>
        <triangles material="h01-material" count="154">
          <input semantic="VERTEX" source="#m_dun5101_00_00c-mesh-vertices" offset="0"/>
          <input semantic="NORMAL" source="#m_dun5101_00_00c-mesh-normals" offset="1"/>
          <input semantic="TEXCOORD" source="#m_dun5101_00_00c-mesh-map" offset="2" set="0"/>
          <input semantic="COLOR" source="#m_dun5101_00_00c-mesh-colors-colors" offset="3" set="0"/>
          <p>761 421 861 861 762 422 862 862 760 423 863 863 763 424 864 864 764 425 865 865 762 422 866 866 765 426 867 867 766 427 868 868 764 425 869 869 767 428 870 870 768 429 871 871 766 427 872 872 769 430 873 873 770 431 874 874 768 429 875 875 771 432 876 876 772 433 877 877 770 431 878 878 773 434 879 879 774 435 880 880 772 433 881 881 777 32 882 882 778 111 883 883 776 436 884 884 779 32 885 885 780 111 886 886 778 111 887 887 781 32 888 888 782 111 889 889 780 111 890 890 783 32 891 891 784 437 892 892 782 111 893 893 787 438 894 894 788 113 895 895 786 439 896 896 789 440 897 897 790 441 898 898 788 113 899 899 790 441 900 900 793 442 901 901 792 443 902 902 795 444 903 903 796 445 904 904 794 446 905 905 797 447 906 906 798 448 907 907 796 445 908 908 801 449 909 909 802 450 910 910 800 451 911 911 803 452 912 912 804 450 913 913 802 450 914 914 807 453 915 915 808 454 916 916 806 455 917 917 809 456 918 918 810 457 919 919 808 454 920 920 813 41 921 921 814 42 922 922 812 42 923 923 815 458 924 924 816 42 925 925 814 42 926 926 818 459 927 927 821 460 928 928 820 461 929 929 821 460 930 930 822 462 931 931 820 461 932 932 825 463 933 933 826 464 934 934 824 465 935 935 827 466 936 936 828 467 937 937 826 464 938 938 831 468 939 939 832 469 940 940 830 470 941 941 833 471 942 942 834 472 943 943 832 469 944 944 837 473 945 945 838 474 946 946 836 475 947 947 839 476 948 948 840 477 949 949 838 474 950 950 843 32 951 951 844 32 952 952 842 32 953 953 845 32 954 954 846 32 955 955 844 32 956 956 849 478 957 957 850 479 958 958 848 480 959 959 851 481 960 960 852 482 961 961 850 479 962 962 855 36 963 963 856 483 964 964 854 37 965 965 857 36 966 966 858 484 967 967 856 483 968 968 861 32 969 969 862 32 970 970 860 32 971 971 863 32 972 972 864 32 973 973 862 32 974 974 867 485 975 975 868 486 976 976 866 487 977 977 869 488 978 978 870 489 979 979 868 486 980 980 873 490 981 981 874 491 982 982 872 487 983 983 875 492 984 984 876 493 985 985 874 491 986 986 879 494 987 987 880 495 988 988 878 496 989 989 881 497 990 990 882 498 991 991 880 495 992 992 884 499 993 993 885 500 994 994 886 501 995 995 885 500 996 996 887 502 997 997 886 501 998 998 888 503 999 999 889 504 1000 1000 890 505 1001 1001 889 504 1002 1002 891 506 1003 1003 890 505 1004 1004 893 507 1005 1005 895 508 1006 1006 892 509 1007 1007 897 36 1008 1008 899 37 1009 1009 896 36 1010 1010 901 32 1011 1011 903 32 1012 1012 900 32 1013 1013 905 510 1014 1014 907 511 1015 1015 904 512 1016 1016 909 32 1017 1017 911 32 1018 1018 908 32 1019 1019 913 36 1020 1020 915 37 1021 1021 912 36 1022 1022 917 32 1023 1023 919 32 1024 1024 916 32 1025 1025 921 513 1026 1026 923 514 1027 1027 920 515 1028 1028 925 41 1029 1029 927 42 1030 1030 924 42 1031 1031 929 32 1032 1032 931 32 1033 1033 928 32 1034 1034 933 516 1035 1035 935 517 1036 1036 932 518 1037 1037 937 470 1038 1038 939 519 1039 1039 936 520 1040 1040 941 436 1041 1041 943 521 1042 1042 940 437 1043 1043 945 470 1044 1044 947 519 1045 1045 944 520 1046 1046 949 517 1047 1047 951 516 1048 1048 948 522 1049 1049 953 436 1050 1050 955 521 1051 1051 952 437 1052 1052 957 449 1053 1053 959 518 1054 1054 956 523 1055 1055 961 524 1056 1056 963 472 1057 1057 960 470 1058 1058 964 525 1059 1059 966 526 1060 1060 967 527 1061 1061 969 528 1062 1062 971 529 1063 1063 968 530 1064 1064 972 531 1065 1065 974 532 1066 1066 975 521 1067 1067 977 32 1068 1068 979 32 1069 1069 976 32 1070 1070 981 42 1071 1071 983 42 1072 1072 980 42 1073 1073 984 0 1074 1074 986 0 1075 1075 987 0 1076 1076 989 36 1077 1077 991 36 1078 1078 988 36 1079 1079 992 533 1080 1080 994 534 1081 1081 995 535 1082 1082 997 41 1083 1083 999 42 1084 1084 996 42 1085 1085 1001 32 1086 1086 1003 32 1087 1087 1000 32 1088 1088 1005 536 1089 1089 1007 537 1090 1090 1004 538 1091 1091 1009 539 1092 1092 1011 540 1093 1093 1008 541 1094 1094 1012 542 1095 1095 1013 543 1096 1096 1014 544 1097 1097 1015 545 1098 1098 1016 546 1099 1099 1017 547 1100 1100 761 421 2889 2889 763 424 2890 2890 762 422 2891 2891 763 424 2892 2892 765 426 2893 2893 764 425 2894 2894 765 426 2895 2895 767 428 2896 2896 766 427 2897 2897 767 428 2898 2898 769 430 2899 2899 768 429 2900 2900 769 430 2901 2901 771 432 2902 2902 770 431 2903 2903 771 432 2904 2904 773 434 2905 2905 772 433 2906 2906 773 434 2907 2907 775 1061 2908 2908 774 435 2909 2909 777 32 2910 2910 779 32 2911 2911 778 111 2912 2912 779 32 2913 2913 781 32 2914 2914 780 111 2915 2915 781 32 2916 2916 783 32 2917 2917 782 111 2918 2918 783 32 2919 2919 785 32 2920 2920 784 437 2921 2921 787 438 2922 2922 789 440 2923 2923 788 113 2924 2924 789 440 2925 2925 791 1062 2926 2926 790 441 2927 2927 790 441 2928 2928 791 1062 2929 2929 793 442 2930 2930 795 444 2931 2931 797 447 2932 2932 796 445 2933 2933 797 447 2934 2934 799 1063 2935 2935 798 448 2936 2936 801 449 2937 2937 803 452 2938 2938 802 450 2939 2939 803 452 2940 2940 805 517 2941 2941 804 450 2942 2942 807 453 2943 2943 809 456 2944 2944 808 454 2945 2945 809 456 2946 2946 811 1064 2947 2947 810 457 2948 2948 813 41 2949 2949 815 458 2950 2950 814 42 2951 2951 815 458 2952 2952 817 995 2953 2953 816 42 2954 2954 818 459 2955 2955 819 1065 2956 2956 821 460 2957 2957 821 460 2958 2958 823 1066 2959 2959 822 462 2960 2960 825 463 2961 2961 827 466 2962 2962 826 464 2963 2963 827 466 2964 2964 829 1067 2965 2965 828 467 2966 2966 831 468 2967 2967 833 471 2968 2968 832 469 2969 2969 833 471 2970 2970 835 1068 2971 2971 834 472 2972 2972 837 473 2973 2973 839 476 2974 2974 838 474 2975 2975 839 476 2976 2976 841 1069 2977 2977 840 477 2978 2978 843 32 2979 2979 845 32 2980 2980 844 32 2981 2981 845 32 2982 2982 847 32 2983 2983 846 32 2984 2984 849 478 2985 2985 851 481 2986 2986 850 479 2987 2987 851 481 2988 2988 853 1070 2989 2989 852 482 2990 2990 855 36 2991 2991 857 36 2992 2992 856 483 2993 2993 857 36 2994 2994 859 36 2995 2995 858 484 2996 2996 861 32 2997 2997 863 32 2998 2998 862 32 2999 2999 863 32 3000 3000 865 32 3001 3001 864 32 3002 3002 867 485 3003 3003 869 488 3004 3004 868 486 3005 3005 869 488 3006 3006 871 1071 3007 3007 870 489 3008 3008 873 490 3009 3009 875 492 3010 3010 874 491 3011 3011 875 492 3012 3012 877 1071 3013 3013 876 493 3014 3014 879 494 3015 3015 881 497 3016 3016 880 495 3017 3017 881 497 3018 3018 883 528 3019 3019 882 498 3020 3020 893 507 3021 3021 894 1072 3022 3022 895 508 3023 3023 897 36 3024 3024 898 484 3025 3025 899 37 3026 3026 901 32 3027 3027 902 32 3028 3028 903 32 3029 3029 905 510 3030 3030 906 1073 3031 3031 907 511 3032 3032 909 32 3033 3033 910 32 3034 3034 911 32 3035 3035 913 36 3036 3036 914 1074 3037 3037 915 37 3038 3038 917 32 3039 3039 918 32 3040 3040 919 32 3041 3041 921 513 3042 3042 922 1075 3043 3043 923 514 3044 3044 925 41 3045 3045 926 995 3046 3046 927 42 3047 3047 929 32 3048 3048 930 32 3049 3049 931 32 3050 3050 933 516 3051 3051 934 449 3052 3052 935 517 3053 3053 937 470 3054 3054 938 1076 3055 3055 939 519 3056 3056 941 436 3057 3057 942 526 3058 3058 943 521 3059 3059 945 470 3060 3060 946 1076 3061 3061 947 519 3062 3062 949 517 3063 3063 950 1077 3064 3064 951 516 3065 3065 953 436 3066 3066 954 526 3067 3067 955 521 3068 3068 957 449 3069 3069 958 1078 3070 3070 959 518 3071 3071 961 524 3072 3072 962 519 3073 3073 963 472 3074 3074 964 525 3075 3075 965 436 3076 3076 966 526 3077 3077 969 528 3078 3078 970 1079 3079 3079 971 529 3080 3080 972 531 3081 3081 973 1080 3082 3082 974 532 3083 3083 977 32 3084 3084 978 32 3085 3085 979 32 3086 3086 981 42 3087 3087 982 42 3088 3088 983 42 3089 3089 984 0 3090 3090 985 0 3091 3091 986 0 3092 3092 989 36 3093 3093 990 36 3094 3094 991 36 3095 3095 992 533 3096 3096 993 1081 3097 3097 994 534 3098 3098 997 41 3099 3099 998 1082 3100 3100 999 42 3101 3101 1001 32 3102 3102 1002 32 3103 3103 1003 32 3104 3104 1005 536 3105 3105 1006 1083 3106 3106 1007 537 3107 3107 1009 539 3108 3108 1010 1084 3109 3109 1011 540 3110 3110</p>
        </triangles>
        <triangles material="lambert7-material" count="162">
          <input semantic="VERTEX" source="#m_dun5101_00_00c-mesh-vertices" offset="0"/>
          <input semantic="NORMAL" source="#m_dun5101_00_00c-mesh-normals" offset="1"/>
          <input semantic="TEXCOORD" source="#m_dun5101_00_00c-mesh-map" offset="2" set="0"/>
          <input semantic="COLOR" source="#m_dun5101_00_00c-mesh-colors-colors" offset="3" set="0"/>
          <p>1019 0 1101 1101 1020 0 1102 1102 1018 0 1103 1103 1021 0 1104 1104 1022 0 1105 1105 1020 0 1106 1106 1023 0 1107 1107 1024 0 1108 1108 1022 0 1109 1109 1025 0 1110 1110 1026 0 1111 1111 1024 0 1112 1112 1026 0 1113 1113 1029 0 1114 1114 1028 0 1115 1115 1029 0 1116 1116 1030 0 1117 1117 1028 0 1118 1118 1031 0 1119 1119 1032 0 1120 1120 1030 0 1121 1121 1033 0 1122 1122 1034 0 1123 1123 1032 0 1124 1124 1035 0 1125 1125 1036 0 1126 1126 1034 0 1127 1127 1037 0 1128 1128 1038 0 1129 1129 1036 0 1130 1130 1039 0 1131 1131 1040 0 1132 1132 1038 0 1133 1133 1040 0 1134 1134 1043 0 1135 1135 1042 0 1136 1136 1043 0 1137 1137 1044 0 1138 1138 1042 0 1139 1139 1045 0 1140 1140 1046 0 1141 1141 1044 0 1142 1142 1047 0 1143 1143 1048 0 1144 1144 1046 0 1145 1145 1050 0 1146 1146 1053 0 1147 1147 1052 0 1148 1148 1052 0 1149 1149 1055 0 1150 1150 1054 0 1151 1151 1055 0 1152 1152 1056 0 1153 1153 1054 0 1154 1154 1057 0 1155 1155 1058 0 1156 1156 1056 0 1157 1157 1059 0 1158 1158 1060 0 1159 1159 1058 0 1160 1160 1060 0 1161 1161 1063 0 1162 1162 1062 0 1163 1163 1063 0 1164 1164 1064 0 1165 1165 1062 0 1166 1166 1065 0 1167 1167 1066 0 1168 1168 1064 0 1169 1169 1066 0 1170 1170 1069 0 1171 1171 1068 0 1172 1172 1068 0 1173 1173 1071 0 1174 1174 1070 0 1175 1175 1070 0 1176 1176 1073 0 1177 1177 1072 0 1178 1178 1075 548 1179 1179 1076 111 1180 1180 1074 549 1181 1181 1077 113 1182 1182 1078 111 1183 1183 1076 111 1184 1184 1079 113 1185 1185 1080 111 1186 1186 1078 111 1187 1187 1080 111 1188 1188 1083 550 1189 1189 1082 551 1190 1190 1083 550 1191 1191 1084 552 1192 1192 1082 551 1193 1193 1085 553 1194 1194 1086 554 1195 1195 1084 552 1196 1196 1086 554 1197 1197 1089 555 1198 1198 1088 556 1199 1199 1088 556 1200 1200 1091 557 1201 1201 1090 558 1202 1202 1090 558 1203 1203 1093 559 1204 1204 1092 560 1205 1205 1095 0 1206 1206 1096 0 1207 1207 1094 0 1208 1208 1097 0 1209 1209 1098 0 1210 1210 1096 0 1211 1211 1099 0 1212 1212 1100 0 1213 1213 1098 0 1214 1214 1101 0 1215 1215 1102 0 1216 1216 1100 0 1217 1217 1103 0 1218 1218 1104 0 1219 1219 1102 0 1220 1220 1105 0 1221 1221 1106 0 1222 1222 1104 0 1223 1223 1109 561 1224 1224 1110 562 1225 1225 1108 563 1226 1226 1111 564 1227 1227 1112 565 1228 1228 1110 562 1229 1229 1113 566 1230 1230 1114 567 1231 1231 1112 565 1232 1232 1115 568 1233 1233 1116 569 1234 1234 1114 567 1235 1235 1117 570 1236 1236 1118 571 1237 1237 1116 569 1238 1238 1118 571 1239 1239 1121 572 1240 1240 1120 573 1241 1241 1122 574 1242 1242 1125 111 1243 1243 1124 113 1244 1244 1125 111 1245 1245 1126 113 1246 1246 1124 113 1247 1247 1127 111 1248 1248 1128 113 1249 1249 1126 113 1250 1250 1129 575 1251 1251 1130 113 1252 1252 1128 113 1253 1253 1131 111 1254 1254 1132 576 1255 1255 1130 113 1256 1256 1135 577 1257 1257 1136 578 1258 1258 1134 579 1259 1259 1137 580 1260 1260 1138 581 1261 1261 1136 578 1262 1262 1139 565 1263 1263 1140 582 1264 1264 1138 581 1265 1265 1141 583 1266 1266 1142 584 1267 1267 1140 582 1268 1268 1145 0 1269 1269 1146 0 1270 1270 1144 0 1271 1271 1147 0 1272 1272 1148 0 1273 1273 1146 0 1274 1274 1149 0 1275 1275 1150 0 1276 1276 1148 0 1277 1277 1153 585 1278 1278 1154 586 1279 1279 1152 587 1280 1280 1154 586 1281 1281 1157 588 1282 1282 1156 589 1283 1283 1159 590 1284 1284 1160 591 1285 1285 1158 592 1286 1286 1160 591 1287 1287 1163 593 1288 1288 1162 594 1289 1289 1165 595 1290 1290 1166 596 1291 1291 1164 597 1292 1292 1166 596 1293 1293 1169 598 1294 1294 1168 599 1295 1295 1170 600 1296 1296 1173 601 1297 1297 1172 602 1298 1298 1173 601 1299 1299 1174 603 1300 1300 1172 602 1301 1301 1177 604 1302 1302 1179 605 1303 1303 1176 606 1304 1304 1181 607 1305 1305 1183 608 1306 1306 1180 609 1307 1307 1185 437 1308 1308 1187 110 1309 1309 1184 521 1310 1310 1189 0 1311 1311 1191 0 1312 1312 1188 0 1313 1313 1193 610 1314 1314 1195 611 1315 1315 1192 612 1316 1316 1197 160 1317 1317 1199 595 1318 1318 1196 613 1319 1319 1201 614 1320 1320 1203 615 1321 1321 1200 616 1322 1322 1205 617 1323 1323 1207 162 1324 1324 1204 610 1325 1325 1208 618 1326 1326 1210 155 1327 1327 1211 619 1328 1328 1213 620 1329 1329 1215 621 1330 1330 1212 622 1331 1331 1217 436 1332 1332 1219 114 1333 1333 1216 115 1334 1334 1220 0 1335 1335 1221 0 1336 1336 1222 0 1337 1337 1223 521 1338 1338 1224 623 1339 1339 1225 624 1340 1340 1226 0 1341 1341 1227 0 1342 1342 1228 0 1343 1343 1229 625 1344 1344 1230 626 1345 1345 1231 627 1346 1346 1232 628 1347 1347 1233 629 1348 1348 1234 526 1349 1349 1235 630 1350 1350 1236 631 1351 1351 1237 632 1352 1352 1019 0 3111 3111 1021 0 3112 3112 1020 0 3113 3113 1021 0 3114 3114 1023 0 3115 3115 1022 0 3116 3116 1023 0 3117 3117 1025 0 3118 3118 1024 0 3119 3119 1025 0 3120 3120 1027 0 3121 3121 1026 0 3122 3122 1026 0 3123 3123 1027 0 3124 3124 1029 0 3125 3125 1029 0 3126 3126 1031 0 3127 3127 1030 0 3128 3128 1031 0 3129 3129 1033 0 3130 3130 1032 0 3131 3131 1033 0 3132 3132 1035 0 3133 3133 1034 0 3134 3134 1035 0 3135 3135 1037 0 3136 3136 1036 0 3137 3137 1037 0 3138 3138 1039 0 3139 3139 1038 0 3140 3140 1039 0 3141 3141 1041 0 3142 3142 1040 0 3143 3143 1040 0 3144 3144 1041 0 3145 3145 1043 0 3146 3146 1043 0 3147 3147 1045 0 3148 3148 1044 0 3149 3149 1045 0 3150 3150 1047 0 3151 3151 1046 0 3152 3152 1047 0 3153 3153 1049 0 3154 3154 1048 0 3155 3155 1050 0 3156 3156 1051 0 3157 3157 1053 0 3158 3158 1052 0 3159 3159 1053 0 3160 3160 1055 0 3161 3161 1055 0 3162 3162 1057 0 3163 3163 1056 0 3164 3164 1057 0 3165 3165 1059 0 3166 3166 1058 0 3167 3167 1059 0 3168 3168 1061 0 3169 3169 1060 0 3170 3170 1060 0 3171 3171 1061 0 3172 3172 1063 0 3173 3173 1063 0 3174 3174 1065 0 3175 3175 1064 0 3176 3176 1065 0 3177 3177 1067 0 3178 3178 1066 0 3179 3179 1066 0 3180 3180 1067 0 3181 3181 1069 0 3182 3182 1068 0 3183 3183 1069 0 3184 3184 1071 0 3185 3185 1070 0 3186 3186 1071 0 3187 3187 1073 0 3188 3188 1075 548 3189 3189 1077 113 3190 3190 1076 111 3191 3191 1077 113 3192 3192 1079 113 3193 3193 1078 111 3194 3194 1079 113 3195 3195 1081 113 3196 3196 1080 111 3197 3197 1080 111 3198 3198 1081 113 3199 3199 1083 550 3200 3200 1083 550 3201 3201 1085 553 3202 3202 1084 552 3203 3203 1085 553 3204 3204 1087 1085 3205 3205 1086 554 3206 3206 1086 554 3207 3207 1087 1085 3208 3208 1089 555 3209 3209 1088 556 3210 3210 1089 555 3211 3211 1091 557 3212 3212 1090 558 3213 3213 1091 557 3214 3214 1093 559 3215 3215 1095 0 3216 3216 1097 0 3217 3217 1096 0 3218 3218 1097 0 3219 3219 1099 0 3220 3220 1098 0 3221 3221 1099 0 3222 3222 1101 0 3223 3223 1100 0 3224 3224 1101 0 3225 3225 1103 0 3226 3226 1102 0 3227 3227 1103 0 3228 3228 1105 0 3229 3229 1104 0 3230 3230 1105 0 3231 3231 1107 0 3232 3232 1106 0 3233 3233 1109 561 3234 3234 1111 564 3235 3235 1110 562 3236 3236 1111 564 3237 3237 1113 566 3238 3238 1112 565 3239 3239 1113 566 3240 3240 1115 568 3241 3241 1114 567 3242 3242 1115 568 3243 3243 1117 570 3244 3244 1116 569 3245 3245 1117 570 3246 3246 1119 1086 3247 3247 1118 571 3248 3248 1118 571 3249 3249 1119 1086 3250 3250 1121 572 3251 3251 1122 574 3252 3252 1123 1087 3253 3253 1125 111 3254 3254 1125 111 3255 3255 1127 111 3256 3256 1126 113 3257 3257 1127 111 3258 3258 1129 575 3259 3259 1128 113 3260 3260 1129 575 3261 3261 1131 111 3262 3262 1130 113 3263 3263 1131 111 3264 3264 1133 1088 3265 3265 1132 576 3266 3266 1135 577 3267 3267 1137 580 3268 3268 1136 578 3269 3269 1137 580 3270 3270 1139 565 3271 3271 1138 581 3272 3272 1139 565 3273 3273 1141 583 3274 3274 1140 582 3275 3275 1141 583 3276 3276 1143 159 3277 3277 1142 584 3278 3278 1145 0 3279 3279 1147 0 3280 3280 1146 0 3281 3281 1147 0 3282 3282 1149 0 3283 3283 1148 0 3284 3284 1149 0 3285 3285 1151 0 3286 3286 1150 0 3287 3287 1153 585 3288 3288 1155 1089 3289 3289 1154 586 3290 3290 1154 586 3291 3291 1155 1089 3292 3292 1157 588 3293 3293 1159 590 3294 3294 1161 1090 3295 3295 1160 591 3296 3296 1160 591 3297 3297 1161 1090 3298 3298 1163 593 3299 3299 1165 595 3300 3300 1167 1091 3301 3301 1166 596 3302 3302 1166 596 3303 3303 1167 1091 3304 3304 1169 598 3305 3305 1170 600 3306 3306 1171 1092 3307 3307 1173 601 3308 3308 1173 601 3309 3309 1175 1093 3310 3310 1174 603 3311 3311 1177 604 3312 3312 1178 1094 3313 3313 1179 605 3314 3314 1181 607 3315 3315 1182 1095 3316 3316 1183 608 3317 3317 1185 437 3318 3318 1186 112 3319 3319 1187 110 3320 3320 1189 0 3321 3321 1190 0 3322 3322 1191 0 3323 3323 1193 610 3324 3324 1194 1096 3325 3325 1195 611 3326 3326 1197 160 3327 3327 1198 1097 3328 3328 1199 595 3329 3329 1201 614 3330 3330 1202 1020 3331 3331 1203 615 3332 3332 1205 617 3333 3333 1206 1098 3334 3334 1207 162 3335 3335 1208 618 3336 3336 1209 1099 3337 3337 1210 155 3338 3338 1213 620 3339 3339 1214 1100 3340 3340 1215 621 3341 3341 1217 436 3342 3342 1218 526 3343 3343 1219 114 3344 3344</p>
        </triangles>
        <triangles material="yuki1-material" count="160">
          <input semantic="VERTEX" source="#m_dun5101_00_00c-mesh-vertices" offset="0"/>
          <input semantic="NORMAL" source="#m_dun5101_00_00c-mesh-normals" offset="1"/>
          <input semantic="TEXCOORD" source="#m_dun5101_00_00c-mesh-map" offset="2" set="0"/>
          <input semantic="COLOR" source="#m_dun5101_00_00c-mesh-colors-colors" offset="3" set="0"/>
          <p>1239 0 1353 1353 1240 0 1354 1354 1238 0 1355 1355 1241 0 1356 1356 1242 0 1357 1357 1240 0 1358 1358 1243 0 1359 1359 1244 0 1360 1360 1242 0 1361 1361 1245 0 1362 1362 1246 0 1363 1363 1244 0 1364 1364 1247 0 1365 1365 1248 0 1366 1366 1246 0 1367 1367 1249 0 1368 1368 1250 0 1369 1369 1248 0 1370 1370 1253 0 1371 1371 1254 0 1372 1372 1252 0 1373 1373 1255 0 1374 1374 1256 0 1375 1375 1254 0 1376 1376 1257 0 1377 1377 1258 0 1378 1378 1256 0 1379 1379 1259 0 1380 1380 1260 0 1381 1381 1258 0 1382 1382 1261 0 1383 1383 1262 0 1384 1384 1260 0 1385 1385 1263 0 1386 1386 1264 0 1387 1387 1262 0 1388 1388 1267 0 1389 1389 1268 0 1390 1390 1266 0 1391 1391 1269 0 1392 1392 1270 0 1393 1393 1268 0 1394 1394 1271 0 1395 1395 1272 0 1396 1396 1270 0 1397 1397 1273 0 1398 1398 1274 0 1399 1399 1272 0 1400 1400 1275 0 1401 1401 1276 0 1402 1402 1274 0 1403 1403 1277 0 1404 1404 1278 0 1405 1405 1276 0 1406 1406 1281 0 1407 1407 1282 0 1408 1408 1280 0 1409 1409 1283 0 1410 1410 1284 0 1411 1411 1282 0 1412 1412 1285 0 1413 1413 1286 0 1414 1414 1284 0 1415 1415 1287 0 1416 1416 1288 0 1417 1417 1286 0 1418 1418 1289 0 1419 1419 1290 0 1420 1420 1288 0 1421 1421 1293 0 1422 1422 1294 0 1423 1423 1292 0 1424 1424 1294 0 1425 1425 1297 0 1426 1426 1296 0 1427 1427 1296 0 1428 1428 1299 0 1429 1429 1298 0 1430 1430 1299 0 1431 1431 1300 0 1432 1432 1298 0 1433 1433 1303 0 1434 1434 1304 0 1435 1435 1302 0 1436 1436 1305 0 1437 1437 1306 0 1438 1438 1304 0 1439 1439 1307 0 1440 1440 1308 0 1441 1441 1306 0 1442 1442 1309 0 1443 1443 1310 0 1444 1444 1308 0 1445 1445 1313 0 1446 1446 1314 0 1447 1447 1312 0 1448 1448 1315 0 1449 1449 1316 0 1450 1450 1314 0 1451 1451 1317 0 1452 1452 1318 0 1453 1453 1316 0 1454 1454 1321 0 1455 1455 1322 0 1456 1456 1320 0 1457 1457 1323 0 1458 1458 1324 0 1459 1459 1322 0 1460 1460 1325 0 1461 1461 1326 0 1462 1462 1324 0 1463 1463 1329 0 1464 1464 1330 0 1465 1465 1328 0 1466 1466 1331 0 1467 1467 1332 0 1468 1468 1330 0 1469 1469 1333 0 1470 1470 1334 0 1471 1471 1332 0 1472 1472 1337 0 1473 1473 1338 0 1474 1474 1336 0 1475 1475 1339 0 1476 1476 1340 0 1477 1477 1338 0 1478 1478 1341 0 1479 1479 1342 0 1480 1480 1340 0 1481 1481 1345 0 1482 1482 1346 0 1483 1483 1344 0 1484 1484 1347 0 1485 1485 1348 0 1486 1486 1346 0 1487 1487 1349 0 1488 1488 1350 0 1489 1489 1348 0 1490 1490 1353 0 1491 1491 1354 0 1492 1492 1352 0 1493 1493 1355 0 1494 1494 1356 0 1495 1495 1354 0 1496 1496 1359 0 1497 1497 1360 0 1498 1498 1358 0 1499 1499 1361 0 1500 1500 1362 0 1501 1501 1360 0 1502 1502 1365 0 1503 1503 1366 0 1504 1504 1364 0 1505 1505 1367 0 1506 1506 1368 0 1507 1507 1366 0 1508 1508 1371 0 1509 1509 1372 0 1510 1510 1370 0 1511 1511 1373 0 1512 1512 1374 0 1513 1513 1372 0 1514 1514 1376 0 1515 1515 1379 0 1516 1516 1378 0 1517 1517 1378 0 1518 1518 1381 0 1519 1519 1380 0 1520 1520 1383 0 1521 1521 1384 0 1522 1522 1382 0 1523 1523 1385 0 1524 1524 1386 0 1525 1525 1384 0 1526 1526 1389 0 1527 1527 1390 0 1528 1528 1388 0 1529 1529 1391 0 1530 1530 1392 0 1531 1531 1390 0 1532 1532 1395 0 1533 1533 1396 0 1534 1534 1394 0 1535 1535 1397 0 1536 1536 1398 0 1537 1537 1396 0 1538 1538 1400 0 1539 1539 1401 0 1540 1540 1402 0 1541 1541 1401 0 1542 1542 1403 0 1543 1543 1402 0 1544 1544 1404 0 1545 1545 1405 0 1546 1546 1406 0 1547 1547 1405 0 1548 1548 1407 0 1549 1549 1406 0 1550 1550 1408 0 1551 1551 1409 0 1552 1552 1410 0 1553 1553 1409 0 1554 1554 1411 0 1555 1555 1410 0 1556 1556 1412 0 1557 1557 1413 0 1558 1558 1414 0 1559 1559 1413 0 1560 1560 1415 0 1561 1561 1414 0 1562 1562 1417 0 1563 1563 1419 0 1564 1564 1416 0 1565 1565 1421 0 1566 1566 1423 0 1567 1567 1420 0 1568 1568 1425 0 1569 1569 1427 0 1570 1570 1424 0 1571 1571 1429 0 1572 1572 1431 0 1573 1573 1428 0 1574 1574 1432 0 1575 1575 1434 0 1576 1576 1435 0 1577 1577 1437 0 1578 1578 1439 0 1579 1579 1436 0 1580 1580 1441 0 1581 1581 1443 0 1582 1582 1440 0 1583 1583 1445 0 1584 1584 1447 0 1585 1585 1444 0 1586 1586 1449 0 1587 1587 1451 0 1588 1588 1448 0 1589 1589 1453 0 1590 1590 1455 0 1591 1591 1452 0 1592 1592 1457 0 1593 1593 1459 0 1594 1594 1456 0 1595 1595 1460 0 1596 1596 1462 0 1597 1597 1463 0 1598 1598 1465 0 1599 1599 1467 0 1600 1600 1464 0 1601 1601 1468 0 1602 1602 1469 0 1603 1603 1470 0 1604 1604 1471 0 1605 1605 1472 0 1606 1606 1473 0 1607 1607 1239 0 3345 3345 1241 0 3346 3346 1240 0 3347 3347 1241 0 3348 3348 1243 0 3349 3349 1242 0 3350 3350 1243 0 3351 3351 1245 0 3352 3352 1244 0 3353 3353 1245 0 3354 3354 1247 0 3355 3355 1246 0 3356 3356 1247 0 3357 3357 1249 0 3358 3358 1248 0 3359 3359 1249 0 3360 3360 1251 0 3361 3361 1250 0 3362 3362 1253 0 3363 3363 1255 0 3364 3364 1254 0 3365 3365 1255 0 3366 3366 1257 0 3367 3367 1256 0 3368 3368 1257 0 3369 3369 1259 0 3370 3370 1258 0 3371 3371 1259 0 3372 3372 1261 0 3373 3373 1260 0 3374 3374 1261 0 3375 3375 1263 0 3376 3376 1262 0 3377 3377 1263 0 3378 3378 1265 0 3379 3379 1264 0 3380 3380 1267 0 3381 3381 1269 0 3382 3382 1268 0 3383 3383 1269 0 3384 3384 1271 0 3385 3385 1270 0 3386 3386 1271 0 3387 3387 1273 0 3388 3388 1272 0 3389 3389 1273 0 3390 3390 1275 0 3391 3391 1274 0 3392 3392 1275 0 3393 3393 1277 0 3394 3394 1276 0 3395 3395 1277 0 3396 3396 1279 0 3397 3397 1278 0 3398 3398 1281 0 3399 3399 1283 0 3400 3400 1282 0 3401 3401 1283 0 3402 3402 1285 0 3403 3403 1284 0 3404 3404 1285 0 3405 3405 1287 0 3406 3406 1286 0 3407 3407 1287 0 3408 3408 1289 0 3409 3409 1288 0 3410 3410 1289 0 3411 3411 1291 0 3412 3412 1290 0 3413 3413 1293 0 3414 3414 1295 0 3415 3415 1294 0 3416 3416 1294 0 3417 3417 1295 0 3418 3418 1297 0 3419 3419 1296 0 3420 3420 1297 0 3421 3421 1299 0 3422 3422 1299 0 3423 3423 1301 0 3424 3424 1300 0 3425 3425 1303 0 3426 3426 1305 0 3427 3427 1304 0 3428 3428 1305 0 3429 3429 1307 0 3430 3430 1306 0 3431 3431 1307 0 3432 3432 1309 0 3433 3433 1308 0 3434 3434 1309 0 3435 3435 1311 0 3436 3436 1310 0 3437 3437 1313 0 3438 3438 1315 0 3439 3439 1314 0 3440 3440 1315 0 3441 3441 1317 0 3442 3442 1316 0 3443 3443 1317 0 3444 3444 1319 0 3445 3445 1318 0 3446 3446 1321 0 3447 3447 1323 0 3448 3448 1322 0 3449 3449 1323 0 3450 3450 1325 0 3451 3451 1324 0 3452 3452 1325 0 3453 3453 1327 0 3454 3454 1326 0 3455 3455 1329 0 3456 3456 1331 0 3457 3457 1330 0 3458 3458 1331 0 3459 3459 1333 0 3460 3460 1332 0 3461 3461 1333 0 3462 3462 1335 0 3463 3463 1334 0 3464 3464 1337 0 3465 3465 1339 0 3466 3466 1338 0 3467 3467 1339 0 3468 3468 1341 0 3469 3469 1340 0 3470 3470 1341 0 3471 3471 1343 0 3472 3472 1342 0 3473 3473 1345 0 3474 3474 1347 0 3475 3475 1346 0 3476 3476 1347 0 3477 3477 1349 0 3478 3478 1348 0 3479 3479 1349 0 3480 3480 1351 0 3481 3481 1350 0 3482 3482 1353 0 3483 3483 1355 0 3484 3484 1354 0 3485 3485 1355 0 3486 3486 1357 0 3487 3487 1356 0 3488 3488 1359 0 3489 3489 1361 0 3490 3490 1360 0 3491 3491 1361 0 3492 3492 1363 0 3493 3493 1362 0 3494 3494 1365 0 3495 3495 1367 0 3496 3496 1366 0 3497 3497 1367 0 3498 3498 1369 0 3499 3499 1368 0 3500 3500 1371 0 3501 3501 1373 0 3502 3502 1372 0 3503 3503 1373 0 3504 3504 1375 0 3505 3505 1374 0 3506 3506 1376 0 3507 3507 1377 0 3508 3508 1379 0 3509 3509 1378 0 3510 3510 1379 0 3511 3511 1381 0 3512 3512 1383 0 3513 3513 1385 0 3514 3514 1384 0 3515 3515 1385 0 3516 3516 1387 0 3517 3517 1386 0 3518 3518 1389 0 3519 3519 1391 0 3520 3520 1390 0 3521 3521 1391 0 3522 3522 1393 0 3523 3523 1392 0 3524 3524 1395 0 3525 3525 1397 0 3526 3526 1396 0 3527 3527 1397 0 3528 3528 1399 0 3529 3529 1398 0 3530 3530 1417 0 3531 3531 1418 0 3532 3532 1419 0 3533 3533 1421 0 3534 3534 1422 0 3535 3535 1423 0 3536 3536 1425 0 3537 3537 1426 0 3538 3538 1427 0 3539 3539 1429 0 3540 3540 1430 0 3541 3541 1431 0 3542 3542 1432 0 3543 3543 1433 0 3544 3544 1434 0 3545 3545 1437 0 3546 3546 1438 0 3547 3547 1439 0 3548 3548 1441 0 3549 3549 1442 0 3550 3550 1443 0 3551 3551 1445 0 3552 3552 1446 0 3553 3553 1447 0 3554 3554 1449 0 3555 3555 1450 0 3556 3556 1451 0 3557 3557 1453 0 3558 3558 1454 0 3559 3559 1455 0 3560 3560 1457 0 3561 3561 1458 0 3562 3562 1459 0 3563 3563 1460 0 3564 3564 1461 0 3565 3565 1462 0 3566 3566 1465 0 3567 3567 1466 0 3568 3568 1467 0 3569 3569</p>
        </triangles>
        <triangles material="lambert3-material" count="211">
          <input semantic="VERTEX" source="#m_dun5101_00_00c-mesh-vertices" offset="0"/>
          <input semantic="NORMAL" source="#m_dun5101_00_00c-mesh-normals" offset="1"/>
          <input semantic="TEXCOORD" source="#m_dun5101_00_00c-mesh-map" offset="2" set="0"/>
          <input semantic="COLOR" source="#m_dun5101_00_00c-mesh-colors-colors" offset="3" set="0"/>
          <p>1475 0 1608 1608 1476 0 1609 1609 1474 0 1610 1610 1477 0 1611 1611 1478 0 1612 1612 1476 0 1613 1613 1478 0 1614 1614 1481 0 1615 1615 1480 0 1616 1616 1480 0 1617 1617 1483 0 1618 1618 1482 0 1619 1619 1482 0 1620 1620 1485 0 1621 1621 1484 0 1622 1622 1484 0 1623 1623 1487 0 1624 1624 1486 0 1625 1625 1487 0 1626 1626 1488 0 1627 1627 1486 0 1628 1628 1488 0 1629 1629 1491 0 1630 1630 1490 0 1631 1631 1491 0 1632 1632 1492 0 1633 1633 1490 0 1634 1634 1493 0 1635 1635 1494 633 1636 1636 1492 0 1637 1637 1495 634 1638 1638 1496 635 1639 1639 1494 633 1640 1640 1497 636 1641 1641 1498 637 1642 1642 1496 635 1643 1643 1501 638 1644 1644 1502 639 1645 1645 1500 640 1646 1646 1503 641 1647 1647 1504 642 1648 1648 1502 639 1649 1649 1505 643 1650 1650 1506 644 1651 1651 1504 642 1652 1652 1507 645 1653 1653 1508 639 1654 1654 1506 644 1655 1655 1509 645 1656 1656 1510 646 1657 1657 1508 639 1658 1658 1511 647 1659 1659 1512 648 1660 1660 1510 646 1661 1661 1513 643 1662 1662 1514 646 1663 1663 1512 648 1664 1664 1515 649 1665 1665 1516 644 1666 1666 1514 646 1667 1667 1517 643 1668 1668 1518 650 1669 1669 1516 644 1670 1670 1519 651 1671 1671 1520 652 1672 1672 1518 650 1673 1673 1523 653 1674 1674 1524 654 1675 1675 1522 655 1676 1676 1525 656 1677 1677 1526 657 1678 1678 1524 654 1679 1679 1527 658 1680 1680 1528 659 1681 1681 1526 657 1682 1682 1529 660 1683 1683 1530 661 1684 1684 1528 659 1685 1685 1531 662 1686 1686 1532 663 1687 1687 1530 661 1688 1688 1533 664 1689 1689 1534 665 1690 1690 1532 663 1691 1691 1535 660 1692 1692 1536 666 1693 1693 1534 665 1694 1694 1536 666 1695 1695 1539 667 1696 1696 1538 668 1697 1697 1541 0 1698 1698 1542 0 1699 1699 1540 0 1700 1700 1543 0 1701 1701 1544 0 1702 1702 1542 0 1703 1703 1545 0 1704 1704 1546 0 1705 1705 1544 0 1706 1706 1547 0 1707 1707 1548 669 1708 1708 1546 0 1709 1709 1549 670 1710 1710 1550 671 1711 1711 1548 669 1712 1712 1551 672 1713 1713 1552 673 1714 1714 1550 671 1715 1715 1553 674 1716 1716 1554 675 1717 1717 1552 673 1718 1718 1557 676 1719 1719 1558 677 1720 1720 1556 678 1721 1721 1558 677 1722 1722 1561 679 1723 1723 1560 680 1724 1724 1560 680 1725 1725 1563 681 1726 1726 1562 682 1727 1727 1563 681 1728 1728 1564 683 1729 1729 1562 682 1730 1730 1565 684 1731 1731 1566 685 1732 1732 1564 683 1733 1733 1567 686 1734 1734 1568 687 1735 1735 1566 685 1736 1736 1570 688 1737 1737 1573 689 1738 1738 1572 690 1739 1739 1572 690 1740 1740 1575 691 1741 1741 1574 692 1742 1742 1574 692 1743 1743 1577 693 1744 1744 1576 694 1745 1745 1577 693 1746 1746 1578 695 1747 1747 1576 694 1748 1748 1579 696 1749 1749 1580 697 1750 1750 1578 695 1751 1751 1583 698 1752 1752 1584 699 1753 1753 1582 700 1754 1754 1585 701 1755 1755 1586 702 1756 1756 1584 699 1757 1757 1587 703 1758 1758 1588 704 1759 1759 1586 702 1760 1760 1589 705 1761 1761 1590 706 1762 1762 1588 704 1763 1763 1591 707 1764 1764 1592 708 1765 1765 1590 706 1766 1766 1595 709 1767 1767 1596 710 1768 1768 1594 711 1769 1769 1597 712 1770 1770 1598 710 1771 1771 1596 710 1772 1772 1599 712 1773 1773 1600 710 1774 1774 1598 710 1775 1775 1601 712 1776 1776 1602 713 1777 1777 1600 710 1778 1778 1603 714 1779 1779 1604 715 1780 1780 1602 713 1781 1781 1607 716 1782 1782 1608 717 1783 1783 1606 718 1784 1784 1609 719 1785 1785 1610 720 1786 1786 1608 717 1787 1787 1610 720 1788 1788 1613 721 1789 1789 1612 722 1790 1790 1612 722 1791 1791 1615 723 1792 1792 1614 724 1793 1793 1617 725 1794 1794 1618 726 1795 1795 1616 727 1796 1796 1619 728 1797 1797 1620 729 1798 1798 1618 726 1799 1799 1621 730 1800 1800 1622 731 1801 1801 1620 729 1802 1802 1623 732 1803 1803 1624 733 1804 1804 1622 731 1805 1805 1627 0 1806 1806 1628 0 1807 1807 1626 0 1808 1808 1629 0 1809 1809 1630 734 1810 1810 1628 0 1811 1811 1631 735 1812 1812 1632 736 1813 1813 1630 734 1814 1814 1633 737 1815 1815 1634 0 1816 1816 1632 736 1817 1817 1637 738 1818 1818 1638 739 1819 1819 1636 740 1820 1820 1639 741 1821 1821 1640 742 1822 1822 1638 739 1823 1823 1641 743 1824 1824 1642 744 1825 1825 1640 742 1826 1826 1643 745 1827 1827 1644 746 1828 1828 1642 744 1829 1829 1647 0 1830 1830 1648 0 1831 1831 1646 0 1832 1832 1649 0 1833 1833 1650 0 1834 1834 1648 0 1835 1835 1651 0 1836 1836 1652 0 1837 1837 1650 0 1838 1838 1653 0 1839 1839 1654 0 1840 1840 1652 0 1841 1841 1657 747 1842 1842 1658 748 1843 1843 1656 675 1844 1844 1659 749 1845 1845 1660 750 1846 1846 1658 748 1847 1847 1661 749 1848 1848 1662 750 1849 1849 1660 750 1850 1850 1663 751 1851 1851 1664 752 1852 1852 1662 750 1853 1853 1667 753 1854 1854 1668 754 1855 1855 1666 755 1856 1856 1668 754 1857 1857 1671 756 1858 1858 1670 757 1859 1859 1671 756 1860 1860 1672 758 1861 1861 1670 757 1862 1862 1675 759 1863 1863 1676 760 1864 1864 1674 761 1865 1865 1677 762 1866 1866 1678 763 1867 1867 1676 760 1868 1868 1679 764 1869 1869 1680 765 1870 1870 1678 763 1871 1871 1683 766 1872 1872 1684 767 1873 1873 1682 768 1874 1874 1685 769 1875 1875 1686 767 1876 1876 1684 767 1877 1877 1687 770 1878 1878 1688 771 1879 1879 1686 767 1880 1880 1691 772 1881 1881 1692 773 1882 1882 1690 774 1883 1883 1693 775 1884 1884 1694 776 1885 1885 1692 773 1886 1886 1695 777 1887 1887 1696 778 1888 1888 1694 776 1889 1889 1698 779 1890 1890 1699 780 1891 1891 1700 781 1892 1892 1699 782 1893 1893 1701 783 1894 1894 1700 784 1895 1895 1700 785 1896 1896 1701 786 1897 1897 1702 787 1898 1898 1703 788 1899 1899 1704 789 1900 1900 1705 790 1901 1901 1704 789 1902 1902 1706 791 1903 1903 1705 790 1904 1904 1705 790 1905 1905 1706 791 1906 1906 1707 792 1907 1907 1708 793 1908 1908 1709 794 1909 1909 1710 795 1910 1910 1709 794 1911 1911 1711 796 1912 1912 1710 795 1913 1913 1712 797 1914 1914 1713 798 1915 1915 1714 799 1916 1916 1713 798 1917 1917 1715 800 1918 1918 1714 799 1919 1919 1716 801 1920 1920 1717 802 1921 1921 1718 803 1922 1922 1717 802 1923 1923 1719 804 1924 1924 1718 803 1925 1925 1720 805 1926 1926 1721 806 1927 1927 1722 807 1928 1928 1721 806 1929 1929 1723 808 1930 1930 1722 807 1931 1931 1724 809 1932 1932 1725 810 1933 1933 1726 811 1934 1934 1725 810 1935 1935 1727 0 1936 1936 1726 811 1937 1937 1728 812 1938 1938 1729 813 1939 1939 1730 814 1940 1940 1729 813 1941 1941 1731 815 1942 1942 1730 814 1943 1943 1732 816 1944 1944 1734 817 1945 1945 1735 818 1946 1946 1736 819 1947 1947 1737 820 1948 1948 1738 821 1949 1949 1739 822 1950 1950 1740 823 1951 1951 1741 824 1952 1952 1742 825 1953 1953 1743 826 1954 1954 1744 827 1955 1955 1475 0 3570 3570 1477 0 3571 3571 1476 0 3572 3572 1477 0 3573 3573 1479 0 3574 3574 1478 0 3575 3575 1478 0 3576 3576 1479 0 3577 3577 1481 0 3578 3578 1480 0 3579 3579 1481 0 3580 3580 1483 0 3581 3581 1482 0 3582 3582 1483 0 3583 3583 1485 0 3584 3584 1484 0 3585 3585 1485 0 3586 3586 1487 0 3587 3587 1487 0 3588 3588 1489 0 3589 3589 1488 0 3590 3590 1488 0 3591 3591 1489 0 3592 3592 1491 0 3593 3593 1491 0 3594 3594 1493 0 3595 3595 1492 0 3596 3596 1493 0 3597 3597 1495 634 3598 3598 1494 633 3599 3599 1495 634 3600 3600 1497 636 3601 3601 1496 635 3602 3602 1497 636 3603 3603 1499 638 3604 3604 1498 637 3605 3605 1501 638 3606 3606 1503 641 3607 3607 1502 639 3608 3608 1503 641 3609 3609 1505 643 3610 3610 1504 642 3611 3611 1505 643 3612 3612 1507 645 3613 3613 1506 644 3614 3614 1507 645 3615 3615 1509 645 3616 3616 1508 639 3617 3617 1509 645 3618 3618 1511 647 3619 3619 1510 646 3620 3620 1511 647 3621 3621 1513 643 3622 3622 1512 648 3623 3623 1513 643 3624 3624 1515 649 3625 3625 1514 646 3626 3626 1515 649 3627 3627 1517 643 3628 3628 1516 644 3629 3629 1517 643 3630 3630 1519 651 3631 3631 1518 650 3632 3632 1519 651 3633 3633 1521 1101 3634 3634 1520 652 3635 3635 1523 653 3636 3636 1525 656 3637 3637 1524 654 3638 3638 1525 656 3639 3639 1527 658 3640 3640 1526 657 3641 3641 1527 658 3642 3642 1529 660 3643 3643 1528 659 3644 3644 1529 660 3645 3645 1531 662 3646 3646 1530 661 3647 3647 1531 662 3648 3648 1533 664 3649 3649 1532 663 3650 3650 1533 664 3651 3651 1535 660 3652 3652 1534 665 3653 3653 1535 660 3654 3654 1537 1102 3655 3655 1536 666 3656 3656 1536 666 3657 3657 1537 1102 3658 3658 1539 667 3659 3659 1541 0 3660 3660 1543 0 3661 3661 1542 0 3662 3662 1543 0 3663 3663 1545 0 3664 3664 1544 0 3665 3665 1545 0 3666 3666 1547 0 3667 3667 1546 0 3668 3668 1547 0 3669 3669 1549 670 3670 3670 1548 669 3671 3671 1549 670 3672 3672 1551 672 3673 3673 1550 671 3674 3674 1551 672 3675 3675 1553 674 3676 3676 1552 673 3677 3677 1553 674 3678 3678 1555 1103 3679 3679 1554 675 3680 3680 1557 676 3681 3681 1559 1104 3682 3682 1558 677 3683 3683 1558 677 3684 3684 1559 1104 3685 3685 1561 679 3686 3686 1560 680 3687 3687 1561 679 3688 3688 1563 681 3689 3689 1563 681 3690 3690 1565 684 3691 3691 1564 683 3692 3692 1565 684 3693 3693 1567 686 3694 3694 1566 685 3695 3695 1567 686 3696 3696 1569 1105 3697 3697 1568 687 3698 3698 1570 688 3699 3699 1571 1106 3700 3700 1573 689 3701 3701 1572 690 3702 3702 1573 689 3703 3703 1575 691 3704 3704 1574 692 3705 3705 1575 691 3706 3706 1577 693 3707 3707 1577 693 3708 3708 1579 696 3709 3709 1578 695 3710 3710 1579 696 3711 3711 1581 1107 3712 3712 1580 697 3713 3713 1583 698 3714 3714 1585 701 3715 3715 1584 699 3716 3716 1585 701 3717 3717 1587 703 3718 3718 1586 702 3719 3719 1587 703 3720 3720 1589 705 3721 3721 1588 704 3722 3722 1589 705 3723 3723 1591 707 3724 3724 1590 706 3725 3725 1591 707 3726 3726 1593 1108 3727 3727 1592 708 3728 3728 1595 709 3729 3729 1597 712 3730 3730 1596 710 3731 3731 1597 712 3732 3732 1599 712 3733 3733 1598 710 3734 3734 1599 712 3735 3735 1601 712 3736 3736 1600 710 3737 3737 1601 712 3738 3738 1603 714 3739 3739 1602 713 3740 3740 1603 714 3741 3741 1605 1109 3742 3742 1604 715 3743 3743 1607 716 3744 3744 1609 719 3745 3745 1608 717 3746 3746 1609 719 3747 3747 1611 1110 3748 3748 1610 720 3749 3749 1610 720 3750 3750 1611 1110 3751 3751 1613 721 3752 3752 1612 722 3753 3753 1613 721 3754 3754 1615 723 3755 3755 1617 725 3756 3756 1619 728 3757 3757 1618 726 3758 3758 1619 728 3759 3759 1621 730 3760 3760 1620 729 3761 3761 1621 730 3762 3762 1623 732 3763 3763 1622 731 3764 3764 1623 732 3765 3765 1625 1111 3766 3766 1624 733 3767 3767 1627 0 3768 3768 1629 0 3769 3769 1628 0 3770 3770 1629 0 3771 3771 1631 735 3772 3772 1630 734 3773 3773 1631 735 3774 3774 1633 737 3775 3775 1632 736 3776 3776 1633 737 3777 3777 1635 0 3778 3778 1634 0 3779 3779 1637 738 3780 3780 1639 741 3781 3781 1638 739 3782 3782 1639 741 3783 3783 1641 743 3784 3784 1640 742 3785 3785 1641 743 3786 3786 1643 745 3787 3787 1642 744 3788 3788 1643 745 3789 3789 1645 1112 3790 3790 1644 746 3791 3791 1647 0 3792 3792 1649 0 3793 3793 1648 0 3794 3794 1649 0 3795 3795 1651 0 3796 3796 1650 0 3797 3797 1651 0 3798 3798 1653 0 3799 3799 1652 0 3800 3800 1653 0 3801 3801 1655 0 3802 3802 1654 0 3803 3803 1657 747 3804 3804 1659 749 3805 3805 1658 748 3806 3806 1659 749 3807 3807 1661 749 3808 3808 1660 750 3809 3809 1661 749 3810 3810 1663 751 3811 3811 1662 750 3812 3812 1663 751 3813 3813 1665 1113 3814 3814 1664 752 3815 3815 1667 753 3816 3816 1669 1114 3817 3817 1668 754 3818 3818 1668 754 3819 3819 1669 1114 3820 3820 1671 756 3821 3821 1671 756 3822 3822 1673 1115 3823 3823 1672 758 3824 3824 1675 759 3825 3825 1677 762 3826 3826 1676 760 3827 3827 1677 762 3828 3828 1679 764 3829 3829 1678 763 3830 3830 1679 764 3831 3831 1681 1116 3832 3832 1680 765 3833 3833 1683 766 3834 3834 1685 769 3835 3835 1684 767 3836 3836 1685 769 3837 3837 1687 770 3838 3838 1686 767 3839 3839 1687 770 3840 3840 1689 1117 3841 3841 1688 771 3842 3842 1691 772 3843 3843 1693 775 3844 3844 1692 773 3845 3845 1693 775 3846 3846 1695 777 3847 3847 1694 776 3848 3848 1695 777 3849 3849 1697 1118 3850 3850 1696 778 3851 3851 1732 816 3852 3852 1733 1119 3853 3853 1734 817 3854 3854</p>
        </triangles>
        <triangles material="colum_a-material" count="256">
          <input semantic="VERTEX" source="#m_dun5101_00_00c-mesh-vertices" offset="0"/>
          <input semantic="NORMAL" source="#m_dun5101_00_00c-mesh-normals" offset="1"/>
          <input semantic="TEXCOORD" source="#m_dun5101_00_00c-mesh-map" offset="2" set="0"/>
          <input semantic="COLOR" source="#m_dun5101_00_00c-mesh-colors-colors" offset="3" set="0"/>
          <p>1745 828 1956 1956 1747 829 1957 1957 1748 830 1958 1958 1750 831 1959 1959 1752 832 1960 1960 1749 833 1961 1961 1754 834 1962 1962 1756 835 1963 1963 1753 836 1964 1964 1757 837 1965 1965 1759 838 1966 1966 1760 839 1967 1967 1761 840 1968 1968 1763 841 1969 1969 1764 842 1970 1970 1766 843 1971 1971 1768 844 1972 1972 1765 845 1973 1973 1770 846 1974 1974 1772 847 1975 1975 1769 848 1976 1976 1774 849 1977 1977 1776 850 1978 1978 1773 851 1979 1979 1778 852 1980 1980 1780 853 1981 1981 1777 854 1982 1982 1782 855 1983 1983 1784 856 1984 1984 1781 857 1985 1985 1786 858 1986 1986 1788 859 1987 1987 1785 860 1988 1988 1790 861 1989 1989 1792 862 1990 1990 1789 863 1991 1991 1794 864 1992 1992 1796 865 1993 1993 1793 866 1994 1994 1798 867 1995 1995 1800 868 1996 1996 1797 869 1997 1997 1802 846 1998 1998 1804 870 1999 1999 1801 871 2000 2000 1806 872 2001 2001 1808 873 2002 2002 1805 874 2003 2003 1809 0 2004 2004 1811 0 2005 2005 1812 0 2006 2006 1814 0 2007 2007 1816 0 2008 2008 1813 0 2009 2009 1818 0 2010 2010 1820 0 2011 2011 1817 0 2012 2012 1821 0 2013 2013 1823 0 2014 2014 1824 0 2015 2015 1825 0 2016 2016 1827 0 2017 2017 1828 0 2018 2018 1830 0 2019 2019 1832 0 2020 2020 1829 0 2021 2021 1834 0 2022 2022 1836 0 2023 2023 1833 0 2024 2024 1837 0 2025 2025 1839 0 2026 2026 1840 0 2027 2027 1842 875 2028 2028 1844 876 2029 2029 1841 877 2030 2030 1846 878 2031 2031 1848 879 2032 2032 1845 880 2033 2033 1850 881 2034 2034 1852 882 2035 2035 1849 883 2036 2036 1854 884 2037 2037 1856 885 2038 2038 1853 886 2039 2039 1858 887 2040 2040 1860 888 2041 2041 1857 889 2042 2042 1862 890 2043 2043 1864 891 2044 2044 1861 892 2045 2045 1866 893 2046 2046 1868 894 2047 2047 1865 895 2048 2048 1870 896 2049 2049 1872 897 2050 2050 1869 898 2051 2051 1873 899 2052 2052 1875 900 2053 2053 1876 830 2054 2054 1878 831 2055 2055 1880 832 2056 2056 1877 833 2057 2057 1882 901 2058 2058 1884 902 2059 2059 1881 836 2060 2060 1885 903 2061 2061 1887 904 2062 2062 1888 905 2063 2063 1889 840 2064 2064 1891 841 2065 2065 1892 842 2066 2066 1894 906 2067 2067 1896 907 2068 2068 1893 908 2069 2069 1898 909 2070 2070 1900 910 2071 2071 1897 848 2072 2072 1902 849 2073 2073 1904 850 2074 2074 1901 851 2075 2075 1906 911 2076 2076 1908 912 2077 2077 1905 913 2078 2078 1910 914 2079 2079 1912 915 2080 2080 1909 857 2081 2081 1914 858 2082 2082 1916 859 2083 2083 1913 860 2084 2084 1918 861 2085 2085 1920 862 2086 2086 1917 863 2087 2087 1922 916 2088 2088 1924 917 2089 2089 1921 918 2090 2090 1926 919 2091 2091 1928 920 2092 2092 1925 921 2093 2093 1930 846 2094 2094 1932 870 2095 2095 1929 871 2096 2096 1934 872 2097 2097 1936 873 2098 2098 1933 874 2099 2099 1937 0 2100 2100 1939 0 2101 2101 1940 0 2102 2102 1942 0 2103 2103 1944 0 2104 2104 1941 0 2105 2105 1946 0 2106 2106 1948 0 2107 2107 1945 0 2108 2108 1949 0 2109 2109 1951 0 2110 2110 1952 0 2111 2111 1953 0 2112 2112 1955 0 2113 2113 1956 0 2114 2114 1958 0 2115 2115 1960 0 2116 2116 1957 0 2117 2117 1962 0 2118 2118 1964 0 2119 2119 1961 0 2120 2120 1965 0 2121 2121 1967 0 2122 2122 1968 0 2123 2123 1970 875 2124 2124 1972 876 2125 2125 1969 877 2126 2126 1974 878 2127 2127 1976 879 2128 2128 1973 880 2129 2129 1978 881 2130 2130 1980 882 2131 2131 1977 883 2132 2132 1982 884 2133 2133 1984 885 2134 2134 1981 886 2135 2135 1986 887 2136 2136 1988 888 2137 2137 1985 889 2138 2138 1990 890 2139 2139 1992 891 2140 2140 1989 892 2141 2141 1994 893 2142 2142 1996 894 2143 2143 1993 895 2144 2144 1998 896 2145 2145 2000 897 2146 2146 1997 898 2147 2147 2001 828 2148 2148 2003 829 2149 2149 2004 830 2150 2150 2006 831 2151 2151 2008 832 2152 2152 2005 833 2153 2153 2010 922 2154 2154 2012 923 2155 2155 2009 924 2156 2156 2013 925 2157 2157 2015 926 2158 2158 2016 927 2159 2159 2017 840 2160 2160 2019 841 2161 2161 2020 842 2162 2162 2022 843 2163 2163 2024 844 2164 2164 2021 845 2165 2165 2026 846 2166 2166 2028 847 2167 2167 2025 848 2168 2168 2030 849 2169 2169 2032 850 2170 2170 2029 851 2171 2171 2034 852 2172 2172 2036 853 2173 2173 2033 854 2174 2174 2038 855 2175 2175 2040 856 2176 2176 2037 857 2177 2177 2042 858 2178 2178 2044 859 2179 2179 2041 860 2180 2180 2046 861 2181 2181 2048 862 2182 2182 2045 863 2183 2183 2050 864 2184 2184 2052 865 2185 2185 2049 866 2186 2186 2054 867 2187 2187 2056 868 2188 2188 2053 869 2189 2189 2058 846 2190 2190 2060 870 2191 2191 2057 871 2192 2192 2062 872 2193 2193 2064 873 2194 2194 2061 874 2195 2195 2065 0 2196 2196 2067 0 2197 2197 2068 0 2198 2198 2070 0 2199 2199 2072 0 2200 2200 2069 0 2201 2201 2074 0 2202 2202 2076 0 2203 2203 2073 0 2204 2204 2077 0 2205 2205 2079 0 2206 2206 2080 0 2207 2207 2081 0 2208 2208 2083 0 2209 2209 2084 0 2210 2210 2086 0 2211 2211 2088 0 2212 2212 2085 0 2213 2213 2090 0 2214 2214 2092 0 2215 2215 2089 0 2216 2216 2093 0 2217 2217 2095 0 2218 2218 2096 0 2219 2219 2098 875 2220 2220 2100 876 2221 2221 2097 877 2222 2222 2102 878 2223 2223 2104 879 2224 2224 2101 880 2225 2225 2106 881 2226 2226 2108 882 2227 2227 2105 883 2228 2228 2110 884 2229 2229 2112 885 2230 2230 2109 886 2231 2231 2114 887 2232 2232 2116 888 2233 2233 2113 889 2234 2234 2118 890 2235 2235 2120 891 2236 2236 2117 892 2237 2237 2122 893 2238 2238 2124 894 2239 2239 2121 895 2240 2240 2126 896 2241 2241 2128 897 2242 2242 2125 898 2243 2243 2129 928 2244 2244 2131 929 2245 2245 2132 930 2246 2246 2134 931 2247 2247 2136 932 2248 2248 2133 933 2249 2249 2138 934 2250 2250 2140 837 2251 2251 2137 935 2252 2252 2141 834 2253 2253 2143 936 2254 2254 2144 937 2255 2255 2145 938 2256 2256 2147 939 2257 2257 2148 940 2258 2258 2150 941 2259 2259 2152 942 2260 2260 2149 943 2261 2261 2154 944 2262 2262 2156 945 2263 2263 2153 946 2264 2264 2158 947 2265 2265 2160 948 2266 2266 2157 949 2267 2267 2162 950 2268 2268 2164 951 2269 2269 2161 952 2270 2270 2166 953 2271 2271 2168 954 2272 2272 2165 955 2273 2273 2170 956 2274 2274 2172 863 2275 2275 2169 861 2276 2276 2174 957 2277 2277 2176 860 2278 2278 2173 858 2279 2279 2178 958 2280 2280 2180 959 2281 2281 2177 960 2282 2282 2182 961 2283 2283 2184 962 2284 2284 2181 963 2285 2285 2186 964 2286 2286 2188 874 2287 2287 2185 872 2288 2288 2190 965 2289 2289 2192 871 2290 2290 2189 846 2291 2291 2193 0 2292 2292 2195 0 2293 2293 2196 0 2294 2294 2198 0 2295 2295 2200 0 2296 2296 2197 0 2297 2297 2202 0 2298 2298 2204 0 2299 2299 2201 0 2300 2300 2205 0 2301 2301 2207 0 2302 2302 2208 0 2303 2303 2209 0 2304 2304 2211 0 2305 2305 2212 0 2306 2306 2214 0 2307 2307 2216 0 2308 2308 2213 0 2309 2309 2218 0 2310 2310 2220 0 2311 2311 2217 0 2312 2312 2221 0 2313 2313 2223 0 2314 2314 2224 0 2315 2315 2226 966 2316 2316 2228 892 2317 2317 2225 890 2318 2318 2230 967 2319 2319 2232 295 2320 2320 2229 968 2321 2321 2234 969 2322 2322 2236 970 2323 2323 2233 971 2324 2324 2238 972 2325 2325 2240 973 2326 2326 2237 974 2327 2327 2242 303 2328 2328 2244 975 2329 2329 2241 976 2330 2330 2246 977 2331 2331 2248 877 2332 2332 2245 875 2333 2333 2250 978 2334 2334 2252 979 2335 2335 2249 980 2336 2336 2254 981 2337 2337 2256 982 2338 2338 2253 983 2339 2339 1745 828 3855 3855 1746 1120 3856 3856 1747 829 3857 3857 1750 831 3858 3858 1751 1121 3859 3859 1752 832 3860 3860 1754 834 3861 3861 1755 1122 3862 3862 1756 835 3863 3863 1757 837 3864 3864 1758 1123 3865 3865 1759 838 3866 3866 1761 840 3867 3867 1762 1124 3868 3868 1763 841 3869 3869 1766 843 3870 3870 1767 1125 3871 3871 1768 844 3872 3872 1770 846 3873 3873 1771 1126 3874 3874 1772 847 3875 3875 1774 849 3876 3876 1775 1127 3877 3877 1776 850 3878 3878 1778 852 3879 3879 1779 1128 3880 3880 1780 853 3881 3881 1782 855 3882 3882 1783 1129 3883 3883 1784 856 3884 3884 1786 858 3885 3885 1787 957 3886 3886 1788 859 3887 3887 1790 861 3888 3888 1791 956 3889 3889 1792 862 3890 3890 1794 864 3891 3891 1795 1130 3892 3892 1796 865 3893 3893 1798 867 3894 3894 1799 1125 3895 3895 1800 868 3896 3896 1802 846 3897 3897 1803 965 3898 3898 1804 870 3899 3899 1806 872 3900 3900 1807 964 3901 3901 1808 873 3902 3902 1809 0 3903 3903 1810 0 3904 3904 1811 0 3905 3905 1814 0 3906 3906 1815 0 3907 3907 1816 0 3908 3908 1818 0 3909 3909 1819 0 3910 3910 1820 0 3911 3911 1821 0 3912 3912 1822 0 3913 3913 1823 0 3914 3914 1825 0 3915 3915 1826 0 3916 3916 1827 0 3917 3917 1830 0 3918 3918 1831 0 3919 3919 1832 0 3920 3920 1834 0 3921 3921 1835 0 3922 3922 1836 0 3923 3923 1837 0 3924 3924 1838 0 3925 3925 1839 0 3926 3926 1842 875 3927 3927 1843 977 3928 3928 1844 876 3929 3929 1846 878 3930 3930 1847 1131 3931 3931 1848 879 3932 3932 1850 881 3933 3933 1851 1132 3934 3934 1852 882 3935 3935 1854 884 3936 3936 1855 1133 3937 3937 1856 885 3938 3938 1858 887 3939 3939 1859 1134 3940 3940 1860 888 3941 3941 1862 890 3942 3942 1863 966 3943 3943 1864 891 3944 3944 1866 893 3945 3945 1867 1135 3946 3946 1868 894 3947 3947 1870 896 3948 3948 1871 1136 3949 3949 1872 897 3950 3950 1873 899 3951 3951 1874 1137 3952 3952 1875 900 3953 3953 1878 831 3954 3954 1879 1121 3955 3955 1880 832 3956 3956 1882 901 3957 3957 1883 1138 3958 3958 1884 902 3959 3959 1885 903 3960 3960 1886 1123 3961 3961 1887 904 3962 3962 1889 840 3963 3963 1890 1124 3964 3964 1891 841 3965 3965 1894 906 3966 3966 1895 1139 3967 3967 1896 907 3968 3968 1898 909 3969 3969 1899 1140 3970 3970 1900 910 3971 3971 1902 849 3972 3972 1903 1127 3973 3973 1904 850 3974 3974 1906 911 3975 3975 1907 1141 3976 3976 1908 912 3977 3977 1910 914 3978 3978 1911 1142 3979 3979 1912 915 3980 3980 1914 858 3981 3981 1915 957 3982 3982 1916 859 3983 3983 1918 861 3984 3984 1919 956 3985 3985 1920 862 3986 3986 1922 916 3987 3987 1923 1130 3988 3988 1924 917 3989 3989 1926 919 3990 3990 1927 1143 3991 3991 1928 920 3992 3992 1930 846 3993 3993 1931 965 3994 3994 1932 870 3995 3995 1934 872 3996 3996 1935 964 3997 3997 1936 873 3998 3998 1937 0 3999 3999 1938 0 4000 4000 1939 0 4001 4001 1942 0 4002 4002 1943 0 4003 4003 1944 0 4004 4004 1946 0 4005 4005 1947 0 4006 4006 1948 0 4007 4007 1949 0 4008 4008 1950 0 4009 4009 1951 0 4010 4010 1953 0 4011 4011 1954 0 4012 4012 1955 0 4013 4013 1958 0 4014 4014 1959 0 4015 4015 1960 0 4016 4016 1962 0 4017 4017 1963 0 4018 4018 1964 0 4019 4019 1965 0 4020 4020 1966 0 4021 4021 1967 0 4022 4022 1970 875 4023 4023 1971 977 4024 4024 1972 876 4025 4025 1974 878 4026 4026 1975 1131 4027 4027 1976 879 4028 4028 1978 881 4029 4029 1979 1132 4030 4030 1980 882 4031 4031 1982 884 4032 4032 1983 1133 4033 4033 1984 885 4034 4034 1986 887 4035 4035 1987 1134 4036 4036 1988 888 4037 4037 1990 890 4038 4038 1991 966 4039 4039 1992 891 4040 4040 1994 893 4041 4041 1995 1135 4042 4042 1996 894 4043 4043 1998 896 4044 4044 1999 1136 4045 4045 2000 897 4046 4046 2001 828 4047 4047 2002 1120 4048 4048 2003 829 4049 4049 2006 831 4050 4050 2007 1121 4051 4051 2008 832 4052 4052 2010 922 4053 4053 2011 1144 4054 4054 2012 923 4055 4055 2013 925 4056 4056 2014 1145 4057 4057 2015 926 4058 4058 2017 840 4059 4059 2018 1124 4060 4060 2019 841 4061 4061 2022 843 4062 4062 2023 1125 4063 4063 2024 844 4064 4064 2026 846 4065 4065 2027 1126 4066 4066 2028 847 4067 4067 2030 849 4068 4068 2031 1127 4069 4069 2032 850 4070 4070 2034 852 4071 4071 2035 1128 4072 4072 2036 853 4073 4073 2038 855 4074 4074 2039 1129 4075 4075 2040 856 4076 4076 2042 858 4077 4077 2043 957 4078 4078 2044 859 4079 4079 2046 861 4080 4080 2047 956 4081 4081 2048 862 4082 4082 2050 864 4083 4083 2051 1130 4084 4084 2052 865 4085 4085 2054 867 4086 4086 2055 1125 4087 4087 2056 868 4088 4088 2058 846 4089 4089 2059 965 4090 4090 2060 870 4091 4091 2062 872 4092 4092 2063 964 4093 4093 2064 873 4094 4094 2065 0 4095 4095 2066 0 4096 4096 2067 0 4097 4097 2070 0 4098 4098 2071 0 4099 4099 2072 0 4100 4100 2074 0 4101 4101 2075 0 4102 4102 2076 0 4103 4103 2077 0 4104 4104 2078 0 4105 4105 2079 0 4106 4106 2081 0 4107 4107 2082 0 4108 4108 2083 0 4109 4109 2086 0 4110 4110 2087 0 4111 4111 2088 0 4112 4112 2090 0 4113 4113 2091 0 4114 4114 2092 0 4115 4115 2093 0 4116 4116 2094 0 4117 4117 2095 0 4118 4118 2098 875 4119 4119 2099 977 4120 4120 2100 876 4121 4121 2102 878 4122 4122 2103 1131 4123 4123 2104 879 4124 4124 2106 881 4125 4125 2107 1132 4126 4126 2108 882 4127 4127 2110 884 4128 4128 2111 1133 4129 4129 2112 885 4130 4130 2114 887 4131 4131 2115 1134 4132 4132 2116 888 4133 4133 2118 890 4134 4134 2119 966 4135 4135 2120 891 4136 4136 2122 893 4137 4137 2123 1135 4138 4138 2124 894 4139 4139 2126 896 4140 4140 2127 1136 4141 4141 2128 897 4142 4142 2129 928 4143 4143 2130 1146 4144 4144 2131 929 4145 4145 2134 931 4146 4146 2135 1147 4147 4147 2136 932 4148 4148 2138 934 4149 4149 2139 1148 4150 4150 2140 837 4151 4151 2141 834 4152 4152 2142 1149 4153 4153 2143 936 4154 4154 2145 938 4155 4155 2146 1150 4156 4156 2147 939 4157 4157 2150 941 4158 4158 2151 1151 4159 4159 2152 942 4160 4160 2154 944 4161 4161 2155 1152 4162 4162 2156 945 4163 4163 2158 947 4164 4164 2159 1153 4165 4165 2160 948 4166 4166 2162 950 4167 4167 2163 1154 4168 4168 2164 951 4169 4169 2166 953 4170 4170 2167 1155 4171 4171 2168 954 4172 4172 2170 956 4173 4173 2171 862 4174 4174 2172 863 4175 4175 2174 957 4176 4176 2175 859 4177 4177 2176 860 4178 4178 2178 958 4179 4179 2179 1156 4180 4180 2180 959 4181 4181 2182 961 4182 4182 2183 1151 4183 4183 2184 962 4184 4184 2186 964 4185 4185 2187 873 4186 4186 2188 874 4187 4187 2190 965 4188 4188 2191 870 4189 4189 2192 871 4190 4190 2193 0 4191 4191 2194 0 4192 4192 2195 0 4193 4193 2198 0 4194 4194 2199 0 4195 4195 2200 0 4196 4196 2202 0 4197 4197 2203 0 4198 4198 2204 0 4199 4199 2205 0 4200 4200 2206 0 4201 4201 2207 0 4202 4202 2209 0 4203 4203 2210 0 4204 4204 2211 0 4205 4205 2214 0 4206 4206 2215 0 4207 4207 2216 0 4208 4208 2218 0 4209 4209 2219 0 4210 4210 2220 0 4211 4211 2221 0 4212 4212 2222 0 4213 4213 2223 0 4214 4214 2226 966 4215 4215 2227 891 4216 4216 2228 892 4217 4217 2230 967 4218 4218 2231 297 4219 4219 2232 295 4220 4220 2234 969 4221 4221 2235 1157 4222 4222 2236 970 4223 4223 2238 972 4224 4224 2239 1158 4225 4225 2240 973 4226 4226 2242 303 4227 4227 2243 1159 4228 4228 2244 975 4229 4229 2246 977 4230 4230 2247 876 4231 4231 2248 877 4232 4232 2250 978 4233 4233 2251 1160 4234 4234 2252 979 4235 4235 2254 981 4236 4236 2255 1161 4237 4237 2256 982 4238 4238</p>
        </triangles>
      </mesh>
    </geometry>
    <geometry id="board_c_004-mesh" name="board_c.004">
      <mesh>
        <source id="board_c_004-mesh-positions">
          <float_array id="board_c_004-mesh-positions-array" count="120">10 1 2 10 1 -5 8 1 2 8 1 -7 -9 1 2 -9 1 -7 10 1 5 10 1 2 8 1 5 8 1 2 -6 1 5 -9 1 2 -8 9 -6 -8 9 2 -8 23 -3 -8 23 -6 8 9 2 8 9 -6 8 23 -6 8 23 -3 -8 9 2 8 9 2 8 23 -3 -8 23 -3 -8 2 -6 -8 2 2 -8 9 2 -8 9 -6 8 2 2 8 2 -6 8 9 -6 8 9 2 -8 23 -3 8 23 -3 8 23 -6 -8 23 -6 -8 2 2 8 2 2 8 9 2 -8 9 2</float_array>
          <technique_common>
            <accessor source="#board_c_004-mesh-positions-array" count="40" stride="3">
              <param name="X" type="float"/>
              <param name="Y" type="float"/>
              <param name="Z" type="float"/>
            </accessor>
          </technique_common>
        </source>
        <source id="board_c_004-mesh-normals">
          <float_array id="board_c_004-mesh-normals-array" count="18">0 1 0 -1 0 0 1 0 0 0 0.3363364 0.941742 0 0.3363364 0.941742 0 0 1</float_array>
          <technique_common>
            <accessor source="#board_c_004-mesh-normals-array" count="6" stride="3">
              <param name="X" type="float"/>
              <param name="Y" type="float"/>
              <param name="Z" type="float"/>
            </accessor>
          </technique_common>
        </source>
        <source id="board_c_004-mesh-map">
          <float_array id="board_c_004-mesh-map-array" count="132">0.5 1 0.125 0.125 0.125 1 0.5 0.125 0.125 0 0.125 0.125 0.125 1 0 0.125 0 1 0.125 0.125 0 0 0 0.125 0.78125 0.03125 0.96875 0.21875 0.78125 0.21875 0.96875 0.03125 0.78125 0.21875 0.78125 0.03125 0.96875 0.53125 0.53125 0.96875 0.53125 0.53125 0.96875 0.03125 0.78125 0.21875 0.78125 0.03125 0.96875 0.03125 0.78125 0.21875 0.78125 0.03125 0.53125 0.28125 0.71875 0.46875 0.53125 0.46875 0.96875 0.28125 0.78125 0.46875 0.78125 0.28125 0.5 1 0.5 0.125 0.125 0.125 0.5 0.125 0.5 0 0.125 0 0.125 1 0.125 0.125 0 0.125 0.125 0.125 0.125 0 0 0 0.78125 0.03125 0.96875 0.03125 0.96875 0.21875 0.96875 0.03125 0.96875 0.21875 0.78125 0.21875 0.96875 0.53125 0.96875 0.96875 0.53125 0.96875 0.96875 0.03125 0.96875 0.21875 0.78125 0.21875 0.96875 0.03125 0.96875 0.21875 0.78125 0.21875 0.53125 0.28125 0.71875 0.28125 0.71875 0.46875 0.96875 0.28125 0.96875 0.46875 0.78125 0.46875</float_array>
          <technique_common>
            <accessor source="#board_c_004-mesh-map-array" count="66" stride="2">
              <param name="S" type="float"/>
              <param name="T" type="float"/>
            </accessor>
          </technique_common>
        </source>
        <source id="board_c_004-mesh-colors-colors" name="colors">
          <float_array id="board_c_004-mesh-colors-colors-array" count="264">1 1 1 1 1 1 1 1 1 1 1 1 1 1 1 1 1 1 1 1 1 1 1 1 1 1 1 1 1 1 1 1 1 1 1 1 1 1 1 1 1 1 1 1 1 1 1 1 1 1 1 1 1 1 1 1 1 1 1 1 1 1 1 1 1 1 1 1 1 1 1 1 1 1 1 1 1 1 1 1 1 1 1 1 1 1 1 1 1 1 1 1 1 1 1 1 1 1 1 1 1 1 1 1 1 1 1 1 1 1 1 1 1 1 1 1 1 1 1 1 1 1 1 1 1 1 1 1 1 1 1 1 1 1 1 1 1 1 1 1 1 1 1 1 1 1 1 1 1 1 1 1 1 1 1 1 1 1 1 1 1 1 1 1 1 1 1 1 1 1 1 1 1 1 1 1 1 1 1 1 1 1 1 1 1 1 1 1 1 1 1 1 1 1 1 1 1 1 1 1 1 1 1 1 1 1 1 1 1 1 1 1 1 1 1 1 1 1 1 1 1 1 1 1 1 1 1 1 1 1 1 1 1 1 1 1 1 1 1 1 1 1 1 1 1 1 1 1 1 1 1 1 1 1 1 1 1 1 1 1 1 1 1 1</float_array>
          <technique_common>
            <accessor source="#board_c_004-mesh-colors-colors-array" count="66" stride="4">
              <param name="R" type="float"/>
              <param name="G" type="float"/>
              <param name="B" type="float"/>
              <param name="A" type="float"/>
            </accessor>
          </technique_common>
        </source>
        <vertices id="board_c_004-mesh-vertices">
          <input semantic="POSITION" source="#board_c_004-mesh-positions"/>
        </vertices>
        <triangles material="h_kage_125-material" count="8">
          <input semantic="VERTEX" source="#board_c_004-mesh-vertices" offset="0"/>
          <input semantic="NORMAL" source="#board_c_004-mesh-normals" offset="1"/>
          <input semantic="TEXCOORD" source="#board_c_004-mesh-map" offset="2" set="0"/>
          <input semantic="COLOR" source="#board_c_004-mesh-colors-colors" offset="3" set="0"/>
          <p>1 0 0 0 2 0 1 1 0 0 2 2 3 0 3 3 4 0 4 4 2 0 5 5 7 0 6 6 8 0 7 7 6 0 8 8 9 0 9 9 10 0 10 10 8 0 11 11 1 0 33 33 3 0 34 34 2 0 35 35 3 0 36 36 5 0 37 37 4 0 38 38 7 0 39 39 9 0 40 40 8 0 41 41 9 0 42 42 11 0 43 43 10 0 44 44</p>
        </triangles>
        <triangles material="board_c_040-material" count="14">
          <input semantic="VERTEX" source="#board_c_004-mesh-vertices" offset="0"/>
          <input semantic="NORMAL" source="#board_c_004-mesh-normals" offset="1"/>
          <input semantic="TEXCOORD" source="#board_c_004-mesh-map" offset="2" set="0"/>
          <input semantic="COLOR" source="#board_c_004-mesh-colors-colors" offset="3" set="0"/>
          <p>12 1 12 12 14 1 13 13 15 1 14 14 17 2 15 15 19 2 16 16 16 2 17 17 21 3 18 18 23 3 19 19 20 4 20 20 25 1 21 21 27 1 22 22 24 1 23 23 29 2 24 24 31 2 25 25 28 2 26 26 33 0 27 27 35 0 28 28 32 0 29 29 37 5 30 30 39 5 31 31 36 5 32 32 12 1 45 45 13 1 46 46 14 1 47 47 17 2 48 48 18 2 49 49 19 2 50 50 21 3 51 51 22 4 52 52 23 3 53 53 25 1 54 54 26 1 55 55 27 1 56 56 29 2 57 57 30 2 58 58 31 2 59 59 33 0 60 60 34 0 61 61 35 0 62 62 37 5 63 63 38 5 64 64 39 5 65 65</p>
        </triangles>
      </mesh>
    </geometry>
  </library_geometries>
  <library_visual_scenes>
    <visual_scene id="Scene" name="Scene">
      <node id="sinto_h01" name="sinto_h01" type="NODE">
        <matrix sid="transform">1 0 0 80 0 7.54979e-8 -1 -127.3945 0 1 7.54979e-8 0 0 0 0 1</matrix>
        <instance_geometry url="#sinto_h01-mesh" name="sinto_h01">
          <bind_material>
            <technique_common>
              <instance_material symbol="h_mado_lm1_009-material" target="#h_mado_lm1_009-material"/>
              <instance_material symbol="h_kage_lm1_025-material" target="#h_kage_lm1_025-material"/>
              <instance_material symbol="colum__h02_lm1-material" target="#colum__h02_lm1-material"/>
              <instance_material symbol="shin_yuki2_lm1-material" target="#shin_yuki2_lm1-material"/>
              <instance_material symbol="colum__h02_lm2-material" target="#colum__h02_lm2-material"/>
            </technique_common>
          </bind_material>
        </instance_geometry>
      </node>
      <node id="sinto_door1" name="sinto_door1" type="NODE">
        <matrix sid="transform">1 0 0 81.08691 0 7.54979e-8 -1 -147.1924 0 1 7.54979e-8 0 0 0 0 1</matrix>
        <instance_geometry url="#sinto_door1-mesh" name="sinto_door1">
          <bind_material>
            <technique_common>
              <instance_material symbol="colum__door_lm1-material" target="#colum__door_lm1-material"/>
            </technique_common>
          </bind_material>
        </instance_geometry>
      </node>
      <node id="m_dun5101_00_00c" name="m_dun5101_00_00c" type="NODE">
        <matrix sid="transform">1 0 0 0 0 7.54979e-8 -1 0 0 1 7.54979e-8 0 0 0 0 1</matrix>
        <instance_geometry url="#m_dun5101_00_00c-mesh" name="m_dun5101_00_00c">
          <bind_material>
            <technique_common>
              <instance_material symbol="ishi1-material" target="#ishi1-material"/>
              <instance_material symbol="ishi3-material" target="#ishi3-material"/>
              <instance_material symbol="yuki2-material" target="#yuki2-material"/>
              <instance_material symbol="h_kage_lm5_007-material" target="#h_kage_lm5_007-material"/>
              <instance_material symbol="pasted__mkgr_r04-material" target="#pasted__mkgr_r04-material"/>
              <instance_material symbol="lambert2-material" target="#lambert2-material"/>
              <instance_material symbol="pasted__mkgr_r06-material" target="#pasted__mkgr_r06-material"/>
              <instance_material symbol="kage1-material" target="#kage1-material"/>
              <instance_material symbol="yuki7-material" target="#yuki7-material"/>
              <instance_material symbol="colum_b-material" target="#colum_b-material"/>
              <instance_material symbol="h01-material" target="#h01-material"/>
              <instance_material symbol="lambert7-material" target="#lambert7-material"/>
              <instance_material symbol="yuki1-material" target="#yuki1-material"/>
              <instance_material symbol="lambert3-material" target="#lambert3-material"/>
              <instance_material symbol="colum_a-material" target="#colum_a-material"/>
            </technique_common>
          </bind_material>
        </instance_geometry>
      </node>
      <node id="board_c" name="board_c" type="NODE">
        <matrix sid="transform">1 0 0 -56.95313 0 7.54979e-8 -1 102.75 0 1 7.54979e-8 0 0 0 0 1</matrix>
        <instance_geometry url="#board_c_004-mesh" name="board_c">
          <bind_material>
            <technique_common>
              <instance_material symbol="h_kage_125-material" target="#h_kage_125-material"/>
              <instance_material symbol="board_c_040-material" target="#board_c_040-material"/>
            </technique_common>
          </bind_material>
        </instance_geometry>
      </node>
    </visual_scene>
  </library_visual_scenes>
  <scene>
    <instance_visual_scene url="#Scene"/>
  </scene>
</COLLADA>