<?xml version="1.0" encoding="UTF-8" standalone="no" ?>
<COLLADA xmlns="http://www.collada.org/2005/11/COLLADASchema" version="1.4.1">
  <asset>
    <contributor>
      <author>Assimp</author>
      <authoring_tool>RAE NDS GLB composer</authoring_tool>
    </contributor>
    <created>2026-08-01T17:25:51</created>
    <modified>2026-08-01T17:25:51</modified>
    <unit name="meter" meter="1" />
    <up_axis>Y_UP</up_axis>
  </asset>
  <library_images>
    <image id="lambert17-diffuse-image">
      <init_from>Celestial%20Tower%20Area%201_texture_0001.png</init_from>
    </image>
    <image id="lambert18-diffuse-image">
      <init_from>Celestial%20Tower%20Area%201_texture_0002.png</init_from>
    </image>
    <image id="lambert21-diffuse-image">
      <init_from>Celestial%20Tower%20Area%201_texture_0003.png</init_from>
    </image>
    <image id="h_kage-diffuse-image">
      <init_from>Celestial%20Tower%20Area%201_texture_0004.png</init_from>
    </image>
    <image id="lambert19-diffuse-image">
      <init_from>Celestial%20Tower%20Area%201_texture_0005.png</init_from>
    </image>
    <image id="lambert16-diffuse-image">
      <init_from>Celestial%20Tower%20Area%201_texture_0006.png</init_from>
    </image>
    <image id="d17_yuka_a-diffuse-image">
      <init_from>Celestial%20Tower%20Area%201_texture_0007.png</init_from>
    </image>
    <image id="lambert20-diffuse-image">
      <init_from>Celestial%20Tower%20Area%201_texture_0008.png</init_from>
    </image>
    <image id="d17_wall_a-diffuse-image">
      <init_from>Celestial%20Tower%20Area%201_texture_0009.png</init_from>
    </image>
    <image id="d17_slop_a-diffuse-image">
      <init_from>Celestial%20Tower%20Area%201_texture_00010.png</init_from>
    </image>
    <image id="tomb02_tomb02-diffuse-image">
      <init_from>Celestial%20Tower%20Area%201_texture_0011.png</init_from>
    </image>
  </library_images>
  <library_effects>
    <effect id="lambert17-fx" name="lambert17">
      <profile_COMMON>
        <newparam sid="lambert17-diffuse-surface">
          <surface type="2D">
            <init_from>lambert17-diffuse-image</init_from>
          </surface>
        </newparam>
        <newparam sid="lambert17-diffuse-sampler">
          <sampler2D>
            <source>lambert17-diffuse-surface</source>
          </sampler2D>
        </newparam>
        <technique sid="standard">
          <constant>
            <emission>
              <color sid="emission">0   0   0   1</color>
            </emission>
            <diffuse>
              <texture texture="lambert17-diffuse-sampler" texcoord="CHANNEL0" />
            </diffuse>
            <shininess>
              <float sid="shininess">0</float>
            </shininess>
            <transparency>
              <float sid="transparency">1</float>
            </transparency>
          </constant>
        </technique>
      </profile_COMMON>
    </effect>
    <effect id="lambert18-fx" name="lambert18">
      <profile_COMMON>
        <newparam sid="lambert18-diffuse-surface">
          <surface type="2D">
            <init_from>lambert18-diffuse-image</init_from>
          </surface>
        </newparam>
        <newparam sid="lambert18-diffuse-sampler">
          <sampler2D>
            <source>lambert18-diffuse-surface</source>
          </sampler2D>
        </newparam>
        <technique sid="standard">
          <constant>
            <emission>
              <color sid="emission">0   0   0   1</color>
            </emission>
            <diffuse>
              <texture texture="lambert18-diffuse-sampler" texcoord="CHANNEL0" />
            </diffuse>
            <shininess>
              <float sid="shininess">0</float>
            </shininess>
            <transparency>
              <float sid="transparency">1</float>
            </transparency>
          </constant>
        </technique>
      </profile_COMMON>
    </effect>
    <effect id="lambert21-fx" name="lambert21">
      <profile_COMMON>
        <newparam sid="lambert21-diffuse-surface">
          <surface type="2D">
            <init_from>lambert21-diffuse-image</init_from>
          </surface>
        </newparam>
        <newparam sid="lambert21-diffuse-sampler">
          <sampler2D>
            <source>lambert21-diffuse-surface</source>
          </sampler2D>
        </newparam>
        <technique sid="standard">
          <constant>
            <emission>
              <color sid="emission">0   0   0   1</color>
            </emission>
            <diffuse>
              <texture texture="lambert21-diffuse-sampler" texcoord="CHANNEL0" />
            </diffuse>
            <shininess>
              <float sid="shininess">0</float>
            </shininess>
            <transparency>
              <float sid="transparency">1</float>
            </transparency>
          </constant>
        </technique>
      </profile_COMMON>
    </effect>
    <effect id="h_kage-fx" name="h_kage">
      <profile_COMMON>
        <newparam sid="h_kage-diffuse-surface">
          <surface type="2D">
            <init_from>h_kage-diffuse-image</init_from>
          </surface>
        </newparam>
        <newparam sid="h_kage-diffuse-sampler">
          <sampler2D>
            <source>h_kage-diffuse-surface</source>
          </sampler2D>
        </newparam>
        <technique sid="standard">
          <constant>
            <emission>
              <color sid="emission">0   0   0   1</color>
            </emission>
            <diffuse>
              <texture texture="h_kage-diffuse-sampler" texcoord="CHANNEL0" />
            </diffuse>
            <shininess>
              <float sid="shininess">0</float>
            </shininess>
            <transparency>
              <float sid="transparency">0.290322572</float>
            </transparency>
          </constant>
        </technique>
      </profile_COMMON>
    </effect>
    <effect id="lambert19-fx" name="lambert19">
      <profile_COMMON>
        <newparam sid="lambert19-diffuse-surface">
          <surface type="2D">
            <init_from>lambert19-diffuse-image</init_from>
          </surface>
        </newparam>
        <newparam sid="lambert19-diffuse-sampler">
          <sampler2D>
            <source>lambert19-diffuse-surface</source>
          </sampler2D>
        </newparam>
        <technique sid="standard">
          <constant>
            <emission>
              <color sid="emission">0   0   0   1</color>
            </emission>
            <diffuse>
              <texture texture="lambert19-diffuse-sampler" texcoord="CHANNEL0" />
            </diffuse>
            <shininess>
              <float sid="shininess">0</float>
            </shininess>
            <transparency>
              <float sid="transparency">1</float>
            </transparency>
          </constant>
        </technique>
      </profile_COMMON>
    </effect>
    <effect id="lambert16-fx" name="lambert16">
      <profile_COMMON>
        <newparam sid="lambert16-diffuse-surface">
          <surface type="2D">
            <init_from>lambert16-diffuse-image</init_from>
          </surface>
        </newparam>
        <newparam sid="lambert16-diffuse-sampler">
          <sampler2D>
            <source>lambert16-diffuse-surface</source>
          </sampler2D>
        </newparam>
        <technique sid="standard">
          <constant>
            <emission>
              <color sid="emission">0   0   0   1</color>
            </emission>
            <diffuse>
              <texture texture="lambert16-diffuse-sampler" texcoord="CHANNEL0" />
            </diffuse>
            <shininess>
              <float sid="shininess">0</float>
            </shininess>
            <transparency>
              <float sid="transparency">1</float>
            </transparency>
          </constant>
        </technique>
      </profile_COMMON>
    </effect>
    <effect id="d17_yuka_a-fx" name="d17_yuka_a">
      <profile_COMMON>
        <newparam sid="d17_yuka_a-diffuse-surface">
          <surface type="2D">
            <init_from>d17_yuka_a-diffuse-image</init_from>
          </surface>
        </newparam>
        <newparam sid="d17_yuka_a-diffuse-sampler">
          <sampler2D>
            <source>d17_yuka_a-diffuse-surface</source>
          </sampler2D>
        </newparam>
        <technique sid="standard">
          <constant>
            <emission>
              <color sid="emission">0   0   0   1</color>
            </emission>
            <diffuse>
              <texture texture="d17_yuka_a-diffuse-sampler" texcoord="CHANNEL0" />
            </diffuse>
            <shininess>
              <float sid="shininess">0</float>
            </shininess>
            <transparency>
              <float sid="transparency">1</float>
            </transparency>
          </constant>
        </technique>
      </profile_COMMON>
    </effect>
    <effect id="lambert20-fx" name="lambert20">
      <profile_COMMON>
        <newparam sid="lambert20-diffuse-surface">
          <surface type="2D">
            <init_from>lambert20-diffuse-image</init_from>
          </surface>
        </newparam>
        <newparam sid="lambert20-diffuse-sampler">
          <sampler2D>
            <source>lambert20-diffuse-surface</source>
          </sampler2D>
        </newparam>
        <technique sid="standard">
          <constant>
            <emission>
              <color sid="emission">0   0   0   1</color>
            </emission>
            <diffuse>
              <texture texture="lambert20-diffuse-sampler" texcoord="CHANNEL0" />
            </diffuse>
            <shininess>
              <float sid="shininess">0</float>
            </shininess>
            <transparency>
              <float sid="transparency">1</float>
            </transparency>
          </constant>
        </technique>
      </profile_COMMON>
    </effect>
    <effect id="d17_wall_a-fx" name="d17_wall_a">
      <profile_COMMON>
        <newparam sid="d17_wall_a-diffuse-surface">
          <surface type="2D">
            <init_from>d17_wall_a-diffuse-image</init_from>
          </surface>
        </newparam>
        <newparam sid="d17_wall_a-diffuse-sampler">
          <sampler2D>
            <source>d17_wall_a-diffuse-surface</source>
          </sampler2D>
        </newparam>
        <technique sid="standard">
          <constant>
            <emission>
              <color sid="emission">0   0   0   1</color>
            </emission>
            <diffuse>
              <texture texture="d17_wall_a-diffuse-sampler" texcoord="CHANNEL0" />
            </diffuse>
            <shininess>
              <float sid="shininess">0</float>
            </shininess>
            <transparency>
              <float sid="transparency">1</float>
            </transparency>
          </constant>
        </technique>
      </profile_COMMON>
    </effect>
    <effect id="d17_slop_a-fx" name="d17_slop_a">
      <profile_COMMON>
        <newparam sid="d17_slop_a-diffuse-surface">
          <surface type="2D">
            <init_from>d17_slop_a-diffuse-image</init_from>
          </surface>
        </newparam>
        <newparam sid="d17_slop_a-diffuse-sampler">
          <sampler2D>
            <source>d17_slop_a-diffuse-surface</source>
          </sampler2D>
        </newparam>
        <technique sid="standard">
          <constant>
            <emission>
              <color sid="emission">0   0   0   1</color>
            </emission>
            <diffuse>
              <texture texture="d17_slop_a-diffuse-sampler" texcoord="CHANNEL0" />
            </diffuse>
            <shininess>
              <float sid="shininess">0</float>
            </shininess>
            <transparency>
              <float sid="transparency">1</float>
            </transparency>
          </constant>
        </technique>
      </profile_COMMON>
    </effect>
    <effect id="tomb02_tomb02-fx" name="tomb02_tomb02">
      <profile_COMMON>
        <newparam sid="tomb02_tomb02-diffuse-surface">
          <surface type="2D">
            <init_from>tomb02_tomb02-diffuse-image</init_from>
          </surface>
        </newparam>
        <newparam sid="tomb02_tomb02-diffuse-sampler">
          <sampler2D>
            <source>tomb02_tomb02-diffuse-surface</source>
          </sampler2D>
        </newparam>
        <technique sid="standard">
          <constant>
            <emission>
              <color sid="emission">0   0   0   1</color>
            </emission>
            <diffuse>
              <texture texture="tomb02_tomb02-diffuse-sampler" texcoord="CHANNEL0" />
            </diffuse>
            <shininess>
              <float sid="shininess">0</float>
            </shininess>
            <transparency>
              <float sid="transparency">1</float>
            </transparency>
          </constant>
        </technique>
      </profile_COMMON>
    </effect>
    <effect id="material_11-fx" name="">
      <profile_COMMON>
        <technique sid="standard">
          <phong>
            <emission>
              <color sid="emission">0   0   0   1</color>
            </emission>
            <diffuse>
              <color sid="diffuse">1   1   1   1</color>
            </diffuse>
            <shininess>
              <float sid="shininess">0</float>
            </shininess>
            <transparency>
              <float sid="transparency">1</float>
            </transparency>
          </phong>
        </technique>
      </profile_COMMON>
    </effect>
  </library_effects>
  <library_materials>
    <material id="lambert17" name="lambert17">
      <instance_effect url="#lambert17-fx"/>
    </material>
    <material id="lambert18" name="lambert18">
      <instance_effect url="#lambert18-fx"/>
    </material>
    <material id="lambert21" name="lambert21">
      <instance_effect url="#lambert21-fx"/>
    </material>
    <material id="h_kage" name="h_kage">
      <instance_effect url="#h_kage-fx"/>
    </material>
    <material id="lambert19" name="lambert19">
      <instance_effect url="#lambert19-fx"/>
    </material>
    <material id="lambert16" name="lambert16">
      <instance_effect url="#lambert16-fx"/>
    </material>
    <material id="d17_yuka_a" name="d17_yuka_a">
      <instance_effect url="#d17_yuka_a-fx"/>
    </material>
    <material id="lambert20" name="lambert20">
      <instance_effect url="#lambert20-fx"/>
    </material>
    <material id="d17_wall_a" name="d17_wall_a">
      <instance_effect url="#d17_wall_a-fx"/>
    </material>
    <material id="d17_slop_a" name="d17_slop_a">
      <instance_effect url="#d17_slop_a-fx"/>
    </material>
    <material id="tomb02_tomb02" name="tomb02_tomb02">
      <instance_effect url="#tomb02_tomb02-fx"/>
    </material>
    <material id="material_11" name="">
      <instance_effect url="#material_11-fx"/>
    </material>
  </library_materials>
  <library_geometries>
    <geometry id="m_dun1701_00_00-0" name="m_dun1701_00_00-0" >
      <mesh>
        <source id="m_dun1701_00_00-0-positions" name="m_dun1701_00_00-0-positions">
          <float_array id="m_dun1701_00_00-0-positions-array" count="12"> -8 -1 209.25 24 -1 209.25 24 -1 82.0625 -8 -1 82.0625 </float_array>
          <technique_common>
            <accessor count="4" offset="0" source="#m_dun1701_00_00-0-positions-array" stride="3">
              <param name="X" type="float" />
              <param name="Y" type="float" />
              <param name="Z" type="float" />
            </accessor>
          </technique_common>
        </source>
        <source id="m_dun1701_00_00-0-tex0" name="m_dun1701_00_00-0-tex0">
          <float_array id="m_dun1701_00_00-0-tex0-array" count="8"> 0 1.0546875 1 1.0546875 1 1.9453125 0 1.9453125 </float_array>
          <technique_common>
            <accessor count="4" offset="0" source="#m_dun1701_00_00-0-tex0-array" stride="2">
              <param name="S" type="float" />
              <param name="T" type="float" />
            </accessor>
          </technique_common>
        </source>
        <source id="m_dun1701_00_00-0-color0" name="m_dun1701_00_00-0-color0">
          <float_array id="m_dun1701_00_00-0-color0-array" count="12"> 1 1 1 1 1 1 1 1 1 1 1 1 </float_array>
          <technique_common>
            <accessor count="4" offset="0" source="#m_dun1701_00_00-0-color0-array" stride="3">
              <param name="R" type="float" />
              <param name="G" type="float" />
              <param name="B" type="float" />
            </accessor>
          </technique_common>
        </source>
        <vertices id="m_dun1701_00_00-0-vertices">
          <input semantic="POSITION" source="#m_dun1701_00_00-0-positions" />
        </vertices>
        <polylist count="2" material="defaultMaterial">
          <input offset="0" semantic="VERTEX" source="#m_dun1701_00_00-0-vertices" />
          <input offset="0" semantic="TEXCOORD" source="#m_dun1701_00_00-0-tex0" set="0" />
          <input offset="0" semantic="COLOR" source="#m_dun1701_00_00-0-color0" set="0" />
          <vcount>3 3 </vcount>
          <p>0 1 2 0 2 3 </p>
        </polylist>
      </mesh>
    </geometry>
    <geometry id="m_dun1701_00_00-1" name="m_dun1701_00_00-1" >
      <mesh>
        <source id="m_dun1701_00_00-1-positions" name="m_dun1701_00_00-1-positions">
          <float_array id="m_dun1701_00_00-1-positions-array" count="120"> 24 -4 190.0625 24 1.265625 190.0625 32 -4 190.0625 32 1.265625 190.0625 -8 -4 190.0625 -16 -4 190.0625 -8 1.265625 190.0625 -16 1.265625 190.0625 24 1.265625 190.0625 -8 1.265625 190.0625 -8 59.625 190.0625 24 59.625 190.0625 24 -4 190.0625 -8 -4 190.0625 -8 1.265625 190.0625 24 1.265625 190.0625 24 59.625 190.0625 -8 59.625 190.0625 -0.765625 68 190.0625 15.40625 68 190.0625 -8 1.265625 190.0625 -16 1.265625 190.0625 -16 64.03125 190.0625 -8 59.625 190.0625 -0.765625 68 190.0625 -8 59.625 190.0625 -16 64.03125 190.0625 -4.203125 76 190.0625 15.40625 68 190.0625 -0.765625 68 190.0625 -4.203125 76 190.0625 18.515625 76 190.0625 32 1.265625 190.0625 24 1.265625 190.0625 24 59.625 190.0625 32 64.03125 190.0625 24 59.625 190.0625 15.40625 68 190.0625 18.515625 76 190.0625 32 64.03125 190.0625 </float_array>
          <technique_common>
            <accessor count="40" offset="0" source="#m_dun1701_00_00-1-positions-array" stride="3">
              <param name="X" type="float" />
              <param name="Y" type="float" />
              <param name="Z" type="float" />
            </accessor>
          </technique_common>
        </source>
        <source id="m_dun1701_00_00-1-tex0" name="m_dun1701_00_00-1-tex0">
          <float_array id="m_dun1701_00_00-1-tex0-array" count="80"> -0.75 -1.5 -0.75 -1.23046875 -0.974609375 -1.5 -0.974609375 -1.23046875 -0.75 -1.5 -0.974609375 -1.5 -0.75 -1.23046875 -0.974609375 -1.23046875 0.369140625 0.369140625 0.630859375 0.369140625 0.630859375 0.630859375 0.369140625 0.630859375 0.41796875 0.418945312 0.58203125 0.418945312 0.58203125 0.581054688 0.41796875 0.581054688 0.369140625 0.369140625 0.630859375 0.369140625 0.630859375 0.630859375 0.369140625 0.630859375 -0.75 -1.23046875 -0.974609375 -1.23046875 -0.974609375 -1.5 -0.75 -1.5 -0.75 -1.5 -0.75 -1.23046875 -0.974609375 -1.23046875 -0.974609375 -1.5 -0.75 -1.5 -0.75 -1.23046875 -0.974609375 -1.23046875 -0.974609375 -1.5 -0.974609375 -1.5 -0.75 -1.5 -0.75 -1.23046875 -0.974609375 -1.23046875 -0.75 -1.5 -0.75 -1.23046875 -0.974609375 -1.23046875 -0.974609375 -1.5 </float_array>
          <technique_common>
            <accessor count="40" offset="0" source="#m_dun1701_00_00-1-tex0-array" stride="2">
              <param name="S" type="float" />
              <param name="T" type="float" />
            </accessor>
          </technique_common>
        </source>
        <source id="m_dun1701_00_00-1-color0" name="m_dun1701_00_00-1-color0">
          <float_array id="m_dun1701_00_00-1-color0-array" count="120"> 1 1 1 1 1 1 1 1 1 1 1 1 1 1 1 1 1 1 1 1 1 1 1 1 1 1 1 1 1 1 1 1 1 1 1 1 1 1 1 1 1 1 1 1 1 1 1 1 1 1 1 1 1 1 1 1 1 1 1 1 1 1 1 1 1 1 1 1 1 1 1 1 1 1 1 1 1 1 1 1 1 1 1 1 1 1 1 1 1 1 1 1 1 1 1 1 1 1 1 1 1 1 1 1 1 1 1 1 1 1 1 1 1 1 1 1 1 1 1 1 </float_array>
          <technique_common>
            <accessor count="40" offset="0" source="#m_dun1701_00_00-1-color0-array" stride="3">
              <param name="R" type="float" />
              <param name="G" type="float" />
              <param name="B" type="float" />
            </accessor>
          </technique_common>
        </source>
        <vertices id="m_dun1701_00_00-1-vertices">
          <input semantic="POSITION" source="#m_dun1701_00_00-1-positions" />
        </vertices>
        <polylist count="20" material="defaultMaterial">
          <input offset="0" semantic="VERTEX" source="#m_dun1701_00_00-1-vertices" />
          <input offset="0" semantic="TEXCOORD" source="#m_dun1701_00_00-1-tex0" set="0" />
          <input offset="0" semantic="COLOR" source="#m_dun1701_00_00-1-color0" set="0" />
          <vcount>3 3 3 3 3 3 3 3 3 3 3 3 3 3 3 3 3 3 3 3 </vcount>
          <p>0 1 2 1 3 2 4 5 6 5 7 6 8 9 10 8 10 11 12 13 14 12 14 15 16 17 18 16 18 19 20 21 22 20 22 23 24 25 26 24 26 27 28 29 30 28 30 31 32 33 34 32 34 35 36 37 38 36 38 39 </p>
        </polylist>
      </mesh>
    </geometry>
    <geometry id="m_dun1701_00_00-2" name="m_dun1701_00_00-2" >
      <mesh>
        <source id="m_dun1701_00_00-2-positions" name="m_dun1701_00_00-2-positions">
          <float_array id="m_dun1701_00_00-2-positions-array" count="90"> -94.4375 -0.59375 -31.40625 -155.625 -0.59375 -54.921875 -161.09375 -0.59375 -38.25 -97.859375 -0.59375 -20.96875 -164.875 -0.59375 -21.109375 -100.21875 -0.59375 -10.234375 -166.921875 -0.59375 -3.6875 -101.5 -0.59375 0.671875 -167.21875 -0.59375 13.859375 -101.6875 -0.59375 11.65625 -165.75 -0.59375 31.34375 -100.765625 -0.59375 22.609375 -162.546875 -0.59375 48.59375 -98.765625 -0.59375 33.40625 -157.640625 -0.59375 65.4375 -95.6875 -0.59375 43.953125 -151.0625 -0.59375 81.71875 -91.578125 -0.59375 54.140625 -142.890625 -0.59375 97.25 -86.46875 -0.59375 63.859375 -133.21875 -0.59375 111.890625 -80.40625 -0.59375 73.015625 -122.125 -0.59375 125.484375 -73.46875 -0.59375 81.53125 -109.734375 -0.59375 137.90625 -65.703125 -0.59375 89.3125 -96.15625 -0.59375 149.015625 -57.203125 -0.59375 96.265625 -81.53125 -0.59375 158.71875 -48.0625 -0.59375 102.34375 </float_array>
          <technique_common>
            <accessor count="30" offset="0" source="#m_dun1701_00_00-2-positions-array" stride="3">
              <param name="X" type="float" />
              <param name="Y" type="float" />
              <param name="Z" type="float" />
            </accessor>
          </technique_common>
        </source>
        <source id="m_dun1701_00_00-2-tex0" name="m_dun1701_00_00-2-tex0">
          <float_array id="m_dun1701_00_00-2-tex0-array" count="60"> 1 0.98828125 0.05078125 0.984375 0.05078125 0.8984375 1 0.8984375 0.05078125 0.81640625 1 0.81640625 0.05078125 0.73046875 1 0.73046875 0.05078125 0.65234375 1 0.65234375 0.05078125 0.578125 1 0.578125 0.05078125 0.5 1 0.5 0.05078125 0.421875 1 0.421875 0.05078125 0.3515625 1 0.3515625 0.05078125 0.29296875 1 0.29296875 0.05078125 0.234375 1 0.234375 0.05078125 0.15625 1 0.15625 0.05078125 0.109375 1 0.109375 0.05078125 0.05078125 1 0.05078125 0.05078125 0.015625 1 0.015625 </float_array>
          <technique_common>
            <accessor count="30" offset="0" source="#m_dun1701_00_00-2-tex0-array" stride="2">
              <param name="S" type="float" />
              <param name="T" type="float" />
            </accessor>
          </technique_common>
        </source>
        <source id="m_dun1701_00_00-2-color0" name="m_dun1701_00_00-2-color0">
          <float_array id="m_dun1701_00_00-2-color0-array" count="90"> 1 1 1 1 1 1 1 1 1 1 1 1 1 1 1 1 1 1 1 1 1 1 1 1 1 1 1 1 1 1 1 1 1 1 1 1 1 1 1 1 1 1 1 1 1 1 1 1 1 1 1 1 1 1 1 1 1 1 1 1 1 1 1 1 1 1 1 1 1 1 1 1 1 1 1 1 1 1 1 1 1 1 1 1 1 1 1 1 1 1 </float_array>
          <technique_common>
            <accessor count="30" offset="0" source="#m_dun1701_00_00-2-color0-array" stride="3">
              <param name="R" type="float" />
              <param name="G" type="float" />
              <param name="B" type="float" />
            </accessor>
          </technique_common>
        </source>
        <vertices id="m_dun1701_00_00-2-vertices">
          <input semantic="POSITION" source="#m_dun1701_00_00-2-positions" />
        </vertices>
        <polylist count="28" material="defaultMaterial">
          <input offset="0" semantic="VERTEX" source="#m_dun1701_00_00-2-vertices" />
          <input offset="0" semantic="TEXCOORD" source="#m_dun1701_00_00-2-tex0" set="0" />
          <input offset="0" semantic="COLOR" source="#m_dun1701_00_00-2-color0" set="0" />
          <vcount>3 3 3 3 3 3 3 3 3 3 3 3 3 3 3 3 3 3 3 3 3 3 3 3 3 3 3 3 </vcount>
          <p>0 1 2 0 2 3 3 2 4 3 4 5 5 4 6 5 6 7 7 6 8 7 8 9 9 8 10 9 10 11 11 10 12 11 12 13 13 12 14 13 14 15 15 14 16 15 16 17 17 16 18 17 18 19 19 18 20 19 20 21 21 20 22 21 22 23 23 22 24 23 24 25 25 24 26 25 26 27 27 26 28 27 28 29 </p>
        </polylist>
      </mesh>
    </geometry>
    <geometry id="m_dun1701_00_00-3" name="m_dun1701_00_00-3" >
      <mesh>
        <source id="m_dun1701_00_00-3-positions" name="m_dun1701_00_00-3-positions">
          <float_array id="m_dun1701_00_00-3-positions-array" count="288"> -16.609375 1 94.796875 -16.609375 1 71.546875 -19.96875 1 67.109375 -19.96875 1 94.796875 -77.03125 1 67.109375 -77.03125 1 94.796875 -16.609375 1 97.953125 -16.609375 1 94.796875 -19.96875 1 94.796875 -19.96875 1 97.953125 -77.03125 1 94.796875 -73.78125 1 97.953125 -16.609375 1 46.796875 -16.609375 1 23.546875 -19.96875 1 19.109375 -19.96875 1 46.796875 -77.03125 1 19.109375 -77.03125 1 46.796875 -16.609375 1 49.953125 -16.609375 1 46.796875 -19.96875 1 46.796875 -19.96875 1 49.953125 -77.03125 1 46.796875 -73.78125 1 49.953125 -16.609375 1 -1.203125 -16.609375 1 -24.453125 -19.96875 1 -28.890625 -19.96875 1 -1.203125 -77.03125 1 -28.890625 -77.03125 1 -1.203125 -16.609375 1 1.953125 -16.609375 1 -1.203125 -19.96875 1 -1.203125 -19.96875 1 1.953125 -77.03125 1 -1.203125 -73.78125 1 1.953125 -16.609375 1 -49.203125 -16.609375 1 -72.453125 -19.96875 1 -76.890625 -19.96875 1 -49.203125 -77.03125 1 -76.890625 -77.03125 1 -49.203125 -16.609375 1 -46.046875 -16.609375 1 -49.203125 -19.96875 1 -49.203125 -19.96875 1 -46.046875 -77.03125 1 -49.203125 -73.78125 1 -46.046875 95.390625 1 -49.203125 95.390625 1 -72.453125 92.03125 1 -76.890625 92.03125 1 -49.203125 34.96875 1 -76.890625 34.96875 1 -49.203125 95.390625 1 -46.046875 95.390625 1 -49.203125 92.03125 1 -49.203125 92.03125 1 -46.046875 34.96875 1 -49.203125 38.21875 1 -46.046875 95.390625 1 -1.203125 95.390625 1 -24.453125 92.03125 1 -28.890625 92.03125 1 -1.203125 34.96875 1 -28.890625 34.96875 1 -1.203125 95.390625 1 1.953125 95.390625 1 -1.203125 92.03125 1 -1.203125 92.03125 1 1.953125 34.96875 1 -1.203125 38.21875 1 1.953125 95.390625 1 46.796875 95.390625 1 23.546875 92.03125 1 19.109375 92.03125 1 46.796875 34.96875 1 19.109375 34.96875 1 46.796875 95.390625 1 49.953125 95.390625 1 46.796875 92.03125 1 46.796875 92.03125 1 49.953125 34.96875 1 46.796875 38.21875 1 49.953125 95.390625 1 94.796875 95.390625 1 71.546875 92.03125 1 67.109375 92.03125 1 94.796875 34.96875 1 67.109375 34.96875 1 94.796875 95.390625 1 97.953125 95.390625 1 94.796875 92.03125 1 94.796875 92.03125 1 97.953125 34.96875 1 94.796875 38.21875 1 97.953125 </float_array>
          <technique_common>
            <accessor count="96" offset="0" source="#m_dun1701_00_00-3-positions-array" stride="3">
              <param name="X" type="float" />
              <param name="Y" type="float" />
              <param name="Z" type="float" />
            </accessor>
          </technique_common>
        </source>
        <source id="m_dun1701_00_00-3-tex0" name="m_dun1701_00_00-3-tex0">
          <float_array id="m_dun1701_00_00-3-tex0-array" count="192"> 1 1.5 1 2 0.5 2 0.5 1.5 0 2 0 1.5 1 1 1 1.5 0.5 1.5 0.5 1 0 1.5 0 1 1 1.5 1 2 0.5 2 0.5 1.5 0 2 0 1.5 1 1 1 1.5 0.5 1.5 0.5 1 0 1.5 0 1 1 1.5 1 2 0.5 2 0.5 1.5 0 2 0 1.5 1 1 1 1.5 0.5 1.5 0.5 1 0 1.5 0 1 1 1.5 1 2 0.5 2 0.5 1.5 0 2 0 1.5 1 1 1 1.5 0.5 1.5 0.5 1 0 1.5 0 1 1 1.5 1 2 0.5 2 0.5 1.5 0 2 0 1.5 1 1 1 1.5 0.5 1.5 0.5 1 0 1.5 0 1 1 1.5 1 2 0.5 2 0.5 1.5 0 2 0 1.5 1 1 1 1.5 0.5 1.5 0.5 1 0 1.5 0 1 1 1.5 1 2 0.5 2 0.5 1.5 0 2 0 1.5 1 1 1 1.5 0.5 1.5 0.5 1 0 1.5 0 1 1 1.5 1 2 0.5 2 0.5 1.5 0 2 0 1.5 1 1 1 1.5 0.5 1.5 0.5 1 0 1.5 0 1 </float_array>
          <technique_common>
            <accessor count="96" offset="0" source="#m_dun1701_00_00-3-tex0-array" stride="2">
              <param name="S" type="float" />
              <param name="T" type="float" />
            </accessor>
          </technique_common>
        </source>
        <source id="m_dun1701_00_00-3-color0" name="m_dun1701_00_00-3-color0">
          <float_array id="m_dun1701_00_00-3-color0-array" count="288"> 1 1 1 1 1 1 1 1 1 1 1 1 1 1 1 1 1 1 1 1 1 1 1 1 1 1 1 1 1 1 1 1 1 1 1 1 1 1 1 1 1 1 1 1 1 1 1 1 1 1 1 1 1 1 1 1 1 1 1 1 1 1 1 1 1 1 1 1 1 1 1 1 1 1 1 1 1 1 1 1 1 1 1 1 1 1 1 1 1 1 1 1 1 1 1 1 1 1 1 1 1 1 1 1 1 1 1 1 1 1 1 1 1 1 1 1 1 1 1 1 1 1 1 1 1 1 1 1 1 1 1 1 1 1 1 1 1 1 1 1 1 1 1 1 1 1 1 1 1 1 1 1 1 1 1 1 1 1 1 1 1 1 1 1 1 1 1 1 1 1 1 1 1 1 1 1 1 1 1 1 1 1 1 1 1 1 1 1 1 1 1 1 1 1 1 1 1 1 1 1 1 1 1 1 1 1 1 1 1 1 1 1 1 1 1 1 1 1 1 1 1 1 1 1 1 1 1 1 1 1 1 1 1 1 1 1 1 1 1 1 1 1 1 1 1 1 1 1 1 1 1 1 1 1 1 1 1 1 1 1 1 1 1 1 1 1 1 1 1 1 1 1 1 1 1 1 1 1 1 1 1 1 1 1 1 1 1 1 </float_array>
          <technique_common>
            <accessor count="96" offset="0" source="#m_dun1701_00_00-3-color0-array" stride="3">
              <param name="R" type="float" />
              <param name="G" type="float" />
              <param name="B" type="float" />
            </accessor>
          </technique_common>
        </source>
        <vertices id="m_dun1701_00_00-3-vertices">
          <input semantic="POSITION" source="#m_dun1701_00_00-3-positions" />
        </vertices>
        <polylist count="64" material="defaultMaterial">
          <input offset="0" semantic="VERTEX" source="#m_dun1701_00_00-3-vertices" />
          <input offset="0" semantic="TEXCOORD" source="#m_dun1701_00_00-3-tex0" set="0" />
          <input offset="0" semantic="COLOR" source="#m_dun1701_00_00-3-color0" set="0" />
          <vcount>3 3 3 3 3 3 3 3 3 3 3 3 3 3 3 3 3 3 3 3 3 3 3 3 3 3 3 3 3 3 3 3 3 3 3 3 3 3 3 3 3 3 3 3 3 3 3 3 3 3 3 3 3 3 3 3 3 3 3 3 3 3 3 3 </vcount>
          <p>0 1 2 0 2 3 3 2 4 3 4 5 6 7 8 6 8 9 9 8 10 9 10 11 12 13 14 12 14 15 15 14 16 15 16 17 18 19 20 18 20 21 21 20 22 21 22 23 24 25 26 24 26 27 27 26 28 27 28 29 30 31 32 30 32 33 33 32 34 33 34 35 36 37 38 36 38 39 39 38 40 39 40 41 42 43 44 42 44 45 45 44 46 45 46 47 48 49 50 48 50 51 51 50 52 51 52 53 54 55 56 54 56 57 57 56 58 57 58 59 60 61 62 60 62 63 63 62 64 63 64 65 66 67 68 66 68 69 69 68 70 69 70 71 72 73 74 72 74 75 75 74 76 75 76 77 78 79 80 78 80 81 81 80 82 81 82 83 84 85 86 84 86 87 87 86 88 87 88 89 90 91 92 90 92 93 93 92 94 93 94 95 </p>
        </polylist>
      </mesh>
    </geometry>
    <geometry id="m_dun1701_00_00-4" name="m_dun1701_00_00-4" >
      <mesh>
        <source id="m_dun1701_00_00-4-positions" name="m_dun1701_00_00-4-positions">
          <float_array id="m_dun1701_00_00-4-positions-array" count="390"> 117.46875 350.421875 0.21875 182.875 350.421875 -4.40625 180.75 341.984375 -21.828125 116.140625 341.984375 -10.6875 176.90625 333.5625 -38.9375 113.734375 333.5625 -21.390625 113.734375 333.5625 -21.390625 176.90625 333.5625 -38.9375 171.375 325.140625 -55.59375 110.265625 325.140625 -31.828125 164.1875 316.703125 -71.609375 105.765625 316.703125 -41.84375 105.765625 316.703125 -41.84375 164.1875 316.703125 -71.609375 155.453125 308.28125 -86.828125 100.296875 308.28125 -51.375 145.234375 299.84375 -101.09375 93.90625 299.84375 -60.296875 93.90625 299.84375 -60.296875 145.234375 299.84375 -101.09375 133.640625 291.421875 -114.265625 86.640625 291.421875 -68.546875 120.796875 283 -126.203125 78.609375 283 -76.03125 78.609375 283 -76.03125 120.796875 283 -126.203125 106.8125 274.5625 -136.8125 69.84375 274.5625 -82.65625 91.84375 266.140625 -145.96875 60.484375 266.140625 -88.390625 60.484375 266.140625 -88.390625 91.84375 266.140625 -145.96875 76.03125 257.703125 -153.578125 50.578125 257.703125 -93.15625 59.53125 249.28125 -159.5625 40.25 249.28125 -96.90625 40.25 249.28125 -96.90625 59.53125 249.28125 -159.5625 42.515625 240.859375 -163.875 29.609375 240.859375 -99.609375 25.171875 232.421875 -166.46875 18.734375 232.421875 -101.234375 18.734375 232.421875 -101.234375 25.171875 232.421875 -166.46875 7.640625 224 -167.3125 7.765625 224 -101.75 -9.890625 215.5625 -166.390625 -3.203125 215.5625 -101.1875 -3.203125 215.5625 -101.1875 -9.890625 215.5625 -166.390625 -27.234375 207.140625 -163.734375 -14.0625 207.140625 -99.515625 -44.21875 198.71875 -159.359375 -24.6875 198.71875 -96.78125 -24.6875 198.71875 -96.78125 -44.21875 198.71875 -159.359375 -60.6875 190.28125 -153.296875 -35 190.28125 -92.984375 -76.46875 181.859375 -145.625 -44.875 181.859375 -88.171875 -44.875 181.859375 -88.171875 -76.46875 181.859375 -145.625 -91.40625 173.4375 -136.40625 -54.234375 173.4375 -82.40625 -105.34375 165 -125.75 -62.953125 165 -75.734375 -62.953125 165 -75.734375 -105.34375 165 -125.75 -118.140625 156.578125 -113.75 -70.96875 156.578125 -68.21875 -129.6875 148.140625 -100.53125 -78.1875 148.140625 -59.953125 -78.1875 148.140625 -59.953125 -129.6875 148.140625 -100.53125 -139.84375 139.71875 -86.21875 -84.546875 139.71875 -50.984375 -148.515625 131.296875 -70.96875 -89.984375 131.296875 -41.4375 -89.984375 131.296875 -41.4375 -148.515625 131.296875 -70.96875 -155.625 122.859375 -54.921875 -94.4375 122.859375 -31.40625 -161.09375 114.4375 -38.25 -97.859375 114.4375 -20.96875 -97.859375 114.4375 -20.96875 -161.09375 114.4375 -38.25 -164.875 106 -21.109375 -100.21875 106 -10.234375 -166.921875 97.578125 -3.6875 -101.5 97.578125 0.671875 -101.5 97.578125 0.671875 -166.921875 97.578125 -3.6875 -167.21875 89.15625 13.859375 -101.6875 89.15625 11.65625 -165.75 80.71875 31.34375 -100.765625 80.71875 22.609375 -100.765625 80.71875 22.609375 -165.75 80.71875 31.34375 -162.546875 72.296875 48.59375 -98.765625 72.296875 33.40625 -157.640625 63.859375 65.4375 -95.6875 63.859375 43.953125 -95.6875 63.859375 43.953125 -157.640625 63.859375 65.4375 -151.0625 55.4375 81.71875 -91.578125 55.4375 54.140625 -142.890625 47.015625 97.25 -86.46875 47.015625 63.859375 -86.46875 47.015625 63.859375 -142.890625 47.015625 97.25 -133.21875 38.578125 111.890625 -80.40625 38.578125 73.015625 -122.125 30.15625 125.484375 -73.46875 30.15625 81.53125 -73.46875 30.15625 81.53125 -122.125 30.15625 125.484375 -109.734375 21.71875 137.90625 -65.703125 21.71875 89.3125 -96.15625 13.296875 149.015625 -57.203125 13.296875 96.265625 -57.203125 13.296875 96.265625 -96.15625 13.296875 149.015625 -81.53125 4.875 158.71875 -48.0625 4.875 102.34375 -66.015625 -3.5625 166.921875 -38.34375 -3.5625 107.46875 117.6875 358.84375 11.203125 183.234375 358.84375 13.140625 182.875 350.421875 -4.40625 117.46875 350.421875 0.21875 </float_array>
          <technique_common>
            <accessor count="130" offset="0" source="#m_dun1701_00_00-4-positions-array" stride="3">
              <param name="X" type="float" />
              <param name="Y" type="float" />
              <param name="Z" type="float" />
            </accessor>
          </technique_common>
        </source>
        <source id="m_dun1701_00_00-4-tex0" name="m_dun1701_00_00-4-tex0">
          <float_array id="m_dun1701_00_00-4-tex0-array" count="260"> 0 1 1 1 1 0 0 0 1 -1 0 -1 0 1 1 1 1 0 0 0 1 -1 0 -1 0 1 1 1 1 0 0 0 1 -1 0 -1 0 1 1 1 1 0 0 0 1 -1 0 -1 0 1 1 1 1 0 0 0 1 -1 0 -1 0 1 1 1 1 0 0 0 1 -1 0 -1 0 1 1 1 1 0 0 0 1 -1 0 -1 0 1 1 1 1 0 0 0 1 -1 0 -1 0 1 1 1 1 0 0 0 1 -1 0 -1 0 1 1 1 1 0 0 0 1 -1 0 -1 0 1 1 1 1 0 0 0 1 -1 0 -1 0 1 1 1 1 0 0 0 1 -1 0 -1 0 1 1 1 1 0 0 0 1 -1 0 -1 0 1 1 1 1 0 0 0 1 -1 0 -1 0 1 1 1 1 0 0 0 1 -1 0 -1 0 1 1 1 1 0 0 0 1 -1 0 -1 0 1 1 1 1 0 0 0 1 -1 0 -1 0 1 1 1 1 0 0 0 1 -1 0 -1 0 1 1 1 1 0 0 0 1 -1 0 -1 0 1 1 1 1 0 0 0 1 -1 0 -1 0 1 1 1 1 0 0 0 1 -0.921875 0 -0.921875 0 0 1 0 1 -1 0 -1 </float_array>
          <technique_common>
            <accessor count="130" offset="0" source="#m_dun1701_00_00-4-tex0-array" stride="2">
              <param name="S" type="float" />
              <param name="T" type="float" />
            </accessor>
          </technique_common>
        </source>
        <source id="m_dun1701_00_00-4-color0" name="m_dun1701_00_00-4-color0">
          <float_array id="m_dun1701_00_00-4-color0-array" count="390"> 0 0 0 0 0 0 0 0 0 0 0 0 0 0 0 0 0 0 0 0 0 0 0 0 0 0 0 0 0 0 0 0 0 0 0 0 0 0 0 0 0 0 0 0 0 0 0 0 0 0 0 0 0 0 0 0 0 0 0 0 0 0 0 0 0 0 0 0 0 0 0 0 0 0 0 0 0 0 0 0 0 0 0 0 0 0 0 0 0 0 0 0 0 0 0 0 0 0 0 0 0 0 0.0313725509 0.0313725509 0.0313725509 0.0313725509 0.0313725509 0.0313725509 0.0313725509 0.0313725509 0.0313725509 0.0313725509 0.0313725509 0.0313725509 0.125490203 0.125490203 0.125490203 0.125490203 0.125490203 0.125490203 0.227450982 0.227450982 0.227450982 0.227450982 0.227450982 0.227450982 0.227450982 0.227450982 0.227450982 0.227450982 0.227450982 0.227450982 0.333333343 0.333333343 0.333333343 0.333333343 0.333333343 0.333333343 0.333333343 0.333333343 0.333333343 0.333333343 0.333333343 0.333333343 0.333333343 0.333333343 0.333333343 0.333333343 0.333333343 0.333333343 0.615686297 0.615686297 0.615686297 0.615686297 0.615686297 0.615686297 1 1 1 1 1 1 1 1 1 1 1 1 1 1 1 1 1 1 0.670588255 0.670588255 0.670588255 1 1 1 1 1 1 0.670588255 0.670588255 0.670588255 1 1 1 1 1 1 1 1 1 1 1 1 1 1 1 1 1 1 0.615686297 0.615686297 0.615686297 1 1 1 1 1 1 1 1 1 1 1 1 1 1 1 1 1 1 1 1 1 1 1 1 0.615686297 0.615686297 0.615686297 0.615686297 0.615686297 0.615686297 1 1 1 1 1 1 1 1 1 1 1 1 1 1 1 1 1 1 1 1 1 0.670588255 0.670588255 0.670588255 1 1 1 1 1 1 1 1 1 1 1 1 1 1 1 0.615686297 0.615686297 0.615686297 1 1 1 1 1 1 0.670588255 0.670588255 0.670588255 0.670588255 0.670588255 0.670588255 1 1 1 1 1 1 1 1 1 0.615686297 0.615686297 0.615686297 1 1 1 1 1 1 0.615686297 0.615686297 0.615686297 1 1 1 1 1 1 0.670588255 0.670588255 0.670588255 1 1 1 1 1 1 0.670588255 0.670588255 0.670588255 1 1 1 1 1 1 0.670588255 0.670588255 0.670588255 0.615686297 0.615686297 0.615686297 0.615686297 0.615686297 0.615686297 0.670588255 0.670588255 0.670588255 0.670588255 0.670588255 0.670588255 1 1 1 1 1 1 1 1 1 1 1 1 1 1 1 1 1 1 1 1 1 0.670588255 0.670588255 0.670588255 0.670588255 0.670588255 0.670588255 0 0 0 0 0 0 0 0 0 0 0 0 </float_array>
          <technique_common>
            <accessor count="130" offset="0" source="#m_dun1701_00_00-4-color0-array" stride="3">
              <param name="R" type="float" />
              <param name="G" type="float" />
              <param name="B" type="float" />
            </accessor>
          </technique_common>
        </source>
        <vertices id="m_dun1701_00_00-4-vertices">
          <input semantic="POSITION" source="#m_dun1701_00_00-4-positions" />
        </vertices>
        <polylist count="86" material="defaultMaterial">
          <input offset="0" semantic="VERTEX" source="#m_dun1701_00_00-4-vertices" />
          <input offset="0" semantic="TEXCOORD" source="#m_dun1701_00_00-4-tex0" set="0" />
          <input offset="0" semantic="COLOR" source="#m_dun1701_00_00-4-color0" set="0" />
          <vcount>3 3 3 3 3 3 3 3 3 3 3 3 3 3 3 3 3 3 3 3 3 3 3 3 3 3 3 3 3 3 3 3 3 3 3 3 3 3 3 3 3 3 3 3 3 3 3 3 3 3 3 3 3 3 3 3 3 3 3 3 3 3 3 3 3 3 3 3 3 3 3 3 3 3 3 3 3 3 3 3 3 3 3 3 3 3 </vcount>
          <p>0 1 2 0 2 3 3 2 4 3 4 5 6 7 8 6 8 9 9 8 10 9 10 11 12 13 14 12 14 15 15 14 16 15 16 17 18 19 20 18 20 21 21 20 22 21 22 23 24 25 26 24 26 27 27 26 28 27 28 29 30 31 32 30 32 33 33 32 34 33 34 35 36 37 38 36 38 39 39 38 40 39 40 41 42 43 44 42 44 45 45 44 46 45 46 47 48 49 50 48 50 51 51 50 52 51 52 53 54 55 56 54 56 57 57 56 58 57 58 59 60 61 62 60 62 63 63 62 64 63 64 65 66 67 68 66 68 69 69 68 70 69 70 71 72 73 74 72 74 75 75 74 76 75 76 77 78 79 80 78 80 81 81 80 82 81 82 83 84 85 86 84 86 87 87 86 88 87 88 89 90 91 92 90 92 93 93 92 94 93 94 95 96 97 98 96 98 99 99 98 100 99 100 101 102 103 104 102 104 105 105 104 106 105 106 107 108 109 110 108 110 111 111 110 112 111 112 113 114 115 116 114 116 117 117 116 118 117 118 119 120 121 122 120 122 123 123 122 124 123 124 125 126 127 128 126 128 129 </p>
        </polylist>
      </mesh>
    </geometry>
    <geometry id="m_dun1701_00_00-5" name="m_dun1701_00_00-5" >
      <mesh>
        <source id="m_dun1701_00_00-5-positions" name="m_dun1701_00_00-5-positions">
          <float_array id="m_dun1701_00_00-5-positions-array" count="600"> 86.109375 -4 -31.796875 79.265625 -4 -28.3125 87 -4 -4.515625 94.59375 -4 -5.71875 87 -4 20.515625 94.59375 -4 21.71875 24.90625 -4 -25.171875 21.734375 -4 -18.953125 29.390625 -4 -13.390625 34.328125 -4 -18.328125 34.953125 -4 -5.734375 41.171875 -4 -8.90625 94.59375 -4 21.71875 87 -4 20.515625 79.265625 -4 44.3125 86.109375 -4 47.796875 64.5625 -4 64.5625 69.984375 -4 69.984375 69.984375 -4 69.984375 64.5625 -4 64.5625 44.3125 -4 79.265625 47.796875 -4 86.109375 20.515625 -4 87 21.71875 -4 94.59375 21.71875 -4 94.59375 20.515625 -4 87 -4.515625 -4 87 -5.71875 -4 94.59375 -28.3125 -4 79.265625 -31.796875 -4 86.109375 -31.796875 -4 86.109375 -28.3125 -4 79.265625 -48.5625 -4 64.5625 -53.984375 -4 69.984375 -63.265625 -4 44.3125 -70.109375 -4 47.796875 -70.109375 -4 47.796875 -63.265625 -4 44.3125 -71 -4 20.515625 -78.59375 -4 21.71875 -71 -4 -4.515625 -78.59375 -4 -5.71875 -78.59375 -4 -5.71875 -71 -4 -4.515625 -63.265625 -4 -28.3125 -70.109375 -4 -31.796875 -48.5625 -4 -48.5625 -53.984375 -4 -53.984375 -53.984375 -4 -53.984375 -48.5625 -4 -48.5625 -28.3125 -4 -63.265625 -31.796875 -4 -70.109375 -4.515625 -4 -71 -5.71875 -4 -78.59375 -5.71875 -4 -78.59375 -4.515625 -4 -71 20.515625 -4 -71 21.71875 -4 -78.59375 44.3125 -4 -63.265625 47.796875 -4 -70.109375 47.796875 -4 -70.109375 44.3125 -4 -63.265625 64.5625 -4 -48.5625 69.984375 -4 -53.984375 79.265625 -4 -28.3125 86.109375 -4 -31.796875 41.171875 -4 -8.90625 34.953125 -4 -5.734375 37.875 -4 3.265625 44.765625 -4 2.171875 37.875 -4 12.734375 44.765625 -4 13.828125 44.765625 -4 13.828125 37.875 -4 12.734375 34.953125 -4 21.734375 41.171875 -4 24.90625 29.390625 -4 29.390625 34.328125 -4 34.328125 34.328125 -4 34.328125 29.390625 -4 29.390625 21.734375 -4 34.953125 24.90625 -4 41.171875 12.734375 -4 37.875 13.828125 -4 44.765625 13.828125 -4 44.765625 12.734375 -4 37.875 3.265625 -4 37.875 2.171875 -4 44.765625 -5.734375 -4 34.953125 -8.90625 -4 41.171875 -8.90625 -4 41.171875 -5.734375 -4 34.953125 -13.390625 -4 29.390625 -18.328125 -4 34.328125 -18.953125 -4 21.734375 -25.171875 -4 24.90625 -25.171875 -4 24.90625 -18.953125 -4 21.734375 -21.875 -4 12.734375 -28.765625 -4 13.828125 -21.875 -4 3.265625 -28.765625 -4 2.171875 -28.765625 -4 2.171875 -21.875 -4 3.265625 -18.953125 -4 -5.734375 -25.171875 -4 -8.90625 -13.390625 -4 -13.390625 -18.328125 -4 -18.328125 -18.328125 -4 -18.328125 -13.390625 -4 -13.390625 -5.734375 -4 -18.953125 -8.90625 -4 -25.171875 3.265625 -4 -21.875 2.171875 -4 -28.765625 2.171875 -4 -28.765625 3.265625 -4 -21.875 12.734375 -4 -21.875 13.828125 -4 -28.765625 21.734375 -4 -18.953125 24.90625 -4 -25.171875 137.453125 -4 -12.5 137.453125 -4 28.5 144.265625 -4 29.578125 144.265625 -4 -13.578125 137.453125 -4 28.5 124.78125 -4 67.5 130.921875 -4 70.625 144.265625 -4 29.578125 124.78125 -4 67.5 100.671875 -4 100.671875 105.546875 -4 105.546875 130.921875 -4 70.625 100.671875 -4 100.671875 67.5 -4 124.78125 70.625 -4 130.921875 105.546875 -4 105.546875 67.5 -4 124.78125 28.5 -4 137.453125 29.578125 -4 144.265625 70.625 -4 130.921875 28.5 -4 137.453125 -12.5 -4 137.453125 -13.578125 -4 144.265625 29.578125 -4 144.265625 -12.5 -4 137.453125 -51.5 -4 124.78125 -54.625 -4 130.921875 -13.578125 -4 144.265625 -51.5 -4 124.78125 -84.671875 -4 100.671875 -89.546875 -4 105.546875 -54.625 -4 130.921875 -84.671875 -4 100.671875 -108.78125 -4 67.5 -114.921875 -4 70.625 -89.546875 -4 105.546875 -108.78125 -4 67.5 -121.453125 -4 28.5 -128.265625 -4 29.578125 -114.921875 -4 70.625 -121.453125 -4 28.5 -121.453125 -4 -12.5 -128.265625 -4 -13.578125 -128.265625 -4 29.578125 -121.453125 -4 -12.5 -108.78125 -4 -51.5 -114.921875 -4 -54.625 -128.265625 -4 -13.578125 -108.78125 -4 -51.5 -84.671875 -4 -84.671875 -89.546875 -4 -89.546875 -114.921875 -4 -54.625 -84.671875 -4 -84.671875 -51.5 -4 -108.78125 -54.625 -4 -114.921875 -89.546875 -4 -89.546875 -51.5 -4 -108.78125 -12.5 -4 -121.453125 -13.578125 -4 -128.265625 -54.625 -4 -114.921875 -12.5 -4 -121.453125 28.5 -4 -121.453125 29.578125 -4 -128.265625 -13.578125 -4 -128.265625 28.5 -4 -121.453125 67.5 -4 -108.78125 70.625 -4 -114.921875 29.578125 -4 -128.265625 67.5 -4 -108.78125 100.671875 -4 -84.671875 105.546875 -4 -89.546875 70.625 -4 -114.921875 100.671875 -4 -84.671875 124.78125 -4 -51.5 130.921875 -4 -54.625 105.546875 -4 -89.546875 124.78125 -4 -51.5 137.453125 -4 -12.5 144.265625 -4 -13.578125 130.921875 -4 -54.625 </float_array>
          <technique_common>
            <accessor count="200" offset="0" source="#m_dun1701_00_00-5-positions-array" stride="3">
              <param name="X" type="float" />
              <param name="Y" type="float" />
              <param name="Z" type="float" />
            </accessor>
          </technique_common>
        </source>
        <source id="m_dun1701_00_00-5-tex0" name="m_dun1701_00_00-5-tex0">
          <float_array id="m_dun1701_00_00-5-tex0-array" count="400"> 0 -3.640625 0 -4 0.5 -4 0.5 -3.640625 1 -4 1 -3.640625 0.5 -0.30859375 0.5 -0.67578125 0.75 -0.67578125 0.75 -0.30859375 1 -0.67578125 1 -0.30859375 0 -3.640625 0 -4 0.5 -4 0.5 -3.640625 1 -4 1 -3.640625 0 -3.640625 0 -4 0.5 -4 0.5 -3.640625 1 -4 1 -3.640625 0 -3.640625 0 -4 0.5 -4 0.5 -3.640625 1 -4 1 -3.640625 0 -3.640625 0 -4 0.5 -4 0.5 -3.640625 1 -4 1 -3.640625 0 -3.640625 0 -4 0.5 -4 0.5 -3.640625 1 -4 1 -3.640625 0 -3.640625 0 -4 0.5 -4 0.5 -3.640625 1 -4 1 -3.640625 0 -3.640625 0 -4 0.5 -4 0.5 -3.640625 1 -4 1 -3.640625 0 -3.640625 0 -4 0.5 -4 0.5 -3.640625 1 -4 1 -3.640625 0 -3.640625 0 -4 0.5 -4 0.5 -3.640625 1 -4 1 -3.640625 0.5 -0.30859375 0.5 -0.67578125 0.75 -0.67578125 0.75 -0.30859375 1 -0.67578125 1 -0.30859375 0.5 -0.30859375 0.5 -0.67578125 0.75 -0.67578125 0.75 -0.30859375 1 -0.67578125 1 -0.30859375 0.5 -0.30859375 0.5 -0.67578125 0.75 -0.67578125 0.75 -0.30859375 1 -0.67578125 1 -0.30859375 0.5 -0.30859375 0.5 -0.67578125 0.75 -0.67578125 0.75 -0.30859375 1 -0.67578125 1 -0.30859375 0.5 -0.30859375 0.5 -0.67578125 0.75 -0.67578125 0.75 -0.30859375 1 -0.67578125 1 -0.30859375 0.5 -0.30859375 0.5 -0.67578125 0.75 -0.67578125 0.75 -0.30859375 1 -0.67578125 1 -0.30859375 0.5 -0.30859375 0.5 -0.67578125 0.75 -0.67578125 0.75 -0.30859375 1 -0.67578125 1 -0.30859375 0.5 -0.30859375 0.5 -0.67578125 0.75 -0.67578125 0.75 -0.30859375 1 -0.67578125 1 -0.30859375 0.5 -0.30859375 0.5 -0.67578125 0.75 -0.67578125 0.75 -0.30859375 1 -0.67578125 1 -0.30859375 0 -2 1 -2 1 -1.65234375 0 -1.65234375 0 -2 1 -2 1 -1.65234375 0 -1.65234375 0 -2 1 -2 1 -1.65234375 0 -1.65234375 0 -2 1 -2 1 -1.65234375 0 -1.65234375 0 -2 1 -2 1 -1.65234375 0 -1.65234375 0 -2 1 -2 1 -1.65234375 0 -1.65234375 0 -2 1 -2 1 -1.65234375 0 -1.65234375 0 -2 1 -2 1 -1.65234375 0 -1.65234375 0 -2 1 -2 1 -1.65234375 0 -1.65234375 0 -2 1 -2 1 -1.65234375 0 -1.65234375 0 -2 1 -2 1 -1.65234375 0 -1.65234375 0 -2 1 -2 1 -1.65234375 0 -1.65234375 0 -2 1 -2 1 -1.65234375 0 -1.65234375 0 -2 1 -2 1 -1.65234375 0 -1.65234375 0 -2 1 -2 1 -1.65234375 0 -1.65234375 0 -2 1 -2 1 -1.65234375 0 -1.65234375 0 -2 1 -2 1 -1.65234375 0 -1.65234375 0 -2 1 -2 1 -1.65234375 0 -1.65234375 0 -2 1 -2 1 -1.65234375 0 -1.65234375 0 -2 1 -2 1 -1.65234375 0 -1.65234375 </float_array>
          <technique_common>
            <accessor count="200" offset="0" source="#m_dun1701_00_00-5-tex0-array" stride="2">
              <param name="S" type="float" />
              <param name="T" type="float" />
            </accessor>
          </technique_common>
        </source>
        <source id="m_dun1701_00_00-5-color0" name="m_dun1701_00_00-5-color0">
          <float_array id="m_dun1701_00_00-5-color0-array" count="600"> 1 1 1 1 1 1 1 1 1 1 1 1 1 1 1 1 1 1 1 1 1 1 1 1 1 1 1 1 1 1 1 1 1 1 1 1 1 1 1 1 1 1 1 1 1 1 1 1 1 1 1 1 1 1 1 1 1 1 1 1 1 1 1 1 1 1 1 1 1 1 1 1 1 1 1 1 1 1 1 1 1 1 1 1 1 1 1 1 1 1 1 1 1 1 1 1 1 1 1 1 1 1 1 1 1 1 1 1 1 1 1 1 1 1 1 1 1 1 1 1 1 1 1 1 1 1 1 1 1 1 1 1 1 1 1 1 1 1 1 1 1 1 1 1 1 1 1 1 1 1 1 1 1 1 1 1 1 1 1 1 1 1 1 1 1 1 1 1 1 1 1 1 1 1 1 1 1 1 1 1 1 1 1 1 1 1 1 1 1 1 1 1 1 1 1 1 1 1 1 1 1 1 1 1 1 1 1 1 1 1 1 1 1 1 1 1 1 1 1 1 1 1 1 1 1 1 1 1 1 1 1 1 1 1 1 1 1 1 1 1 1 1 1 1 1 1 1 1 1 1 1 1 1 1 1 1 1 1 1 1 1 1 1 1 1 1 1 1 1 1 1 1 1 1 1 1 1 1 1 1 1 1 1 1 1 1 1 1 1 1 1 1 1 1 1 1 1 1 1 1 1 1 1 1 1 1 1 1 1 1 1 1 1 1 1 1 1 1 1 1 1 1 1 1 1 1 1 1 1 1 1 1 1 1 1 1 1 1 1 1 1 1 1 1 1 1 1 1 1 1 1 1 1 1 1 1 1 1 1 1 1 1 1 1 1 1 1 1 1 1 1 1 1 1 1 1 1 1 1 1 1 1 1 1 1 1 1 1 1 1 1 1 1 1 1 1 1 1 1 1 1 1 1 1 1 1 1 1 1 1 1 1 1 1 1 1 1 1 1 1 1 1 1 1 1 1 1 1 1 1 1 1 1 1 1 1 1 1 1 1 1 1 1 1 1 1 1 1 1 1 1 1 1 1 1 1 1 1 1 1 1 1 1 1 1 1 1 1 1 1 1 1 1 1 1 1 1 1 1 1 1 1 1 1 1 1 1 1 1 1 1 1 1 1 1 1 1 1 1 1 1 1 1 1 1 1 1 1 1 1 1 1 1 1 1 1 1 1 1 1 1 1 1 1 1 1 1 1 1 1 1 1 1 1 1 1 1 1 1 1 1 1 1 1 1 1 1 1 1 1 1 1 1 1 1 1 1 1 1 1 1 1 1 1 1 1 1 1 1 1 1 1 1 1 1 1 1 1 1 1 1 1 1 1 1 1 1 1 1 1 1 1 1 1 1 1 1 1 1 1 </float_array>
          <technique_common>
            <accessor count="200" offset="0" source="#m_dun1701_00_00-5-color0-array" stride="3">
              <param name="R" type="float" />
              <param name="G" type="float" />
              <param name="B" type="float" />
            </accessor>
          </technique_common>
        </source>
        <vertices id="m_dun1701_00_00-5-vertices">
          <input semantic="POSITION" source="#m_dun1701_00_00-5-positions" />
        </vertices>
        <polylist count="120" material="defaultMaterial">
          <input offset="0" semantic="VERTEX" source="#m_dun1701_00_00-5-vertices" />
          <input offset="0" semantic="TEXCOORD" source="#m_dun1701_00_00-5-tex0" set="0" />
          <input offset="0" semantic="COLOR" source="#m_dun1701_00_00-5-color0" set="0" />
          <vcount>3 3 3 3 3 3 3 3 3 3 3 3 3 3 3 3 3 3 3 3 3 3 3 3 3 3 3 3 3 3 3 3 3 3 3 3 3 3 3 3 3 3 3 3 3 3 3 3 3 3 3 3 3 3 3 3 3 3 3 3 3 3 3 3 3 3 3 3 3 3 3 3 3 3 3 3 3 3 3 3 3 3 3 3 3 3 3 3 3 3 3 3 3 3 3 3 3 3 3 3 3 3 3 3 3 3 3 3 3 3 3 3 3 3 3 3 3 3 3 3 </vcount>
          <p>0 1 2 0 2 3 3 2 4 3 4 5 6 7 8 6 8 9 9 8 10 9 10 11 12 13 14 12 14 15 15 14 16 15 16 17 18 19 20 18 20 21 21 20 22 21 22 23 24 25 26 24 26 27 27 26 28 27 28 29 30 31 32 30 32 33 33 32 34 33 34 35 36 37 38 36 38 39 39 38 40 39 40 41 42 43 44 42 44 45 45 44 46 45 46 47 48 49 50 48 50 51 51 50 52 51 52 53 54 55 56 54 56 57 57 56 58 57 58 59 60 61 62 60 62 63 63 62 64 63 64 65 66 67 68 66 68 69 69 68 70 69 70 71 72 73 74 72 74 75 75 74 76 75 76 77 78 79 80 78 80 81 81 80 82 81 82 83 84 85 86 84 86 87 87 86 88 87 88 89 90 91 92 90 92 93 93 92 94 93 94 95 96 97 98 96 98 99 99 98 100 99 100 101 102 103 104 102 104 105 105 104 106 105 106 107 108 109 110 108 110 111 111 110 112 111 112 113 114 115 116 114 116 117 117 116 118 117 118 119 120 121 122 120 122 123 124 125 126 124 126 127 128 129 130 128 130 131 132 133 134 132 134 135 136 137 138 136 138 139 140 141 142 140 142 143 144 145 146 144 146 147 148 149 150 148 150 151 152 153 154 152 154 155 156 157 158 156 158 159 160 161 162 160 162 163 164 165 166 164 166 167 168 169 170 168 170 171 172 173 174 172 174 175 176 177 178 176 178 179 180 181 182 180 182 183 184 185 186 184 186 187 188 189 190 188 190 191 192 193 194 192 194 195 196 197 198 196 198 199 </p>
        </polylist>
      </mesh>
    </geometry>
    <geometry id="m_dun1701_00_00-6" name="m_dun1701_00_00-6" >
      <mesh>
        <source id="m_dun1701_00_00-6-positions" name="m_dun1701_00_00-6-positions">
          <float_array id="m_dun1701_00_00-6-positions-array" count="732"> 130.921875 -4 -54.625 172.234375 -4 -75.6875 138.34375 -4 -122.34375 105.546875 -4 -89.546875 91.6875 -4 -156.234375 70.625 -4 -114.921875 87 -4 20.515625 44.765625 -4 13.828125 41.171875 -4 24.90625 79.265625 -4 44.3125 34.328125 -4 34.328125 64.5625 -4 64.5625 64.5625 -4 64.5625 34.328125 -4 34.328125 24.90625 -4 41.171875 44.3125 -4 79.265625 13.828125 -4 44.765625 20.515625 -4 87 20.515625 -4 87 13.828125 -4 44.765625 2.171875 -4 44.765625 -4.515625 -4 87 -8.90625 -4 41.171875 -28.3125 -4 79.265625 -28.3125 -4 79.265625 -8.90625 -4 41.171875 -18.328125 -4 34.328125 -48.5625 -4 64.5625 -25.171875 -4 24.90625 -63.265625 -4 44.3125 -63.265625 -4 44.3125 -25.171875 -4 24.90625 -28.765625 -4 13.828125 -71 -4 20.515625 -28.765625 -4 2.171875 -71 -4 -4.515625 -71 -4 -4.515625 -28.765625 -4 2.171875 -25.171875 -4 -8.90625 -63.265625 -4 -28.3125 -18.328125 -4 -18.328125 -48.5625 -4 -48.5625 44.3125 -4 -63.265625 24.90625 -4 -25.171875 34.328125 -4 -18.328125 64.5625 -4 -48.5625 41.171875 -4 -8.90625 79.265625 -4 -28.3125 -48.5625 -4 -48.5625 -18.328125 -4 -18.328125 -8.90625 -4 -25.171875 -28.3125 -4 -63.265625 2.171875 -4 -28.765625 -4.515625 -4 -71 -4.515625 -4 -71 2.171875 -4 -28.765625 13.828125 -4 -28.765625 20.515625 -4 -71 24.90625 -4 -25.171875 44.3125 -4 -63.265625 -114.921875 -4 70.625 -156.234375 -4 91.6875 -122.34375 -4 138.34375 -89.546875 -4 105.546875 -75.6875 -4 172.234375 -54.625 -4 130.921875 79.265625 -4 -28.3125 41.171875 -4 -8.90625 44.765625 -4 2.171875 87 -4 -4.515625 44.765625 -4 13.828125 87 -4 20.515625 172.234375 -4 -75.6875 130.921875 -4 -54.625 144.265625 -4 -13.578125 190.0625 -4 -20.828125 144.265625 -4 29.578125 190.0625 -4 36.828125 190.0625 -4 36.828125 144.265625 -4 29.578125 130.921875 -4 70.625 172.234375 -4 91.6875 105.546875 -4 105.546875 138.34375 -4 138.34375 138.34375 -4 138.34375 105.546875 -4 105.546875 70.625 -4 130.921875 91.6875 -4 172.234375 29.578125 -4 144.265625 36.828125 -4 190.0625 36.828125 -4 190.0625 29.578125 -4 144.265625 -13.578125 -4 144.265625 -20.828125 -4 190.0625 -54.625 -4 130.921875 -75.6875 -4 172.234375 -156.234375 -4 91.6875 -114.921875 -4 70.625 -128.265625 -4 29.578125 -174.0625 -4 36.828125 -128.265625 -4 -13.578125 -174.0625 -4 -20.828125 -174.0625 -4 -20.828125 -128.265625 -4 -13.578125 -114.921875 -4 -54.625 -156.234375 -4 -75.6875 -89.546875 -4 -89.546875 -122.34375 -4 -122.34375 -122.34375 -4 -122.34375 -89.546875 -4 -89.546875 -54.625 -4 -114.921875 -75.6875 -4 -156.234375 -13.578125 -4 -128.265625 -20.828125 -4 -174.0625 -20.828125 -4 -174.0625 -13.578125 -4 -128.265625 29.578125 -4 -128.265625 36.828125 -4 -174.0625 70.625 -4 -114.921875 91.6875 -4 -156.234375 34.953125 -4 -5.734375 29.390625 -4 -13.390625 8 -4 8 21.734375 -4 -18.953125 12.734375 -4 -21.875 29.390625 -4 29.390625 8 -4 8 21.734375 -4 34.953125 12.734375 -4 37.875 34.953125 -4 -5.734375 8 -4 8 37.875 -4 3.265625 37.875 -4 12.734375 37.875 -4 12.734375 8 -4 8 34.953125 -4 21.734375 29.390625 -4 29.390625 12.734375 -4 37.875 8 -4 8 3.265625 -4 37.875 -5.734375 -4 34.953125 -5.734375 -4 34.953125 8 -4 8 -13.390625 -4 29.390625 -18.953125 -4 21.734375 -18.953125 -4 21.734375 8 -4 8 -21.875 -4 12.734375 -21.875 -4 3.265625 -21.875 -4 3.265625 8 -4 8 -18.953125 -4 -5.734375 -13.390625 -4 -13.390625 -13.390625 -4 -13.390625 8 -4 8 -5.734375 -4 -18.953125 3.265625 -4 -21.875 47.796875 -4 -70.109375 69.984375 -4 -53.984375 100.671875 -4 -84.671875 67.5 -4 -108.78125 21.71875 -4 94.59375 -5.71875 -4 94.59375 -12.5 -4 137.453125 28.5 -4 137.453125 36.828125 -4 190.0625 -20.828125 -4 190.0625 -20.828125 -4 208.0625 36.828125 -4 208.0625 86.109375 -4 -31.796875 94.59375 -4 -5.71875 137.453125 -4 -12.5 124.78125 -4 -51.5 94.59375 -4 -5.71875 94.59375 -4 21.71875 137.453125 -4 28.5 137.453125 -4 -12.5 94.59375 -4 21.71875 86.109375 -4 47.796875 124.78125 -4 67.5 137.453125 -4 28.5 86.109375 -4 47.796875 69.984375 -4 69.984375 100.671875 -4 100.671875 124.78125 -4 67.5 69.984375 -4 -53.984375 86.109375 -4 -31.796875 124.78125 -4 -51.5 100.671875 -4 -84.671875 69.984375 -4 69.984375 47.796875 -4 86.109375 67.5 -4 124.78125 100.671875 -4 100.671875 -53.984375 -4 69.984375 -70.109375 -4 47.796875 -108.78125 -4 67.5 -84.671875 -4 100.671875 -5.71875 -4 94.59375 -31.796875 -4 86.109375 -51.5 -4 124.78125 -12.5 -4 137.453125 -31.796875 -4 86.109375 -53.984375 -4 69.984375 -84.671875 -4 100.671875 -51.5 -4 124.78125 -70.109375 -4 47.796875 -78.59375 -4 21.71875 -121.453125 -4 28.5 -108.78125 -4 67.5 -78.59375 -4 21.71875 -78.59375 -4 -5.71875 -121.453125 -4 -12.5 -121.453125 -4 28.5 -78.59375 -4 -5.71875 -70.109375 -4 -31.796875 -108.78125 -4 -51.5 -121.453125 -4 -12.5 47.796875 -4 86.109375 21.71875 -4 94.59375 28.5 -4 137.453125 67.5 -4 124.78125 -70.109375 -4 -31.796875 -53.984375 -4 -53.984375 -84.671875 -4 -84.671875 -108.78125 -4 -51.5 -53.984375 -4 -53.984375 -31.796875 -4 -70.109375 -51.5 -4 -108.78125 -84.671875 -4 -84.671875 -31.796875 -4 -70.109375 -5.71875 -4 -78.59375 -12.5 -4 -121.453125 -51.5 -4 -108.78125 -5.71875 -4 -78.59375 21.71875 -4 -78.59375 28.5 -4 -121.453125 -12.5 -4 -121.453125 21.71875 -4 -78.59375 47.796875 -4 -70.109375 67.5 -4 -108.78125 28.5 -4 -121.453125 3.265625 -4 -21.875 8 -4 8 12.734375 -4 -21.875 </float_array>
          <technique_common>
            <accessor count="244" offset="0" source="#m_dun1701_00_00-6-positions-array" stride="3">
              <param name="X" type="float" />
              <param name="Y" type="float" />
              <param name="Z" type="float" />
            </accessor>
          </technique_common>
        </source>
        <source id="m_dun1701_00_00-6-tex0" name="m_dun1701_00_00-6-tex0">
          <float_array id="m_dun1701_00_00-6-tex0-array" count="488"> 1 0 1 1 0 1 0 0 -1 1 -1 0 -1 -5 -1 -6 -0.5 -6 -0.5 -5 0 -6 0 -5 -1 -5 -1 -6 -0.5 -6 -0.5 -5 0 -6 0 -5 -1 -5 -1 -6 -0.5 -6 -0.5 -5 0 -6 0 -5 -1 -5 -1 -6 -0.5 -6 -0.5 -5 0 -6 0 -5 -1 -5 -1 -6 -0.5 -6 -0.5 -5 0 -6 0 -5 -1 -5 -1 -6 -0.5 -6 -0.5 -5 0 -6 0 -5 -1 -5 -1 -6 -0.5 -6 -0.5 -5 0 -6 0 -5 -1 -5 -1 -6 -0.5 -6 -0.5 -5 0 -6 0 -5 -1 -5 -1 -6 -0.5 -6 -0.5 -5 0 -6 0 -5 1 0 1 1 0 1 0 0 -1 1 -1 0 -1 -5 -1 -6 -0.5 -6 -0.5 -5 0 -6 0 -5 -1 1 -1 0 0 0 0 1 1 0 1 1 -1 1 -1 0 0 0 0 1 1 0 1 1 -1 1 -1 0 0 0 0 1 1 0 1 1 -1 1 -1 0 0 0 0 1 1 0 1 1 -1 1 -1 0 0 0 0 1 1 0 1 1 -1 1 -1 0 0 0 0 1 1 0 1 1 -1 1 -1 0 0 0 0 1 1 0 1 1 -1 1 -1 0 0 0 0 1 1 0 1 1 -1.04882812 4.73046875 -1.14160156 4.85742188 -1.5 4.5 -1.27050781 4.95117188 -1.42089844 5 -1.14160156 4.14257812 -1.5 4.5 -1.27050781 4.04882812 -1.42089844 4 -1.04882812 4.73046875 -1.5 4.5 -1 4.58007812 -1 4.41992188 -1 4.41992188 -1.5 4.5 -1.04882812 4.26953125 -1.14160156 4.14257812 -1.42089844 4 -1.5 4.5 -1.57910156 4 -1.72949219 4.04882812 -1.72949219 4.04882812 -1.5 4.5 -1.85839844 4.14257812 -1.95117188 4.26953125 -1.95117188 4.26953125 -1.5 4.5 -2 4.41992188 -2 4.58007812 -2 4.58007812 -1.5 4.5 -1.95117188 4.73046875 -1.85839844 4.85742188 -1.85839844 4.85742188 -1.5 4.5 -1.72949219 4.95117188 -1.57910156 5 0 0 1 0 1 1 0 1 0 0 1 0 1 1 0 1 0 0 1 0 1 0.736328125 0 0.736328125 0 0 1 0 1 1 0 1 0 0 1 0 1 1 0 1 0 0 1 0 1 1 0 1 0 0 1 0 1 1 0 1 0 0 1 0 1 1 0 1 0 0 1 0 1 1 0 1 0 0 1 0 1 1 0 1 0 0 1 0 1 1 0 1 0 0 1 0 1 1 0 1 0 0 1 0 1 1 0 1 0 0 1 0 1 1 0 1 0 0 1 0 1 1 0 1 0 0 1 0 1 1 0 1 0 0 1 0 1 1 0 1 0 0 1 0 1 1 0 1 0 0 1 0 1 1 0 1 0 0 1 0 1 1 0 1 0 0 1 0 1 1 0 1 -1.57910156 5 -1.5 4.5 -1.42089844 5 </float_array>
          <technique_common>
            <accessor count="244" offset="0" source="#m_dun1701_00_00-6-tex0-array" stride="2">
              <param name="S" type="float" />
              <param name="T" type="float" />
            </accessor>
          </technique_common>
        </source>
        <source id="m_dun1701_00_00-6-color0" name="m_dun1701_00_00-6-color0">
          <float_array id="m_dun1701_00_00-6-color0-array" count="732"> 1 1 1 0.509803951 0.509803951 0.56078434 0.509803951 0.509803951 0.56078434 1 1 1 0.509803951 0.509803951 0.56078434 1 1 1 1 1 1 1 1 1 1 1 1 1 1 1 1 1 1 1 1 1 1 1 1 1 1 1 1 1 1 1 1 1 1 1 1 1 1 1 1 1 1 1 1 1 1 1 1 1 1 1 1 1 1 1 1 1 1 1 1 1 1 1 1 1 1 1 1 1 1 1 1 1 1 1 1 1 1 1 1 1 1 1 1 1 1 1 1 1 1 1 1 1 1 1 1 1 1 1 1 1 1 1 1 1 1 1 1 1 1 1 1 1 1 1 1 1 1 1 1 1 1 1 1 1 1 1 1 1 1 1 1 1 1 1 1 1 1 1 1 1 1 1 1 1 1 1 1 1 1 1 1 1 1 1 1 1 1 1 1 1 1 1 1 1 1 1 1 0.509803951 0.509803951 0.56078434 0.509803951 0.509803951 0.56078434 1 1 1 0.509803951 0.509803951 0.56078434 1 1 1 1 1 1 1 1 1 1 1 1 1 1 1 1 1 1 1 1 1 0.509803951 0.509803951 0.56078434 1 1 1 1 1 1 0.509803951 0.509803951 0.56078434 1 1 1 0.509803951 0.509803951 0.56078434 0.509803951 0.509803951 0.56078434 1 1 1 1 1 1 0.509803951 0.509803951 0.56078434 1 1 1 0.509803951 0.509803951 0.56078434 0.509803951 0.509803951 0.56078434 1 1 1 1 1 1 0.509803951 0.509803951 0.56078434 1 1 1 1 1 1 1 1 1 1 1 1 1 1 1 1 1 1 1 1 1 0.509803951 0.509803951 0.56078434 0.509803951 0.509803951 0.56078434 1 1 1 1 1 1 0.509803951 0.509803951 0.56078434 1 1 1 0.509803951 0.509803951 0.56078434 0.509803951 0.509803951 0.56078434 1 1 1 1 1 1 0.509803951 0.509803951 0.56078434 1 1 1 0.509803951 0.509803951 0.56078434 0.509803951 0.509803951 0.56078434 1 1 1 1 1 1 0.509803951 0.509803951 0.56078434 1 1 1 0.509803951 0.509803951 0.56078434 0.509803951 0.509803951 0.56078434 1 1 1 1 1 1 0.509803951 0.509803951 0.56078434 1 1 1 0.509803951 0.509803951 0.56078434 1 1 1 1 1 1 1 1 1 1 1 1 1 1 1 1 1 1 1 1 1 1 1 1 1 1 1 1 1 1 1 1 1 1 1 1 1 1 1 1 1 1 1 1 1 1 1 1 1 1 1 1 1 1 1 1 1 1 1 1 1 1 1 1 1 1 1 1 1 1 1 1 1 1 1 1 1 1 1 1 1 1 1 1 1 1 1 1 1 1 1 1 1 1 1 1 1 1 1 1 1 1 1 1 1 1 1 1 1 1 1 1 1 1 1 1 1 1 1 1 1 1 1 1 1 1 1 1 1 1 1 1 1 1 1 1 1 1 1 1 1 1 1 1 1 1 1 1 1 1 1 1 1 1 1 1 1 1 1 1 1 1 1 1 1 1 1 1 1 1 1 1 1 1 1 1 1 1 1 1 1 1 1 1 1 1 1 1 1 1 1 1 1 1 1 1 1 1 1 1 1 1 1 1 1 1 1 1 1 1 1 1 1 1 1 1 1 1 1 1 1 1 1 1 1 1 1 1 1 1 1 1 1 1 1 1 1 1 1 1 1 1 1 1 1 1 1 1 1 1 1 1 1 1 1 1 1 1 1 1 1 1 1 1 1 1 1 1 1 1 1 1 1 1 1 1 1 1 1 1 1 1 1 1 1 1 1 1 1 1 1 1 1 1 1 1 1 1 1 1 1 1 1 1 1 1 1 1 1 1 1 1 1 1 1 1 1 1 1 1 1 1 1 1 1 1 1 1 1 1 1 1 1 1 1 1 1 1 1 1 1 1 1 1 1 1 1 1 1 1 1 1 1 1 1 1 1 1 1 1 1 1 1 1 1 1 1 1 1 1 1 1 </float_array>
          <technique_common>
            <accessor count="244" offset="0" source="#m_dun1701_00_00-6-color0-array" stride="3">
              <param name="R" type="float" />
              <param name="G" type="float" />
              <param name="B" type="float" />
            </accessor>
          </technique_common>
        </source>
        <vertices id="m_dun1701_00_00-6-vertices">
          <input semantic="POSITION" source="#m_dun1701_00_00-6-positions" />
        </vertices>
        <polylist count="142" material="defaultMaterial">
          <input offset="0" semantic="VERTEX" source="#m_dun1701_00_00-6-vertices" />
          <input offset="0" semantic="TEXCOORD" source="#m_dun1701_00_00-6-tex0" set="0" />
          <input offset="0" semantic="COLOR" source="#m_dun1701_00_00-6-color0" set="0" />
          <vcount>3 3 3 3 3 3 3 3 3 3 3 3 3 3 3 3 3 3 3 3 3 3 3 3 3 3 3 3 3 3 3 3 3 3 3 3 3 3 3 3 3 3 3 3 3 3 3 3 3 3 3 3 3 3 3 3 3 3 3 3 3 3 3 3 3 3 3 3 3 3 3 3 3 3 3 3 3 3 3 3 3 3 3 3 3 3 3 3 3 3 3 3 3 3 3 3 3 3 3 3 3 3 3 3 3 3 3 3 3 3 3 3 3 3 3 3 3 3 3 3 3 3 3 3 3 3 3 3 3 3 3 3 3 3 3 3 3 3 3 3 3 3 </vcount>
          <p>0 1 2 0 2 3 3 2 4 3 4 5 6 7 8 6 8 9 9 8 10 9 10 11 12 13 14 12 14 15 15 14 16 15 16 17 18 19 20 18 20 21 21 20 22 21 22 23 24 25 26 24 26 27 27 26 28 27 28 29 30 31 32 30 32 33 33 32 34 33 34 35 36 37 38 36 38 39 39 38 40 39 40 41 42 43 44 42 44 45 45 44 46 45 46 47 48 49 50 48 50 51 51 50 52 51 52 53 54 55 56 54 56 57 57 56 58 57 58 59 60 61 62 60 62 63 63 62 64 63 64 65 66 67 68 66 68 69 69 68 70 69 70 71 72 73 74 72 74 75 75 74 76 75 76 77 78 79 80 78 80 81 81 80 82 81 82 83 84 85 86 84 86 87 87 86 88 87 88 89 90 91 92 90 92 93 93 92 94 93 94 95 96 97 98 96 98 99 99 98 100 99 100 101 102 103 104 102 104 105 105 104 106 105 106 107 108 109 110 108 110 111 111 110 112 111 112 113 114 115 116 114 116 117 117 116 118 117 118 119 120 121 122 121 123 122 122 123 124 125 126 127 126 128 127 129 130 131 130 132 131 133 134 135 134 136 135 137 138 139 138 140 139 141 142 143 142 144 143 145 146 147 146 148 147 149 150 151 150 152 151 153 154 155 154 156 155 157 158 159 157 159 160 161 162 163 161 163 164 165 166 167 165 167 168 169 170 171 169 171 172 173 174 175 173 175 176 177 178 179 177 179 180 181 182 183 181 183 184 185 186 187 185 187 188 189 190 191 189 191 192 193 194 195 193 195 196 197 198 199 197 199 200 201 202 203 201 203 204 205 206 207 205 207 208 209 210 211 209 211 212 213 214 215 213 215 216 217 218 219 217 219 220 221 222 223 221 223 224 225 226 227 225 227 228 229 230 231 229 231 232 233 234 235 233 235 236 237 238 239 237 239 240 241 242 243 </p>
        </polylist>
      </mesh>
    </geometry>
    <geometry id="m_dun1701_00_00-7" name="m_dun1701_00_00-7" >
      <mesh>
        <source id="m_dun1701_00_00-7-positions" name="m_dun1701_00_00-7-positions">
          <float_array id="m_dun1701_00_00-7-positions-array" count="780"> 183.234375 383.65625 13.140625 183.234375 358.84375 13.140625 182.875 350.421875 -4.40625 182.875 375.21875 -4.40625 180.75 341.984375 -21.828125 180.75 366.796875 -21.828125 180.75 366.796875 -21.828125 180.75 341.984375 -21.828125 176.90625 333.5625 -38.9375 176.90625 358.359375 -38.9375 171.375 325.140625 -55.59375 171.375 349.9375 -55.59375 171.375 349.9375 -55.59375 171.375 325.140625 -55.59375 164.1875 316.703125 -71.609375 164.1875 341.515625 -71.609375 155.453125 308.28125 -86.828125 155.453125 333.078125 -86.828125 155.453125 333.078125 -86.828125 155.453125 308.28125 -86.828125 145.234375 299.84375 -101.09375 145.234375 324.65625 -101.09375 133.640625 291.421875 -114.265625 133.640625 316.21875 -114.265625 133.640625 316.21875 -114.265625 133.640625 291.421875 -114.265625 120.796875 283 -126.203125 120.796875 307.796875 -126.203125 106.8125 274.5625 -136.8125 106.8125 299.375 -136.8125 106.8125 299.375 -136.8125 106.8125 274.5625 -136.8125 91.84375 266.140625 -145.96875 91.84375 290.9375 -145.96875 76.03125 257.703125 -153.578125 76.03125 282.515625 -153.578125 76.03125 282.515625 -153.578125 76.03125 257.703125 -153.578125 59.53125 249.28125 -159.5625 59.53125 274.078125 -159.5625 42.515625 240.859375 -163.875 42.515625 265.65625 -163.875 42.515625 265.65625 -163.875 42.515625 240.859375 -163.875 25.171875 232.421875 -166.46875 25.171875 257.234375 -166.46875 7.640625 224 -167.3125 7.640625 248.796875 -167.3125 7.640625 248.796875 -167.3125 7.640625 224 -167.3125 -9.890625 215.5625 -166.390625 -9.890625 240.375 -166.390625 -27.234375 207.140625 -163.734375 -27.234375 231.9375 -163.734375 -27.234375 231.9375 -163.734375 -27.234375 207.140625 -163.734375 -44.21875 198.71875 -159.359375 -44.21875 223.515625 -159.359375 -60.6875 190.28125 -153.296875 -60.6875 215.09375 -153.296875 -60.6875 215.09375 -153.296875 -60.6875 190.28125 -153.296875 -76.46875 181.859375 -145.625 -76.46875 206.65625 -145.625 -91.40625 173.4375 -136.40625 -91.40625 198.234375 -136.40625 -91.40625 198.234375 -136.40625 -91.40625 173.4375 -136.40625 -105.34375 165 -125.75 -105.34375 189.796875 -125.75 -118.140625 156.578125 -113.75 -118.140625 181.375 -113.75 -118.140625 181.375 -113.75 -118.140625 156.578125 -113.75 -129.6875 148.140625 -100.53125 -129.6875 172.953125 -100.53125 -139.84375 139.71875 -86.21875 -139.84375 164.515625 -86.21875 -139.84375 164.515625 -86.21875 -139.84375 139.71875 -86.21875 -148.515625 131.296875 -70.96875 -148.515625 156.09375 -70.96875 -155.625 122.859375 -54.921875 -155.625 147.65625 -54.921875 -155.625 147.65625 -54.921875 -155.625 122.859375 -54.921875 -161.09375 114.4375 -38.25 -161.09375 139.234375 -38.25 -164.875 106 -21.109375 -164.875 130.8125 -21.109375 -164.875 130.8125 -21.109375 -164.875 106 -21.109375 -166.921875 97.578125 -3.6875 -166.921875 122.375 -3.6875 -167.21875 89.15625 13.859375 -167.21875 113.953125 13.859375 -167.21875 113.953125 13.859375 -167.21875 89.15625 13.859375 -165.75 80.71875 31.34375 -165.75 105.53125 31.34375 -162.546875 72.296875 48.59375 -162.546875 97.09375 48.59375 -162.546875 97.09375 48.59375 -162.546875 72.296875 48.59375 -157.640625 63.859375 65.4375 -157.640625 88.671875 65.4375 -151.0625 55.4375 81.71875 -151.0625 80.234375 81.71875 -151.0625 80.234375 81.71875 -151.0625 55.4375 81.71875 -142.890625 47.015625 97.25 -142.890625 71.8125 97.25 -133.21875 38.578125 111.890625 -133.21875 63.390625 111.890625 -133.21875 63.390625 111.890625 -133.21875 38.578125 111.890625 -122.125 30.15625 125.484375 -122.125 54.953125 125.484375 -109.734375 21.71875 137.90625 -109.734375 46.53125 137.90625 -109.734375 46.53125 137.90625 -109.734375 21.71875 137.90625 -96.15625 13.296875 149.015625 -96.15625 38.09375 149.015625 -81.53125 4.875 158.71875 -81.53125 29.671875 158.71875 -57.203125 13.296875 96.265625 -57.203125 38.09375 96.265625 -48.0625 29.671875 102.34375 -48.0625 4.875 102.34375 -38.34375 21.25 107.46875 -38.34375 -3.5625 107.46875 78.609375 283 -76.03125 78.609375 307.796875 -76.03125 69.84375 299.375 -82.65625 69.84375 274.5625 -82.65625 60.484375 290.9375 -88.390625 60.484375 266.140625 -88.390625 117.46875 350.421875 0.21875 117.46875 375.21875 0.21875 116.140625 366.796875 -10.6875 116.140625 341.984375 -10.6875 113.734375 358.359375 -21.390625 113.734375 333.5625 -21.390625 113.734375 333.5625 -21.390625 113.734375 358.359375 -21.390625 110.265625 349.9375 -31.828125 110.265625 325.140625 -31.828125 105.765625 341.515625 -41.84375 105.765625 316.703125 -41.84375 105.765625 316.703125 -41.84375 105.765625 341.515625 -41.84375 100.296875 333.078125 -51.375 100.296875 308.28125 -51.375 93.90625 324.65625 -60.296875 93.90625 299.84375 -60.296875 93.90625 299.84375 -60.296875 93.90625 324.65625 -60.296875 86.640625 316.21875 -68.546875 86.640625 291.421875 -68.546875 78.609375 307.796875 -76.03125 78.609375 283 -76.03125 60.484375 266.140625 -88.390625 60.484375 290.9375 -88.390625 50.578125 282.515625 -93.15625 50.578125 257.703125 -93.15625 40.25 274.078125 -96.90625 40.25 249.28125 -96.90625 40.25 249.28125 -96.90625 40.25 274.078125 -96.90625 29.609375 265.65625 -99.609375 29.609375 240.859375 -99.609375 18.734375 257.234375 -101.234375 18.734375 232.421875 -101.234375 18.734375 232.421875 -101.234375 18.734375 257.234375 -101.234375 7.765625 248.796875 -101.75 7.765625 224 -101.75 -3.203125 240.375 -101.1875 -3.203125 215.5625 -101.1875 -3.203125 215.5625 -101.1875 -3.203125 240.375 -101.1875 -14.0625 231.9375 -99.515625 -14.0625 207.140625 -99.515625 -24.6875 223.515625 -96.78125 -24.6875 198.71875 -96.78125 -24.6875 198.71875 -96.78125 -24.6875 223.515625 -96.78125 -35 215.09375 -92.984375 -35 190.28125 -92.984375 -44.875 206.65625 -88.171875 -44.875 181.859375 -88.171875 -44.875 181.859375 -88.171875 -44.875 206.65625 -88.171875 -54.234375 198.234375 -82.40625 -54.234375 173.4375 -82.40625 -62.953125 189.796875 -75.734375 -62.953125 165 -75.734375 -62.953125 165 -75.734375 -62.953125 189.796875 -75.734375 -70.96875 181.375 -68.21875 -70.96875 156.578125 -68.21875 -78.1875 172.953125 -59.953125 -78.1875 148.140625 -59.953125 -78.1875 148.140625 -59.953125 -78.1875 172.953125 -59.953125 -84.546875 164.515625 -50.984375 -84.546875 139.71875 -50.984375 -89.984375 156.09375 -41.4375 -89.984375 131.296875 -41.4375 -89.984375 131.296875 -41.4375 -89.984375 156.09375 -41.4375 -94.4375 147.65625 -31.40625 -94.4375 122.859375 -31.40625 -97.859375 139.234375 -20.96875 -97.859375 114.4375 -20.96875 -97.859375 114.4375 -20.96875 -97.859375 139.234375 -20.96875 -100.21875 130.8125 -10.234375 -100.21875 106 -10.234375 -101.5 122.375 0.671875 -101.5 97.578125 0.671875 -101.5 97.578125 0.671875 -101.5 122.375 0.671875 -101.6875 113.953125 11.65625 -101.6875 89.15625 11.65625 -100.765625 105.53125 22.609375 -100.765625 80.71875 22.609375 -100.765625 80.71875 22.609375 -100.765625 105.53125 22.609375 -98.765625 97.09375 33.40625 -98.765625 72.296875 33.40625 -95.6875 88.671875 43.953125 -95.6875 63.859375 43.953125 -95.6875 63.859375 43.953125 -95.6875 88.671875 43.953125 -91.578125 80.234375 54.140625 -91.578125 55.4375 54.140625 -86.46875 71.8125 63.859375 -86.46875 47.015625 63.859375 -86.46875 47.015625 63.859375 -86.46875 71.8125 63.859375 -80.40625 63.390625 73.015625 -80.40625 38.578125 73.015625 -73.46875 54.953125 81.53125 -73.46875 30.15625 81.53125 -73.46875 30.15625 81.53125 -73.46875 54.953125 81.53125 -65.703125 46.53125 89.3125 -65.703125 21.71875 89.3125 -57.203125 38.09375 96.265625 -57.203125 13.296875 96.265625 -81.53125 4.875 158.71875 -66.015625 -3.5625 166.921875 -66.015625 21.25 166.921875 -81.53125 29.671875 158.71875 117.46875 350.421875 0.21875 117.6875 358.84375 11.203125 117.6875 383.65625 11.203125 117.46875 375.21875 0.21875 </float_array>
          <technique_common>
            <accessor count="260" offset="0" source="#m_dun1701_00_00-7-positions-array" stride="3">
              <param name="X" type="float" />
              <param name="Y" type="float" />
              <param name="Z" type="float" />
            </accessor>
          </technique_common>
        </source>
        <source id="m_dun1701_00_00-7-tex0" name="m_dun1701_00_00-7-tex0">
          <float_array id="m_dun1701_00_00-7-tex0-array" count="520"> -0.5 1 -0.5 0 0 0 0 1 0.5 0 0.5 1 -0.5 1 -0.5 0 0 0 0 1 0.5 0 0.5 1 -0.5 1 -0.5 0 0 0 0 1 0.5 0 0.5 1 -0.5 1 -0.5 0 0 0 0 1 0.5 0 0.5 1 -0.5 1 -0.5 0 0 0 0 1 0.5 0 0.5 1 -0.5 1 -0.5 0 0 0 0 1 0.5 0 0.5 1 -0.5 1 -0.5 0 0 0 0 1 0.5 0 0.5 1 -0.5 1 -0.5 0 0 0 0 1 0.5 0 0.5 1 -0.5 1 -0.5 0 0 0 0 1 0.5 0 0.5 1 -0.5 1 -0.5 0 0 0 0 1 0.5 0 0.5 1 -0.5 1 -0.5 0 0 0 0 1 0.5 0 0.5 1 -0.5 1 -0.5 0 0 0 0 1 0.5 0 0.5 1 -0.5 1 -0.5 0 0 0 0 1 0.5 0 0.5 1 -0.5 1 -0.5 0 0 0 0 1 0.5 0 0.5 1 -0.5 1 -0.5 0 0 0 0 1 0.5 0 0.5 1 -0.5 1 -0.5 0 0 0 0 1 0.5 0 0.5 1 -0.5 1 -0.5 0 0 0 0 1 0.5 0 0.5 1 -0.5 1 -0.5 0 0 0 0 1 0.5 0 0.5 1 -0.5 1 -0.5 0 0 0 0 1 0.5 0 0.5 1 -0.5 1 -0.5 0 0 0 0 1 0.5 0 0.5 1 -0.5 1 -0.5 0 0 0 0 1 0.5 0 0.5 1 1 -1 1 0 0.5 0 0.5 -1 0 0 0 -1 1 -1 1 0 0.5 0 0.5 -1 0 0 0 -1 1 -1 1 0 0.5 0 0.5 -1 0 0 0 -1 1 -1 1 0 0.5 0 0.5 -1 0 0 0 -1 1 -1 1 0 0.5 0 0.5 -1 0 0 0 -1 1 -1 1 0 0.5 0 0.5 -1 0 0 0 -1 1 -1 1 0 0.5 0 0.5 -1 0 0 0 -1 1 -1 1 0 0.5 0 0.5 -1 0 0 0 -1 1 -1 1 0 0.5 0 0.5 -1 0 0 0 -1 1 -1 1 0 0.5 0 0.5 -1 0 0 0 -1 1 -1 1 0 0.5 0 0.5 -1 0 0 0 -1 1 -1 1 0 0.5 0 0.5 -1 0 0 0 -1 1 -1 1 0 0.5 0 0.5 -1 0 0 0 -1 1 -1 1 0 0.5 0 0.5 -1 0 0 0 -1 1 -1 1 0 0.5 0 0.5 -1 0 0 0 -1 1 -1 1 0 0.5 0 0.5 -1 0 0 0 -1 1 -1 1 0 0.5 0 0.5 -1 0 0 0 -1 1 -1 1 0 0.5 0 0.5 -1 0 0 0 -1 1 -1 1 0 0.5 0 0.5 -1 0 0 0 -1 1 -1 1 0 0.5 0 0.5 -1 0 0 0 -1 1 -1 1 0 0.5 0 0.5 -1 0 0 0 -1 -0.5 0 0 0 0 1 -0.5 1 0 -1 0.5 -1 0.5 0 0 0 </float_array>
          <technique_common>
            <accessor count="260" offset="0" source="#m_dun1701_00_00-7-tex0-array" stride="2">
              <param name="S" type="float" />
              <param name="T" type="float" />
            </accessor>
          </technique_common>
        </source>
        <source id="m_dun1701_00_00-7-color0" name="m_dun1701_00_00-7-color0">
          <float_array id="m_dun1701_00_00-7-color0-array" count="780"> 0 0 0 0 0 0 0 0 0 0 0 0 0 0 0 0 0 0 0 0 0 0 0 0 0 0 0 0 0 0 0 0 0 0 0 0 0 0 0 0 0 0 0 0 0 0 0 0 0 0 0 0 0 0 0 0 0 0 0 0 0 0 0 0 0 0 0 0 0 0 0 0 0 0 0 0 0 0 0 0 0 0 0 0 0 0 0 0 0 0 0 0 0 0 0 0 0 0 0 0 0 0 0 0 0 0 0 0 0 0 0 0 0 0 0.0313725509 0.0313725509 0.0313725509 0.0313725509 0.0313725509 0.0313725509 0.125490203 0.125490203 0.125490203 0.125490203 0.125490203 0.125490203 0.125490203 0.125490203 0.125490203 0.125490203 0.125490203 0.125490203 0.227450982 0.227450982 0.227450982 0.227450982 0.227450982 0.227450982 0.333333343 0.333333343 0.333333343 0.333333343 0.333333343 0.333333343 0.333333343 0.333333343 0.333333343 0.333333343 0.333333343 0.333333343 0.333333343 0.333333343 0.333333343 0.333333343 0.333333343 0.333333343 0.615686297 0.615686297 0.615686297 0.615686297 0.615686297 0.615686297 0.615686297 0.615686297 0.615686297 0.615686297 0.615686297 0.615686297 1 1 1 1 1 1 1 1 1 1 1 1 1 1 1 1 1 1 0.615686297 0.615686297 0.615686297 0.615686297 0.615686297 0.615686297 1 1 1 1 1 1 1 1 1 1 1 1 1 1 1 1 1 1 1 1 1 1 1 1 1 1 1 1 1 1 1 1 1 1 1 1 0.615686297 0.615686297 0.615686297 0.615686297 0.615686297 0.615686297 0.615686297 0.615686297 0.615686297 0.615686297 0.615686297 0.615686297 1 1 1 1 1 1 1 1 1 1 1 1 1 1 1 1 1 1 0.615686297 0.615686297 0.615686297 0.615686297 0.615686297 0.615686297 1 1 1 1 1 1 1 1 1 1 1 1 1 1 1 0.615686297 0.615686297 0.615686297 1 1 1 1 1 1 1 1 1 1 1 1 1 1 1 1 1 1 1 1 1 1 1 1 1 1 1 1 1 1 1 1 1 1 1 1 0.615686297 0.615686297 0.615686297 0.615686297 0.615686297 0.615686297 0.615686297 0.615686297 0.615686297 0.615686297 0.615686297 0.615686297 1 1 1 1 1 1 1 1 1 1 1 1 1 1 1 1 1 1 1 1 1 1 1 1 0.615686297 0.615686297 0.615686297 0.615686297 0.615686297 0.615686297 0.615686297 0.615686297 0.615686297 0.615686297 0.615686297 0.615686297 1 1 1 1 1 1 1 1 1 1 1 1 1 1 1 1 1 1 0.615686297 0.615686297 0.615686297 0.615686297 0.615686297 0.615686297 1 1 1 1 1 1 0 0 0 0 0 0 0 0 0 0 0 0 0 0 0 0 0 0 0 0 0 0 0 0 0 0 0 0 0 0 0 0 0 0 0 0 0 0 0 0 0 0 0 0 0 0 0 0 0 0 0 0 0 0 0 0 0 0 0 0 0 0 0 0 0 0 0 0 0 0 0 0 0 0 0 0 0 0 0 0 0 0 0 0 0 0 0 0 0 0 0 0 0 0 0 0 0 0 0 0 0 0 0.0313725509 0.0313725509 0.0313725509 0.0313725509 0.0313725509 0.0313725509 0.0313725509 0.0313725509 0.0313725509 0.0313725509 0.0313725509 0.0313725509 0.125490203 0.125490203 0.125490203 0.125490203 0.125490203 0.125490203 0.227450982 0.227450982 0.227450982 0.227450982 0.227450982 0.227450982 0.227450982 0.227450982 0.227450982 0.227450982 0.227450982 0.227450982 0.333333343 0.333333343 0.333333343 0.333333343 0.333333343 0.333333343 0.333333343 0.333333343 0.333333343 0.333333343 0.333333343 0.333333343 0.333333343 0.333333343 0.333333343 0.333333343 0.333333343 0.333333343 0.615686297 0.615686297 0.615686297 0.615686297 0.615686297 0.615686297 1 1 1 1 1 1 1 1 1 1 1 1 0.615686297 0.615686297 0.615686297 0.615686297 0.615686297 0.615686297 1 1 1 1 1 1 1 1 1 1 1 1 1 1 1 1 1 1 1 1 1 1 1 1 1 1 1 1 1 1 0.615686297 0.615686297 0.615686297 0.615686297 0.615686297 0.615686297 1 1 1 1 1 1 1 1 1 1 1 1 1 1 1 1 1 1 1 1 1 1 1 1 1 1 1 1 1 1 1 1 1 1 1 1 1 1 1 1 1 1 1 1 1 1 1 1 1 1 1 1 1 1 1 1 1 1 1 1 1 1 1 1 1 1 0.615686297 0.615686297 0.615686297 0.615686297 0.615686297 0.615686297 1 1 1 1 1 1 1 1 1 1 1 1 1 1 1 1 1 1 1 1 1 1 1 1 1 1 1 1 1 1 1 1 1 1 1 1 1 1 1 1 1 1 1 1 1 1 1 1 1 1 1 1 1 1 0.615686297 0.615686297 0.615686297 0.615686297 0.615686297 0.615686297 0.615686297 0.615686297 0.615686297 0.615686297 0.615686297 0.615686297 1 1 1 1 1 1 1 1 1 1 1 1 1 1 1 1 1 1 1 1 1 1 1 1 0 0 0 0 0 0 0 0 0 0 0 0 </float_array>
          <technique_common>
            <accessor count="260" offset="0" source="#m_dun1701_00_00-7-color0-array" stride="3">
              <param name="R" type="float" />
              <param name="G" type="float" />
              <param name="B" type="float" />
            </accessor>
          </technique_common>
        </source>
        <vertices id="m_dun1701_00_00-7-vertices">
          <input semantic="POSITION" source="#m_dun1701_00_00-7-positions" />
        </vertices>
        <polylist count="172" material="defaultMaterial">
          <input offset="0" semantic="VERTEX" source="#m_dun1701_00_00-7-vertices" />
          <input offset="0" semantic="TEXCOORD" source="#m_dun1701_00_00-7-tex0" set="0" />
          <input offset="0" semantic="COLOR" source="#m_dun1701_00_00-7-color0" set="0" />
          <vcount>3 3 3 3 3 3 3 3 3 3 3 3 3 3 3 3 3 3 3 3 3 3 3 3 3 3 3 3 3 3 3 3 3 3 3 3 3 3 3 3 3 3 3 3 3 3 3 3 3 3 3 3 3 3 3 3 3 3 3 3 3 3 3 3 3 3 3 3 3 3 3 3 3 3 3 3 3 3 3 3 3 3 3 3 3 3 3 3 3 3 3 3 3 3 3 3 3 3 3 3 3 3 3 3 3 3 3 3 3 3 3 3 3 3 3 3 3 3 3 3 3 3 3 3 3 3 3 3 3 3 3 3 3 3 3 3 3 3 3 3 3 3 3 3 3 3 3 3 3 3 3 3 3 3 3 3 3 3 3 3 3 3 3 3 3 3 3 3 3 3 3 3 </vcount>
          <p>0 1 2 0 2 3 3 2 4 3 4 5 6 7 8 6 8 9 9 8 10 9 10 11 12 13 14 12 14 15 15 14 16 15 16 17 18 19 20 18 20 21 21 20 22 21 22 23 24 25 26 24 26 27 27 26 28 27 28 29 30 31 32 30 32 33 33 32 34 33 34 35 36 37 38 36 38 39 39 38 40 39 40 41 42 43 44 42 44 45 45 44 46 45 46 47 48 49 50 48 50 51 51 50 52 51 52 53 54 55 56 54 56 57 57 56 58 57 58 59 60 61 62 60 62 63 63 62 64 63 64 65 66 67 68 66 68 69 69 68 70 69 70 71 72 73 74 72 74 75 75 74 76 75 76 77 78 79 80 78 80 81 81 80 82 81 82 83 84 85 86 84 86 87 87 86 88 87 88 89 90 91 92 90 92 93 93 92 94 93 94 95 96 97 98 96 98 99 99 98 100 99 100 101 102 103 104 102 104 105 105 104 106 105 106 107 108 109 110 108 110 111 111 110 112 111 112 113 114 115 116 114 116 117 117 116 118 117 118 119 120 121 122 120 122 123 123 122 124 123 124 125 126 127 128 126 128 129 129 128 130 129 130 131 132 133 134 132 134 135 135 134 136 135 136 137 138 139 140 138 140 141 141 140 142 141 142 143 144 145 146 144 146 147 147 146 148 147 148 149 150 151 152 150 152 153 153 152 154 153 154 155 156 157 158 156 158 159 159 158 160 159 160 161 162 163 164 162 164 165 165 164 166 165 166 167 168 169 170 168 170 171 171 170 172 171 172 173 174 175 176 174 176 177 177 176 178 177 178 179 180 181 182 180 182 183 183 182 184 183 184 185 186 187 188 186 188 189 189 188 190 189 190 191 192 193 194 192 194 195 195 194 196 195 196 197 198 199 200 198 200 201 201 200 202 201 202 203 204 205 206 204 206 207 207 206 208 207 208 209 210 211 212 210 212 213 213 212 214 213 214 215 216 217 218 216 218 219 219 218 220 219 220 221 222 223 224 222 224 225 225 224 226 225 226 227 228 229 230 228 230 231 231 230 232 231 232 233 234 235 236 234 236 237 237 236 238 237 238 239 240 241 242 240 242 243 243 242 244 243 244 245 246 247 248 246 248 249 249 248 250 249 250 251 252 253 254 252 254 255 256 257 258 256 258 259 </p>
        </polylist>
      </mesh>
    </geometry>
    <geometry id="m_dun1701_00_00-8" name="m_dun1701_00_00-8" >
      <mesh>
        <source id="m_dun1701_00_00-8-positions" name="m_dun1701_00_00-8-positions">
          <float_array id="m_dun1701_00_00-8-positions-array" count="834"> -174.0625 1.265625 -20.828125 -174.0625 154.515625 -20.828125 -174.0625 154.515625 36.828125 -174.0625 1.265625 36.828125 -156.234375 154.515625 91.6875 -156.234375 1.265625 91.6875 172.234375 1.265625 -75.6875 172.234375 154.515625 -75.6875 138.34375 154.515625 -122.34375 138.34375 1.265625 -122.34375 91.6875 154.515625 -156.234375 91.6875 1.265625 -156.234375 190.0625 1.265625 36.828125 190.0625 154.515625 36.828125 190.0625 154.515625 -20.828125 190.0625 1.265625 -20.828125 172.234375 154.515625 -75.6875 172.234375 1.265625 -75.6875 138.34375 1.265625 138.34375 138.34375 154.515625 138.34375 172.234375 154.515625 91.6875 172.234375 1.265625 91.6875 190.0625 154.515625 36.828125 190.0625 1.265625 36.828125 36.828125 1.265625 190.0625 36.828125 154.515625 190.0625 91.6875 154.515625 172.234375 91.6875 1.265625 172.234375 138.34375 154.515625 138.34375 138.34375 1.265625 138.34375 138.34375 345.625 138.34375 172.234375 345.625 91.6875 172.234375 244.765625 91.6875 138.34375 244.765625 138.34375 172.234375 154.515625 91.6875 138.34375 154.515625 138.34375 -156.234375 1.265625 91.6875 -156.234375 154.515625 91.6875 -122.34375 154.515625 138.34375 -122.34375 1.265625 138.34375 -75.6875 154.515625 172.234375 -75.6875 1.265625 172.234375 138.34375 340 -122.34375 91.6875 340 -156.234375 91.6875 244.765625 -156.234375 138.34375 244.765625 -122.34375 91.6875 154.515625 -156.234375 138.34375 154.515625 -122.34375 -122.34375 1.265625 -122.34375 -122.34375 154.515625 -122.34375 -156.234375 154.515625 -75.6875 -156.234375 1.265625 -75.6875 -174.0625 154.515625 -20.828125 -174.0625 1.265625 -20.828125 -20.828125 1.265625 -174.0625 -20.828125 154.515625 -174.0625 -75.6875 154.515625 -156.234375 -75.6875 1.265625 -156.234375 -122.34375 154.515625 -122.34375 -122.34375 1.265625 -122.34375 190.0625 340 -20.828125 172.234375 340 -75.6875 172.234375 244.765625 -75.6875 190.0625 244.765625 -20.828125 172.234375 154.515625 -75.6875 190.0625 154.515625 -20.828125 190.0625 345.625 36.828125 190.0625 340 -20.828125 190.0625 244.765625 -20.828125 190.0625 244.765625 36.828125 190.0625 154.515625 -20.828125 190.0625 154.515625 36.828125 172.234375 345.625 91.6875 190.0625 345.625 36.828125 190.0625 244.765625 36.828125 172.234375 244.765625 91.6875 190.0625 154.515625 36.828125 172.234375 154.515625 91.6875 91.6875 345.625 172.234375 138.34375 345.625 138.34375 138.34375 244.765625 138.34375 91.6875 244.765625 172.234375 138.34375 154.515625 138.34375 91.6875 154.515625 172.234375 36.828125 345.625 190.0625 91.6875 345.625 172.234375 91.6875 244.765625 172.234375 36.828125 244.765625 190.0625 91.6875 154.515625 172.234375 36.828125 154.515625 190.0625 -20.828125 345.625 190.0625 36.828125 345.625 190.0625 36.828125 244.765625 190.0625 -20.828125 244.765625 190.0625 36.828125 154.515625 190.0625 -20.828125 154.515625 190.0625 -75.6875 345.625 172.234375 -20.828125 345.625 190.0625 -20.828125 244.765625 190.0625 -75.6875 244.765625 172.234375 -20.828125 154.515625 190.0625 -75.6875 154.515625 172.234375 -122.34375 345.625 138.34375 -75.6875 345.625 172.234375 -75.6875 244.765625 172.234375 -122.34375 244.765625 138.34375 -75.6875 154.515625 172.234375 -122.34375 154.515625 138.34375 -156.234375 345.625 91.6875 -122.34375 345.625 138.34375 -122.34375 244.765625 138.34375 -156.234375 244.765625 91.6875 -122.34375 154.515625 138.34375 -156.234375 154.515625 91.6875 -174.0625 340 36.828125 -156.234375 345.625 91.6875 -156.234375 244.765625 91.6875 -174.0625 244.765625 36.828125 -156.234375 154.515625 91.6875 -174.0625 154.515625 36.828125 -174.0625 340 -20.828125 -174.0625 340 36.828125 -174.0625 244.765625 36.828125 -174.0625 244.765625 -20.828125 -174.0625 154.515625 36.828125 -174.0625 154.515625 -20.828125 -156.234375 340 -75.6875 -174.0625 340 -20.828125 -174.0625 244.765625 -20.828125 -156.234375 244.765625 -75.6875 -174.0625 154.515625 -20.828125 -156.234375 154.515625 -75.6875 -122.34375 340 -122.34375 -156.234375 340 -75.6875 -156.234375 244.765625 -75.6875 -122.34375 244.765625 -122.34375 -156.234375 154.515625 -75.6875 -122.34375 154.515625 -122.34375 -75.6875 340 -156.234375 -122.34375 340 -122.34375 -122.34375 244.765625 -122.34375 -75.6875 244.765625 -156.234375 -122.34375 154.515625 -122.34375 -75.6875 154.515625 -156.234375 -20.828125 340 -174.0625 -75.6875 340 -156.234375 -75.6875 244.765625 -156.234375 -20.828125 244.765625 -174.0625 -75.6875 154.515625 -156.234375 -20.828125 154.515625 -174.0625 36.828125 340 -174.0625 -20.828125 340 -174.0625 -20.828125 244.765625 -174.0625 36.828125 244.765625 -174.0625 -20.828125 154.515625 -174.0625 36.828125 154.515625 -174.0625 91.6875 340 -156.234375 36.828125 340 -174.0625 36.828125 244.765625 -174.0625 91.6875 244.765625 -156.234375 36.828125 154.515625 -174.0625 91.6875 154.515625 -156.234375 172.234375 340 -75.6875 138.34375 340 -122.34375 138.34375 244.765625 -122.34375 172.234375 244.765625 -75.6875 138.34375 154.515625 -122.34375 172.234375 154.515625 -75.6875 18.515625 76 190.0625 36.828125 154.515625 190.0625 32 64.03125 190.0625 36.828125 1.265625 190.0625 32 1.265625 190.0625 -16 1.265625 190.0625 -20.828125 1.265625 190.0625 -16 64.03125 190.0625 -20.828125 154.515625 190.0625 -4.203125 76 190.0625 -75.6875 -4 -156.234375 -20.828125 -4 -174.0625 -20.828125 1.265625 -174.0625 -75.6875 1.265625 -156.234375 18.515625 76 190.0625 -4.203125 76 190.0625 -20.828125 154.515625 190.0625 36.828125 154.515625 190.0625 36.828125 -4 -174.0625 91.6875 -4 -156.234375 91.6875 1.265625 -156.234375 36.828125 1.265625 -174.0625 91.6875 -4 -156.234375 138.34375 -4 -122.34375 138.34375 1.265625 -122.34375 91.6875 1.265625 -156.234375 138.34375 -4 -122.34375 172.234375 -4 -75.6875 172.234375 1.265625 -75.6875 138.34375 1.265625 -122.34375 36.828125 -4 190.0625 32 -4 190.0625 32 1.265625 190.0625 36.828125 1.265625 190.0625 -20.828125 1.265625 190.0625 -75.6875 1.265625 172.234375 -75.6875 154.515625 172.234375 -20.828125 154.515625 190.0625 -20.828125 1.265625 -174.0625 36.828125 1.265625 -174.0625 36.828125 154.515625 -174.0625 -20.828125 154.515625 -174.0625 -20.828125 -4 -174.0625 36.828125 -4 -174.0625 36.828125 1.265625 -174.0625 -20.828125 1.265625 -174.0625 36.828125 1.265625 -174.0625 91.6875 1.265625 -156.234375 91.6875 154.515625 -156.234375 36.828125 154.515625 -174.0625 172.234375 -4 -75.6875 190.0625 -4 -20.828125 190.0625 1.265625 -20.828125 172.234375 1.265625 -75.6875 190.0625 -4 -20.828125 190.0625 -4 36.828125 190.0625 1.265625 36.828125 190.0625 1.265625 -20.828125 190.0625 -4 36.828125 172.234375 -4 91.6875 172.234375 1.265625 91.6875 190.0625 1.265625 36.828125 172.234375 -4 91.6875 138.34375 -4 138.34375 138.34375 1.265625 138.34375 172.234375 1.265625 91.6875 91.6875 -4 172.234375 36.828125 -4 190.0625 36.828125 1.265625 190.0625 91.6875 1.265625 172.234375 -16 -4 190.0625 -20.828125 -4 190.0625 -20.828125 1.265625 190.0625 -16 1.265625 190.0625 -20.828125 -4 190.0625 -75.6875 -4 172.234375 -75.6875 1.265625 172.234375 -20.828125 1.265625 190.0625 -75.6875 -4 172.234375 -122.34375 -4 138.34375 -122.34375 1.265625 138.34375 -75.6875 1.265625 172.234375 -156.234375 -4 91.6875 -174.0625 -4 36.828125 -174.0625 1.265625 36.828125 -156.234375 1.265625 91.6875 138.34375 -4 138.34375 91.6875 -4 172.234375 91.6875 1.265625 172.234375 138.34375 1.265625 138.34375 -174.0625 -4 -20.828125 -156.234375 -4 -75.6875 -156.234375 1.265625 -75.6875 -174.0625 1.265625 -20.828125 -156.234375 -4 -75.6875 -122.34375 -4 -122.34375 -122.34375 1.265625 -122.34375 -156.234375 1.265625 -75.6875 -122.34375 -4 138.34375 -156.234375 -4 91.6875 -156.234375 1.265625 91.6875 -122.34375 1.265625 138.34375 -122.34375 -4 -122.34375 -75.6875 -4 -156.234375 -75.6875 1.265625 -156.234375 -122.34375 1.265625 -122.34375 -174.0625 -4 36.828125 -174.0625 -4 -20.828125 -174.0625 1.265625 -20.828125 -174.0625 1.265625 36.828125 </float_array>
          <technique_common>
            <accessor count="278" offset="0" source="#m_dun1701_00_00-8-positions-array" stride="3">
              <param name="X" type="float" />
              <param name="Y" type="float" />
              <param name="Z" type="float" />
            </accessor>
          </technique_common>
        </source>
        <source id="m_dun1701_00_00-8-tex0" name="m_dun1701_00_00-8-tex0">
          <float_array id="m_dun1701_00_00-8-tex0-array" count="556"> 1 -0.950195312 1 1 0 1 0 -0.950195312 -1 1 -1 -0.950195312 1 -0.950195312 1 1 0 1 0 -0.950195312 -1 1 -1 -0.950195312 1 -0.950195312 1 1 0 1 0 -0.950195312 -1 1 -1 -0.950195312 1 -0.950195312 1 1 0 1 0 -0.950195312 -1 1 -1 -0.950195312 1 -0.950195312 1 1 0 1 0 -0.950195312 -1 1 -1 -0.950195312 -1 1 -2 1 -2 0 -1 0 -2 -1 -1 -1 1 -0.950195312 1 1 0 1 0 -0.950195312 -1 1 -1 -0.950195312 -2 1 -3 1 -3 0 -2 0 -3 -1 -2 -1 1 -0.950195312 1 1 0 1 0 -0.950195312 -1 1 -1 -0.950195312 1 -0.950195312 1 1 0 1 0 -0.950195312 -1 1 -1 -0.950195312 -2 1 -3 1 -3 0 -2 0 -3 -1 -2 -1 -1 1 -2 1 -2 0 -1 0 -2 -1 -1 -1 -2 1 -3 1 -3 0 -2 0 -3 -1 -2 -1 -2 1 -3 1 -3 0 -2 0 -3 -1 -2 -1 -1 1 -2 1 -2 0 -1 0 -2 -1 -1 -1 -2 1 -3 1 -3 0 -2 0 -3 -1 -2 -1 -1 1 -2 1 -2 0 -1 0 -2 -1 -1 -1 -2 1 -3 1 -3 0 -2 0 -3 -1 -2 -1 -1 1 -2 1 -2 0 -1 0 -2 -1 -1 -1 -2 1 -3 1 -3 0 -2 0 -3 -1 -2 -1 -1 1 -2 1 -2 0 -1 0 -2 -1 -1 -1 -2 1 -3 1 -3 0 -2 0 -3 -1 -2 -1 -1 1 -2 1 -2 0 -1 0 -2 -1 -1 -1 -2 1 -3 1 -3 0 -2 0 -3 -1 -2 -1 -1 1 -2 1 -2 0 -1 0 -2 -1 -1 -1 -2 1 -3 1 -3 0 -2 0 -3 -1 -2 -1 -1 1 -2 1 -2 0 -1 0 -2 -1 -1 -1 -1 1 -2 1 -2 0 -1 0 -2 -1 -1 -1 1.29003906 -0.00537109375 0.999023438 0.998046875 1.12402344 -0.150390625 0.999023438 -0.952148438 1.13964844 -0.952148438 1.86328125 -0.952148438 2.00097656 -0.952148438 1.87792969 -0.150390625 2.00097656 0.998046875 1.7109375 -0.00537109375 -1 -1 0 -1 0 -0.950195312 -1 -0.950195312 1.29003906 -0.00537109375 1.7109375 -0.00537109375 2.00097656 0.998046875 0.999023438 0.998046875 -1 -1 0 -1 0 -0.950195312 -1 -0.950195312 -1 -1 0 -1 0 -0.950195312 -1 -0.950195312 -1 -1 0 -1 0 -0.950195312 -1 -0.950195312 0.999023438 -0.952148438 1.12402344 -0.952148438 1.13964844 -0.952148438 0.999023438 -0.952148438 0 -0.950195312 1 -0.950195312 1 1 0 1 0 -0.950195312 1 -0.950195312 1 1 0 1 -1 -1 0 -1 0 -0.950195312 -1 -0.950195312 0 -0.950195312 1 -0.950195312 1 1 0 1 -1 -1 0 -1 0 -0.950195312 -1 -0.950195312 -1 -1 0 -1 0 -0.950195312 -1 -0.950195312 -1 -1 0 -1 0 -0.950195312 -1 -0.950195312 -1 -1 0 -1 0 -0.950195312 -1 -0.950195312 -1 -1 0 -1 0 -0.950195312 -1 -0.950195312 1.84960938 -0.952148438 2.00097656 -0.952148438 2.00097656 -0.952148438 1.86328125 -0.952148438 -1 -1 0 -1 0 -0.950195312 -1 -0.950195312 -1 -1 0 -1 0 -0.950195312 -1 -0.950195312 -1 -1 0 -1 0 -0.950195312 -1 -0.950195312 -1 -1 0 -1 0 -0.950195312 -1 -0.950195312 -1 -1 0 -1 0 -0.950195312 -1 -0.950195312 -1 -1 0 -1 0 -0.950195312 -1 -0.950195312 -1 -1 0 -1 0 -0.950195312 -1 -0.950195312 -1 -1 0 -1 0 -0.950195312 -1 -0.950195312 -1 -1 0 -1 0 -0.950195312 -1 -0.950195312 </float_array>
          <technique_common>
            <accessor count="278" offset="0" source="#m_dun1701_00_00-8-tex0-array" stride="2">
              <param name="S" type="float" />
              <param name="T" type="float" />
            </accessor>
          </technique_common>
        </source>
        <source id="m_dun1701_00_00-8-color0" name="m_dun1701_00_00-8-color0">
          <float_array id="m_dun1701_00_00-8-color0-array" count="834"> 1 1 1 0.262745112 0.262745112 0.333333343 0.262745112 0.262745112 0.333333343 1 1 1 0.262745112 0.262745112 0.333333343 1 1 1 1 1 1 0.262745112 0.262745112 0.333333343 0.262745112 0.262745112 0.333333343 1 1 1 0.262745112 0.262745112 0.333333343 1 1 1 1 1 1 0.262745112 0.262745112 0.333333343 0.262745112 0.262745112 0.333333343 1 1 1 0.262745112 0.262745112 0.333333343 1 1 1 1 1 1 0.262745112 0.262745112 0.333333343 0.262745112 0.262745112 0.333333343 1 1 1 0.262745112 0.262745112 0.333333343 1 1 1 1 1 1 0.262745112 0.262745112 0.333333343 0.262745112 0.262745112 0.333333343 1 1 1 0.262745112 0.262745112 0.333333343 1 1 1 0 0 0 0 0 0 0.0666666701 0.0666666701 0.0862745121 0.0666666701 0.0666666701 0.0862745121 0.262745112 0.262745112 0.333333343 0.262745112 0.262745112 0.333333343 1 1 1 0.262745112 0.262745112 0.333333343 0.262745112 0.262745112 0.333333343 1 1 1 0.262745112 0.262745112 0.333333343 1 1 1 0 0 0 0 0 0 0.145098045 0.145098045 0.172549024 0.145098045 0.145098045 0.172549024 0.262745112 0.262745112 0.333333343 0.262745112 0.262745112 0.333333343 1 1 1 0.262745112 0.262745112 0.333333343 0.262745112 0.262745112 0.333333343 1 1 1 0.262745112 0.262745112 0.333333343 1 1 1 1 1 1 0.262745112 0.262745112 0.333333343 0.262745112 0.262745112 0.333333343 1 1 1 0.262745112 0.262745112 0.333333343 1 1 1 0 0 0 0 0 0 0.145098045 0.145098045 0.172549024 0.145098045 0.145098045 0.172549024 0.262745112 0.262745112 0.333333343 0.262745112 0.262745112 0.333333343 0 0 0 0 0 0 0.145098045 0.145098045 0.172549024 0.145098045 0.145098045 0.172549024 0.262745112 0.262745112 0.333333343 0.262745112 0.262745112 0.333333343 0 0 0 0 0 0 0.145098045 0.145098045 0.172549024 0.0666666701 0.0666666701 0.0862745121 0.262745112 0.262745112 0.333333343 0.262745112 0.262745112 0.333333343 0 0 0 0 0 0 0.0666666701 0.0666666701 0.0862745121 0.0666666701 0.0666666701 0.0862745121 0.262745112 0.262745112 0.333333343 0.262745112 0.262745112 0.333333343 0 0 0 0 0 0 0.0666666701 0.0666666701 0.0862745121 0.0666666701 0.0666666701 0.0862745121 0.262745112 0.262745112 0.333333343 0.262745112 0.262745112 0.333333343 0 0 0 0 0 0 0.0666666701 0.0666666701 0.0862745121 0.0666666701 0.0666666701 0.0862745121 0.262745112 0.262745112 0.333333343 0.262745112 0.262745112 0.333333343 0 0 0 0 0 0 0.0666666701 0.0666666701 0.0862745121 0.0666666701 0.0666666701 0.0862745121 0.262745112 0.262745112 0.333333343 0.262745112 0.262745112 0.333333343 0 0 0 0 0 0 0.0666666701 0.0666666701 0.0862745121 0.0666666701 0.0666666701 0.0862745121 0.262745112 0.262745112 0.333333343 0.262745112 0.262745112 0.333333343 0 0 0 0 0 0 0.0666666701 0.0666666701 0.0862745121 0.0666666701 0.0666666701 0.0862745121 0.262745112 0.262745112 0.333333343 0.262745112 0.262745112 0.333333343 0 0 0 0 0 0 0.0666666701 0.0666666701 0.0862745121 0.145098045 0.145098045 0.172549024 0.262745112 0.262745112 0.333333343 0.262745112 0.262745112 0.333333343 0 0 0 0 0 0 0.145098045 0.145098045 0.172549024 0.145098045 0.145098045 0.172549024 0.262745112 0.262745112 0.333333343 0.262745112 0.262745112 0.333333343 0 0 0 0 0 0 0.145098045 0.145098045 0.172549024 0.145098045 0.145098045 0.172549024 0.262745112 0.262745112 0.333333343 0.262745112 0.262745112 0.333333343 0 0 0 0 0 0 0.145098045 0.145098045 0.172549024 0.145098045 0.145098045 0.172549024 0.262745112 0.262745112 0.333333343 0.262745112 0.262745112 0.333333343 0 0 0 0 0 0 0.145098045 0.145098045 0.172549024 0.145098045 0.145098045 0.172549024 0.262745112 0.262745112 0.333333343 0.262745112 0.262745112 0.333333343 0 0 0 0 0 0 0.145098045 0.145098045 0.172549024 0.145098045 0.145098045 0.172549024 0.262745112 0.262745112 0.333333343 0.262745112 0.262745112 0.333333343 0 0 0 0 0 0 0.145098045 0.145098045 0.172549024 0.145098045 0.145098045 0.172549024 0.262745112 0.262745112 0.333333343 0.262745112 0.262745112 0.333333343 0 0 0 0 0 0 0.145098045 0.145098045 0.172549024 0.145098045 0.145098045 0.172549024 0.262745112 0.262745112 0.333333343 0.262745112 0.262745112 0.333333343 0 0 0 0 0 0 0.145098045 0.145098045 0.172549024 0.145098045 0.145098045 0.172549024 0.262745112 0.262745112 0.333333343 0.262745112 0.262745112 0.333333343 0.4627451 0.4627451 0.509803951 0.262745112 0.262745112 0.333333343 0.670588255 0.670588255 0.729411781 1 1 1 1 1 1 1 1 1 1 1 1 0.670588255 0.670588255 0.729411781 0.262745112 0.262745112 0.333333343 0.4627451 0.4627451 0.509803951 0.333333343 0.333333343 0.333333343 0.333333343 0.333333343 0.333333343 1 1 1 1 1 1 0.4627451 0.4627451 0.509803951 0.4627451 0.4627451 0.509803951 0.262745112 0.262745112 0.333333343 0.262745112 0.262745112 0.333333343 0.333333343 0.333333343 0.333333343 0.333333343 0.333333343 0.333333343 1 1 1 1 1 1 0.333333343 0.333333343 0.333333343 0.333333343 0.333333343 0.333333343 1 1 1 1 1 1 0.333333343 0.333333343 0.333333343 0.333333343 0.333333343 0.333333343 1 1 1 1 1 1 0.333333343 0.333333343 0.333333343 0.333333343 0.333333343 0.333333343 1 1 1 1 1 1 1 1 1 1 1 1 0.262745112 0.262745112 0.333333343 0.262745112 0.262745112 0.333333343 1 1 1 1 1 1 0.262745112 0.262745112 0.333333343 0.262745112 0.262745112 0.333333343 0.333333343 0.333333343 0.333333343 0.333333343 0.333333343 0.333333343 1 1 1 1 1 1 1 1 1 1 1 1 0.262745112 0.262745112 0.333333343 0.262745112 0.262745112 0.333333343 0.333333343 0.333333343 0.333333343 0.333333343 0.333333343 0.333333343 1 1 1 1 1 1 0.333333343 0.333333343 0.333333343 0.333333343 0.333333343 0.333333343 1 1 1 1 1 1 0.333333343 0.333333343 0.333333343 0.333333343 0.333333343 0.333333343 1 1 1 1 1 1 0.333333343 0.333333343 0.333333343 0.333333343 0.333333343 0.333333343 1 1 1 1 1 1 0.333333343 0.333333343 0.333333343 0.333333343 0.333333343 0.333333343 1 1 1 1 1 1 0.333333343 0.333333343 0.333333343 0.333333343 0.333333343 0.333333343 1 1 1 1 1 1 0.333333343 0.333333343 0.333333343 0.333333343 0.333333343 0.333333343 1 1 1 1 1 1 0.333333343 0.333333343 0.333333343 0.333333343 0.333333343 0.333333343 1 1 1 1 1 1 0.333333343 0.333333343 0.333333343 0.333333343 0.333333343 0.333333343 1 1 1 1 1 1 0.333333343 0.333333343 0.333333343 0.333333343 0.333333343 0.333333343 1 1 1 1 1 1 0.333333343 0.333333343 0.333333343 0.333333343 0.333333343 0.333333343 1 1 1 1 1 1 0.333333343 0.333333343 0.333333343 0.333333343 0.333333343 0.333333343 1 1 1 1 1 1 0.333333343 0.333333343 0.333333343 0.333333343 0.333333343 0.333333343 1 1 1 1 1 1 0.333333343 0.333333343 0.333333343 0.333333343 0.333333343 0.333333343 1 1 1 1 1 1 0.333333343 0.333333343 0.333333343 0.333333343 0.333333343 0.333333343 1 1 1 1 1 1 </float_array>
          <technique_common>
            <accessor count="278" offset="0" source="#m_dun1701_00_00-8-color0-array" stride="3">
              <param name="R" type="float" />
              <param name="G" type="float" />
              <param name="B" type="float" />
            </accessor>
          </technique_common>
        </source>
        <vertices id="m_dun1701_00_00-8-vertices">
          <input semantic="POSITION" source="#m_dun1701_00_00-8-positions" />
        </vertices>
        <polylist count="168" material="defaultMaterial">
          <input offset="0" semantic="VERTEX" source="#m_dun1701_00_00-8-vertices" />
          <input offset="0" semantic="TEXCOORD" source="#m_dun1701_00_00-8-tex0" set="0" />
          <input offset="0" semantic="COLOR" source="#m_dun1701_00_00-8-color0" set="0" />
          <vcount>3 3 3 3 3 3 3 3 3 3 3 3 3 3 3 3 3 3 3 3 3 3 3 3 3 3 3 3 3 3 3 3 3 3 3 3 3 3 3 3 3 3 3 3 3 3 3 3 3 3 3 3 3 3 3 3 3 3 3 3 3 3 3 3 3 3 3 3 3 3 3 3 3 3 3 3 3 3 3 3 3 3 3 3 3 3 3 3 3 3 3 3 3 3 3 3 3 3 3 3 3 3 3 3 3 3 3 3 3 3 3 3 3 3 3 3 3 3 3 3 3 3 3 3 3 3 3 3 3 3 3 3 3 3 3 3 3 3 3 3 3 3 3 3 3 3 3 3 3 3 3 3 3 3 3 3 3 3 3 3 3 3 3 3 3 3 3 3 </vcount>
          <p>0 1 2 0 2 3 3 2 4 3 4 5 6 7 8 6 8 9 9 8 10 9 10 11 12 13 14 12 14 15 15 14 16 15 16 17 18 19 20 18 20 21 21 20 22 21 22 23 24 25 26 24 26 27 27 26 28 27 28 29 30 31 32 30 32 33 33 32 34 33 34 35 36 37 38 36 38 39 39 38 40 39 40 41 42 43 44 42 44 45 45 44 46 45 46 47 48 49 50 48 50 51 51 50 52 51 52 53 54 55 56 54 56 57 57 56 58 57 58 59 60 61 62 60 62 63 63 62 64 63 64 65 66 67 68 66 68 69 69 68 70 69 70 71 72 73 74 72 74 75 75 74 76 75 76 77 78 79 80 78 80 81 81 80 82 81 82 83 84 85 86 84 86 87 87 86 88 87 88 89 90 91 92 90 92 93 93 92 94 93 94 95 96 97 98 96 98 99 99 98 100 99 100 101 102 103 104 102 104 105 105 104 106 105 106 107 108 109 110 108 110 111 111 110 112 111 112 113 114 115 116 114 116 117 117 116 118 117 118 119 120 121 122 120 122 123 123 122 124 123 124 125 126 127 128 126 128 129 129 128 130 129 130 131 132 133 134 132 134 135 135 134 136 135 136 137 138 139 140 138 140 141 141 140 142 141 142 143 144 145 146 144 146 147 147 146 148 147 148 149 150 151 152 150 152 153 153 152 154 153 154 155 156 157 158 156 158 159 159 158 160 159 160 161 162 163 164 162 164 165 165 164 166 165 166 167 168 169 170 169 171 170 170 171 172 173 174 175 174 176 175 175 176 177 178 179 180 178 180 181 182 183 184 182 184 185 186 187 188 186 188 189 190 191 192 190 192 193 194 195 196 194 196 197 198 199 200 198 200 201 202 203 204 202 204 205 206 207 208 206 208 209 210 211 212 210 212 213 214 215 216 214 216 217 218 219 220 218 220 221 222 223 224 222 224 225 226 227 228 226 228 229 230 231 232 230 232 233 234 235 236 234 236 237 238 239 240 238 240 241 242 243 244 242 244 245 246 247 248 246 248 249 250 251 252 250 252 253 254 255 256 254 256 257 258 259 260 258 260 261 262 263 264 262 264 265 266 267 268 266 268 269 270 271 272 270 272 273 274 275 276 274 276 277 </p>
        </polylist>
      </mesh>
    </geometry>
    <geometry id="m_dun1701_00_00-9" name="m_dun1701_00_00-9" >
      <mesh>
        <source id="m_dun1701_00_00-9-positions" name="m_dun1701_00_00-9-positions">
          <float_array id="m_dun1701_00_00-9-positions-array" count="1608"> -20.953125 -2.3125 165.890625 -20.953125 9.6875 165.890625 -19.78125 9.6875 168.71875 -19.78125 -2.3125 168.71875 -20.953125 9.6875 171.546875 -20.953125 -2.3125 171.546875 -23.78125 9.6875 172.71875 -23.78125 -2.3125 172.71875 -26.609375 9.6875 171.546875 -26.609375 -2.3125 171.546875 -27.78125 9.6875 168.71875 -27.78125 -2.3125 168.71875 -26.609375 9.6875 165.890625 -26.609375 -2.3125 165.890625 -23.78125 9.6875 164.71875 -23.78125 -2.3125 164.71875 -20.953125 9.6875 165.890625 -20.953125 -2.3125 165.890625 -14.5 -2.3125 123.046875 -14.5 9.6875 123.046875 -13.328125 9.6875 125.875 -13.328125 -2.3125 125.875 -14.5 9.6875 128.703125 -14.5 -2.3125 128.703125 -17.328125 9.6875 129.875 -17.328125 -2.3125 129.875 -20.171875 9.6875 128.703125 -20.171875 -2.3125 128.703125 -21.328125 9.6875 125.875 -21.328125 -2.3125 125.875 -20.171875 9.6875 123.046875 -20.171875 -2.3125 123.046875 -17.328125 9.6875 121.875 -17.328125 -2.3125 121.875 -14.5 9.6875 123.046875 -14.5 -2.3125 123.046875 -30.0625 -2.3125 119 -30.0625 9.6875 119 -28.890625 9.6875 121.828125 -28.890625 -2.3125 121.828125 -30.0625 9.6875 124.65625 -30.0625 -2.3125 124.65625 -32.890625 9.6875 125.828125 -32.890625 -2.3125 125.828125 -35.71875 9.6875 124.65625 -35.71875 -2.3125 124.65625 -36.890625 9.6875 121.828125 -36.890625 -2.3125 121.828125 -35.71875 9.6875 119 -35.71875 -2.3125 119 -32.890625 9.6875 117.828125 -32.890625 -2.3125 117.828125 -30.0625 9.6875 119 -30.0625 -2.3125 119 -42.296875 -2.3125 161.375 -42.296875 9.6875 161.375 -41.125 9.6875 164.203125 -41.125 -2.3125 164.203125 -42.296875 9.6875 167.03125 -42.296875 -2.3125 167.03125 -45.125 9.6875 168.203125 -45.125 -2.3125 168.203125 -47.953125 9.6875 167.03125 -47.953125 -2.3125 167.03125 -49.125 9.6875 164.203125 -49.125 -2.3125 164.203125 -47.953125 9.6875 161.375 -47.953125 -2.3125 161.375 -45.125 9.6875 160.203125 -45.125 -2.3125 160.203125 -42.296875 9.6875 161.375 -42.296875 -2.3125 161.375 -47.953125 9.6875 161.375 -45.125 9.6875 164.203125 -45.125 9.6875 160.203125 -42.296875 9.6875 161.375 -20.953125 9.6875 165.890625 -23.78125 9.6875 168.71875 -19.78125 9.6875 168.71875 -20.953125 9.6875 171.546875 -20.953125 9.6875 171.546875 -23.78125 9.6875 168.71875 -23.78125 9.6875 172.71875 -26.609375 9.6875 171.546875 -26.609375 9.6875 171.546875 -23.78125 9.6875 168.71875 -27.78125 9.6875 168.71875 -26.609375 9.6875 165.890625 -26.609375 9.6875 165.890625 -23.78125 9.6875 168.71875 -23.78125 9.6875 164.71875 -20.953125 9.6875 165.890625 -14.5 9.6875 123.046875 -17.328125 9.6875 125.875 -13.328125 9.6875 125.875 -14.5 9.6875 128.703125 -14.5 9.6875 128.703125 -17.328125 9.6875 125.875 -17.328125 9.6875 129.875 -20.171875 9.6875 128.703125 -20.171875 9.6875 128.703125 -17.328125 9.6875 125.875 -21.328125 9.6875 125.875 -20.171875 9.6875 123.046875 -20.171875 9.6875 123.046875 -17.328125 9.6875 125.875 -17.328125 9.6875 121.875 -14.5 9.6875 123.046875 -30.0625 9.6875 119 -32.890625 9.6875 121.828125 -28.890625 9.6875 121.828125 -30.0625 9.6875 124.65625 -30.0625 9.6875 124.65625 -32.890625 9.6875 121.828125 -32.890625 9.6875 125.828125 -35.71875 9.6875 124.65625 -35.71875 9.6875 124.65625 -32.890625 9.6875 121.828125 -36.890625 9.6875 121.828125 -35.71875 9.6875 119 -35.71875 9.6875 119 -32.890625 9.6875 121.828125 -32.890625 9.6875 117.828125 -30.0625 9.6875 119 -42.296875 9.6875 161.375 -45.125 9.6875 164.203125 -41.125 9.6875 164.203125 -42.296875 9.6875 167.03125 -42.296875 9.6875 167.03125 -45.125 9.6875 164.203125 -45.125 9.6875 168.203125 -47.953125 9.6875 167.03125 -47.953125 9.6875 167.03125 -45.125 9.6875 164.203125 -49.125 9.6875 164.203125 -47.953125 9.6875 161.375 117.46875 350.421875 0.21875 117.46875 342.421875 0.21875 117.6875 350.84375 11.203125 117.6875 358.84375 11.203125 116.140625 341.984375 -10.6875 116.140625 333.984375 -10.6875 117.46875 342.421875 0.21875 117.46875 350.421875 0.21875 113.734375 333.5625 -21.390625 113.734375 325.5625 -21.390625 116.140625 333.984375 -10.6875 116.140625 341.984375 -10.6875 105.765625 316.703125 -41.84375 105.765625 308.703125 -41.84375 110.265625 317.140625 -31.828125 110.265625 325.140625 -31.828125 100.296875 308.28125 -51.375 100.296875 300.28125 -51.375 105.765625 308.703125 -41.84375 105.765625 316.703125 -41.84375 93.90625 299.84375 -60.296875 93.90625 291.84375 -60.296875 100.296875 300.28125 -51.375 100.296875 308.28125 -51.375 86.640625 291.421875 -68.546875 86.640625 283.421875 -68.546875 93.90625 291.84375 -60.296875 93.90625 299.84375 -60.296875 78.609375 283 -76.03125 78.609375 275 -76.03125 86.640625 283.421875 -68.546875 86.640625 291.421875 -68.546875 69.84375 274.5625 -82.65625 69.84375 266.5625 -82.65625 78.609375 275 -76.03125 78.609375 283 -76.03125 60.484375 266.140625 -88.390625 60.484375 258.140625 -88.390625 69.84375 266.5625 -82.65625 69.84375 274.5625 -82.65625 50.578125 257.703125 -93.15625 50.578125 249.703125 -93.15625 60.484375 258.140625 -88.390625 60.484375 266.140625 -88.390625 40.25 249.28125 -96.90625 40.25 241.28125 -96.90625 50.578125 249.703125 -93.15625 50.578125 257.703125 -93.15625 29.609375 240.859375 -99.609375 29.609375 232.859375 -99.609375 40.25 241.28125 -96.90625 40.25 249.28125 -96.90625 18.734375 232.421875 -101.234375 18.734375 224.421875 -101.234375 29.609375 232.859375 -99.609375 29.609375 240.859375 -99.609375 7.765625 224 -101.75 7.765625 216 -101.75 18.734375 224.421875 -101.234375 18.734375 232.421875 -101.234375 -3.203125 215.5625 -101.1875 -3.203125 207.5625 -101.1875 7.765625 216 -101.75 7.765625 224 -101.75 -14.0625 207.140625 -99.515625 -14.0625 199.140625 -99.515625 -3.203125 207.5625 -101.1875 -3.203125 215.5625 -101.1875 -24.6875 198.71875 -96.78125 -24.6875 190.71875 -96.78125 -14.0625 199.140625 -99.515625 -14.0625 207.140625 -99.515625 -35 190.28125 -92.984375 -35 182.28125 -92.984375 -24.6875 190.71875 -96.78125 -24.6875 198.71875 -96.78125 -44.875 181.859375 -88.171875 -44.875 173.859375 -88.171875 -35 182.28125 -92.984375 -35 190.28125 -92.984375 -54.234375 173.4375 -82.40625 -54.234375 165.4375 -82.40625 -44.875 173.859375 -88.171875 -44.875 181.859375 -88.171875 -62.953125 165 -75.734375 -62.953125 157 -75.734375 -54.234375 165.4375 -82.40625 -54.234375 173.4375 -82.40625 110.265625 325.140625 -31.828125 110.265625 317.140625 -31.828125 113.734375 325.5625 -21.390625 113.734375 333.5625 -21.390625 -78.1875 148.140625 -59.953125 -78.1875 140.140625 -59.953125 -70.96875 148.578125 -68.21875 -70.96875 156.578125 -68.21875 -84.546875 139.71875 -50.984375 -84.546875 131.71875 -50.984375 -78.1875 140.140625 -59.953125 -78.1875 148.140625 -59.953125 -89.984375 131.296875 -41.4375 -89.984375 123.296875 -41.4375 -84.546875 131.71875 -50.984375 -84.546875 139.71875 -50.984375 -94.4375 122.859375 -31.40625 -94.4375 114.859375 -31.40625 -89.984375 123.296875 -41.4375 -89.984375 131.296875 -41.4375 -97.859375 114.4375 -20.96875 -97.859375 106.4375 -20.96875 -94.4375 114.859375 -31.40625 -94.4375 122.859375 -31.40625 -100.21875 106 -10.234375 -100.21875 98 -10.234375 -97.859375 106.4375 -20.96875 -97.859375 114.4375 -20.96875 -101.5 97.578125 0.671875 -101.5 89.578125 0.671875 -100.21875 98 -10.234375 -100.21875 106 -10.234375 -101.6875 89.15625 11.65625 -101.6875 81.15625 11.65625 -101.5 89.578125 0.671875 -101.5 97.578125 0.671875 -100.765625 80.71875 22.609375 -100.765625 72.71875 22.609375 -101.6875 81.15625 11.65625 -101.6875 89.15625 11.65625 -98.765625 72.296875 33.40625 -98.765625 64.296875 33.40625 -100.765625 72.71875 22.609375 -100.765625 80.71875 22.609375 -95.6875 63.859375 43.953125 -95.6875 55.859375 43.953125 -98.765625 64.296875 33.40625 -98.765625 72.296875 33.40625 -91.578125 55.4375 54.140625 -91.578125 47.4375 54.140625 -95.6875 55.859375 43.953125 -95.6875 63.859375 43.953125 -86.46875 47.015625 63.859375 -86.46875 39.015625 63.859375 -91.578125 47.4375 54.140625 -91.578125 55.4375 54.140625 -80.40625 38.578125 73.015625 -80.40625 30.578125 73.015625 -86.46875 39.015625 63.859375 -86.46875 47.015625 63.859375 -73.46875 30.15625 81.53125 -73.46875 22.15625 81.53125 -80.40625 30.578125 73.015625 -80.40625 38.578125 73.015625 -65.703125 21.71875 89.3125 -65.703125 13.71875 89.3125 -73.46875 22.15625 81.53125 -73.46875 30.15625 81.53125 -57.203125 13.296875 96.265625 -57.203125 5.296875 96.265625 -65.703125 13.71875 89.3125 -65.703125 21.71875 89.3125 -48.0625 4.875 102.34375 -48.0625 -3.125 102.34375 -57.203125 5.296875 96.265625 -57.203125 13.296875 96.265625 -38.34375 -3.5625 107.46875 -38.34375 -11.5625 107.46875 -48.0625 -3.125 102.34375 -48.0625 4.875 102.34375 -70.96875 156.578125 -68.21875 -70.96875 148.578125 -68.21875 -62.953125 157 -75.734375 -62.953125 165 -75.734375 -64.8125 -1.734375 163.375 -67.671875 -1.734375 170.28125 -67.671875 23.6875 170.28125 -64.8125 23.6875 163.375 -60.765625 -1.734375 173.140625 -57.890625 -1.734375 166.234375 -57.890625 23.6875 166.234375 -60.765625 23.6875 173.140625 -64.8125 23.6875 163.375 -57.890625 23.6875 166.234375 -57.890625 -1.734375 166.234375 -64.8125 -1.734375 163.375 -67.671875 -1.734375 170.28125 -60.765625 -1.734375 173.140625 -60.765625 23.6875 173.140625 -67.671875 23.6875 170.28125 -36.65625 -1.734375 103.078125 -39.515625 -1.734375 109.984375 -39.515625 23.6875 109.984375 -36.65625 23.6875 103.078125 -32.609375 -1.734375 112.84375 -29.75 -1.734375 105.9375 -29.75 23.6875 105.9375 -32.609375 23.6875 112.84375 -36.65625 23.6875 103.078125 -29.75 23.6875 105.9375 -29.75 -1.734375 105.9375 -36.65625 -1.734375 103.078125 -105.34375 165 -125.75 -105.34375 157 -125.75 -118.140625 148.578125 -113.75 -118.140625 156.578125 -113.75 -39.515625 -1.734375 109.984375 -32.609375 -1.734375 112.84375 -32.609375 23.6875 112.84375 -39.515625 23.6875 109.984375 183.234375 358.84375 13.140625 183.234375 350.84375 13.140625 182.875 342.421875 -4.40625 182.875 350.421875 -4.40625 182.875 350.421875 -4.40625 182.875 342.421875 -4.40625 180.75 333.984375 -21.828125 180.75 341.984375 -21.828125 180.75 341.984375 -21.828125 180.75 333.984375 -21.828125 176.90625 325.5625 -38.9375 176.90625 333.5625 -38.9375 176.90625 333.5625 -38.9375 176.90625 325.5625 -38.9375 171.375 317.140625 -55.59375 171.375 325.140625 -55.59375 171.375 325.140625 -55.59375 171.375 317.140625 -55.59375 164.1875 308.703125 -71.609375 164.1875 316.703125 -71.609375 164.1875 316.703125 -71.609375 164.1875 308.703125 -71.609375 155.453125 300.28125 -86.828125 155.453125 308.28125 -86.828125 155.453125 308.28125 -86.828125 155.453125 300.28125 -86.828125 145.234375 291.84375 -101.09375 145.234375 299.84375 -101.09375 -118.140625 156.578125 -113.75 -118.140625 148.578125 -113.75 -129.6875 140.140625 -100.53125 -129.6875 148.140625 -100.53125 145.234375 299.84375 -101.09375 145.234375 291.84375 -101.09375 133.640625 283.421875 -114.265625 133.640625 291.421875 -114.265625 133.640625 291.421875 -114.265625 133.640625 283.421875 -114.265625 120.796875 275 -126.203125 120.796875 283 -126.203125 120.796875 283 -126.203125 120.796875 275 -126.203125 106.8125 266.5625 -136.8125 106.8125 274.5625 -136.8125 106.8125 274.5625 -136.8125 106.8125 266.5625 -136.8125 91.84375 258.140625 -145.96875 91.84375 266.140625 -145.96875 91.84375 266.140625 -145.96875 91.84375 258.140625 -145.96875 76.03125 249.703125 -153.578125 76.03125 257.703125 -153.578125 76.03125 257.703125 -153.578125 76.03125 249.703125 -153.578125 59.53125 241.28125 -159.5625 59.53125 249.28125 -159.5625 59.53125 249.28125 -159.5625 59.53125 241.28125 -159.5625 42.515625 232.859375 -163.875 42.515625 240.859375 -163.875 42.515625 240.859375 -163.875 42.515625 232.859375 -163.875 25.171875 224.421875 -166.46875 25.171875 232.421875 -166.46875 -129.6875 148.140625 -100.53125 -129.6875 140.140625 -100.53125 -139.84375 131.71875 -86.21875 -139.84375 139.71875 -86.21875 25.171875 232.421875 -166.46875 25.171875 224.421875 -166.46875 7.640625 216 -167.3125 7.640625 224 -167.3125 7.640625 224 -167.3125 7.640625 216 -167.3125 -9.890625 207.5625 -166.390625 -9.890625 215.5625 -166.390625 -148.515625 131.296875 -70.96875 -148.515625 123.296875 -70.96875 -155.625 114.859375 -54.921875 -155.625 122.859375 -54.921875 -27.234375 207.140625 -163.734375 -27.234375 199.140625 -163.734375 -44.21875 190.71875 -159.359375 -44.21875 198.71875 -159.359375 -44.21875 198.71875 -159.359375 -44.21875 190.71875 -159.359375 -60.6875 182.28125 -153.296875 -60.6875 190.28125 -153.296875 -60.6875 190.28125 -153.296875 -60.6875 182.28125 -153.296875 -76.46875 173.859375 -145.625 -76.46875 181.859375 -145.625 -76.46875 181.859375 -145.625 -76.46875 173.859375 -145.625 -91.40625 165.4375 -136.40625 -91.40625 173.4375 -136.40625 -91.40625 173.4375 -136.40625 -91.40625 165.4375 -136.40625 -105.34375 157 -125.75 -105.34375 165 -125.75 -139.84375 139.71875 -86.21875 -139.84375 131.71875 -86.21875 -148.515625 123.296875 -70.96875 -148.515625 131.296875 -70.96875 -155.625 122.859375 -54.921875 -155.625 114.859375 -54.921875 -161.09375 106.4375 -38.25 -161.09375 114.4375 -38.25 -9.890625 215.5625 -166.390625 -9.890625 207.5625 -166.390625 -27.234375 199.140625 -163.734375 -27.234375 207.140625 -163.734375 -161.09375 114.4375 -38.25 -161.09375 106.4375 -38.25 -164.875 98 -21.109375 -164.875 106 -21.109375 -164.875 106 -21.109375 -164.875 98 -21.109375 -166.921875 89.578125 -3.6875 -166.921875 97.578125 -3.6875 -166.921875 97.578125 -3.6875 -166.921875 89.578125 -3.6875 -167.21875 81.15625 13.859375 -167.21875 89.15625 13.859375 -167.21875 89.15625 13.859375 -167.21875 81.15625 13.859375 -165.75 72.71875 31.34375 -165.75 80.71875 31.34375 -165.75 80.71875 31.34375 -165.75 72.71875 31.34375 -162.546875 64.296875 48.59375 -162.546875 72.296875 48.59375 -162.546875 72.296875 48.59375 -162.546875 64.296875 48.59375 -157.640625 55.859375 65.4375 -157.640625 63.859375 65.4375 -157.640625 63.859375 65.4375 -157.640625 55.859375 65.4375 -151.0625 47.4375 81.71875 -151.0625 55.4375 81.71875 -151.0625 55.4375 81.71875 -151.0625 47.4375 81.71875 -142.890625 39.015625 97.25 -142.890625 47.015625 97.25 -142.890625 47.015625 97.25 -142.890625 39.015625 97.25 -133.21875 30.578125 111.890625 -133.21875 38.578125 111.890625 -133.21875 38.578125 111.890625 -133.21875 30.578125 111.890625 -122.125 22.15625 125.484375 -122.125 30.15625 125.484375 -122.125 30.15625 125.484375 -122.125 22.15625 125.484375 -109.734375 13.71875 137.90625 -109.734375 21.71875 137.90625 -109.734375 21.71875 137.90625 -109.734375 13.71875 137.90625 -96.15625 5.296875 149.015625 -96.15625 13.296875 149.015625 -96.15625 13.296875 149.015625 -96.15625 5.296875 149.015625 -81.53125 -3.125 158.71875 -81.53125 4.875 158.71875 -81.53125 4.875 158.71875 -81.53125 -3.125 158.71875 -66.015625 -11.5625 166.921875 -66.015625 -3.5625 166.921875 -67.671875 23.6875 170.28125 -60.765625 23.6875 173.140625 -62.78125 31.359375 168.265625 -34.625 31.359375 107.953125 -32.609375 23.6875 112.84375 -29.75 23.6875 105.9375 -39.515625 23.6875 109.984375 -32.609375 23.6875 112.84375 -34.625 31.359375 107.953125 -67.671875 23.6875 170.28125 -62.78125 31.359375 168.265625 -64.8125 23.6875 163.375 -64.8125 23.6875 163.375 -62.78125 31.359375 168.265625 -57.890625 23.6875 166.234375 -36.65625 23.6875 103.078125 -34.625 31.359375 107.953125 -29.75 23.6875 105.9375 -62.78125 31.359375 168.265625 -60.765625 23.6875 173.140625 -57.890625 23.6875 166.234375 -39.515625 23.6875 109.984375 -34.625 31.359375 107.953125 -36.65625 23.6875 103.078125 </float_array>
          <technique_common>
            <accessor count="536" offset="0" source="#m_dun1701_00_00-9-positions-array" stride="3">
              <param name="X" type="float" />
              <param name="Y" type="float" />
              <param name="Z" type="float" />
            </accessor>
          </technique_common>
        </source>
        <source id="m_dun1701_00_00-9-tex0" name="m_dun1701_00_00-9-tex0">
          <float_array id="m_dun1701_00_00-9-tex0-array" count="1072"> 1 0.16015625 1 0.63671875 0.875 0.63671875 0.875 0.16015625 0.75 0.63671875 0.75 0.16015625 0.625 0.63671875 0.625 0.16015625 0.5 0.63671875 0.5 0.16015625 0.375 0.63671875 0.375 0.16015625 0.25 0.63671875 0.25 0.16015625 0.125 0.63671875 0.125 0.16015625 0 0.63671875 0 0.16015625 1 0.16015625 1 0.63671875 0.875 0.63671875 0.875 0.16015625 0.75 0.63671875 0.75 0.16015625 0.625 0.63671875 0.625 0.16015625 0.5 0.63671875 0.5 0.16015625 0.375 0.63671875 0.375 0.16015625 0.25 0.63671875 0.25 0.16015625 0.125 0.63671875 0.125 0.16015625 0 0.63671875 0 0.16015625 1 0.16015625 1 0.63671875 0.875 0.63671875 0.875 0.16015625 0.75 0.63671875 0.75 0.16015625 0.625 0.63671875 0.625 0.16015625 0.5 0.63671875 0.5 0.16015625 0.375 0.63671875 0.375 0.16015625 0.25 0.63671875 0.25 0.16015625 0.125 0.63671875 0.125 0.16015625 0 0.63671875 0 0.16015625 1 0.16015625 1 0.63671875 0.875 0.63671875 0.875 0.16015625 0.75 0.63671875 0.75 0.16015625 0.625 0.63671875 0.625 0.16015625 0.5 0.63671875 0.5 0.16015625 0.375 0.63671875 0.375 0.16015625 0.25 0.63671875 0.25 0.16015625 0.125 0.63671875 0.125 0.16015625 0 0.63671875 0 0.16015625 0.25 0.63671875 0.5 0.796875 0.125 0.63671875 0 0.63671875 1 0.63671875 0.5 0.796875 0.875 0.63671875 0.75 0.63671875 0.75 0.63671875 0.5 0.796875 0.625 0.63671875 0.5 0.63671875 0.5 0.63671875 0.5 0.796875 0.375 0.63671875 0.25 0.63671875 0.25 0.63671875 0.5 0.796875 0.125 0.63671875 0 0.63671875 1 0.63671875 0.5 0.796875 0.875 0.63671875 0.75 0.63671875 0.75 0.63671875 0.5 0.796875 0.625 0.63671875 0.5 0.63671875 0.5 0.63671875 0.5 0.796875 0.375 0.63671875 0.25 0.63671875 0.25 0.63671875 0.5 0.796875 0.125 0.63671875 0 0.63671875 1 0.63671875 0.5 0.796875 0.875 0.63671875 0.75 0.63671875 0.75 0.63671875 0.5 0.796875 0.625 0.63671875 0.5 0.63671875 0.5 0.63671875 0.5 0.796875 0.375 0.63671875 0.25 0.63671875 0.25 0.63671875 0.5 0.796875 0.125 0.63671875 0 0.63671875 1 0.63671875 0.5 0.796875 0.875 0.63671875 0.75 0.63671875 0.75 0.63671875 0.5 0.796875 0.625 0.63671875 0.5 0.63671875 0.5 0.63671875 0.5 0.796875 0.375 0.63671875 0.25 0.63671875 0 0 0 1 1 1 1 0 0 0 0 1 1 1 1 0 0 0 0 1 1 1 1 0 0 0 0 1 1 1 1 0 0 0 0 1 1 1 1 0 0 0 0 1 1 1 1 0 0 0 0 1 1 1 1 0 0 0 0 1 1 1 1 0 0 0 0 1 1 1 1 0 0 0 0 1 1 1 1 0 0 0 0 1 1 1 1 0 0 0 0 1 1 1 1 0 0 0 0 1 1 1 1 0 0 0 0 1 1 1 1 0 0 0 0 1 1 1 1 0 0 0 0 1 1 1 1 0 0 0 0 1 1 1 1 0 0 0 0 1 1 1 1 0 0 0 0 1 1 1 1 0 0 0 0 1 1 1 1 0 0 0 0 1 1 1 1 0 0 0 0 1 1 1 1 0 0 0 0 1 1 1 1 0 0 0 0 1 1 1 1 0 0 0 0 1 1 1 1 0 0 0 0 1 1 1 1 0 0 0 0 1 1 1 1 0 0 0 0 1 1 1 1 0 0 0 0 1 1 1 1 0 0 0 0 1 1 1 1 0 0 0 0 1 1 1 1 0 0 0 0 1 1 1 1 0 0 0 0 1 1 1 1 0 0 0 0 1 1 1 1 0 0 0 0 1 1 1 1 0 0 0 0 1 1 1 1 0 0 0 0 1 1 1 1 0 0 0 0 1 1 1 1 0 0 0 0 1 1 1 1 0 0 0 0 1 1 1 1 0 0 0 0 1 1 1 1 0 0 0 0 1 1 1 1 0 0 0 0 1 1 1 1 0 -1 0 0 0 0 1 -1 1 1 0 2 0 2 1 1 1 0 2 1 2 1 3 0 3 0 0 1 0 1 1 0 1 -1 0 0 0 0 1 -1 1 1 0 2 0 2 1 1 1 0 2 1 2 1 3 0 3 0 0 0 1 1 1 1 0 0 0 1 0 1 1 0 1 0 0 0 1 1 1 1 0 0 0 0 1 1 1 1 0 0 0 0 1 1 1 1 0 0 0 0 1 1 1 1 0 0 0 0 1 1 1 1 0 0 0 0 1 1 1 1 0 0 0 0 1 1 1 1 0 0 0 0 1 1 1 1 0 0 0 0 1 1 1 1 0 0 0 0 1 1 1 1 0 0 0 0 1 1 1 1 0 0 0 0 1 1 1 1 0 0 0 0 1 1 1 1 0 0 0 0 1 1 1 1 0 0 0 0 1 1 1 1 0 0 0 0 1 1 1 1 0 0 0 0 1 1 1 1 0 0 0 0 1 1 1 1 0 0 0 0 1 1 1 1 0 0 0 0 1 1 1 1 0 0 0 0 1 1 1 1 0 0 0 0 1 1 1 1 0 0 0 0 1 1 1 1 0 0 0 0 1 1 1 1 0 0 0 0 1 1 1 1 0 0 0 0 1 1 1 1 0 0 0 0 1 1 1 1 0 0 0 0 1 1 1 1 0 0 0 0 1 1 1 1 0 0 0 0 1 1 1 1 0 0 0 0 1 1 1 1 0 0 0 0 1 1 1 1 0 0 0 0 1 1 1 1 0 0 0 0 1 1 1 1 0 0 0 0 1 1 1 1 0 0 0 0 1 1 1 1 0 0 0 0 1 1 1 1 0 0 0 0 1 1 1 1 0 0 0 0 1 1 1 1 0 0 0 0 1 1 1 1 0 0 0 0 1 1 1 1 0 0 0 0 1 1 1 1 0 -1.78515625 0.64453125 -1.24804688 0.64453125 -1.51757812 0.828125 -1.51367188 0.83984375 -1.78320312 0.65234375 -1.24609375 0.65234375 -1.78515625 0.64453125 -1.24804688 0.64453125 -1.51757812 0.828125 -1.25 0.65234375 -1.52148438 0.83984375 -1.78710938 0.65234375 -1.24609375 0.65625 -1.51171875 0.84375 -1.78320312 0.65625 -1.24609375 0.65625 -1.51171875 0.84375 -1.78320312 0.65625 -1.51367188 0.83984375 -1.78320312 0.65234375 -1.24609375 0.65234375 -1.25 0.65234375 -1.52148438 0.83984375 -1.78710938 0.65234375 </float_array>
          <technique_common>
            <accessor count="536" offset="0" source="#m_dun1701_00_00-9-tex0-array" stride="2">
              <param name="S" type="float" />
              <param name="T" type="float" />
            </accessor>
          </technique_common>
        </source>
        <source id="m_dun1701_00_00-9-color0" name="m_dun1701_00_00-9-color0">
          <float_array id="m_dun1701_00_00-9-color0-array" count="1608"> 0.298039228 0.298039228 0.298039228 0.298039228 0.298039228 0.298039228 0.298039228 0.298039228 0.298039228 0.298039228 0.298039228 0.298039228 0.298039228 0.298039228 0.298039228 0.298039228 0.298039228 0.298039228 0.298039228 0.298039228 0.298039228 0.298039228 0.298039228 0.298039228 0.298039228 0.298039228 0.298039228 0.298039228 0.298039228 0.298039228 0.298039228 0.298039228 0.298039228 0.298039228 0.298039228 0.298039228 0.298039228 0.298039228 0.298039228 0.298039228 0.298039228 0.298039228 0.298039228 0.298039228 0.298039228 0.298039228 0.298039228 0.298039228 0.298039228 0.298039228 0.298039228 0.298039228 0.298039228 0.298039228 0.298039228 0.298039228 0.298039228 0.298039228 0.298039228 0.298039228 0.298039228 0.298039228 0.298039228 0.298039228 0.298039228 0.298039228 0.298039228 0.298039228 0.298039228 0.298039228 0.298039228 0.298039228 0.298039228 0.298039228 0.298039228 0.298039228 0.298039228 0.298039228 0.298039228 0.298039228 0.298039228 0.298039228 0.298039228 0.298039228 0.298039228 0.298039228 0.298039228 0.298039228 0.298039228 0.298039228 0.298039228 0.298039228 0.298039228 0.298039228 0.298039228 0.298039228 0.298039228 0.298039228 0.298039228 0.298039228 0.298039228 0.298039228 0.298039228 0.298039228 0.298039228 0.298039228 0.298039228 0.298039228 0.298039228 0.298039228 0.298039228 0.298039228 0.298039228 0.298039228 0.298039228 0.298039228 0.298039228 0.298039228 0.298039228 0.298039228 0.298039228 0.298039228 0.298039228 0.298039228 0.298039228 0.298039228 0.298039228 0.298039228 0.298039228 0.298039228 0.298039228 0.298039228 0.298039228 0.298039228 0.298039228 0.298039228 0.298039228 0.298039228 0.298039228 0.298039228 0.298039228 0.298039228 0.298039228 0.298039228 0.298039228 0.298039228 0.298039228 0.298039228 0.298039228 0.298039228 0.298039228 0.298039228 0.298039228 0.298039228 0.298039228 0.298039228 0.298039228 0.298039228 0.298039228 0.298039228 0.298039228 0.298039228 0.298039228 0.298039228 0.298039228 0.298039228 0.298039228 0.298039228 0.298039228 0.298039228 0.298039228 0.298039228 0.298039228 0.298039228 0.298039228 0.298039228 0.298039228 0.298039228 0.298039228 0.298039228 0.298039228 0.298039228 0.298039228 0.298039228 0.298039228 0.298039228 0.298039228 0.298039228 0.298039228 0.298039228 0.298039228 0.298039228 0.298039228 0.298039228 0.298039228 0.298039228 0.298039228 0.298039228 0.298039228 0.298039228 0.298039228 0.298039228 0.298039228 0.298039228 0.298039228 0.298039228 0.298039228 0.298039228 0.298039228 0.298039228 0.298039228 0.298039228 0.298039228 0.298039228 0.298039228 0.298039228 1 1 1 1 1 1 1 1 1 1 1 1 1 1 1 1 1 1 1 1 1 1 1 1 1 1 1 1 1 1 1 1 1 1 1 1 1 1 1 1 1 1 1 1 1 1 1 1 1 1 1 1 1 1 1 1 1 1 1 1 1 1 1 1 1 1 1 1 1 1 1 1 1 1 1 1 1 1 1 1 1 1 1 1 1 1 1 1 1 1 1 1 1 1 1 1 1 1 1 1 1 1 1 1 1 1 1 1 1 1 1 1 1 1 1 1 1 1 1 1 1 1 1 1 1 1 1 1 1 1 1 1 1 1 1 1 1 1 1 1 1 1 1 1 1 1 1 1 1 1 1 1 1 1 1 1 1 1 1 1 1 1 1 1 1 1 1 1 1 1 1 1 1 1 1 1 1 1 1 1 1 1 1 1 1 1 1 1 1 1 1 1 0 0 0 0 0 0 0 0 0 0 0 0 0 0 0 0 0 0 0 0 0 0 0 0 0 0 0 0 0 0 0 0 0 0 0 0 0 0 0 0 0 0 0 0 0 0 0 0 0 0 0 0 0 0 0 0 0 0 0 0 0 0 0 0 0 0 0 0 0 0 0 0 0 0 0 0 0 0 0 0 0 0 0 0 0 0 0 0 0 0 0 0 0 0 0 0 0 0 0 0 0 0 0 0 0 0 0 0 0 0 0 0 0 0 0 0 0 0 0 0 0 0 0 0 0 0 0 0 0 0 0 0 0 0 0 0 0 0 0 0 0 0 0 0 0.0313725509 0.0313725509 0.0313725509 0.0313725509 0.0313725509 0.0313725509 0 0 0 0 0 0 0.125490203 0.125490203 0.125490203 0.125490203 0.125490203 0.125490203 0.0313725509 0.0313725509 0.0313725509 0.0313725509 0.0313725509 0.0313725509 0.227450982 0.227450982 0.227450982 0.227450982 0.227450982 0.227450982 0.125490203 0.125490203 0.125490203 0.125490203 0.125490203 0.125490203 0.333333343 0.333333343 0.333333343 0.333333343 0.333333343 0.333333343 0.227450982 0.227450982 0.227450982 0.227450982 0.227450982 0.227450982 0.615686297 0.615686297 0.615686297 0.615686297 0.615686297 0.615686297 0.333333343 0.333333343 0.333333343 0.333333343 0.333333343 0.333333343 0.615686297 0.615686297 0.615686297 0.333333343 0.333333343 0.333333343 0.615686297 0.615686297 0.615686297 0.615686297 0.615686297 0.615686297 0.615686297 0.615686297 0.615686297 0.333333343 0.333333343 0.333333343 0.333333343 0.333333343 0.333333343 0.615686297 0.615686297 0.615686297 0.615686297 0.615686297 0.615686297 0.333333343 0.333333343 0.333333343 0.333333343 0.333333343 0.333333343 0.615686297 0.615686297 0.615686297 0.615686297 0.615686297 0.615686297 0.333333343 0.333333343 0.333333343 0.333333343 0.333333343 0.333333343 0.615686297 0.615686297 0.615686297 0.615686297 0.615686297 0.615686297 0.333333343 0.333333343 0.333333343 0.333333343 0.333333343 0.333333343 0.615686297 0.615686297 0.615686297 0 0 0 0 0 0 0 0 0 0 0 0 0.615686297 0.615686297 0.615686297 0.333333343 0.333333343 0.333333343 0.333333343 0.333333343 0.333333343 0.615686297 0.615686297 0.615686297 0.615686297 0.615686297 0.615686297 0.333333343 0.333333343 0.333333343 0.333333343 0.333333343 0.333333343 0.615686297 0.615686297 0.615686297 0.615686297 0.615686297 0.615686297 0.333333343 0.333333343 0.333333343 0.333333343 0.333333343 0.333333343 0.615686297 0.615686297 0.615686297 0.615686297 0.615686297 0.615686297 0.333333343 0.333333343 0.333333343 0.333333343 0.333333343 0.333333343 0.615686297 0.615686297 0.615686297 0.615686297 0.615686297 0.615686297 0.333333343 0.333333343 0.333333343 0.333333343 0.333333343 0.333333343 0.615686297 0.615686297 0.615686297 0.615686297 0.615686297 0.615686297 0.333333343 0.333333343 0.333333343 0.333333343 0.333333343 0.333333343 0.615686297 0.615686297 0.615686297 0.615686297 0.615686297 0.615686297 0.333333343 0.333333343 0.333333343 0.333333343 0.333333343 0.333333343 0.615686297 0.615686297 0.615686297 0.615686297 0.615686297 0.615686297 0.333333343 0.333333343 0.333333343 0.333333343 0.333333343 0.333333343 0.615686297 0.615686297 0.615686297 0.615686297 0.615686297 0.615686297 0.333333343 0.333333343 0.333333343 0.333333343 0.333333343 0.333333343 0.615686297 0.615686297 0.615686297 0.615686297 0.615686297 0.615686297 0.333333343 0.333333343 0.333333343 0.333333343 0.333333343 0.333333343 0.615686297 0.615686297 0.615686297 0.615686297 0.615686297 0.615686297 0.333333343 0.333333343 0.333333343 0.333333343 0.333333343 0.333333343 0.615686297 0.615686297 0.615686297 0.615686297 0.615686297 0.615686297 0.333333343 0.333333343 0.333333343 0.333333343 0.333333343 0.333333343 0.615686297 0.615686297 0.615686297 0.615686297 0.615686297 0.615686297 0.333333343 0.333333343 0.333333343 0.333333343 0.333333343 0.333333343 0.615686297 0.615686297 0.615686297 0.615686297 0.615686297 0.615686297 0.333333343 0.333333343 0.333333343 0.333333343 0.333333343 0.333333343 0.615686297 0.615686297 0.615686297 0.615686297 0.615686297 0.615686297 0.333333343 0.333333343 0.333333343 0.333333343 0.333333343 0.333333343 0.615686297 0.615686297 0.615686297 0.615686297 0.615686297 0.615686297 0.333333343 0.333333343 0.333333343 0.333333343 0.333333343 0.333333343 0.615686297 0.615686297 0.615686297 0.615686297 0.615686297 0.615686297 0.333333343 0.333333343 0.333333343 0.333333343 0.333333343 0.333333343 0.615686297 0.615686297 0.615686297 0.615686297 0.615686297 0.615686297 0.333333343 0.333333343 0.333333343 0.333333343 0.333333343 0.333333343 0.615686297 0.615686297 0.615686297 0.615686297 0.615686297 0.615686297 0.333333343 0.333333343 0.333333343 0.333333343 0.333333343 0.333333343 0.615686297 0.615686297 0.615686297 0.615686297 0.615686297 0.615686297 0.333333343 0.333333343 0.333333343 0.333333343 0.333333343 0.333333343 0.615686297 0.615686297 0.615686297 0.333333343 0.333333343 0.333333343 0.333333343 0.333333343 0.333333343 0.227450982 0.227450982 0.227450982 0.227450982 0.227450982 0.227450982 0.333333343 0.333333343 0.333333343 0.333333343 0.333333343 0.333333343 0.227450982 0.227450982 0.227450982 0.227450982 0.227450982 0.227450982 0.615686297 0.615686297 0.615686297 0.615686297 0.615686297 0.615686297 0.227450982 0.227450982 0.227450982 0.227450982 0.227450982 0.227450982 0.227450982 0.227450982 0.227450982 0.227450982 0.227450982 0.227450982 0.615686297 0.615686297 0.615686297 0.615686297 0.615686297 0.615686297 0.333333343 0.333333343 0.333333343 0.333333343 0.333333343 0.333333343 0.227450982 0.227450982 0.227450982 0.227450982 0.227450982 0.227450982 0.333333343 0.333333343 0.333333343 0.333333343 0.333333343 0.333333343 0.227450982 0.227450982 0.227450982 0.227450982 0.227450982 0.227450982 0.615686297 0.615686297 0.615686297 0.615686297 0.615686297 0.615686297 0.227450982 0.227450982 0.227450982 0.227450982 0.227450982 0.227450982 0.615686297 0.615686297 0.615686297 0.333333343 0.333333343 0.333333343 0.333333343 0.333333343 0.333333343 0.615686297 0.615686297 0.615686297 0.227450982 0.227450982 0.227450982 0.227450982 0.227450982 0.227450982 0.615686297 0.615686297 0.615686297 0.615686297 0.615686297 0.615686297 0 0 0 0 0 0 0 0 0 0 0 0 0 0 0 0 0 0 0 0 0 0 0 0 0 0 0 0 0 0 0 0 0 0 0 0 0 0 0 0 0 0 0 0 0 0 0 0 0 0 0 0 0 0 0 0 0 0 0 0 0 0 0 0 0 0 0 0 0 0 0 0 0 0 0 0 0 0 0 0 0 0 0 0 0.615686297 0.615686297 0.615686297 0.333333343 0.333333343 0.333333343 0.333333343 0.333333343 0.333333343 0.615686297 0.615686297 0.615686297 0 0 0 0 0 0 0 0 0 0 0 0 0 0 0 0 0 0 0 0 0 0 0 0 0 0 0 0 0 0 0 0 0 0 0 0 0 0 0 0 0 0 0 0 0 0 0 0 0 0 0 0 0 0 0 0 0 0 0 0 0 0 0 0 0 0 0 0 0 0 0 0 0 0 0 0 0 0 0.0313725509 0.0313725509 0.0313725509 0.0313725509 0.0313725509 0.0313725509 0.0313725509 0.0313725509 0.0313725509 0.0313725509 0.0313725509 0.0313725509 0.125490203 0.125490203 0.125490203 0.125490203 0.125490203 0.125490203 0.615686297 0.615686297 0.615686297 0.333333343 0.333333343 0.333333343 0.333333343 0.333333343 0.333333343 0.615686297 0.615686297 0.615686297 0.125490203 0.125490203 0.125490203 0.125490203 0.125490203 0.125490203 0.227450982 0.227450982 0.227450982 0.227450982 0.227450982 0.227450982 0.227450982 0.227450982 0.227450982 0.227450982 0.227450982 0.227450982 0.333333343 0.333333343 0.333333343 0.333333343 0.333333343 0.333333343 0.615686297 0.615686297 0.615686297 0.333333343 0.333333343 0.333333343 0.333333343 0.333333343 0.333333343 0.615686297 0.615686297 0.615686297 0.615686297 0.615686297 0.615686297 0.615686297 0.615686297 0.615686297 0.333333343 0.333333343 0.333333343 0.615686297 0.615686297 0.615686297 0.615686297 0.615686297 0.615686297 0.333333343 0.333333343 0.333333343 0.333333343 0.333333343 0.333333343 0.615686297 0.615686297 0.615686297 0.615686297 0.615686297 0.615686297 0.333333343 0.333333343 0.333333343 0.333333343 0.333333343 0.333333343 0.615686297 0.615686297 0.615686297 0.615686297 0.615686297 0.615686297 0.333333343 0.333333343 0.333333343 0.333333343 0.333333343 0.333333343 0.615686297 0.615686297 0.615686297 0.615686297 0.615686297 0.615686297 0.333333343 0.333333343 0.333333343 0.333333343 0.333333343 0.333333343 0.615686297 0.615686297 0.615686297 0.615686297 0.615686297 0.615686297 0.333333343 0.333333343 0.333333343 0.333333343 0.333333343 0.333333343 0.615686297 0.615686297 0.615686297 0.615686297 0.615686297 0.615686297 0.333333343 0.333333343 0.333333343 0.333333343 0.333333343 0.333333343 0.615686297 0.615686297 0.615686297 0.333333343 0.333333343 0.333333343 0.333333343 0.333333343 0.333333343 0.615686297 0.615686297 0.615686297 0.615686297 0.615686297 0.615686297 0.615686297 0.615686297 0.615686297 0.333333343 0.333333343 0.333333343 0.333333343 0.333333343 0.333333343 0.615686297 0.615686297 0.615686297 0.615686297 0.615686297 0.615686297 0.333333343 0.333333343 0.333333343 0.333333343 0.333333343 0.333333343 0.615686297 0.615686297 0.615686297 0.615686297 0.615686297 0.615686297 0.333333343 0.333333343 0.333333343 0.333333343 0.333333343 0.333333343 0.615686297 0.615686297 0.615686297 0.615686297 0.615686297 0.615686297 0.333333343 0.333333343 0.333333343 0.333333343 0.333333343 0.333333343 0.615686297 0.615686297 0.615686297 0.615686297 0.615686297 0.615686297 0.333333343 0.333333343 0.333333343 0.333333343 0.333333343 0.333333343 0.615686297 0.615686297 0.615686297 0.615686297 0.615686297 0.615686297 0.333333343 0.333333343 0.333333343 0.333333343 0.333333343 0.333333343 0.615686297 0.615686297 0.615686297 0.615686297 0.615686297 0.615686297 0.333333343 0.333333343 0.333333343 0.333333343 0.333333343 0.333333343 0.615686297 0.615686297 0.615686297 0.615686297 0.615686297 0.615686297 0.333333343 0.333333343 0.333333343 0.333333343 0.333333343 0.333333343 0.615686297 0.615686297 0.615686297 0.615686297 0.615686297 0.615686297 0.333333343 0.333333343 0.333333343 0.333333343 0.333333343 0.333333343 0.615686297 0.615686297 0.615686297 0.615686297 0.615686297 0.615686297 0.333333343 0.333333343 0.333333343 0.333333343 0.333333343 0.333333343 0.615686297 0.615686297 0.615686297 0.615686297 0.615686297 0.615686297 0.333333343 0.333333343 0.333333343 0.333333343 0.333333343 0.333333343 0.615686297 0.615686297 0.615686297 0.615686297 0.615686297 0.615686297 0.333333343 0.333333343 0.333333343 0.333333343 0.333333343 0.333333343 0.615686297 0.615686297 0.615686297 0.615686297 0.615686297 0.615686297 0.333333343 0.333333343 0.333333343 0.333333343 0.333333343 0.333333343 0.615686297 0.615686297 0.615686297 0.615686297 0.615686297 0.615686297 0.333333343 0.333333343 0.333333343 0.333333343 0.333333343 0.333333343 0.615686297 0.615686297 0.615686297 0.615686297 0.615686297 0.615686297 0.615686297 0.615686297 0.615686297 0.615686297 0.615686297 0.615686297 0.333333343 0.333333343 0.333333343 0.333333343 0.333333343 0.333333343 0.333333343 0.333333343 0.333333343 0.615686297 0.615686297 0.615686297 0.615686297 0.615686297 0.615686297 0.615686297 0.615686297 0.615686297 0.333333343 0.333333343 0.333333343 0.615686297 0.615686297 0.615686297 0.333333343 0.333333343 0.333333343 0.615686297 0.615686297 0.615686297 0.615686297 0.615686297 0.615686297 0.615686297 0.615686297 0.615686297 0.615686297 0.615686297 0.615686297 0.615686297 0.615686297 0.615686297 0.615686297 0.615686297 0.615686297 0.333333343 0.333333343 0.333333343 0.333333343 0.333333343 0.333333343 0.333333343 0.333333343 0.333333343 0.333333343 0.333333343 0.333333343 0.615686297 0.615686297 0.615686297 0.333333343 0.333333343 0.333333343 </float_array>
          <technique_common>
            <accessor count="536" offset="0" source="#m_dun1701_00_00-9-color0-array" stride="3">
              <param name="R" type="float" />
              <param name="G" type="float" />
              <param name="B" type="float" />
            </accessor>
          </technique_common>
        </source>
        <vertices id="m_dun1701_00_00-9-vertices">
          <input semantic="POSITION" source="#m_dun1701_00_00-9-positions" />
        </vertices>
        <polylist count="292" material="defaultMaterial">
          <input offset="0" semantic="VERTEX" source="#m_dun1701_00_00-9-vertices" />
          <input offset="0" semantic="TEXCOORD" source="#m_dun1701_00_00-9-tex0" set="0" />
          <input offset="0" semantic="COLOR" source="#m_dun1701_00_00-9-color0" set="0" />
          <vcount>3 3 3 3 3 3 3 3 3 3 3 3 3 3 3 3 3 3 3 3 3 3 3 3 3 3 3 3 3 3 3 3 3 3 3 3 3 3 3 3 3 3 3 3 3 3 3 3 3 3 3 3 3 3 3 3 3 3 3 3 3 3 3 3 3 3 3 3 3 3 3 3 3 3 3 3 3 3 3 3 3 3 3 3 3 3 3 3 3 3 3 3 3 3 3 3 3 3 3 3 3 3 3 3 3 3 3 3 3 3 3 3 3 3 3 3 3 3 3 3 3 3 3 3 3 3 3 3 3 3 3 3 3 3 3 3 3 3 3 3 3 3 3 3 3 3 3 3 3 3 3 3 3 3 3 3 3 3 3 3 3 3 3 3 3 3 3 3 3 3 3 3 3 3 3 3 3 3 3 3 3 3 3 3 3 3 3 3 3 3 3 3 3 3 3 3 3 3 3 3 3 3 3 3 3 3 3 3 3 3 3 3 3 3 3 3 3 3 3 3 3 3 3 3 3 3 3 3 3 3 3 3 3 3 3 3 3 3 3 3 3 3 3 3 3 3 3 3 3 3 3 3 3 3 3 3 3 3 3 3 3 3 3 3 3 3 3 3 3 3 3 3 3 3 3 3 3 3 3 3 3 3 3 3 3 3 3 3 3 3 3 3 </vcount>
          <p>0 1 2 0 2 3 3 2 4 3 4 5 5 4 6 5 6 7 7 6 8 7 8 9 9 8 10 9 10 11 11 10 12 11 12 13 13 12 14 13 14 15 15 14 16 15 16 17 18 19 20 18 20 21 21 20 22 21 22 23 23 22 24 23 24 25 25 24 26 25 26 27 27 26 28 27 28 29 29 28 30 29 30 31 31 30 32 31 32 33 33 32 34 33 34 35 36 37 38 36 38 39 39 38 40 39 40 41 41 40 42 41 42 43 43 42 44 43 44 45 45 44 46 45 46 47 47 46 48 47 48 49 49 48 50 49 50 51 51 50 52 51 52 53 54 55 56 54 56 57 57 56 58 57 58 59 59 58 60 59 60 61 61 60 62 61 62 63 63 62 64 63 64 65 65 64 66 65 66 67 67 66 68 67 68 69 69 68 70 69 70 71 72 73 74 73 75 74 76 77 78 77 79 78 80 81 82 81 83 82 84 85 86 85 87 86 88 89 90 89 91 90 92 93 94 93 95 94 96 97 98 97 99 98 100 101 102 101 103 102 104 105 106 105 107 106 108 109 110 109 111 110 112 113 114 113 115 114 116 117 118 117 119 118 120 121 122 121 123 122 124 125 126 125 127 126 128 129 130 129 131 130 132 133 134 133 135 134 136 137 138 136 138 139 140 141 142 140 142 143 144 145 146 144 146 147 148 149 150 148 150 151 152 153 154 152 154 155 156 157 158 156 158 159 160 161 162 160 162 163 164 165 166 164 166 167 168 169 170 168 170 171 172 173 174 172 174 175 176 177 178 176 178 179 180 181 182 180 182 183 184 185 186 184 186 187 188 189 190 188 190 191 192 193 194 192 194 195 196 197 198 196 198 199 200 201 202 200 202 203 204 205 206 204 206 207 208 209 210 208 210 211 212 213 214 212 214 215 216 217 218 216 218 219 220 221 222 220 222 223 224 225 226 224 226 227 228 229 230 228 230 231 232 233 234 232 234 235 236 237 238 236 238 239 240 241 242 240 242 243 244 245 246 244 246 247 248 249 250 248 250 251 252 253 254 252 254 255 256 257 258 256 258 259 260 261 262 260 262 263 264 265 266 264 266 267 268 269 270 268 270 271 272 273 274 272 274 275 276 277 278 276 278 279 280 281 282 280 282 283 284 285 286 284 286 287 288 289 290 288 290 291 292 293 294 292 294 295 296 297 298 296 298 299 300 301 302 300 302 303 304 305 306 304 306 307 308 309 310 308 310 311 312 313 314 312 314 315 316 317 318 316 318 319 320 321 322 320 322 323 324 325 326 324 326 327 328 329 330 328 330 331 332 333 334 332 334 335 336 337 338 336 338 339 340 341 342 340 342 343 344 345 346 344 346 347 348 349 350 348 350 351 352 353 354 352 354 355 356 357 358 356 358 359 360 361 362 360 362 363 364 365 366 364 366 367 368 369 370 368 370 371 372 373 374 372 374 375 376 377 378 376 378 379 380 381 382 380 382 383 384 385 386 384 386 387 388 389 390 388 390 391 392 393 394 392 394 395 396 397 398 396 398 399 400 401 402 400 402 403 404 405 406 404 406 407 408 409 410 408 410 411 412 413 414 412 414 415 416 417 418 416 418 419 420 421 422 420 422 423 424 425 426 424 426 427 428 429 430 428 430 431 432 433 434 432 434 435 436 437 438 436 438 439 440 441 442 440 442 443 444 445 446 444 446 447 448 449 450 448 450 451 452 453 454 452 454 455 456 457 458 456 458 459 460 461 462 460 462 463 464 465 466 464 466 467 468 469 470 468 470 471 472 473 474 472 474 475 476 477 478 476 478 479 480 481 482 480 482 483 484 485 486 484 486 487 488 489 490 488 490 491 492 493 494 492 494 495 496 497 498 496 498 499 500 501 502 500 502 503 504 505 506 504 506 507 508 509 510 508 510 511 512 513 514 515 516 517 518 519 520 521 522 523 524 525 526 527 528 529 530 531 532 533 534 535 </p>
        </polylist>
      </mesh>
    </geometry>
    <geometry id="m_dun1701_00_00-10" name="m_dun1701_00_00-10" >
      <mesh>
        <source id="m_dun1701_00_00-10-positions" name="m_dun1701_00_00-10-positions">
          <float_array id="m_dun1701_00_00-10-positions-array" count="4848"> -67.640625 13.40625 41.5625 -66.28125 13.40625 40.21875 -66.28125 13.40625 25.296875 -67.640625 13.40625 23.9375 -65.234375 13.40625 24.234375 -66.359375 13.40625 22.671875 -54.765625 13.40625 24.234375 -53.640625 13.40625 22.671875 -53.71875 13.40625 25.296875 -52.359375 13.40625 23.9375 -53.71875 13.40625 40.21875 -52.359375 13.40625 41.5625 -54.765625 13.40625 41.265625 -53.640625 13.40625 42.84375 -65.234375 13.40625 41.265625 -66.359375 13.40625 42.84375 -66.28125 13.40625 40.21875 -67.640625 13.40625 41.5625 -43.640625 13.40625 -6.4375 -42.28125 13.40625 -7.78125 -42.28125 13.40625 -22.703125 -43.640625 13.40625 -24.0625 -41.234375 13.40625 -23.765625 -42.359375 13.40625 -25.328125 -30.765625 13.40625 -23.765625 -29.640625 13.40625 -25.328125 -29.71875 13.40625 -22.703125 -28.359375 13.40625 -24.0625 -29.71875 13.40625 -7.78125 -28.359375 13.40625 -6.4375 -30.765625 13.40625 -6.734375 -29.640625 13.40625 -5.15625 -41.234375 13.40625 -6.734375 -42.359375 13.40625 -5.15625 -42.28125 13.40625 -7.78125 -43.640625 13.40625 -6.4375 -76 7 44.859375 -73.953125 7 43.09375 -73.953125 7 22.03125 -76 7 21 -72.28125 7 20.375 -74 7 19 -23.71875 7 20.375 -22 7 19 -22.046875 7 22.03125 -20 7 21 -22.046875 7 43.09375 -20 7 44.859375 -23.71875 7 44.75 -22 7 46.859375 -72.28125 7 44.75 -74 7 46.859375 -73.953125 7 43.09375 -76 7 44.859375 -67.640625 13.40625 -6.4375 -66.28125 13.40625 -7.78125 -66.28125 13.40625 -22.703125 -67.640625 13.40625 -24.0625 -65.234375 13.40625 -23.765625 -66.359375 13.40625 -25.328125 -54.765625 13.40625 -23.765625 -53.640625 13.40625 -25.328125 -53.71875 13.40625 -22.703125 -52.359375 13.40625 -24.0625 -53.71875 13.40625 -7.78125 -52.359375 13.40625 -6.4375 -54.765625 13.40625 -6.734375 -53.640625 13.40625 -5.15625 -65.234375 13.40625 -6.734375 -66.359375 13.40625 -5.15625 -66.28125 13.40625 -7.78125 -67.640625 13.40625 -6.4375 -43.640625 13.40625 89.5625 -42.28125 13.40625 88.21875 -42.28125 13.40625 73.296875 -43.640625 13.40625 71.9375 -41.234375 13.40625 72.234375 -42.359375 13.40625 70.671875 -30.765625 13.40625 72.234375 -29.640625 13.40625 70.671875 -29.71875 13.40625 73.296875 -28.359375 13.40625 71.9375 -29.71875 13.40625 88.21875 -28.359375 13.40625 89.5625 -30.765625 13.40625 89.265625 -29.640625 13.40625 90.84375 -41.234375 13.40625 89.265625 -42.359375 13.40625 90.84375 -42.28125 13.40625 88.21875 -43.640625 13.40625 89.5625 -76 7 -3.140625 -73.953125 7 -4.90625 -73.953125 7 -25.96875 -76 7 -27 -72.28125 7 -27.625 -74 7 -29 -23.71875 7 -27.625 -22 7 -29 -22.046875 7 -25.96875 -20 7 -27 -22.046875 7 -4.90625 -20 7 -3.140625 -23.71875 7 -3.25 -22 7 -1.140625 -72.28125 7 -3.25 -74 7 -1.140625 -73.953125 7 -4.90625 -76 7 -3.140625 -67.640625 13.40625 89.5625 -66.28125 13.40625 88.21875 -66.28125 13.40625 73.296875 -67.640625 13.40625 71.9375 -65.234375 13.40625 72.234375 -66.359375 13.40625 70.671875 -54.765625 13.40625 72.234375 -53.640625 13.40625 70.671875 -53.71875 13.40625 73.296875 -52.359375 13.40625 71.9375 -53.71875 13.40625 88.21875 -52.359375 13.40625 89.5625 -54.765625 13.40625 89.265625 -53.640625 13.40625 90.84375 -65.234375 13.40625 89.265625 -66.359375 13.40625 90.84375 -66.28125 13.40625 88.21875 -67.640625 13.40625 89.5625 -43.640625 13.40625 41.5625 -42.28125 13.40625 40.21875 -42.28125 13.40625 25.296875 -43.640625 13.40625 23.9375 -41.234375 13.40625 24.234375 -42.359375 13.40625 22.671875 -30.765625 13.40625 24.234375 -29.640625 13.40625 22.671875 -29.71875 13.40625 25.296875 -28.359375 13.40625 23.9375 -29.71875 13.40625 40.21875 -28.359375 13.40625 41.5625 -30.765625 13.40625 41.265625 -29.640625 13.40625 42.84375 -41.234375 13.40625 41.265625 -42.359375 13.40625 42.84375 -42.28125 13.40625 40.21875 -43.640625 13.40625 41.5625 -76 7 92.859375 -73.953125 7 91.09375 -73.953125 7 70.03125 -76 7 69 -72.28125 7 68.375 -74 7 67 -23.71875 7 68.375 -22 7 67 -22.046875 7 70.03125 -20 7 69 -22.046875 7 91.09375 -20 7 92.859375 -23.71875 7 92.75 -22 7 94.859375 -72.28125 7 92.75 -74 7 94.859375 -73.953125 7 91.09375 -76 7 92.859375 68.359375 13.40625 89.5625 69.71875 13.40625 88.21875 69.71875 13.40625 73.296875 68.359375 13.40625 71.9375 70.765625 13.40625 72.234375 69.640625 13.40625 70.671875 81.234375 13.40625 72.234375 82.359375 13.40625 70.671875 82.28125 13.40625 73.296875 83.640625 13.40625 71.9375 82.28125 13.40625 88.21875 83.640625 13.40625 89.5625 81.234375 13.40625 89.265625 82.359375 13.40625 90.84375 70.765625 13.40625 89.265625 69.640625 13.40625 90.84375 69.71875 13.40625 88.21875 68.359375 13.40625 89.5625 44.359375 13.40625 89.5625 45.71875 13.40625 88.21875 45.71875 13.40625 73.296875 44.359375 13.40625 71.9375 46.765625 13.40625 72.234375 45.640625 13.40625 70.671875 57.234375 13.40625 72.234375 58.359375 13.40625 70.671875 58.28125 13.40625 73.296875 59.640625 13.40625 71.9375 58.28125 13.40625 88.21875 59.640625 13.40625 89.5625 57.234375 13.40625 89.265625 58.359375 13.40625 90.84375 46.765625 13.40625 89.265625 45.640625 13.40625 90.84375 45.71875 13.40625 88.21875 44.359375 13.40625 89.5625 36 7 92.859375 38.046875 7 91.09375 38.046875 7 70.03125 36 7 69 39.71875 7 68.375 38 7 67 88.28125 7 68.375 90 7 67 89.953125 7 70.03125 92 7 69 89.953125 7 91.09375 92 7 92.859375 88.28125 7 92.75 90 7 94.859375 39.71875 7 92.75 38 7 94.859375 38.046875 7 91.09375 36 7 92.859375 44.359375 13.40625 -54.4375 45.71875 13.40625 -55.78125 45.71875 13.40625 -70.703125 44.359375 13.40625 -72.0625 46.765625 13.40625 -71.765625 45.640625 13.40625 -73.328125 57.234375 13.40625 -71.765625 58.359375 13.40625 -73.328125 58.28125 13.40625 -70.703125 59.640625 13.40625 -72.0625 58.28125 13.40625 -55.78125 59.640625 13.40625 -54.4375 57.234375 13.40625 -54.734375 58.359375 13.40625 -53.15625 46.765625 13.40625 -54.734375 45.640625 13.40625 -53.15625 45.71875 13.40625 -55.78125 44.359375 13.40625 -54.4375 68.359375 13.40625 41.5625 69.71875 13.40625 40.21875 69.71875 13.40625 25.296875 68.359375 13.40625 23.9375 70.765625 13.40625 24.234375 69.640625 13.40625 22.671875 81.234375 13.40625 24.234375 82.359375 13.40625 22.671875 82.28125 13.40625 25.296875 83.640625 13.40625 23.9375 82.28125 13.40625 40.21875 83.640625 13.40625 41.5625 81.234375 13.40625 41.265625 82.359375 13.40625 42.84375 70.765625 13.40625 41.265625 69.640625 13.40625 42.84375 69.71875 13.40625 40.21875 68.359375 13.40625 41.5625 44.359375 13.40625 41.5625 45.71875 13.40625 40.21875 45.71875 13.40625 25.296875 44.359375 13.40625 23.9375 46.765625 13.40625 24.234375 45.640625 13.40625 22.671875 57.234375 13.40625 24.234375 58.359375 13.40625 22.671875 58.28125 13.40625 25.296875 59.640625 13.40625 23.9375 58.28125 13.40625 40.21875 59.640625 13.40625 41.5625 57.234375 13.40625 41.265625 58.359375 13.40625 42.84375 46.765625 13.40625 41.265625 45.640625 13.40625 42.84375 45.71875 13.40625 40.21875 44.359375 13.40625 41.5625 36 7 44.859375 38.046875 7 43.09375 38.046875 7 22.03125 36 7 21 39.71875 7 20.375 38 7 19 88.28125 7 20.375 90 7 19 89.953125 7 22.03125 92 7 21 89.953125 7 43.09375 92 7 44.859375 88.28125 7 44.75 90 7 46.859375 39.71875 7 44.75 38 7 46.859375 38.046875 7 43.09375 36 7 44.859375 68.359375 13.40625 -6.4375 69.71875 13.40625 -7.78125 69.71875 13.40625 -22.703125 68.359375 13.40625 -24.0625 70.765625 13.40625 -23.765625 69.640625 13.40625 -25.328125 81.234375 13.40625 -23.765625 82.359375 13.40625 -25.328125 82.28125 13.40625 -22.703125 83.640625 13.40625 -24.0625 82.28125 13.40625 -7.78125 83.640625 13.40625 -6.4375 81.234375 13.40625 -6.734375 82.359375 13.40625 -5.15625 70.765625 13.40625 -6.734375 69.640625 13.40625 -5.15625 69.71875 13.40625 -7.78125 68.359375 13.40625 -6.4375 44.359375 13.40625 -6.4375 45.71875 13.40625 -7.78125 45.71875 13.40625 -22.703125 44.359375 13.40625 -24.0625 46.765625 13.40625 -23.765625 45.640625 13.40625 -25.328125 57.234375 13.40625 -23.765625 58.359375 13.40625 -25.328125 58.28125 13.40625 -22.703125 59.640625 13.40625 -24.0625 58.28125 13.40625 -7.78125 59.640625 13.40625 -6.4375 57.234375 13.40625 -6.734375 58.359375 13.40625 -5.15625 46.765625 13.40625 -6.734375 45.640625 13.40625 -5.15625 45.71875 13.40625 -7.78125 44.359375 13.40625 -6.4375 36 7 -3.140625 38.046875 7 -4.90625 38.046875 7 -25.96875 36 7 -27 39.71875 7 -27.625 38 7 -29 88.28125 7 -27.625 90 7 -29 89.953125 7 -25.96875 92 7 -27 89.953125 7 -4.90625 92 7 -3.140625 88.28125 7 -3.25 90 7 -1.140625 39.71875 7 -3.25 38 7 -1.140625 38.046875 7 -4.90625 36 7 -3.140625 68.359375 13.40625 -54.4375 69.71875 13.40625 -55.78125 69.71875 13.40625 -70.703125 68.359375 13.40625 -72.0625 70.765625 13.40625 -71.765625 69.640625 13.40625 -73.328125 81.234375 13.40625 -71.765625 82.359375 13.40625 -73.328125 82.28125 13.40625 -70.703125 83.640625 13.40625 -72.0625 82.28125 13.40625 -55.78125 83.640625 13.40625 -54.4375 81.234375 13.40625 -54.734375 82.359375 13.40625 -53.15625 70.765625 13.40625 -54.734375 69.640625 13.40625 -53.15625 69.71875 13.40625 -55.78125 68.359375 13.40625 -54.4375 36 7 -51.140625 38.046875 7 -52.90625 38.046875 7 -73.96875 36 7 -75 39.71875 7 -75.625 38 7 -77 88.28125 7 -75.625 90 7 -77 89.953125 7 -73.96875 92 7 -75 89.953125 7 -52.90625 92 7 -51.140625 88.28125 7 -51.25 90 7 -49.140625 39.71875 7 -51.25 38 7 -49.140625 38.046875 7 -52.90625 36 7 -51.140625 -43.640625 13.40625 -54.4375 -42.28125 13.40625 -55.78125 -42.28125 13.40625 -70.703125 -43.640625 13.40625 -72.0625 -41.234375 13.40625 -71.765625 -42.359375 13.40625 -73.328125 -30.765625 13.40625 -71.765625 -29.640625 13.40625 -73.328125 -29.71875 13.40625 -70.703125 -28.359375 13.40625 -72.0625 -29.71875 13.40625 -55.78125 -28.359375 13.40625 -54.4375 -30.765625 13.40625 -54.734375 -29.640625 13.40625 -53.15625 -41.234375 13.40625 -54.734375 -42.359375 13.40625 -53.15625 -42.28125 13.40625 -55.78125 -43.640625 13.40625 -54.4375 -67.640625 13.40625 -54.4375 -66.28125 13.40625 -55.78125 -66.28125 13.40625 -70.703125 -67.640625 13.40625 -72.0625 -65.234375 13.40625 -71.765625 -66.359375 13.40625 -73.328125 -54.765625 13.40625 -71.765625 -53.640625 13.40625 -73.328125 -53.71875 13.40625 -70.703125 -52.359375 13.40625 -72.0625 -53.71875 13.40625 -55.78125 -52.359375 13.40625 -54.4375 -54.765625 13.40625 -54.734375 -53.640625 13.40625 -53.15625 -65.234375 13.40625 -54.734375 -66.359375 13.40625 -53.15625 -66.28125 13.40625 -55.78125 -67.640625 13.40625 -54.4375 -76 7 -51.140625 -73.953125 7 -52.90625 -73.953125 7 -73.96875 -76 7 -75 -72.28125 7 -75.625 -74 7 -77 -23.71875 7 -75.625 -22 7 -77 -22.046875 7 -73.96875 -20 7 -75 -22.046875 7 -52.90625 -20 7 -51.140625 -23.71875 7 -51.25 -22 7 -49.140625 -72.28125 7 -51.25 -74 7 -49.140625 -73.953125 7 -52.90625 -76 7 -51.140625 61.953125 11.40625 91.09375 59.640625 13.40625 89.5625 58.359375 13.40625 90.84375 60.28125 11.40625 92.75 45.640625 13.40625 90.84375 43.71875 11.40625 92.75 44.359375 13.40625 89.5625 42.046875 11.40625 91.09375 42.046875 11.40625 70.03125 44.359375 13.40625 71.9375 45.640625 13.40625 70.671875 43.71875 11.40625 68.375 58.359375 13.40625 70.671875 60.28125 11.40625 68.375 59.640625 13.40625 71.9375 61.953125 11.40625 70.03125 -65.234375 13.40625 -54.734375 -54.765625 13.40625 -54.734375 -53.71875 13.40625 -55.78125 -66.28125 13.40625 -55.78125 -53.71875 13.40625 -70.703125 -66.28125 13.40625 -70.703125 -54.765625 13.40625 -71.765625 -65.234375 13.40625 -71.765625 61.953125 11.40625 -52.90625 59.640625 13.40625 -54.4375 58.359375 13.40625 -53.15625 60.28125 11.40625 -51.25 45.640625 13.40625 -53.15625 43.71875 11.40625 -51.25 44.359375 13.40625 -54.4375 42.046875 11.40625 -52.90625 -69.953125 11.40625 -73.96875 -67.640625 13.40625 -72.0625 -66.359375 13.40625 -73.328125 -68.28125 11.40625 -75.625 -53.640625 13.40625 -73.328125 -51.71875 11.40625 -75.625 -52.359375 13.40625 -72.0625 -50.046875 11.40625 -73.96875 46.765625 13.40625 89.265625 57.234375 13.40625 89.265625 58.28125 13.40625 88.21875 45.71875 13.40625 88.21875 58.28125 13.40625 73.296875 45.71875 13.40625 73.296875 57.234375 13.40625 72.234375 46.765625 13.40625 72.234375 -50.046875 11.40625 -52.90625 -52.359375 13.40625 -54.4375 -53.640625 13.40625 -53.15625 -51.71875 11.40625 -51.25 -66.359375 13.40625 -53.15625 -68.28125 11.40625 -51.25 -67.640625 13.40625 -54.4375 -69.953125 11.40625 -52.90625 66.046875 11.40625 70.03125 68.359375 13.40625 71.9375 69.640625 13.40625 70.671875 67.71875 11.40625 68.375 82.359375 13.40625 70.671875 84.28125 11.40625 68.375 83.640625 13.40625 71.9375 85.953125 11.40625 70.03125 85.953125 11.40625 43.09375 83.640625 13.40625 41.5625 82.359375 13.40625 42.84375 84.28125 11.40625 44.75 69.640625 13.40625 42.84375 67.71875 11.40625 44.75 68.359375 13.40625 41.5625 66.046875 11.40625 43.09375 46.765625 13.40625 -6.734375 57.234375 13.40625 -6.734375 58.28125 13.40625 -7.78125 45.71875 13.40625 -7.78125 58.28125 13.40625 -22.703125 45.71875 13.40625 -22.703125 57.234375 13.40625 -23.765625 46.765625 13.40625 -23.765625 85.953125 11.40625 -52.90625 83.640625 13.40625 -54.4375 82.359375 13.40625 -53.15625 84.28125 11.40625 -51.25 69.640625 13.40625 -53.15625 67.71875 11.40625 -51.25 68.359375 13.40625 -54.4375 66.046875 11.40625 -52.90625 46.765625 13.40625 -54.734375 57.234375 13.40625 -54.734375 58.28125 13.40625 -55.78125 45.71875 13.40625 -55.78125 58.28125 13.40625 -70.703125 45.71875 13.40625 -70.703125 57.234375 13.40625 -71.765625 46.765625 13.40625 -71.765625 -65.234375 13.40625 41.265625 -54.765625 13.40625 41.265625 -53.71875 13.40625 40.21875 -66.28125 13.40625 40.21875 -53.71875 13.40625 25.296875 -66.28125 13.40625 25.296875 -54.765625 13.40625 24.234375 -65.234375 13.40625 24.234375 66.046875 11.40625 22.03125 68.359375 13.40625 23.9375 69.640625 13.40625 22.671875 67.71875 11.40625 20.375 82.359375 13.40625 22.671875 84.28125 11.40625 20.375 83.640625 13.40625 23.9375 85.953125 11.40625 22.03125 -69.953125 11.40625 22.03125 -67.640625 13.40625 23.9375 -66.359375 13.40625 22.671875 -68.28125 11.40625 20.375 -53.640625 13.40625 22.671875 -51.71875 11.40625 20.375 -52.359375 13.40625 23.9375 -50.046875 11.40625 22.03125 -41.234375 13.40625 -54.734375 -30.765625 13.40625 -54.734375 -29.71875 13.40625 -55.78125 -42.28125 13.40625 -55.78125 -29.71875 13.40625 -70.703125 -42.28125 13.40625 -70.703125 -30.765625 13.40625 -71.765625 -41.234375 13.40625 -71.765625 -50.046875 11.40625 43.09375 -52.359375 13.40625 41.5625 -53.640625 13.40625 42.84375 -51.71875 11.40625 44.75 -66.359375 13.40625 42.84375 -68.28125 11.40625 44.75 -67.640625 13.40625 41.5625 -69.953125 11.40625 43.09375 70.765625 13.40625 41.265625 81.234375 13.40625 41.265625 82.28125 13.40625 40.21875 69.71875 13.40625 40.21875 82.28125 13.40625 25.296875 69.71875 13.40625 25.296875 81.234375 13.40625 24.234375 70.765625 13.40625 24.234375 -45.953125 11.40625 -73.96875 -43.640625 13.40625 -72.0625 -42.359375 13.40625 -73.328125 -44.28125 11.40625 -75.625 -29.640625 13.40625 -73.328125 -27.71875 11.40625 -75.625 -28.359375 13.40625 -72.0625 -26.046875 11.40625 -73.96875 66.046875 11.40625 -25.96875 68.359375 13.40625 -24.0625 69.640625 13.40625 -25.328125 67.71875 11.40625 -27.625 82.359375 13.40625 -25.328125 84.28125 11.40625 -27.625 83.640625 13.40625 -24.0625 85.953125 11.40625 -25.96875 -26.046875 11.40625 -52.90625 -28.359375 13.40625 -54.4375 -29.640625 13.40625 -53.15625 -27.71875 11.40625 -51.25 -42.359375 13.40625 -53.15625 -44.28125 11.40625 -51.25 -43.640625 13.40625 -54.4375 -45.953125 11.40625 -52.90625 61.953125 11.40625 43.09375 59.640625 13.40625 41.5625 58.359375 13.40625 42.84375 60.28125 11.40625 44.75 45.640625 13.40625 42.84375 43.71875 11.40625 44.75 44.359375 13.40625 41.5625 42.046875 11.40625 43.09375 -41.234375 13.40625 41.265625 -30.765625 13.40625 41.265625 -29.71875 13.40625 40.21875 -42.28125 13.40625 40.21875 -29.71875 13.40625 25.296875 -42.28125 13.40625 25.296875 -30.765625 13.40625 24.234375 -41.234375 13.40625 24.234375 66.046875 11.40625 -73.96875 68.359375 13.40625 -72.0625 69.640625 13.40625 -73.328125 67.71875 11.40625 -75.625 82.359375 13.40625 -73.328125 84.28125 11.40625 -75.625 83.640625 13.40625 -72.0625 85.953125 11.40625 -73.96875 -45.953125 11.40625 22.03125 -43.640625 13.40625 23.9375 -42.359375 13.40625 22.671875 -44.28125 11.40625 20.375 -29.640625 13.40625 22.671875 -27.71875 11.40625 20.375 -28.359375 13.40625 23.9375 -26.046875 11.40625 22.03125 -41.234375 13.40625 -6.734375 -30.765625 13.40625 -6.734375 -29.71875 13.40625 -7.78125 -42.28125 13.40625 -7.78125 -29.71875 13.40625 -22.703125 -42.28125 13.40625 -22.703125 -30.765625 13.40625 -23.765625 -41.234375 13.40625 -23.765625 -26.046875 11.40625 43.09375 -28.359375 13.40625 41.5625 -29.640625 13.40625 42.84375 -27.71875 11.40625 44.75 -42.359375 13.40625 42.84375 -44.28125 11.40625 44.75 -43.640625 13.40625 41.5625 -45.953125 11.40625 43.09375 -45.953125 11.40625 -25.96875 -43.640625 13.40625 -24.0625 -42.359375 13.40625 -25.328125 -44.28125 11.40625 -27.625 -29.640625 13.40625 -25.328125 -27.71875 11.40625 -27.625 -28.359375 13.40625 -24.0625 -26.046875 11.40625 -25.96875 42.046875 11.40625 -73.96875 44.359375 13.40625 -72.0625 45.640625 13.40625 -73.328125 43.71875 11.40625 -75.625 58.359375 13.40625 -73.328125 60.28125 11.40625 -75.625 59.640625 13.40625 -72.0625 61.953125 11.40625 -73.96875 -26.046875 11.40625 -4.90625 -28.359375 13.40625 -6.4375 -29.640625 13.40625 -5.15625 -27.71875 11.40625 -3.25 -42.359375 13.40625 -5.15625 -44.28125 11.40625 -3.25 -43.640625 13.40625 -6.4375 -45.953125 11.40625 -4.90625 42.046875 11.40625 22.03125 44.359375 13.40625 23.9375 45.640625 13.40625 22.671875 43.71875 11.40625 20.375 58.359375 13.40625 22.671875 60.28125 11.40625 20.375 59.640625 13.40625 23.9375 61.953125 11.40625 22.03125 -65.234375 13.40625 89.265625 -54.765625 13.40625 89.265625 -53.71875 13.40625 88.21875 -66.28125 13.40625 88.21875 -53.71875 13.40625 73.296875 -66.28125 13.40625 73.296875 -54.765625 13.40625 72.234375 -65.234375 13.40625 72.234375 70.765625 13.40625 -6.734375 81.234375 13.40625 -6.734375 82.28125 13.40625 -7.78125 69.71875 13.40625 -7.78125 82.28125 13.40625 -22.703125 69.71875 13.40625 -22.703125 81.234375 13.40625 -23.765625 70.765625 13.40625 -23.765625 -69.953125 11.40625 70.03125 -67.640625 13.40625 71.9375 -66.359375 13.40625 70.671875 -68.28125 11.40625 68.375 -53.640625 13.40625 70.671875 -51.71875 11.40625 68.375 -52.359375 13.40625 71.9375 -50.046875 11.40625 70.03125 61.953125 11.40625 -4.90625 59.640625 13.40625 -6.4375 58.359375 13.40625 -5.15625 60.28125 11.40625 -3.25 45.640625 13.40625 -5.15625 43.71875 11.40625 -3.25 44.359375 13.40625 -6.4375 42.046875 11.40625 -4.90625 -50.046875 11.40625 91.09375 -52.359375 13.40625 89.5625 -53.640625 13.40625 90.84375 -51.71875 11.40625 92.75 -66.359375 13.40625 90.84375 -68.28125 11.40625 92.75 -67.640625 13.40625 89.5625 -69.953125 11.40625 91.09375 42.046875 11.40625 -25.96875 44.359375 13.40625 -24.0625 45.640625 13.40625 -25.328125 43.71875 11.40625 -27.625 58.359375 13.40625 -25.328125 60.28125 11.40625 -27.625 59.640625 13.40625 -24.0625 61.953125 11.40625 -25.96875 -41.234375 13.40625 89.265625 -30.765625 13.40625 89.265625 -29.71875 13.40625 88.21875 -42.28125 13.40625 88.21875 -29.71875 13.40625 73.296875 -42.28125 13.40625 73.296875 -30.765625 13.40625 72.234375 -41.234375 13.40625 72.234375 70.765625 13.40625 -54.734375 81.234375 13.40625 -54.734375 82.28125 13.40625 -55.78125 69.71875 13.40625 -55.78125 82.28125 13.40625 -70.703125 69.71875 13.40625 -70.703125 81.234375 13.40625 -71.765625 70.765625 13.40625 -71.765625 -45.953125 11.40625 70.03125 -43.640625 13.40625 71.9375 -42.359375 13.40625 70.671875 -44.28125 11.40625 68.375 -29.640625 13.40625 70.671875 -27.71875 11.40625 68.375 -28.359375 13.40625 71.9375 -26.046875 11.40625 70.03125 -65.234375 13.40625 -6.734375 -54.765625 13.40625 -6.734375 -53.71875 13.40625 -7.78125 -66.28125 13.40625 -7.78125 -53.71875 13.40625 -22.703125 -66.28125 13.40625 -22.703125 -54.765625 13.40625 -23.765625 -65.234375 13.40625 -23.765625 85.953125 11.40625 91.09375 83.640625 13.40625 89.5625 82.359375 13.40625 90.84375 84.28125 11.40625 92.75 69.640625 13.40625 90.84375 67.71875 11.40625 92.75 68.359375 13.40625 89.5625 66.046875 11.40625 91.09375 -69.953125 11.40625 -25.96875 -67.640625 13.40625 -24.0625 -66.359375 13.40625 -25.328125 -68.28125 11.40625 -27.625 -53.640625 13.40625 -25.328125 -51.71875 11.40625 -27.625 -52.359375 13.40625 -24.0625 -50.046875 11.40625 -25.96875 -26.046875 11.40625 91.09375 -28.359375 13.40625 89.5625 -29.640625 13.40625 90.84375 -27.71875 11.40625 92.75 -42.359375 13.40625 90.84375 -44.28125 11.40625 92.75 -43.640625 13.40625 89.5625 -45.953125 11.40625 91.09375 -50.046875 11.40625 -4.90625 -52.359375 13.40625 -6.4375 -53.640625 13.40625 -5.15625 -51.71875 11.40625 -3.25 -66.359375 13.40625 -5.15625 -68.28125 11.40625 -3.25 -67.640625 13.40625 -6.4375 -69.953125 11.40625 -4.90625 70.765625 13.40625 89.265625 81.234375 13.40625 89.265625 82.28125 13.40625 88.21875 69.71875 13.40625 88.21875 82.28125 13.40625 73.296875 69.71875 13.40625 73.296875 81.234375 13.40625 72.234375 70.765625 13.40625 72.234375 46.765625 13.40625 41.265625 57.234375 13.40625 41.265625 58.28125 13.40625 40.21875 45.71875 13.40625 40.21875 58.28125 13.40625 25.296875 45.71875 13.40625 25.296875 57.234375 13.40625 24.234375 46.765625 13.40625 24.234375 85.953125 11.40625 -4.90625 83.640625 13.40625 -6.4375 82.359375 13.40625 -5.15625 84.28125 11.40625 -3.25 69.640625 13.40625 -5.15625 67.71875 11.40625 -3.25 68.359375 13.40625 -6.4375 66.046875 11.40625 -4.90625 -50.046875 7 -52.90625 -50.046875 11.40625 -52.90625 -51.71875 11.40625 -51.25 -51.71875 7 -51.25 -68.28125 11.40625 -51.25 -68.28125 7 -51.25 -45.953125 7 -73.96875 -45.953125 11.40625 -73.96875 -44.28125 11.40625 -75.625 -44.28125 7 -75.625 -27.71875 11.40625 -75.625 -27.71875 7 -75.625 -27.71875 7 -75.625 -27.71875 11.40625 -75.625 -26.046875 11.40625 -73.96875 -26.046875 7 -73.96875 -26.046875 11.40625 -52.90625 -26.046875 7 -52.90625 -26.046875 7 -52.90625 -26.046875 11.40625 -52.90625 -27.71875 11.40625 -51.25 -27.71875 7 -51.25 -44.28125 11.40625 -51.25 -44.28125 7 -51.25 60.28125 7 -27.625 60.28125 11.40625 -27.625 61.953125 11.40625 -25.96875 61.953125 7 -25.96875 61.953125 11.40625 -4.90625 61.953125 7 -4.90625 42.046875 7 -73.96875 42.046875 11.40625 -73.96875 43.71875 11.40625 -75.625 43.71875 7 -75.625 60.28125 11.40625 -75.625 60.28125 7 -75.625 60.28125 7 -75.625 60.28125 11.40625 -75.625 61.953125 11.40625 -73.96875 61.953125 7 -73.96875 61.953125 11.40625 -52.90625 61.953125 7 -52.90625 61.953125 7 -52.90625 61.953125 11.40625 -52.90625 60.28125 11.40625 -51.25 60.28125 7 -51.25 43.71875 11.40625 -51.25 43.71875 7 -51.25 66.046875 7 -73.96875 66.046875 11.40625 -73.96875 67.71875 11.40625 -75.625 67.71875 7 -75.625 84.28125 11.40625 -75.625 84.28125 7 -75.625 84.28125 7 -75.625 84.28125 11.40625 -75.625 85.953125 11.40625 -73.96875 85.953125 7 -73.96875 85.953125 11.40625 -52.90625 85.953125 7 -52.90625 85.953125 7 -52.90625 85.953125 11.40625 -52.90625 84.28125 11.40625 -51.25 84.28125 7 -51.25 67.71875 11.40625 -51.25 67.71875 7 -51.25 -69.953125 7 70.03125 -69.953125 11.40625 70.03125 -68.28125 11.40625 68.375 -68.28125 7 68.375 -51.71875 11.40625 68.375 -51.71875 7 68.375 -51.71875 7 68.375 -51.71875 11.40625 68.375 -50.046875 11.40625 70.03125 -50.046875 7 70.03125 -50.046875 11.40625 91.09375 -50.046875 7 91.09375 -50.046875 7 91.09375 -50.046875 11.40625 91.09375 -51.71875 11.40625 92.75 -51.71875 7 92.75 -68.28125 11.40625 92.75 -68.28125 7 92.75 42.046875 7 -25.96875 42.046875 11.40625 -25.96875 43.71875 11.40625 -27.625 43.71875 7 -27.625 60.28125 11.40625 -27.625 60.28125 7 -27.625 61.953125 7 -4.90625 61.953125 11.40625 -4.90625 60.28125 11.40625 -3.25 60.28125 7 -3.25 43.71875 11.40625 -3.25 43.71875 7 -3.25 66.046875 7 -25.96875 66.046875 11.40625 -25.96875 67.71875 11.40625 -27.625 67.71875 7 -27.625 84.28125 11.40625 -27.625 84.28125 7 -27.625 84.28125 7 -27.625 84.28125 11.40625 -27.625 85.953125 11.40625 -25.96875 85.953125 7 -25.96875 85.953125 11.40625 -4.90625 85.953125 7 -4.90625 -45.953125 7 70.03125 -45.953125 11.40625 70.03125 -44.28125 11.40625 68.375 -44.28125 7 68.375 -27.71875 11.40625 68.375 -27.71875 7 68.375 -27.71875 7 68.375 -27.71875 11.40625 68.375 -26.046875 11.40625 70.03125 -26.046875 7 70.03125 -26.046875 11.40625 91.09375 -26.046875 7 91.09375 -26.046875 7 91.09375 -26.046875 11.40625 91.09375 -27.71875 11.40625 92.75 -27.71875 7 92.75 -44.28125 11.40625 92.75 -44.28125 7 92.75 85.953125 7 -4.90625 85.953125 11.40625 -4.90625 84.28125 11.40625 -3.25 84.28125 7 -3.25 67.71875 11.40625 -3.25 67.71875 7 -3.25 42.046875 7 22.03125 42.046875 11.40625 22.03125 43.71875 11.40625 20.375 43.71875 7 20.375 60.28125 11.40625 20.375 60.28125 7 20.375 60.28125 7 20.375 60.28125 11.40625 20.375 61.953125 11.40625 22.03125 61.953125 7 22.03125 61.953125 11.40625 43.09375 61.953125 7 43.09375 61.953125 7 43.09375 61.953125 11.40625 43.09375 60.28125 11.40625 44.75 60.28125 7 44.75 43.71875 11.40625 44.75 43.71875 7 44.75 66.046875 7 22.03125 66.046875 11.40625 22.03125 67.71875 11.40625 20.375 67.71875 7 20.375 84.28125 11.40625 20.375 84.28125 7 20.375 84.28125 7 20.375 84.28125 11.40625 20.375 85.953125 11.40625 22.03125 85.953125 7 22.03125 85.953125 11.40625 43.09375 85.953125 7 43.09375 85.953125 7 43.09375 85.953125 11.40625 43.09375 84.28125 11.40625 44.75 84.28125 7 44.75 67.71875 11.40625 44.75 67.71875 7 44.75 42.046875 7 70.03125 42.046875 11.40625 70.03125 43.71875 11.40625 68.375 43.71875 7 68.375 60.28125 11.40625 68.375 60.28125 7 68.375 60.28125 7 68.375 60.28125 11.40625 68.375 61.953125 11.40625 70.03125 61.953125 7 70.03125 61.953125 11.40625 91.09375 61.953125 7 91.09375 61.953125 7 91.09375 61.953125 11.40625 91.09375 60.28125 11.40625 92.75 60.28125 7 92.75 43.71875 11.40625 92.75 43.71875 7 92.75 66.046875 7 70.03125 66.046875 11.40625 70.03125 67.71875 11.40625 68.375 67.71875 7 68.375 84.28125 11.40625 68.375 84.28125 7 68.375 -69.953125 7 22.03125 -69.953125 11.40625 22.03125 -68.28125 11.40625 20.375 -68.28125 7 20.375 -51.71875 11.40625 20.375 -51.71875 7 20.375 -51.71875 7 20.375 -51.71875 11.40625 20.375 -50.046875 11.40625 22.03125 -50.046875 7 22.03125 -50.046875 11.40625 43.09375 -50.046875 7 43.09375 -50.046875 7 43.09375 -50.046875 11.40625 43.09375 -51.71875 11.40625 44.75 -51.71875 7 44.75 -68.28125 11.40625 44.75 -68.28125 7 44.75 84.28125 7 68.375 84.28125 11.40625 68.375 85.953125 11.40625 70.03125 85.953125 7 70.03125 85.953125 11.40625 91.09375 85.953125 7 91.09375 85.953125 7 91.09375 85.953125 11.40625 91.09375 84.28125 11.40625 92.75 84.28125 7 92.75 67.71875 11.40625 92.75 67.71875 7 92.75 -45.953125 7 22.03125 -45.953125 11.40625 22.03125 -44.28125 11.40625 20.375 -44.28125 7 20.375 -27.71875 11.40625 20.375 -27.71875 7 20.375 -27.71875 7 20.375 -27.71875 11.40625 20.375 -26.046875 11.40625 22.03125 -26.046875 7 22.03125 -26.046875 11.40625 43.09375 -26.046875 7 43.09375 -26.046875 7 43.09375 -26.046875 11.40625 43.09375 -27.71875 11.40625 44.75 -27.71875 7 44.75 -44.28125 11.40625 44.75 -44.28125 7 44.75 -69.953125 7 -25.96875 -69.953125 11.40625 -25.96875 -68.28125 11.40625 -27.625 -68.28125 7 -27.625 -51.71875 11.40625 -27.625 -51.71875 7 -27.625 -51.71875 7 -27.625 -51.71875 11.40625 -27.625 -50.046875 11.40625 -25.96875 -50.046875 7 -25.96875 -50.046875 11.40625 -4.90625 -50.046875 7 -4.90625 -50.046875 7 -4.90625 -50.046875 11.40625 -4.90625 -51.71875 11.40625 -3.25 -51.71875 7 -3.25 -68.28125 11.40625 -3.25 -68.28125 7 -3.25 -45.953125 7 -25.96875 -45.953125 11.40625 -25.96875 -44.28125 11.40625 -27.625 -44.28125 7 -27.625 -27.71875 11.40625 -27.625 -27.71875 7 -27.625 -27.71875 7 -27.625 -27.71875 11.40625 -27.625 -26.046875 11.40625 -25.96875 -26.046875 7 -25.96875 -26.046875 11.40625 -4.90625 -26.046875 7 -4.90625 -26.046875 7 -4.90625 -26.046875 11.40625 -4.90625 -27.71875 11.40625 -3.25 -27.71875 7 -3.25 -44.28125 11.40625 -3.25 -44.28125 7 -3.25 -69.953125 7 -73.96875 -69.953125 11.40625 -73.96875 -68.28125 11.40625 -75.625 -68.28125 7 -75.625 -51.71875 11.40625 -75.625 -51.71875 7 -75.625 -51.71875 7 -75.625 -51.71875 11.40625 -75.625 -50.046875 11.40625 -73.96875 -50.046875 7 -73.96875 -50.046875 11.40625 -52.90625 -50.046875 7 -52.90625 -22.046875 7 70.03125 -23.71875 7 68.375 -72.28125 7 68.375 -73.953125 7 70.03125 -73.953125 7 91.09375 -72.28125 7 92.75 -23.71875 7 92.75 -22.046875 7 91.09375 -73.953125 7 70.03125 -73.953125 7 91.09375 -22.046875 7 91.09375 -22.046875 7 70.03125 -22 7 94.859375 -22 2 94.859375 -20 2 92.859375 -20 7 92.859375 -76 7 92.859375 -76 2 92.859375 -74 2 94.859375 -74 7 94.859375 -20 7 92.859375 -20 2 92.859375 -20 1 69 -20 7 69 -74 7 94.859375 -74 2 94.859375 -22 2 94.859375 -22 7 94.859375 -76 7 69 -76 1 69 -76 2 92.859375 -76 7 92.859375 -69.953125 11.40625 70.03125 -69.953125 11.40625 91.09375 -67.640625 13.40625 89.5625 -67.640625 13.40625 71.9375 -50.046875 11.40625 91.09375 -50.046875 11.40625 70.03125 -52.359375 13.40625 71.9375 -52.359375 13.40625 89.5625 -69.953125 7 70.03125 -69.953125 7 91.09375 -69.953125 11.40625 91.09375 -69.953125 11.40625 70.03125 -69.953125 7 91.09375 -68.28125 7 92.75 -68.28125 11.40625 92.75 -69.953125 11.40625 91.09375 -45.953125 11.40625 70.03125 -45.953125 11.40625 91.09375 -43.640625 13.40625 89.5625 -43.640625 13.40625 71.9375 -26.046875 11.40625 91.09375 -26.046875 11.40625 70.03125 -28.359375 13.40625 71.9375 -28.359375 13.40625 89.5625 -45.953125 7 70.03125 -45.953125 7 91.09375 -45.953125 11.40625 91.09375 -45.953125 11.40625 70.03125 -45.953125 7 91.09375 -44.28125 7 92.75 -44.28125 11.40625 92.75 -45.953125 11.40625 91.09375 -22.046875 7 22.03125 -23.71875 7 20.375 -72.28125 7 20.375 -73.953125 7 22.03125 -73.953125 7 43.09375 -72.28125 7 44.75 -23.71875 7 44.75 -22.046875 7 43.09375 -73.953125 7 22.03125 -73.953125 7 43.09375 -22.046875 7 43.09375 -22.046875 7 22.03125 -76 7 44.859375 -76 2 44.859375 -74 2 46.859375 -74 7 46.859375 -20 7 44.859375 -20 2 44.859375 -20 1 21 -20 7 21 -74 7 46.859375 -74 2 46.859375 -22 2 46.859375 -22 7 46.859375 -76 7 21 -76 1 21 -76 2 44.859375 -76 7 44.859375 -69.953125 11.40625 22.03125 -69.953125 11.40625 43.09375 -67.640625 13.40625 41.5625 -67.640625 13.40625 23.9375 -50.046875 11.40625 43.09375 -50.046875 11.40625 22.03125 -52.359375 13.40625 23.9375 -52.359375 13.40625 41.5625 -69.953125 7 22.03125 -69.953125 7 43.09375 -69.953125 11.40625 43.09375 -69.953125 11.40625 22.03125 -69.953125 7 43.09375 -68.28125 7 44.75 -68.28125 11.40625 44.75 -69.953125 11.40625 43.09375 -45.953125 11.40625 22.03125 -45.953125 11.40625 43.09375 -43.640625 13.40625 41.5625 -43.640625 13.40625 23.9375 38 7 -49.140625 38 2 -49.140625 90 2 -49.140625 90 7 -49.140625 42.046875 11.40625 -25.96875 42.046875 11.40625 -4.90625 44.359375 13.40625 -6.4375 44.359375 13.40625 -24.0625 92 7 -51.140625 92 2 -51.140625 92 1 -75 92 7 -75 61.953125 11.40625 -4.90625 61.953125 11.40625 -25.96875 59.640625 13.40625 -24.0625 59.640625 13.40625 -6.4375 36 7 -51.140625 36 2 -51.140625 38 2 -49.140625 38 7 -49.140625 42.046875 7 -25.96875 42.046875 7 -4.90625 42.046875 11.40625 -4.90625 42.046875 11.40625 -25.96875 66.046875 11.40625 -73.96875 66.046875 11.40625 -52.90625 68.359375 13.40625 -54.4375 68.359375 13.40625 -72.0625 -69.953125 11.40625 -73.96875 -69.953125 11.40625 -52.90625 -67.640625 13.40625 -54.4375 -67.640625 13.40625 -72.0625 42.046875 11.40625 -73.96875 42.046875 11.40625 -52.90625 44.359375 13.40625 -54.4375 44.359375 13.40625 -72.0625 42.046875 7 -4.90625 43.71875 7 -3.25 43.71875 11.40625 -3.25 42.046875 11.40625 -4.90625 90 7 -49.140625 90 2 -49.140625 92 2 -51.140625 92 7 -51.140625 66.046875 11.40625 -25.96875 66.046875 11.40625 -4.90625 68.359375 13.40625 -6.4375 68.359375 13.40625 -24.0625 38.046875 7 -73.96875 38.046875 7 -52.90625 89.953125 7 -52.90625 89.953125 7 -73.96875 85.953125 11.40625 -4.90625 85.953125 11.40625 -25.96875 83.640625 13.40625 -24.0625 83.640625 13.40625 -6.4375 38.046875 7 -52.90625 39.71875 7 -51.25 88.28125 7 -51.25 89.953125 7 -52.90625 66.046875 7 -25.96875 66.046875 7 -4.90625 66.046875 11.40625 -4.90625 66.046875 11.40625 -25.96875 85.953125 11.40625 -52.90625 85.953125 11.40625 -73.96875 83.640625 13.40625 -72.0625 83.640625 13.40625 -54.4375 36 7 -75 36 1 -75 36 2 -51.140625 36 7 -51.140625 66.046875 7 -73.96875 66.046875 7 -52.90625 66.046875 11.40625 -52.90625 66.046875 11.40625 -73.96875 66.046875 7 -4.90625 67.71875 7 -3.25 67.71875 11.40625 -3.25 66.046875 11.40625 -4.90625 89.953125 7 22.03125 88.28125 7 20.375 39.71875 7 20.375 38.046875 7 22.03125 38.046875 7 43.09375 39.71875 7 44.75 88.28125 7 44.75 89.953125 7 43.09375 38.046875 7 22.03125 38.046875 7 43.09375 89.953125 7 43.09375 89.953125 7 22.03125 90 7 46.859375 90 2 46.859375 92 2 44.859375 92 7 44.859375 36 7 44.859375 36 2 44.859375 38 2 46.859375 38 7 46.859375 92 7 44.859375 92 2 44.859375 92 1 21 92 7 21 38 7 46.859375 38 2 46.859375 90 2 46.859375 90 7 46.859375 36 7 21 36 1 21 36 2 44.859375 36 7 44.859375 89.953125 7 -73.96875 88.28125 7 -75.625 39.71875 7 -75.625 38.046875 7 -73.96875 42.046875 11.40625 22.03125 42.046875 11.40625 43.09375 44.359375 13.40625 41.5625 44.359375 13.40625 23.9375 -45.953125 7 -52.90625 -44.28125 7 -51.25 -44.28125 11.40625 -51.25 -45.953125 11.40625 -52.90625 61.953125 11.40625 43.09375 61.953125 11.40625 22.03125 59.640625 13.40625 23.9375 59.640625 13.40625 41.5625 -45.953125 7 -73.96875 -45.953125 7 -52.90625 -45.953125 11.40625 -52.90625 -45.953125 11.40625 -73.96875 42.046875 7 22.03125 42.046875 7 43.09375 42.046875 11.40625 43.09375 42.046875 11.40625 22.03125 42.046875 7 -73.96875 42.046875 7 -52.90625 42.046875 11.40625 -52.90625 42.046875 11.40625 -73.96875 42.046875 7 -52.90625 43.71875 7 -51.25 43.71875 11.40625 -51.25 42.046875 11.40625 -52.90625 61.953125 11.40625 -52.90625 61.953125 11.40625 -73.96875 59.640625 13.40625 -72.0625 59.640625 13.40625 -54.4375 -26.046875 11.40625 -52.90625 -26.046875 11.40625 -73.96875 -28.359375 13.40625 -72.0625 -28.359375 13.40625 -54.4375 -45.953125 11.40625 -73.96875 -45.953125 11.40625 -52.90625 -43.640625 13.40625 -54.4375 -43.640625 13.40625 -72.0625 66.046875 11.40625 22.03125 66.046875 11.40625 43.09375 68.359375 13.40625 41.5625 68.359375 13.40625 23.9375 -69.953125 7 -52.90625 -68.28125 7 -51.25 -68.28125 11.40625 -51.25 -69.953125 11.40625 -52.90625 85.953125 11.40625 43.09375 85.953125 11.40625 22.03125 83.640625 13.40625 23.9375 83.640625 13.40625 41.5625 -69.953125 7 -73.96875 -69.953125 7 -52.90625 -69.953125 11.40625 -52.90625 -69.953125 11.40625 -73.96875 66.046875 7 22.03125 66.046875 7 43.09375 66.046875 11.40625 43.09375 66.046875 11.40625 22.03125 66.046875 7 -52.90625 67.71875 7 -51.25 67.71875 11.40625 -51.25 66.046875 11.40625 -52.90625 89.953125 7 -25.96875 88.28125 7 -27.625 39.71875 7 -27.625 38.046875 7 -25.96875 38.046875 7 -4.90625 39.71875 7 -3.25 88.28125 7 -3.25 89.953125 7 -4.90625 66.046875 7 43.09375 67.71875 7 44.75 67.71875 11.40625 44.75 66.046875 11.40625 43.09375 89.953125 7 70.03125 88.28125 7 68.375 39.71875 7 68.375 38.046875 7 70.03125 38.046875 7 91.09375 39.71875 7 92.75 88.28125 7 92.75 89.953125 7 91.09375 38.046875 7 70.03125 38.046875 7 91.09375 89.953125 7 91.09375 89.953125 7 70.03125 90 7 94.859375 90 2 94.859375 92 2 92.859375 92 7 92.859375 36 7 92.859375 36 2 92.859375 38 2 94.859375 38 7 94.859375 92 7 92.859375 92 2 92.859375 92 1 69 92 7 69 38 7 94.859375 38 2 94.859375 90 2 94.859375 90 7 94.859375 36 7 69 36 1 69 36 2 92.859375 36 7 92.859375 -50.046875 11.40625 -52.90625 -50.046875 11.40625 -73.96875 -52.359375 13.40625 -72.0625 -52.359375 13.40625 -54.4375 42.046875 11.40625 70.03125 42.046875 11.40625 91.09375 44.359375 13.40625 89.5625 44.359375 13.40625 71.9375 -76 7 -75 -76 1 -75 -76 2 -51.140625 -76 7 -51.140625 61.953125 11.40625 91.09375 61.953125 11.40625 70.03125 59.640625 13.40625 71.9375 59.640625 13.40625 89.5625 -74 7 -49.140625 -74 2 -49.140625 -22 2 -49.140625 -22 7 -49.140625 42.046875 7 70.03125 42.046875 7 91.09375 42.046875 11.40625 91.09375 42.046875 11.40625 70.03125 38.046875 7 -25.96875 38.046875 7 -4.90625 89.953125 7 -4.90625 89.953125 7 -25.96875 90 7 -1.140625 90 2 -1.140625 92 2 -3.140625 92 7 -3.140625 36 7 -3.140625 36 2 -3.140625 38 2 -1.140625 38 7 -1.140625 42.046875 7 91.09375 43.71875 7 92.75 43.71875 11.40625 92.75 42.046875 11.40625 91.09375 -20 7 -51.140625 -20 2 -51.140625 -20 1 -75 -20 7 -75 66.046875 11.40625 70.03125 66.046875 11.40625 91.09375 68.359375 13.40625 89.5625 68.359375 13.40625 71.9375 -22 7 46.859375 -22 2 46.859375 -20 2 44.859375 -20 7 44.859375 85.953125 11.40625 91.09375 85.953125 11.40625 70.03125 83.640625 13.40625 71.9375 83.640625 13.40625 89.5625 -76 7 -51.140625 -76 2 -51.140625 -74 2 -49.140625 -74 7 -49.140625 66.046875 7 70.03125 66.046875 7 91.09375 66.046875 11.40625 91.09375 66.046875 11.40625 70.03125 92 7 -3.140625 92 2 -3.140625 92 1 -27 92 7 -27 38 7 -1.140625 38 2 -1.140625 90 2 -1.140625 90 7 -1.140625 36 7 -27 36 1 -27 36 2 -3.140625 36 7 -3.140625 66.046875 7 91.09375 67.71875 7 92.75 67.71875 11.40625 92.75 66.046875 11.40625 91.09375 -22 7 -49.140625 -22 2 -49.140625 -20 2 -51.140625 -20 7 -51.140625 -73.953125 7 -73.96875 -73.953125 7 -52.90625 -22.046875 7 -52.90625 -22.046875 7 -73.96875 -73.953125 7 -52.90625 -72.28125 7 -51.25 -23.71875 7 -51.25 -22.046875 7 -52.90625 -22.046875 7 -73.96875 -23.71875 7 -75.625 -72.28125 7 -75.625 -73.953125 7 -73.96875 -45.953125 7 -4.90625 -44.28125 7 -3.25 -44.28125 11.40625 -3.25 -45.953125 11.40625 -4.90625 -45.953125 7 -25.96875 -45.953125 7 -4.90625 -45.953125 11.40625 -4.90625 -45.953125 11.40625 -25.96875 -26.046875 11.40625 -4.90625 -26.046875 11.40625 -25.96875 -28.359375 13.40625 -24.0625 -28.359375 13.40625 -6.4375 -45.953125 11.40625 -25.96875 -45.953125 11.40625 -4.90625 -43.640625 13.40625 -6.4375 -43.640625 13.40625 -24.0625 -69.953125 7 -4.90625 -68.28125 7 -3.25 -68.28125 11.40625 -3.25 -69.953125 11.40625 -4.90625 -69.953125 7 -25.96875 -69.953125 7 -4.90625 -69.953125 11.40625 -4.90625 -69.953125 11.40625 -25.96875 -50.046875 11.40625 -4.90625 -50.046875 11.40625 -25.96875 -52.359375 13.40625 -24.0625 -52.359375 13.40625 -6.4375 -69.953125 11.40625 -25.96875 -69.953125 11.40625 -4.90625 -67.640625 13.40625 -6.4375 -67.640625 13.40625 -24.0625 -76 7 -27 -76 1 -27 -76 2 -3.140625 -76 7 -3.140625 -74 7 -1.140625 -74 2 -1.140625 -22 2 -1.140625 -22 7 -1.140625 -20 7 -3.140625 -20 2 -3.140625 -20 1 -27 -20 7 -27 -76 7 -3.140625 -76 2 -3.140625 -74 2 -1.140625 -74 7 -1.140625 -22 7 -1.140625 -22 2 -1.140625 -20 2 -3.140625 -20 7 -3.140625 -73.953125 7 -25.96875 -73.953125 7 -4.90625 -22.046875 7 -4.90625 -22.046875 7 -25.96875 -73.953125 7 -4.90625 -72.28125 7 -3.25 -23.71875 7 -3.25 -22.046875 7 -4.90625 -22.046875 7 -25.96875 -23.71875 7 -27.625 -72.28125 7 -27.625 -73.953125 7 -25.96875 -45.953125 7 43.09375 -44.28125 7 44.75 -44.28125 11.40625 44.75 -45.953125 11.40625 43.09375 -45.953125 7 22.03125 -45.953125 7 43.09375 -45.953125 11.40625 43.09375 -45.953125 11.40625 22.03125 -26.046875 11.40625 43.09375 -26.046875 11.40625 22.03125 -28.359375 13.40625 23.9375 -28.359375 13.40625 41.5625 42.046875 7 43.09375 43.71875 7 44.75 43.71875 11.40625 44.75 42.046875 11.40625 43.09375 </float_array>
          <technique_common>
            <accessor count="1616" offset="0" source="#m_dun1701_00_00-10-positions-array" stride="3">
              <param name="X" type="float" />
              <param name="Y" type="float" />
              <param name="Z" type="float" />
            </accessor>
          </technique_common>
        </source>
        <source id="m_dun1701_00_00-10-tex0" name="m_dun1701_00_00-10-tex0">
          <float_array id="m_dun1701_00_00-10-tex0-array" count="3232"> 0 0.21875 0.109375 0.25 0.109375 0.90625 0 0.90625 0.140625 0.96875 0.0625 1 0.611328125 0.96875 0.6875 1 0.642578125 0.90625 0.75 0.90625 0.642578125 0.25 0.75 0.21875 0.611328125 0.1875 0.6875 0.15625 0.140625 0.1875 0.0625 0.15625 0.109375 0.25 0 0.21875 0 0.21875 0.109375 0.25 0.109375 0.90625 0 0.90625 0.140625 0.96875 0.0625 1 0.611328125 0.96875 0.6875 1 0.642578125 0.90625 0.75 0.90625 0.642578125 0.25 0.75 0.21875 0.611328125 0.1875 0.6875 0.15625 0.140625 0.1875 0.0625 0.15625 0.109375 0.25 0 0.21875 0.865234375 0.38671875 0.8671875 0.38671875 0.8671875 0.404296875 0.865234375 0.404296875 0.8671875 0.404296875 0.8671875 0.40625 0.880859375 0.404296875 0.880859375 0.40625 0.880859375 0.404296875 0.8828125 0.404296875 0.880859375 0.38671875 0.8828125 0.38671875 0.880859375 0.38671875 0.880859375 0.384765625 0.8671875 0.38671875 0.8671875 0.384765625 0.8671875 0.38671875 0.865234375 0.38671875 0 0.21875 0.109375 0.25 0.109375 0.90625 0 0.90625 0.140625 0.96875 0.0625 1 0.611328125 0.96875 0.6875 1 0.642578125 0.90625 0.75 0.90625 0.642578125 0.25 0.75 0.21875 0.611328125 0.1875 0.6875 0.15625 0.140625 0.1875 0.0625 0.15625 0.109375 0.25 0 0.21875 0 0.21875 0.109375 0.25 0.109375 0.90625 0 0.90625 0.140625 0.96875 0.0625 1 0.611328125 0.96875 0.6875 1 0.642578125 0.90625 0.75 0.90625 0.642578125 0.25 0.75 0.21875 0.611328125 0.1875 0.6875 0.15625 0.140625 0.1875 0.0625 0.15625 0.109375 0.25 0 0.21875 0.865234375 0.38671875 0.8671875 0.38671875 0.8671875 0.404296875 0.865234375 0.404296875 0.8671875 0.404296875 0.8671875 0.40625 0.880859375 0.404296875 0.880859375 0.40625 0.880859375 0.404296875 0.8828125 0.404296875 0.880859375 0.38671875 0.8828125 0.38671875 0.880859375 0.38671875 0.880859375 0.384765625 0.8671875 0.38671875 0.8671875 0.384765625 0.8671875 0.38671875 0.865234375 0.38671875 0 0.21875 0.109375 0.25 0.109375 0.90625 0 0.90625 0.140625 0.96875 0.0625 1 0.611328125 0.96875 0.6875 1 0.642578125 0.90625 0.75 0.90625 0.642578125 0.25 0.75 0.21875 0.611328125 0.1875 0.6875 0.15625 0.140625 0.1875 0.0625 0.15625 0.109375 0.25 0 0.21875 0 0.21875 0.109375 0.25 0.109375 0.90625 0 0.90625 0.140625 0.96875 0.0625 1 0.611328125 0.96875 0.6875 1 0.642578125 0.90625 0.75 0.90625 0.642578125 0.25 0.75 0.21875 0.611328125 0.1875 0.6875 0.15625 0.140625 0.1875 0.0625 0.15625 0.109375 0.25 0 0.21875 0.865234375 0.38671875 0.8671875 0.38671875 0.8671875 0.404296875 0.865234375 0.404296875 0.8671875 0.404296875 0.8671875 0.40625 0.880859375 0.404296875 0.880859375 0.40625 0.880859375 0.404296875 0.8828125 0.404296875 0.880859375 0.38671875 0.8828125 0.38671875 0.880859375 0.38671875 0.880859375 0.384765625 0.8671875 0.38671875 0.8671875 0.384765625 0.8671875 0.38671875 0.865234375 0.38671875 0 0.21875 0.109375 0.25 0.109375 0.90625 0 0.90625 0.140625 0.96875 0.0625 1 0.611328125 0.96875 0.6875 1 0.642578125 0.90625 0.75 0.90625 0.642578125 0.25 0.75 0.21875 0.611328125 0.1875 0.6875 0.15625 0.140625 0.1875 0.0625 0.15625 0.109375 0.25 0 0.21875 0 0.21875 0.109375 0.25 0.109375 0.90625 0 0.90625 0.140625 0.96875 0.0625 1 0.611328125 0.96875 0.6875 1 0.642578125 0.90625 0.75 0.90625 0.642578125 0.25 0.75 0.21875 0.611328125 0.1875 0.6875 0.15625 0.140625 0.1875 0.0625 0.15625 0.109375 0.25 0 0.21875 0.865234375 0.38671875 0.8671875 0.38671875 0.8671875 0.404296875 0.865234375 0.404296875 0.8671875 0.404296875 0.8671875 0.40625 0.880859375 0.404296875 0.880859375 0.40625 0.880859375 0.404296875 0.8828125 0.404296875 0.880859375 0.38671875 0.8828125 0.38671875 0.880859375 0.38671875 0.880859375 0.384765625 0.8671875 0.38671875 0.8671875 0.384765625 0.8671875 0.38671875 0.865234375 0.38671875 0 0.21875 0.109375 0.25 0.109375 0.90625 0 0.90625 0.140625 0.96875 0.0625 1 0.611328125 0.96875 0.6875 1 0.642578125 0.90625 0.75 0.90625 0.642578125 0.25 0.75 0.21875 0.611328125 0.1875 0.6875 0.15625 0.140625 0.1875 0.0625 0.15625 0.109375 0.25 0 0.21875 0 0.21875 0.109375 0.25 0.109375 0.90625 0 0.90625 0.140625 0.96875 0.0625 1 0.611328125 0.96875 0.6875 1 0.642578125 0.90625 0.75 0.90625 0.642578125 0.25 0.75 0.21875 0.611328125 0.1875 0.6875 0.15625 0.140625 0.1875 0.0625 0.15625 0.109375 0.25 0 0.21875 0 0.21875 0.109375 0.25 0.109375 0.90625 0 0.90625 0.140625 0.96875 0.0625 1 0.611328125 0.96875 0.6875 1 0.642578125 0.90625 0.75 0.90625 0.642578125 0.25 0.75 0.21875 0.611328125 0.1875 0.6875 0.15625 0.140625 0.1875 0.0625 0.15625 0.109375 0.25 0 0.21875 0.865234375 0.38671875 0.8671875 0.38671875 0.8671875 0.404296875 0.865234375 0.404296875 0.8671875 0.404296875 0.8671875 0.40625 0.880859375 0.404296875 0.880859375 0.40625 0.880859375 0.404296875 0.8828125 0.404296875 0.880859375 0.38671875 0.8828125 0.38671875 0.880859375 0.38671875 0.880859375 0.384765625 0.8671875 0.38671875 0.8671875 0.384765625 0.8671875 0.38671875 0.865234375 0.38671875 0 0.21875 0.109375 0.25 0.109375 0.90625 0 0.90625 0.140625 0.96875 0.0625 1 0.611328125 0.96875 0.6875 1 0.642578125 0.90625 0.75 0.90625 0.642578125 0.25 0.75 0.21875 0.611328125 0.1875 0.6875 0.15625 0.140625 0.1875 0.0625 0.15625 0.109375 0.25 0 0.21875 0 0.21875 0.109375 0.25 0.109375 0.90625 0 0.90625 0.140625 0.96875 0.0625 1 0.611328125 0.96875 0.6875 1 0.642578125 0.90625 0.75 0.90625 0.642578125 0.25 0.75 0.21875 0.611328125 0.1875 0.6875 0.15625 0.140625 0.1875 0.0625 0.15625 0.109375 0.25 0 0.21875 0.865234375 0.38671875 0.8671875 0.38671875 0.8671875 0.404296875 0.865234375 0.404296875 0.8671875 0.404296875 0.8671875 0.40625 0.880859375 0.404296875 0.880859375 0.40625 0.880859375 0.404296875 0.8828125 0.404296875 0.880859375 0.38671875 0.8828125 0.38671875 0.880859375 0.38671875 0.880859375 0.384765625 0.8671875 0.38671875 0.8671875 0.384765625 0.8671875 0.38671875 0.865234375 0.38671875 0 0.21875 0.109375 0.25 0.109375 0.90625 0 0.90625 0.140625 0.96875 0.0625 1 0.611328125 0.96875 0.6875 1 0.642578125 0.90625 0.75 0.90625 0.642578125 0.25 0.75 0.21875 0.611328125 0.1875 0.6875 0.15625 0.140625 0.1875 0.0625 0.15625 0.109375 0.25 0 0.21875 0.865234375 0.38671875 0.8671875 0.38671875 0.8671875 0.404296875 0.865234375 0.404296875 0.8671875 0.404296875 0.8671875 0.40625 0.880859375 0.404296875 0.880859375 0.40625 0.880859375 0.404296875 0.8828125 0.404296875 0.880859375 0.38671875 0.8828125 0.38671875 0.880859375 0.38671875 0.880859375 0.384765625 0.8671875 0.38671875 0.8671875 0.384765625 0.8671875 0.38671875 0.865234375 0.38671875 0 0.21875 0.109375 0.25 0.109375 0.90625 0 0.90625 0.140625 0.96875 0.0625 1 0.611328125 0.96875 0.6875 1 0.642578125 0.90625 0.75 0.90625 0.642578125 0.25 0.75 0.21875 0.611328125 0.1875 0.6875 0.15625 0.140625 0.1875 0.0625 0.15625 0.109375 0.25 0 0.21875 0 0.21875 0.109375 0.25 0.109375 0.90625 0 0.90625 0.140625 0.96875 0.0625 1 0.611328125 0.96875 0.6875 1 0.642578125 0.90625 0.75 0.90625 0.642578125 0.25 0.75 0.21875 0.611328125 0.1875 0.6875 0.15625 0.140625 0.1875 0.0625 0.15625 0.109375 0.25 0 0.21875 0.865234375 0.38671875 0.8671875 0.38671875 0.8671875 0.404296875 0.865234375 0.404296875 0.8671875 0.404296875 0.8671875 0.40625 0.880859375 0.404296875 0.880859375 0.40625 0.880859375 0.404296875 0.8828125 0.404296875 0.880859375 0.38671875 0.8828125 0.38671875 0.880859375 0.38671875 0.880859375 0.384765625 0.8671875 0.38671875 0.8671875 0.384765625 0.8671875 0.38671875 0.865234375 0.38671875 0.900390625 0.40625 0.900390625 0.408203125 0.8984375 0.40625 0.900390625 0.404296875 0.888671875 0.40625 0.888671875 0.404296875 0.888671875 0.408203125 0.88671875 0.40625 0.88671875 0.421875 0.888671875 0.421875 0.888671875 0.421875 0.888671875 0.423828125 0.8984375 0.421875 0.900390625 0.423828125 0.900390625 0.421875 0.900390625 0.421875 0.140625 0.1875 0.611328125 0.1875 0.642578125 0.25 0.109375 0.25 0.642578125 0.90625 0.109375 0.90625 0.611328125 0.96875 0.140625 0.96875 0.900390625 0.40625 0.900390625 0.408203125 0.8984375 0.40625 0.900390625 0.404296875 0.888671875 0.40625 0.888671875 0.404296875 0.888671875 0.408203125 0.88671875 0.40625 0.88671875 0.421875 0.888671875 0.421875 0.888671875 0.421875 0.888671875 0.423828125 0.8984375 0.421875 0.900390625 0.423828125 0.900390625 0.421875 0.900390625 0.421875 0.140625 0.1875 0.611328125 0.1875 0.642578125 0.25 0.109375 0.25 0.642578125 0.90625 0.109375 0.90625 0.611328125 0.96875 0.140625 0.96875 0.900390625 0.40625 0.900390625 0.408203125 0.8984375 0.40625 0.900390625 0.404296875 0.888671875 0.40625 0.888671875 0.404296875 0.888671875 0.408203125 0.88671875 0.40625 0.88671875 0.421875 0.888671875 0.421875 0.888671875 0.421875 0.888671875 0.423828125 0.8984375 0.421875 0.900390625 0.423828125 0.900390625 0.421875 0.900390625 0.421875 0.900390625 0.40625 0.900390625 0.408203125 0.8984375 0.40625 0.900390625 0.404296875 0.888671875 0.40625 0.888671875 0.404296875 0.888671875 0.408203125 0.88671875 0.40625 0.140625 0.1875 0.611328125 0.1875 0.642578125 0.25 0.109375 0.25 0.642578125 0.90625 0.109375 0.90625 0.611328125 0.96875 0.140625 0.96875 0.900390625 0.40625 0.900390625 0.408203125 0.8984375 0.40625 0.900390625 0.404296875 0.888671875 0.40625 0.888671875 0.404296875 0.888671875 0.408203125 0.88671875 0.40625 0.140625 0.1875 0.611328125 0.1875 0.642578125 0.25 0.109375 0.25 0.642578125 0.90625 0.109375 0.90625 0.611328125 0.96875 0.140625 0.96875 0.140625 0.1875 0.611328125 0.1875 0.642578125 0.25 0.109375 0.25 0.642578125 0.90625 0.109375 0.90625 0.611328125 0.96875 0.140625 0.96875 0.88671875 0.421875 0.888671875 0.421875 0.888671875 0.421875 0.888671875 0.423828125 0.8984375 0.421875 0.900390625 0.423828125 0.900390625 0.421875 0.900390625 0.421875 0.88671875 0.421875 0.888671875 0.421875 0.888671875 0.421875 0.888671875 0.423828125 0.8984375 0.421875 0.900390625 0.423828125 0.900390625 0.421875 0.900390625 0.421875 0.140625 0.1875 0.611328125 0.1875 0.642578125 0.25 0.109375 0.25 0.642578125 0.90625 0.109375 0.90625 0.611328125 0.96875 0.140625 0.96875 0.900390625 0.40625 0.900390625 0.408203125 0.8984375 0.40625 0.900390625 0.404296875 0.888671875 0.40625 0.888671875 0.404296875 0.888671875 0.408203125 0.88671875 0.40625 0.140625 0.1875 0.611328125 0.1875 0.642578125 0.25 0.109375 0.25 0.642578125 0.90625 0.109375 0.90625 0.611328125 0.96875 0.140625 0.96875 0.88671875 0.421875 0.888671875 0.421875 0.888671875 0.421875 0.888671875 0.423828125 0.8984375 0.421875 0.900390625 0.423828125 0.900390625 0.421875 0.900390625 0.421875 0.88671875 0.421875 0.888671875 0.421875 0.888671875 0.421875 0.888671875 0.423828125 0.8984375 0.421875 0.900390625 0.423828125 0.900390625 0.421875 0.900390625 0.421875 0.900390625 0.40625 0.900390625 0.408203125 0.8984375 0.40625 0.900390625 0.404296875 0.888671875 0.40625 0.888671875 0.404296875 0.888671875 0.408203125 0.88671875 0.40625 0.900390625 0.40625 0.900390625 0.408203125 0.8984375 0.40625 0.900390625 0.404296875 0.888671875 0.40625 0.888671875 0.404296875 0.888671875 0.408203125 0.88671875 0.40625 0.140625 0.1875 0.611328125 0.1875 0.642578125 0.25 0.109375 0.25 0.642578125 0.90625 0.109375 0.90625 0.611328125 0.96875 0.140625 0.96875 0.88671875 0.421875 0.888671875 0.421875 0.888671875 0.421875 0.888671875 0.423828125 0.8984375 0.421875 0.900390625 0.423828125 0.900390625 0.421875 0.900390625 0.421875 0.88671875 0.421875 0.888671875 0.421875 0.888671875 0.421875 0.888671875 0.423828125 0.8984375 0.421875 0.900390625 0.423828125 0.900390625 0.421875 0.900390625 0.421875 0.140625 0.1875 0.611328125 0.1875 0.642578125 0.25 0.109375 0.25 0.642578125 0.90625 0.109375 0.90625 0.611328125 0.96875 0.140625 0.96875 0.900390625 0.40625 0.900390625 0.408203125 0.8984375 0.40625 0.900390625 0.404296875 0.888671875 0.40625 0.888671875 0.404296875 0.888671875 0.408203125 0.88671875 0.40625 0.88671875 0.421875 0.888671875 0.421875 0.888671875 0.421875 0.888671875 0.423828125 0.8984375 0.421875 0.900390625 0.423828125 0.900390625 0.421875 0.900390625 0.421875 0.88671875 0.421875 0.888671875 0.421875 0.888671875 0.421875 0.888671875 0.423828125 0.8984375 0.421875 0.900390625 0.423828125 0.900390625 0.421875 0.900390625 0.421875 0.900390625 0.40625 0.900390625 0.408203125 0.8984375 0.40625 0.900390625 0.404296875 0.888671875 0.40625 0.888671875 0.404296875 0.888671875 0.408203125 0.88671875 0.40625 0.88671875 0.421875 0.888671875 0.421875 0.888671875 0.421875 0.888671875 0.423828125 0.8984375 0.421875 0.900390625 0.423828125 0.900390625 0.421875 0.900390625 0.421875 0.140625 0.1875 0.611328125 0.1875 0.642578125 0.25 0.109375 0.25 0.642578125 0.90625 0.109375 0.90625 0.611328125 0.96875 0.140625 0.96875 0.140625 0.1875 0.611328125 0.1875 0.642578125 0.25 0.109375 0.25 0.642578125 0.90625 0.109375 0.90625 0.611328125 0.96875 0.140625 0.96875 0.88671875 0.421875 0.888671875 0.421875 0.888671875 0.421875 0.888671875 0.423828125 0.8984375 0.421875 0.900390625 0.423828125 0.900390625 0.421875 0.900390625 0.421875 0.900390625 0.40625 0.900390625 0.408203125 0.8984375 0.40625 0.900390625 0.404296875 0.888671875 0.40625 0.888671875 0.404296875 0.888671875 0.408203125 0.88671875 0.40625 0.900390625 0.40625 0.900390625 0.408203125 0.8984375 0.40625 0.900390625 0.404296875 0.888671875 0.40625 0.888671875 0.404296875 0.888671875 0.408203125 0.88671875 0.40625 0.88671875 0.421875 0.888671875 0.421875 0.888671875 0.421875 0.888671875 0.423828125 0.8984375 0.421875 0.900390625 0.423828125 0.900390625 0.421875 0.900390625 0.421875 0.140625 0.1875 0.611328125 0.1875 0.642578125 0.25 0.109375 0.25 0.642578125 0.90625 0.109375 0.90625 0.611328125 0.96875 0.140625 0.96875 0.140625 0.1875 0.611328125 0.1875 0.642578125 0.25 0.109375 0.25 0.642578125 0.90625 0.109375 0.90625 0.611328125 0.96875 0.140625 0.96875 0.88671875 0.421875 0.888671875 0.421875 0.888671875 0.421875 0.888671875 0.423828125 0.8984375 0.421875 0.900390625 0.423828125 0.900390625 0.421875 0.900390625 0.421875 0.140625 0.1875 0.611328125 0.1875 0.642578125 0.25 0.109375 0.25 0.642578125 0.90625 0.109375 0.90625 0.611328125 0.96875 0.140625 0.96875 0.900390625 0.40625 0.900390625 0.408203125 0.8984375 0.40625 0.900390625 0.404296875 0.888671875 0.40625 0.888671875 0.404296875 0.888671875 0.408203125 0.88671875 0.40625 0.88671875 0.421875 0.888671875 0.421875 0.888671875 0.421875 0.888671875 0.423828125 0.8984375 0.421875 0.900390625 0.423828125 0.900390625 0.421875 0.900390625 0.421875 0.900390625 0.40625 0.900390625 0.408203125 0.8984375 0.40625 0.900390625 0.404296875 0.888671875 0.40625 0.888671875 0.404296875 0.888671875 0.408203125 0.88671875 0.40625 0.900390625 0.40625 0.900390625 0.408203125 0.8984375 0.40625 0.900390625 0.404296875 0.888671875 0.40625 0.888671875 0.404296875 0.888671875 0.408203125 0.88671875 0.40625 0.140625 0.1875 0.611328125 0.1875 0.642578125 0.25 0.109375 0.25 0.642578125 0.90625 0.109375 0.90625 0.611328125 0.96875 0.140625 0.96875 0.140625 0.1875 0.611328125 0.1875 0.642578125 0.25 0.109375 0.25 0.642578125 0.90625 0.109375 0.90625 0.611328125 0.96875 0.140625 0.96875 0.900390625 0.40625 0.900390625 0.408203125 0.8984375 0.40625 0.900390625 0.404296875 0.888671875 0.40625 0.888671875 0.404296875 0.888671875 0.408203125 0.88671875 0.40625 0.873046875 0.40625 0.876953125 0.40625 0.876953125 0.408203125 0.873046875 0.408203125 0.876953125 0.419921875 0.873046875 0.419921875 0.873046875 0.419921875 0.87109375 0.419921875 0.87109375 0.41796875 0.873046875 0.41796875 0.87109375 0.40625 0.873046875 0.40625 0.884765625 0.404296875 0.88671875 0.404296875 0.88671875 0.40625 0.884765625 0.40625 0.88671875 0.421875 0.884765625 0.421875 0.873046875 0.40625 0.876953125 0.40625 0.876953125 0.408203125 0.873046875 0.408203125 0.876953125 0.419921875 0.873046875 0.419921875 0.884765625 0.404296875 0.88671875 0.404296875 0.88671875 0.40625 0.884765625 0.40625 0.88671875 0.421875 0.884765625 0.421875 0.873046875 0.419921875 0.87109375 0.419921875 0.87109375 0.41796875 0.873046875 0.41796875 0.87109375 0.40625 0.873046875 0.40625 0.884765625 0.404296875 0.88671875 0.404296875 0.88671875 0.40625 0.884765625 0.40625 0.88671875 0.421875 0.884765625 0.421875 0.873046875 0.40625 0.876953125 0.40625 0.876953125 0.408203125 0.873046875 0.408203125 0.876953125 0.419921875 0.873046875 0.419921875 0.873046875 0.419921875 0.87109375 0.419921875 0.87109375 0.41796875 0.873046875 0.41796875 0.87109375 0.40625 0.873046875 0.40625 0.884765625 0.404296875 0.88671875 0.404296875 0.88671875 0.40625 0.884765625 0.40625 0.88671875 0.421875 0.884765625 0.421875 0.873046875 0.40625 0.876953125 0.40625 0.876953125 0.408203125 0.873046875 0.408203125 0.876953125 0.419921875 0.873046875 0.419921875 0.873046875 0.419921875 0.87109375 0.419921875 0.87109375 0.41796875 0.873046875 0.41796875 0.87109375 0.40625 0.873046875 0.40625 0.884765625 0.404296875 0.88671875 0.404296875 0.88671875 0.40625 0.884765625 0.40625 0.88671875 0.421875 0.884765625 0.421875 0.873046875 0.40625 0.876953125 0.40625 0.876953125 0.408203125 0.873046875 0.408203125 0.876953125 0.419921875 0.873046875 0.419921875 0.873046875 0.419921875 0.87109375 0.419921875 0.87109375 0.41796875 0.873046875 0.41796875 0.87109375 0.40625 0.873046875 0.40625 0.873046875 0.40625 0.876953125 0.40625 0.876953125 0.408203125 0.873046875 0.408203125 0.876953125 0.419921875 0.873046875 0.419921875 0.873046875 0.419921875 0.87109375 0.419921875 0.87109375 0.41796875 0.873046875 0.41796875 0.87109375 0.40625 0.873046875 0.40625 0.884765625 0.404296875 0.88671875 0.404296875 0.88671875 0.40625 0.884765625 0.40625 0.88671875 0.421875 0.884765625 0.421875 0.873046875 0.419921875 0.87109375 0.419921875 0.87109375 0.41796875 0.873046875 0.41796875 0.87109375 0.40625 0.873046875 0.40625 0.884765625 0.404296875 0.88671875 0.404296875 0.88671875 0.40625 0.884765625 0.40625 0.88671875 0.421875 0.884765625 0.421875 0.873046875 0.40625 0.876953125 0.40625 0.876953125 0.408203125 0.873046875 0.408203125 0.876953125 0.419921875 0.873046875 0.419921875 0.873046875 0.40625 0.876953125 0.40625 0.876953125 0.408203125 0.873046875 0.408203125 0.876953125 0.419921875 0.873046875 0.419921875 0.873046875 0.419921875 0.87109375 0.419921875 0.87109375 0.41796875 0.873046875 0.41796875 0.87109375 0.40625 0.873046875 0.40625 0.884765625 0.404296875 0.88671875 0.404296875 0.88671875 0.40625 0.884765625 0.40625 0.88671875 0.421875 0.884765625 0.421875 0.873046875 0.40625 0.876953125 0.40625 0.876953125 0.408203125 0.873046875 0.408203125 0.876953125 0.419921875 0.873046875 0.419921875 0.873046875 0.419921875 0.87109375 0.419921875 0.87109375 0.41796875 0.873046875 0.41796875 0.87109375 0.40625 0.873046875 0.40625 0.884765625 0.404296875 0.88671875 0.404296875 0.88671875 0.40625 0.884765625 0.40625 0.88671875 0.421875 0.884765625 0.421875 0.873046875 0.40625 0.876953125 0.40625 0.876953125 0.408203125 0.873046875 0.408203125 0.876953125 0.419921875 0.873046875 0.419921875 0.873046875 0.419921875 0.87109375 0.419921875 0.87109375 0.41796875 0.873046875 0.41796875 0.87109375 0.40625 0.873046875 0.40625 0.884765625 0.404296875 0.88671875 0.404296875 0.88671875 0.40625 0.884765625 0.40625 0.88671875 0.421875 0.884765625 0.421875 0.873046875 0.40625 0.876953125 0.40625 0.876953125 0.408203125 0.873046875 0.408203125 0.876953125 0.419921875 0.873046875 0.419921875 0.873046875 0.419921875 0.87109375 0.419921875 0.87109375 0.41796875 0.873046875 0.41796875 0.87109375 0.40625 0.873046875 0.40625 0.873046875 0.419921875 0.87109375 0.419921875 0.87109375 0.41796875 0.873046875 0.41796875 0.87109375 0.40625 0.873046875 0.40625 0.884765625 0.404296875 0.88671875 0.404296875 0.88671875 0.40625 0.884765625 0.40625 0.88671875 0.421875 0.884765625 0.421875 0.873046875 0.40625 0.876953125 0.40625 0.876953125 0.408203125 0.873046875 0.408203125 0.876953125 0.419921875 0.873046875 0.419921875 0.884765625 0.404296875 0.88671875 0.404296875 0.88671875 0.40625 0.884765625 0.40625 0.88671875 0.421875 0.884765625 0.421875 0.873046875 0.40625 0.876953125 0.40625 0.876953125 0.408203125 0.873046875 0.408203125 0.876953125 0.419921875 0.873046875 0.419921875 0.873046875 0.419921875 0.87109375 0.419921875 0.87109375 0.41796875 0.873046875 0.41796875 0.87109375 0.40625 0.873046875 0.40625 0.884765625 0.404296875 0.88671875 0.404296875 0.88671875 0.40625 0.884765625 0.40625 0.88671875 0.421875 0.884765625 0.421875 0.873046875 0.40625 0.876953125 0.40625 0.876953125 0.408203125 0.873046875 0.408203125 0.876953125 0.419921875 0.873046875 0.419921875 0.873046875 0.419921875 0.87109375 0.419921875 0.87109375 0.41796875 0.873046875 0.41796875 0.87109375 0.40625 0.873046875 0.40625 0.884765625 0.404296875 0.88671875 0.404296875 0.88671875 0.40625 0.884765625 0.40625 0.88671875 0.421875 0.884765625 0.421875 0.873046875 0.40625 0.876953125 0.40625 0.876953125 0.408203125 0.873046875 0.408203125 0.876953125 0.419921875 0.873046875 0.419921875 0.873046875 0.419921875 0.87109375 0.419921875 0.87109375 0.41796875 0.873046875 0.41796875 0.87109375 0.40625 0.873046875 0.40625 0.884765625 0.404296875 0.88671875 0.404296875 0.88671875 0.40625 0.884765625 0.40625 0.88671875 0.421875 0.884765625 0.421875 0.873046875 0.40625 0.876953125 0.40625 0.876953125 0.408203125 0.873046875 0.408203125 0.876953125 0.419921875 0.873046875 0.419921875 0.873046875 0.419921875 0.87109375 0.419921875 0.87109375 0.41796875 0.873046875 0.41796875 0.87109375 0.40625 0.873046875 0.40625 0.884765625 0.404296875 0.88671875 0.404296875 0.88671875 0.40625 0.884765625 0.40625 0.88671875 0.421875 0.884765625 0.421875 0.8359375 0.31640625 0.841796875 0.31640625 0.9296875 0.564453125 0.9296875 0.580078125 0.8359375 0.31640625 0.841796875 0.31640625 0.9296875 0.564453125 0.9296875 0.580078125 0.8359375 0.31640625 0.87890625 0.31640625 0.87890625 0.580078125 0.8359375 0.580078125 0.880859375 0.408203125 0.876953125 0.408203125 0.876953125 0.40625 0.880859375 0.40625 0.88671875 0.38671875 0.8828125 0.38671875 0.8828125 0.384765625 0.88671875 0.384765625 0.892578125 0.404296875 0.88671875 0.404296875 0.88671875 0.384765625 0.892578125 0.384765625 0.880859375 0.421875 0.876953125 0.421875 0.876953125 0.408203125 0.880859375 0.408203125 0.88671875 0.404296875 0.8828125 0.404296875 0.8828125 0.38671875 0.88671875 0.38671875 0.88671875 0.421875 0.88671875 0.40625 0.888671875 0.408203125 0.888671875 0.421875 0.900390625 0.40625 0.900390625 0.421875 0.900390625 0.421875 0.900390625 0.408203125 0.880859375 0.423828125 0.880859375 0.40625 0.884765625 0.40625 0.884765625 0.423828125 0.873046875 0.419921875 0.873046875 0.419921875 0.876953125 0.419921875 0.876953125 0.419921875 0.88671875 0.421875 0.88671875 0.40625 0.888671875 0.408203125 0.888671875 0.421875 0.900390625 0.40625 0.900390625 0.421875 0.900390625 0.421875 0.900390625 0.408203125 0.880859375 0.423828125 0.880859375 0.40625 0.884765625 0.40625 0.884765625 0.423828125 0.873046875 0.419921875 0.873046875 0.419921875 0.876953125 0.419921875 0.876953125 0.419921875 0.8359375 0.31640625 0.841796875 0.31640625 0.9296875 0.564453125 0.9296875 0.580078125 0.8359375 0.31640625 0.841796875 0.31640625 0.9296875 0.564453125 0.9296875 0.580078125 0.8359375 0.31640625 0.87890625 0.31640625 0.87890625 0.580078125 0.8359375 0.580078125 0.88671875 0.38671875 0.8828125 0.38671875 0.8828125 0.384765625 0.88671875 0.384765625 0.892578125 0.404296875 0.88671875 0.404296875 0.88671875 0.384765625 0.892578125 0.384765625 0.880859375 0.421875 0.876953125 0.421875 0.876953125 0.408203125 0.880859375 0.408203125 0.88671875 0.404296875 0.8828125 0.404296875 0.8828125 0.38671875 0.88671875 0.38671875 0.88671875 0.421875 0.88671875 0.40625 0.888671875 0.408203125 0.888671875 0.421875 0.900390625 0.40625 0.900390625 0.421875 0.900390625 0.421875 0.900390625 0.408203125 0.880859375 0.423828125 0.880859375 0.40625 0.884765625 0.40625 0.884765625 0.423828125 0.873046875 0.419921875 0.873046875 0.419921875 0.876953125 0.419921875 0.876953125 0.419921875 0.88671875 0.421875 0.88671875 0.40625 0.888671875 0.408203125 0.888671875 0.421875 0.880859375 0.421875 0.876953125 0.421875 0.876953125 0.408203125 0.880859375 0.408203125 0.88671875 0.421875 0.88671875 0.40625 0.888671875 0.408203125 0.888671875 0.421875 0.892578125 0.404296875 0.88671875 0.404296875 0.88671875 0.384765625 0.892578125 0.384765625 0.900390625 0.40625 0.900390625 0.421875 0.900390625 0.421875 0.900390625 0.408203125 0.88671875 0.38671875 0.8828125 0.38671875 0.8828125 0.384765625 0.88671875 0.384765625 0.880859375 0.423828125 0.880859375 0.40625 0.884765625 0.40625 0.884765625 0.423828125 0.88671875 0.421875 0.88671875 0.40625 0.888671875 0.408203125 0.888671875 0.421875 0.88671875 0.421875 0.88671875 0.40625 0.888671875 0.408203125 0.888671875 0.421875 0.88671875 0.421875 0.88671875 0.40625 0.888671875 0.408203125 0.888671875 0.421875 0.873046875 0.419921875 0.873046875 0.419921875 0.876953125 0.419921875 0.876953125 0.419921875 0.880859375 0.408203125 0.876953125 0.408203125 0.876953125 0.40625 0.880859375 0.40625 0.88671875 0.421875 0.88671875 0.40625 0.888671875 0.408203125 0.888671875 0.421875 0.8359375 0.31640625 0.87890625 0.31640625 0.87890625 0.580078125 0.8359375 0.580078125 0.900390625 0.40625 0.900390625 0.421875 0.900390625 0.421875 0.900390625 0.408203125 0.8359375 0.31640625 0.841796875 0.31640625 0.9296875 0.564453125 0.9296875 0.580078125 0.880859375 0.423828125 0.880859375 0.40625 0.884765625 0.40625 0.884765625 0.423828125 0.900390625 0.40625 0.900390625 0.421875 0.900390625 0.421875 0.900390625 0.408203125 0.88671875 0.404296875 0.8828125 0.404296875 0.8828125 0.38671875 0.88671875 0.38671875 0.880859375 0.423828125 0.880859375 0.40625 0.884765625 0.40625 0.884765625 0.423828125 0.873046875 0.419921875 0.873046875 0.419921875 0.876953125 0.419921875 0.876953125 0.419921875 0.8359375 0.31640625 0.841796875 0.31640625 0.9296875 0.564453125 0.9296875 0.580078125 0.8359375 0.31640625 0.841796875 0.31640625 0.9296875 0.564453125 0.9296875 0.580078125 0.8359375 0.31640625 0.87890625 0.31640625 0.87890625 0.580078125 0.8359375 0.580078125 0.880859375 0.408203125 0.876953125 0.408203125 0.876953125 0.40625 0.880859375 0.40625 0.88671875 0.38671875 0.8828125 0.38671875 0.8828125 0.384765625 0.88671875 0.384765625 0.892578125 0.404296875 0.88671875 0.404296875 0.88671875 0.384765625 0.892578125 0.384765625 0.880859375 0.421875 0.876953125 0.421875 0.876953125 0.408203125 0.880859375 0.408203125 0.88671875 0.404296875 0.8828125 0.404296875 0.8828125 0.38671875 0.88671875 0.38671875 0.8359375 0.31640625 0.841796875 0.31640625 0.9296875 0.564453125 0.9296875 0.580078125 0.88671875 0.421875 0.88671875 0.40625 0.888671875 0.408203125 0.888671875 0.421875 0.873046875 0.419921875 0.873046875 0.419921875 0.876953125 0.419921875 0.876953125 0.419921875 0.900390625 0.40625 0.900390625 0.421875 0.900390625 0.421875 0.900390625 0.408203125 0.880859375 0.423828125 0.880859375 0.40625 0.884765625 0.40625 0.884765625 0.423828125 0.880859375 0.423828125 0.880859375 0.40625 0.884765625 0.40625 0.884765625 0.423828125 0.880859375 0.423828125 0.880859375 0.40625 0.884765625 0.40625 0.884765625 0.423828125 0.873046875 0.419921875 0.873046875 0.419921875 0.876953125 0.419921875 0.876953125 0.419921875 0.900390625 0.40625 0.900390625 0.421875 0.900390625 0.421875 0.900390625 0.408203125 0.900390625 0.40625 0.900390625 0.421875 0.900390625 0.421875 0.900390625 0.408203125 0.88671875 0.421875 0.88671875 0.40625 0.888671875 0.408203125 0.888671875 0.421875 0.88671875 0.421875 0.88671875 0.40625 0.888671875 0.408203125 0.888671875 0.421875 0.873046875 0.419921875 0.873046875 0.419921875 0.876953125 0.419921875 0.876953125 0.419921875 0.900390625 0.40625 0.900390625 0.421875 0.900390625 0.421875 0.900390625 0.408203125 0.880859375 0.423828125 0.880859375 0.40625 0.884765625 0.40625 0.884765625 0.423828125 0.880859375 0.423828125 0.880859375 0.40625 0.884765625 0.40625 0.884765625 0.423828125 0.873046875 0.419921875 0.873046875 0.419921875 0.876953125 0.419921875 0.876953125 0.419921875 0.8359375 0.31640625 0.841796875 0.31640625 0.9296875 0.564453125 0.9296875 0.580078125 0.8359375 0.31640625 0.841796875 0.31640625 0.9296875 0.564453125 0.9296875 0.580078125 0.873046875 0.419921875 0.873046875 0.419921875 0.876953125 0.419921875 0.876953125 0.419921875 0.8359375 0.31640625 0.841796875 0.31640625 0.9296875 0.564453125 0.9296875 0.580078125 0.8359375 0.31640625 0.841796875 0.31640625 0.9296875 0.564453125 0.9296875 0.580078125 0.8359375 0.31640625 0.87890625 0.31640625 0.87890625 0.580078125 0.8359375 0.580078125 0.880859375 0.408203125 0.876953125 0.408203125 0.876953125 0.40625 0.880859375 0.40625 0.88671875 0.38671875 0.8828125 0.38671875 0.8828125 0.384765625 0.88671875 0.384765625 0.892578125 0.404296875 0.88671875 0.404296875 0.88671875 0.384765625 0.892578125 0.384765625 0.880859375 0.421875 0.876953125 0.421875 0.876953125 0.408203125 0.880859375 0.408203125 0.88671875 0.404296875 0.8828125 0.404296875 0.8828125 0.38671875 0.88671875 0.38671875 0.900390625 0.40625 0.900390625 0.421875 0.900390625 0.421875 0.900390625 0.408203125 0.88671875 0.421875 0.88671875 0.40625 0.888671875 0.408203125 0.888671875 0.421875 0.88671875 0.404296875 0.8828125 0.404296875 0.8828125 0.38671875 0.88671875 0.38671875 0.900390625 0.40625 0.900390625 0.421875 0.900390625 0.421875 0.900390625 0.408203125 0.880859375 0.421875 0.876953125 0.421875 0.876953125 0.408203125 0.880859375 0.408203125 0.880859375 0.423828125 0.880859375 0.40625 0.884765625 0.40625 0.884765625 0.423828125 0.8359375 0.31640625 0.87890625 0.31640625 0.87890625 0.580078125 0.8359375 0.580078125 0.880859375 0.408203125 0.876953125 0.408203125 0.876953125 0.40625 0.880859375 0.40625 0.88671875 0.38671875 0.8828125 0.38671875 0.8828125 0.384765625 0.88671875 0.384765625 0.873046875 0.419921875 0.873046875 0.419921875 0.876953125 0.419921875 0.876953125 0.419921875 0.892578125 0.404296875 0.88671875 0.404296875 0.88671875 0.384765625 0.892578125 0.384765625 0.88671875 0.421875 0.88671875 0.40625 0.888671875 0.408203125 0.888671875 0.421875 0.880859375 0.408203125 0.876953125 0.408203125 0.876953125 0.40625 0.880859375 0.40625 0.900390625 0.40625 0.900390625 0.421875 0.900390625 0.421875 0.900390625 0.408203125 0.88671875 0.38671875 0.8828125 0.38671875 0.8828125 0.384765625 0.88671875 0.384765625 0.880859375 0.423828125 0.880859375 0.40625 0.884765625 0.40625 0.884765625 0.423828125 0.892578125 0.404296875 0.88671875 0.404296875 0.88671875 0.384765625 0.892578125 0.384765625 0.880859375 0.421875 0.876953125 0.421875 0.876953125 0.408203125 0.880859375 0.408203125 0.88671875 0.404296875 0.8828125 0.404296875 0.8828125 0.38671875 0.88671875 0.38671875 0.873046875 0.419921875 0.873046875 0.419921875 0.876953125 0.419921875 0.876953125 0.419921875 0.880859375 0.408203125 0.876953125 0.408203125 0.876953125 0.40625 0.880859375 0.40625 0.8359375 0.31640625 0.87890625 0.31640625 0.87890625 0.580078125 0.8359375 0.580078125 0.8359375 0.31640625 0.841796875 0.31640625 0.9296875 0.564453125 0.9296875 0.580078125 0.8359375 0.31640625 0.841796875 0.31640625 0.9296875 0.564453125 0.9296875 0.580078125 0.873046875 0.419921875 0.873046875 0.419921875 0.876953125 0.419921875 0.876953125 0.419921875 0.880859375 0.423828125 0.880859375 0.40625 0.884765625 0.40625 0.884765625 0.423828125 0.900390625 0.40625 0.900390625 0.421875 0.900390625 0.421875 0.900390625 0.408203125 0.88671875 0.421875 0.88671875 0.40625 0.888671875 0.408203125 0.888671875 0.421875 0.873046875 0.419921875 0.873046875 0.419921875 0.876953125 0.419921875 0.876953125 0.419921875 0.880859375 0.423828125 0.880859375 0.40625 0.884765625 0.40625 0.884765625 0.423828125 0.900390625 0.40625 0.900390625 0.421875 0.900390625 0.421875 0.900390625 0.408203125 0.88671875 0.421875 0.88671875 0.40625 0.888671875 0.408203125 0.888671875 0.421875 0.88671875 0.404296875 0.8828125 0.404296875 0.8828125 0.38671875 0.88671875 0.38671875 0.880859375 0.421875 0.876953125 0.421875 0.876953125 0.408203125 0.880859375 0.408203125 0.892578125 0.404296875 0.88671875 0.404296875 0.88671875 0.384765625 0.892578125 0.384765625 0.88671875 0.38671875 0.8828125 0.38671875 0.8828125 0.384765625 0.88671875 0.384765625 0.880859375 0.408203125 0.876953125 0.408203125 0.876953125 0.40625 0.880859375 0.40625 0.8359375 0.31640625 0.87890625 0.31640625 0.87890625 0.580078125 0.8359375 0.580078125 0.8359375 0.31640625 0.841796875 0.31640625 0.9296875 0.564453125 0.9296875 0.580078125 0.8359375 0.31640625 0.841796875 0.31640625 0.9296875 0.564453125 0.9296875 0.580078125 0.873046875 0.419921875 0.873046875 0.419921875 0.876953125 0.419921875 0.876953125 0.419921875 0.880859375 0.423828125 0.880859375 0.40625 0.884765625 0.40625 0.884765625 0.423828125 0.900390625 0.40625 0.900390625 0.421875 0.900390625 0.421875 0.900390625 0.408203125 0.873046875 0.419921875 0.873046875 0.419921875 0.876953125 0.419921875 0.876953125 0.419921875 </float_array>
          <technique_common>
            <accessor count="1616" offset="0" source="#m_dun1701_00_00-10-tex0-array" stride="2">
              <param name="S" type="float" />
              <param name="T" type="float" />
            </accessor>
          </technique_common>
        </source>
        <source id="m_dun1701_00_00-10-color0" name="m_dun1701_00_00-10-color0">
          <float_array id="m_dun1701_00_00-10-color0-array" count="4848"> 1 1 1 1 1 1 0.615686297 0.615686297 0.615686297 0.615686297 0.615686297 0.615686297 0.615686297 0.615686297 0.615686297 0.615686297 0.615686297 0.615686297 0.615686297 0.615686297 0.615686297 0.615686297 0.615686297 0.615686297 0.615686297 0.615686297 0.615686297 0.615686297 0.615686297 0.615686297 1 1 1 1 1 1 1 1 1 1 1 1 1 1 1 1 1 1 1 1 1 1 1 1 1 1 1 1 1 1 0.615686297 0.615686297 0.615686297 0.615686297 0.615686297 0.615686297 0.615686297 0.615686297 0.615686297 0.615686297 0.615686297 0.615686297 0.615686297 0.615686297 0.615686297 0.615686297 0.615686297 0.615686297 0.615686297 0.615686297 0.615686297 0.615686297 0.615686297 0.615686297 1 1 1 1 1 1 1 1 1 1 1 1 1 1 1 1 1 1 1 1 1 1 1 1 0.615686297 0.615686297 0.615686297 0.372549027 0.372549027 0.372549027 0.372549027 0.372549027 0.372549027 1 1 1 0.372549027 0.372549027 0.372549027 1 1 1 0.372549027 0.372549027 0.372549027 1 1 1 0.372549027 0.372549027 0.372549027 1 1 1 0.372549027 0.372549027 0.372549027 0.615686297 0.615686297 0.615686297 0.372549027 0.372549027 0.372549027 0.615686297 0.615686297 0.615686297 0.372549027 0.372549027 0.372549027 0.615686297 0.615686297 0.615686297 0.372549027 0.372549027 0.372549027 0.615686297 0.615686297 0.615686297 1 1 1 1 1 1 0.615686297 0.615686297 0.615686297 0.615686297 0.615686297 0.615686297 0.615686297 0.615686297 0.615686297 0.615686297 0.615686297 0.615686297 0.615686297 0.615686297 0.615686297 0.615686297 0.615686297 0.615686297 0.615686297 0.615686297 0.615686297 0.615686297 0.615686297 0.615686297 1 1 1 1 1 1 1 1 1 1 1 1 1 1 1 1 1 1 1 1 1 1 1 1 1 1 1 1 1 1 0.615686297 0.615686297 0.615686297 0.615686297 0.615686297 0.615686297 0.615686297 0.615686297 0.615686297 0.615686297 0.615686297 0.615686297 0.615686297 0.615686297 0.615686297 0.615686297 0.615686297 0.615686297 0.615686297 0.615686297 0.615686297 0.615686297 0.615686297 0.615686297 1 1 1 1 1 1 1 1 1 1 1 1 1 1 1 1 1 1 1 1 1 1 1 1 0.615686297 0.615686297 0.615686297 0.372549027 0.372549027 0.372549027 0.372549027 0.372549027 0.372549027 1 1 1 0.372549027 0.372549027 0.372549027 1 1 1 0.372549027 0.372549027 0.372549027 1 1 1 0.372549027 0.372549027 0.372549027 1 1 1 0.372549027 0.372549027 0.372549027 0.615686297 0.615686297 0.615686297 0.372549027 0.372549027 0.372549027 0.615686297 0.615686297 0.615686297 0.372549027 0.372549027 0.372549027 0.615686297 0.615686297 0.615686297 0.372549027 0.372549027 0.372549027 0.615686297 0.615686297 0.615686297 1 1 1 1 1 1 0.615686297 0.615686297 0.615686297 0.615686297 0.615686297 0.615686297 0.615686297 0.615686297 0.615686297 0.615686297 0.615686297 0.615686297 0.615686297 0.615686297 0.615686297 0.615686297 0.615686297 0.615686297 0.615686297 0.615686297 0.615686297 0.615686297 0.615686297 0.615686297 1 1 1 1 1 1 1 1 1 1 1 1 1 1 1 1 1 1 1 1 1 1 1 1 1 1 1 1 1 1 0.615686297 0.615686297 0.615686297 0.615686297 0.615686297 0.615686297 0.615686297 0.615686297 0.615686297 0.615686297 0.615686297 0.615686297 0.615686297 0.615686297 0.615686297 0.615686297 0.615686297 0.615686297 0.615686297 0.615686297 0.615686297 0.615686297 0.615686297 0.615686297 1 1 1 1 1 1 1 1 1 1 1 1 1 1 1 1 1 1 1 1 1 1 1 1 0.615686297 0.615686297 0.615686297 0.372549027 0.372549027 0.372549027 0.372549027 0.372549027 0.372549027 1 1 1 0.372549027 0.372549027 0.372549027 1 1 1 0.372549027 0.372549027 0.372549027 1 1 1 0.372549027 0.372549027 0.372549027 1 1 1 0.372549027 0.372549027 0.372549027 0.615686297 0.615686297 0.615686297 0.372549027 0.372549027 0.372549027 0.615686297 0.615686297 0.615686297 0.372549027 0.372549027 0.372549027 0.615686297 0.615686297 0.615686297 0.372549027 0.372549027 0.372549027 0.615686297 0.615686297 0.615686297 1 1 1 1 1 1 0.615686297 0.615686297 0.615686297 0.615686297 0.615686297 0.615686297 0.615686297 0.615686297 0.615686297 0.615686297 0.615686297 0.615686297 0.615686297 0.615686297 0.615686297 0.615686297 0.615686297 0.615686297 0.615686297 0.615686297 0.615686297 0.615686297 0.615686297 0.615686297 1 1 1 1 1 1 1 1 1 1 1 1 1 1 1 1 1 1 1 1 1 1 1 1 1 1 1 1 1 1 0.615686297 0.615686297 0.615686297 0.615686297 0.615686297 0.615686297 0.615686297 0.615686297 0.615686297 0.615686297 0.615686297 0.615686297 0.615686297 0.615686297 0.615686297 0.615686297 0.615686297 0.615686297 0.615686297 0.615686297 0.615686297 0.615686297 0.615686297 0.615686297 1 1 1 1 1 1 1 1 1 1 1 1 1 1 1 1 1 1 1 1 1 1 1 1 0.615686297 0.615686297 0.615686297 0.372549027 0.372549027 0.372549027 0.372549027 0.372549027 0.372549027 1 1 1 0.372549027 0.372549027 0.372549027 1 1 1 0.372549027 0.372549027 0.372549027 1 1 1 0.372549027 0.372549027 0.372549027 1 1 1 0.372549027 0.372549027 0.372549027 0.615686297 0.615686297 0.615686297 0.372549027 0.372549027 0.372549027 0.615686297 0.615686297 0.615686297 0.372549027 0.372549027 0.372549027 0.615686297 0.615686297 0.615686297 0.372549027 0.372549027 0.372549027 0.615686297 0.615686297 0.615686297 1 1 1 1 1 1 0.615686297 0.615686297 0.615686297 0.615686297 0.615686297 0.615686297 0.615686297 0.615686297 0.615686297 0.615686297 0.615686297 0.615686297 0.615686297 0.615686297 0.615686297 0.615686297 0.615686297 0.615686297 0.615686297 0.615686297 0.615686297 0.615686297 0.615686297 0.615686297 1 1 1 1 1 1 1 1 1 1 1 1 1 1 1 1 1 1 1 1 1 1 1 1 1 1 1 1 1 1 0.615686297 0.615686297 0.615686297 0.615686297 0.615686297 0.615686297 0.615686297 0.615686297 0.615686297 0.615686297 0.615686297 0.615686297 0.615686297 0.615686297 0.615686297 0.615686297 0.615686297 0.615686297 0.615686297 0.615686297 0.615686297 0.615686297 0.615686297 0.615686297 1 1 1 1 1 1 1 1 1 1 1 1 1 1 1 1 1 1 1 1 1 1 1 1 1 1 1 1 1 1 0.615686297 0.615686297 0.615686297 0.615686297 0.615686297 0.615686297 0.615686297 0.615686297 0.615686297 0.615686297 0.615686297 0.615686297 0.615686297 0.615686297 0.615686297 0.615686297 0.615686297 0.615686297 0.615686297 0.615686297 0.615686297 0.615686297 0.615686297 0.615686297 1 1 1 1 1 1 1 1 1 1 1 1 1 1 1 1 1 1 1 1 1 1 1 1 0.615686297 0.615686297 0.615686297 0.372549027 0.372549027 0.372549027 0.372549027 0.372549027 0.372549027 1 1 1 0.372549027 0.372549027 0.372549027 1 1 1 0.372549027 0.372549027 0.372549027 1 1 1 0.372549027 0.372549027 0.372549027 1 1 1 0.372549027 0.372549027 0.372549027 0.615686297 0.615686297 0.615686297 0.372549027 0.372549027 0.372549027 0.615686297 0.615686297 0.615686297 0.372549027 0.372549027 0.372549027 0.615686297 0.615686297 0.615686297 0.372549027 0.372549027 0.372549027 0.615686297 0.615686297 0.615686297 1 1 1 1 1 1 0.615686297 0.615686297 0.615686297 0.615686297 0.615686297 0.615686297 0.615686297 0.615686297 0.615686297 0.615686297 0.615686297 0.615686297 0.615686297 0.615686297 0.615686297 0.615686297 0.615686297 0.615686297 0.615686297 0.615686297 0.615686297 0.615686297 0.615686297 0.615686297 1 1 1 1 1 1 1 1 1 1 1 1 1 1 1 1 1 1 1 1 1 1 1 1 1 1 1 1 1 1 0.615686297 0.615686297 0.615686297 0.615686297 0.615686297 0.615686297 0.615686297 0.615686297 0.615686297 0.615686297 0.615686297 0.615686297 0.615686297 0.615686297 0.615686297 0.615686297 0.615686297 0.615686297 0.615686297 0.615686297 0.615686297 0.615686297 0.615686297 0.615686297 1 1 1 1 1 1 1 1 1 1 1 1 1 1 1 1 1 1 1 1 1 1 1 1 0.615686297 0.615686297 0.615686297 0.372549027 0.372549027 0.372549027 0.372549027 0.372549027 0.372549027 1 1 1 0.372549027 0.372549027 0.372549027 1 1 1 0.372549027 0.372549027 0.372549027 1 1 1 0.372549027 0.372549027 0.372549027 1 1 1 0.372549027 0.372549027 0.372549027 0.615686297 0.615686297 0.615686297 0.372549027 0.372549027 0.372549027 0.615686297 0.615686297 0.615686297 0.372549027 0.372549027 0.372549027 0.615686297 0.615686297 0.615686297 0.372549027 0.372549027 0.372549027 0.615686297 0.615686297 0.615686297 1 1 1 1 1 1 0.615686297 0.615686297 0.615686297 0.615686297 0.615686297 0.615686297 0.615686297 0.615686297 0.615686297 0.615686297 0.615686297 0.615686297 0.615686297 0.615686297 0.615686297 0.615686297 0.615686297 0.615686297 0.615686297 0.615686297 0.615686297 0.615686297 0.615686297 0.615686297 1 1 1 1 1 1 1 1 1 1 1 1 1 1 1 1 1 1 1 1 1 1 1 1 0.615686297 0.615686297 0.615686297 0.372549027 0.372549027 0.372549027 0.372549027 0.372549027 0.372549027 1 1 1 0.372549027 0.372549027 0.372549027 1 1 1 0.372549027 0.372549027 0.372549027 1 1 1 0.372549027 0.372549027 0.372549027 1 1 1 0.372549027 0.372549027 0.372549027 0.615686297 0.615686297 0.615686297 0.372549027 0.372549027 0.372549027 0.615686297 0.615686297 0.615686297 0.372549027 0.372549027 0.372549027 0.615686297 0.615686297 0.615686297 0.372549027 0.372549027 0.372549027 0.615686297 0.615686297 0.615686297 1 1 1 1 1 1 0.615686297 0.615686297 0.615686297 0.615686297 0.615686297 0.615686297 0.615686297 0.615686297 0.615686297 0.615686297 0.615686297 0.615686297 0.615686297 0.615686297 0.615686297 0.615686297 0.615686297 0.615686297 0.615686297 0.615686297 0.615686297 0.615686297 0.615686297 0.615686297 1 1 1 1 1 1 1 1 1 1 1 1 1 1 1 1 1 1 1 1 1 1 1 1 1 1 1 1 1 1 0.615686297 0.615686297 0.615686297 0.615686297 0.615686297 0.615686297 0.615686297 0.615686297 0.615686297 0.615686297 0.615686297 0.615686297 0.615686297 0.615686297 0.615686297 0.615686297 0.615686297 0.615686297 0.615686297 0.615686297 0.615686297 0.615686297 0.615686297 0.615686297 1 1 1 1 1 1 1 1 1 1 1 1 1 1 1 1 1 1 1 1 1 1 1 1 0.615686297 0.615686297 0.615686297 0.372549027 0.372549027 0.372549027 0.372549027 0.372549027 0.372549027 1 1 1 0.372549027 0.372549027 0.372549027 1 1 1 0.372549027 0.372549027 0.372549027 1 1 1 0.372549027 0.372549027 0.372549027 1 1 1 0.372549027 0.372549027 0.372549027 0.615686297 0.615686297 0.615686297 0.372549027 0.372549027 0.372549027 0.615686297 0.615686297 0.615686297 0.372549027 0.372549027 0.372549027 0.615686297 0.615686297 0.615686297 0.372549027 0.372549027 0.372549027 0.615686297 0.615686297 0.615686297 0.615686297 0.615686297 0.615686297 0.615686297 0.615686297 0.615686297 0.615686297 0.615686297 0.615686297 0.615686297 0.615686297 0.615686297 0.615686297 0.615686297 0.615686297 0.615686297 0.615686297 0.615686297 0.615686297 0.615686297 0.615686297 0.615686297 0.615686297 0.615686297 0.333333343 0.333333343 0.333333343 0.333333343 0.333333343 0.333333343 0.333333343 0.333333343 0.333333343 0.333333343 0.333333343 0.333333343 0.333333343 0.333333343 0.333333343 0.333333343 0.333333343 0.333333343 0.333333343 0.333333343 0.333333343 0.333333343 0.333333343 0.333333343 0.615686297 0.615686297 0.615686297 0.615686297 0.615686297 0.615686297 0.615686297 0.615686297 0.615686297 0.615686297 0.615686297 0.615686297 1 1 1 1 1 1 1 1 1 1 1 1 0.615686297 0.615686297 0.615686297 0.615686297 0.615686297 0.615686297 0.615686297 0.615686297 0.615686297 0.615686297 0.615686297 0.615686297 0.615686297 0.615686297 0.615686297 0.615686297 0.615686297 0.615686297 0.615686297 0.615686297 0.615686297 0.615686297 0.615686297 0.615686297 0.333333343 0.333333343 0.333333343 0.333333343 0.333333343 0.333333343 0.333333343 0.333333343 0.333333343 0.333333343 0.333333343 0.333333343 0.333333343 0.333333343 0.333333343 0.333333343 0.333333343 0.333333343 0.333333343 0.333333343 0.333333343 0.333333343 0.333333343 0.333333343 0.615686297 0.615686297 0.615686297 0.615686297 0.615686297 0.615686297 0.615686297 0.615686297 0.615686297 0.615686297 0.615686297 0.615686297 1 1 1 1 1 1 1 1 1 1 1 1 0.615686297 0.615686297 0.615686297 0.615686297 0.615686297 0.615686297 0.615686297 0.615686297 0.615686297 0.615686297 0.615686297 0.615686297 0.615686297 0.615686297 0.615686297 0.615686297 0.615686297 0.615686297 0.615686297 0.615686297 0.615686297 0.615686297 0.615686297 0.615686297 0.333333343 0.333333343 0.333333343 0.333333343 0.333333343 0.333333343 0.333333343 0.333333343 0.333333343 0.333333343 0.333333343 0.333333343 0.333333343 0.333333343 0.333333343 0.333333343 0.333333343 0.333333343 0.333333343 0.333333343 0.333333343 0.333333343 0.333333343 0.333333343 0.615686297 0.615686297 0.615686297 0.615686297 0.615686297 0.615686297 0.615686297 0.615686297 0.615686297 0.615686297 0.615686297 0.615686297 0.615686297 0.615686297 0.615686297 0.615686297 0.615686297 0.615686297 0.615686297 0.615686297 0.615686297 0.615686297 0.615686297 0.615686297 0.615686297 0.615686297 0.615686297 0.615686297 0.615686297 0.615686297 0.615686297 0.615686297 0.615686297 0.615686297 0.615686297 0.615686297 1 1 1 1 1 1 1 1 1 1 1 1 0.615686297 0.615686297 0.615686297 0.615686297 0.615686297 0.615686297 0.615686297 0.615686297 0.615686297 0.615686297 0.615686297 0.615686297 0.615686297 0.615686297 0.615686297 0.615686297 0.615686297 0.615686297 0.615686297 0.615686297 0.615686297 0.615686297 0.615686297 0.615686297 0.615686297 0.615686297 0.615686297 0.615686297 0.615686297 0.615686297 0.615686297 0.615686297 0.615686297 0.615686297 0.615686297 0.615686297 1 1 1 1 1 1 1 1 1 1 1 1 0.615686297 0.615686297 0.615686297 0.615686297 0.615686297 0.615686297 0.615686297 0.615686297 0.615686297 0.615686297 0.615686297 0.615686297 1 1 1 1 1 1 1 1 1 1 1 1 0.333333343 0.333333343 0.333333343 0.333333343 0.333333343 0.333333343 0.333333343 0.333333343 0.333333343 0.333333343 0.333333343 0.333333343 0.333333343 0.333333343 0.333333343 0.333333343 0.333333343 0.333333343 0.333333343 0.333333343 0.333333343 0.333333343 0.333333343 0.333333343 0.333333343 0.333333343 0.333333343 0.333333343 0.333333343 0.333333343 0.333333343 0.333333343 0.333333343 0.333333343 0.333333343 0.333333343 0.333333343 0.333333343 0.333333343 0.333333343 0.333333343 0.333333343 0.333333343 0.333333343 0.333333343 0.333333343 0.333333343 0.333333343 0.615686297 0.615686297 0.615686297 0.615686297 0.615686297 0.615686297 0.615686297 0.615686297 0.615686297 0.615686297 0.615686297 0.615686297 1 1 1 1 1 1 1 1 1 1 1 1 0.615686297 0.615686297 0.615686297 0.615686297 0.615686297 0.615686297 0.615686297 0.615686297 0.615686297 0.615686297 0.615686297 0.615686297 0.615686297 0.615686297 0.615686297 0.615686297 0.615686297 0.615686297 0.615686297 0.615686297 0.615686297 0.615686297 0.615686297 0.615686297 0.615686297 0.615686297 0.615686297 0.615686297 0.615686297 0.615686297 0.615686297 0.615686297 0.615686297 0.615686297 0.615686297 0.615686297 1 1 1 1 1 1 1 1 1 1 1 1 0.333333343 0.333333343 0.333333343 0.333333343 0.333333343 0.333333343 0.333333343 0.333333343 0.333333343 0.333333343 0.333333343 0.333333343 0.333333343 0.333333343 0.333333343 0.333333343 0.333333343 0.333333343 0.333333343 0.333333343 0.333333343 0.333333343 0.333333343 0.333333343 0.333333343 0.333333343 0.333333343 0.333333343 0.333333343 0.333333343 0.333333343 0.333333343 0.333333343 0.333333343 0.333333343 0.333333343 0.333333343 0.333333343 0.333333343 0.333333343 0.333333343 0.333333343 0.333333343 0.333333343 0.333333343 0.333333343 0.333333343 0.333333343 0.615686297 0.615686297 0.615686297 0.615686297 0.615686297 0.615686297 0.615686297 0.615686297 0.615686297 0.615686297 0.615686297 0.615686297 0.615686297 0.615686297 0.615686297 0.615686297 0.615686297 0.615686297 0.615686297 0.615686297 0.615686297 0.615686297 0.615686297 0.615686297 0.615686297 0.615686297 0.615686297 0.615686297 0.615686297 0.615686297 0.615686297 0.615686297 0.615686297 0.615686297 0.615686297 0.615686297 0.615686297 0.615686297 0.615686297 0.615686297 0.615686297 0.615686297 0.615686297 0.615686297 0.615686297 0.615686297 0.615686297 0.615686297 0.615686297 0.615686297 0.615686297 0.615686297 0.615686297 0.615686297 0.615686297 0.615686297 0.615686297 0.615686297 0.615686297 0.615686297 1 1 1 1 1 1 1 1 1 1 1 1 0.333333343 0.333333343 0.333333343 0.333333343 0.333333343 0.333333343 0.333333343 0.333333343 0.333333343 0.333333343 0.333333343 0.333333343 0.333333343 0.333333343 0.333333343 0.333333343 0.333333343 0.333333343 0.333333343 0.333333343 0.333333343 0.333333343 0.333333343 0.333333343 0.333333343 0.333333343 0.333333343 0.333333343 0.333333343 0.333333343 0.333333343 0.333333343 0.333333343 0.333333343 0.333333343 0.333333343 0.333333343 0.333333343 0.333333343 0.333333343 0.333333343 0.333333343 0.333333343 0.333333343 0.333333343 0.333333343 0.333333343 0.333333343 0.615686297 0.615686297 0.615686297 0.615686297 0.615686297 0.615686297 0.615686297 0.615686297 0.615686297 0.615686297 0.615686297 0.615686297 1 1 1 1 1 1 1 1 1 1 1 1 0.615686297 0.615686297 0.615686297 0.615686297 0.615686297 0.615686297 0.615686297 0.615686297 0.615686297 0.615686297 0.615686297 0.615686297 0.615686297 0.615686297 0.615686297 0.615686297 0.615686297 0.615686297 0.615686297 0.615686297 0.615686297 0.615686297 0.615686297 0.615686297 0.333333343 0.333333343 0.333333343 0.333333343 0.333333343 0.333333343 0.333333343 0.333333343 0.333333343 0.333333343 0.333333343 0.333333343 0.333333343 0.333333343 0.333333343 0.333333343 0.333333343 0.333333343 0.333333343 0.333333343 0.333333343 0.333333343 0.333333343 0.333333343 0.333333343 0.333333343 0.333333343 0.333333343 0.333333343 0.333333343 0.333333343 0.333333343 0.333333343 0.333333343 0.333333343 0.333333343 0.333333343 0.333333343 0.333333343 0.333333343 0.333333343 0.333333343 0.333333343 0.333333343 0.333333343 0.333333343 0.333333343 0.333333343 0.615686297 0.615686297 0.615686297 0.615686297 0.615686297 0.615686297 0.615686297 0.615686297 0.615686297 0.615686297 0.615686297 0.615686297 0.615686297 0.615686297 0.615686297 0.615686297 0.615686297 0.615686297 0.615686297 0.615686297 0.615686297 0.615686297 0.615686297 0.615686297 0.333333343 0.333333343 0.333333343 0.333333343 0.333333343 0.333333343 0.333333343 0.333333343 0.333333343 0.333333343 0.333333343 0.333333343 0.333333343 0.333333343 0.333333343 0.333333343 0.333333343 0.333333343 0.333333343 0.333333343 0.333333343 0.333333343 0.333333343 0.333333343 0.615686297 0.615686297 0.615686297 0.615686297 0.615686297 0.615686297 0.615686297 0.615686297 0.615686297 0.615686297 0.615686297 0.615686297 1 1 1 1 1 1 1 1 1 1 1 1 0.615686297 0.615686297 0.615686297 0.615686297 0.615686297 0.615686297 0.615686297 0.615686297 0.615686297 0.615686297 0.615686297 0.615686297 1 1 1 1 1 1 1 1 1 1 1 1 0.333333343 0.333333343 0.333333343 0.333333343 0.333333343 0.333333343 0.333333343 0.333333343 0.333333343 0.333333343 0.333333343 0.333333343 0.333333343 0.333333343 0.333333343 0.333333343 0.333333343 0.333333343 0.333333343 0.333333343 0.333333343 0.333333343 0.333333343 0.333333343 0.615686297 0.615686297 0.615686297 0.615686297 0.615686297 0.615686297 0.615686297 0.615686297 0.615686297 0.615686297 0.615686297 0.615686297 0.615686297 0.615686297 0.615686297 0.615686297 0.615686297 0.615686297 0.615686297 0.615686297 0.615686297 0.615686297 0.615686297 0.615686297 0.615686297 0.615686297 0.615686297 0.615686297 0.615686297 0.615686297 0.615686297 0.615686297 0.615686297 0.615686297 0.615686297 0.615686297 0.615686297 0.615686297 0.615686297 0.615686297 0.615686297 0.615686297 0.615686297 0.615686297 0.615686297 0.615686297 0.615686297 0.615686297 0.333333343 0.333333343 0.333333343 0.333333343 0.333333343 0.333333343 0.333333343 0.333333343 0.333333343 0.333333343 0.333333343 0.333333343 0.333333343 0.333333343 0.333333343 0.333333343 0.333333343 0.333333343 0.333333343 0.333333343 0.333333343 0.333333343 0.333333343 0.333333343 0.615686297 0.615686297 0.615686297 0.615686297 0.615686297 0.615686297 0.615686297 0.615686297 0.615686297 0.615686297 0.615686297 0.615686297 1 1 1 1 1 1 1 1 1 1 1 1 0.615686297 0.615686297 0.615686297 0.615686297 0.615686297 0.615686297 0.615686297 0.615686297 0.615686297 0.615686297 0.615686297 0.615686297 1 1 1 1 1 1 1 1 1 1 1 1 0.333333343 0.333333343 0.333333343 0.333333343 0.333333343 0.333333343 0.333333343 0.333333343 0.333333343 0.333333343 0.333333343 0.333333343 0.333333343 0.333333343 0.333333343 0.333333343 0.333333343 0.333333343 0.333333343 0.333333343 0.333333343 0.333333343 0.333333343 0.333333343 0.615686297 0.615686297 0.615686297 0.615686297 0.615686297 0.615686297 0.615686297 0.615686297 0.615686297 0.615686297 0.615686297 0.615686297 1 1 1 1 1 1 1 1 1 1 1 1 0.615686297 0.615686297 0.615686297 0.615686297 0.615686297 0.615686297 0.615686297 0.615686297 0.615686297 0.615686297 0.615686297 0.615686297 0.615686297 0.615686297 0.615686297 0.615686297 0.615686297 0.615686297 0.615686297 0.615686297 0.615686297 0.615686297 0.615686297 0.615686297 0.333333343 0.333333343 0.333333343 0.333333343 0.333333343 0.333333343 0.333333343 0.333333343 0.333333343 0.333333343 0.333333343 0.333333343 0.333333343 0.333333343 0.333333343 0.333333343 0.333333343 0.333333343 0.333333343 0.333333343 0.333333343 0.333333343 0.333333343 0.333333343 0.615686297 0.615686297 0.615686297 0.615686297 0.615686297 0.615686297 0.615686297 0.615686297 0.615686297 0.615686297 0.615686297 0.615686297 0.615686297 0.615686297 0.615686297 0.615686297 0.615686297 0.615686297 0.615686297 0.615686297 0.615686297 0.615686297 0.615686297 0.615686297 0.615686297 0.615686297 0.615686297 0.615686297 0.615686297 0.615686297 0.615686297 0.615686297 0.615686297 0.615686297 0.615686297 0.615686297 0.615686297 0.615686297 0.615686297 0.615686297 0.615686297 0.615686297 0.615686297 0.615686297 0.615686297 0.615686297 0.615686297 0.615686297 0.615686297 0.615686297 0.615686297 0.615686297 0.615686297 0.615686297 0.615686297 0.615686297 0.615686297 0.615686297 0.615686297 0.615686297 1 1 1 1 1 1 1 1 1 1 1 1 0.615686297 0.615686297 0.615686297 0.615686297 0.615686297 0.615686297 0.615686297 0.615686297 0.615686297 0.615686297 0.615686297 0.615686297 1 1 1 1 1 1 1 1 1 1 1 1 0.615686297 0.615686297 0.615686297 0.615686297 0.615686297 0.615686297 0.615686297 0.615686297 0.615686297 0.615686297 0.615686297 0.615686297 0.615686297 0.615686297 0.615686297 0.615686297 0.615686297 0.615686297 0.615686297 0.615686297 0.615686297 0.615686297 0.615686297 0.615686297 0.615686297 0.615686297 0.615686297 0.615686297 0.615686297 0.615686297 0.333333343 0.333333343 0.333333343 0.333333343 0.333333343 0.333333343 0.333333343 0.333333343 0.333333343 0.333333343 0.333333343 0.333333343 0.333333343 0.333333343 0.333333343 0.333333343 0.333333343 0.333333343 0.333333343 0.333333343 0.333333343 0.333333343 0.333333343 0.333333343 0.333333343 0.333333343 0.333333343 0.333333343 0.333333343 0.333333343 0.333333343 0.333333343 0.333333343 0.333333343 0.333333343 0.333333343 0.333333343 0.333333343 0.333333343 0.333333343 0.333333343 0.333333343 0.333333343 0.333333343 0.333333343 0.333333343 0.333333343 0.333333343 0.615686297 0.615686297 0.615686297 0.615686297 0.615686297 0.615686297 0.333333343 0.333333343 0.333333343 0.333333343 0.333333343 0.333333343 0.333333343 0.333333343 0.333333343 0.333333343 0.333333343 0.333333343 0.333333343 0.333333343 0.333333343 0.333333343 0.333333343 0.333333343 0.333333343 0.333333343 0.333333343 0.333333343 0.333333343 0.333333343 0.333333343 0.333333343 0.333333343 0.333333343 0.333333343 0.333333343 0.333333343 0.333333343 0.333333343 0.333333343 0.333333343 0.333333343 0.333333343 0.333333343 0.333333343 0.333333343 0.333333343 0.333333343 0.333333343 0.333333343 0.333333343 0.333333343 0.333333343 0.333333343 0.333333343 0.333333343 0.333333343 0.333333343 0.333333343 0.333333343 0.333333343 0.333333343 0.333333343 0.333333343 0.333333343 0.333333343 0.333333343 0.333333343 0.333333343 0.333333343 0.333333343 0.333333343 0.615686297 0.615686297 0.615686297 0.615686297 0.615686297 0.615686297 0.333333343 0.333333343 0.333333343 0.333333343 0.333333343 0.333333343 0.333333343 0.333333343 0.333333343 0.333333343 0.333333343 0.333333343 0.333333343 0.333333343 0.333333343 0.333333343 0.333333343 0.333333343 0.333333343 0.333333343 0.333333343 0.333333343 0.333333343 0.333333343 0.333333343 0.333333343 0.333333343 0.333333343 0.333333343 0.333333343 0.333333343 0.333333343 0.333333343 0.333333343 0.333333343 0.333333343 0.333333343 0.333333343 0.333333343 0.333333343 0.333333343 0.333333343 0.333333343 0.333333343 0.333333343 0.333333343 0.333333343 0.333333343 0.615686297 0.615686297 0.615686297 0.615686297 0.615686297 0.615686297 0.333333343 0.333333343 0.333333343 0.333333343 0.333333343 0.333333343 0.333333343 0.333333343 0.333333343 0.333333343 0.333333343 0.333333343 0.333333343 0.333333343 0.333333343 0.333333343 0.333333343 0.333333343 0.333333343 0.333333343 0.333333343 0.333333343 0.333333343 0.333333343 0.333333343 0.333333343 0.333333343 0.333333343 0.333333343 0.333333343 0.333333343 0.333333343 0.333333343 0.333333343 0.333333343 0.333333343 0.333333343 0.333333343 0.333333343 0.333333343 0.333333343 0.333333343 0.333333343 0.333333343 0.333333343 0.333333343 0.333333343 0.333333343 0.615686297 0.615686297 0.615686297 0.615686297 0.615686297 0.615686297 0.333333343 0.333333343 0.333333343 0.333333343 0.333333343 0.333333343 0.333333343 0.333333343 0.333333343 0.333333343 0.333333343 0.333333343 0.333333343 0.333333343 0.333333343 0.333333343 0.333333343 0.333333343 0.333333343 0.333333343 0.333333343 0.333333343 0.333333343 0.333333343 0.333333343 0.333333343 0.333333343 0.333333343 0.333333343 0.333333343 0.615686297 0.615686297 0.615686297 0.615686297 0.615686297 0.615686297 0.333333343 0.333333343 0.333333343 0.333333343 0.333333343 0.333333343 0.333333343 0.333333343 0.333333343 0.333333343 0.333333343 0.333333343 0.333333343 0.333333343 0.333333343 0.333333343 0.333333343 0.333333343 0.333333343 0.333333343 0.333333343 0.333333343 0.333333343 0.333333343 0.333333343 0.333333343 0.333333343 0.333333343 0.333333343 0.333333343 0.333333343 0.333333343 0.333333343 0.333333343 0.333333343 0.333333343 0.333333343 0.333333343 0.333333343 0.333333343 0.333333343 0.333333343 0.333333343 0.333333343 0.333333343 0.333333343 0.333333343 0.333333343 0.333333343 0.333333343 0.333333343 0.333333343 0.333333343 0.333333343 0.333333343 0.333333343 0.333333343 0.333333343 0.333333343 0.333333343 0.333333343 0.333333343 0.333333343 0.333333343 0.333333343 0.333333343 0.333333343 0.333333343 0.333333343 0.333333343 0.333333343 0.333333343 0.333333343 0.333333343 0.333333343 0.333333343 0.333333343 0.333333343 0.333333343 0.333333343 0.333333343 0.333333343 0.333333343 0.333333343 0.615686297 0.615686297 0.615686297 0.615686297 0.615686297 0.615686297 0.333333343 0.333333343 0.333333343 0.333333343 0.333333343 0.333333343 0.333333343 0.333333343 0.333333343 0.333333343 0.333333343 0.333333343 0.615686297 0.615686297 0.615686297 0.615686297 0.615686297 0.615686297 0.333333343 0.333333343 0.333333343 0.333333343 0.333333343 0.333333343 0.333333343 0.333333343 0.333333343 0.333333343 0.333333343 0.333333343 0.333333343 0.333333343 0.333333343 0.333333343 0.333333343 0.333333343 0.333333343 0.333333343 0.333333343 0.333333343 0.333333343 0.333333343 0.333333343 0.333333343 0.333333343 0.333333343 0.333333343 0.333333343 0.333333343 0.333333343 0.333333343 0.333333343 0.333333343 0.333333343 0.333333343 0.333333343 0.333333343 0.333333343 0.333333343 0.333333343 0.333333343 0.333333343 0.333333343 0.333333343 0.333333343 0.333333343 0.615686297 0.615686297 0.615686297 0.615686297 0.615686297 0.615686297 0.333333343 0.333333343 0.333333343 0.333333343 0.333333343 0.333333343 0.333333343 0.333333343 0.333333343 0.333333343 0.333333343 0.333333343 0.333333343 0.333333343 0.333333343 0.333333343 0.333333343 0.333333343 0.333333343 0.333333343 0.333333343 0.333333343 0.333333343 0.333333343 0.333333343 0.333333343 0.333333343 0.333333343 0.333333343 0.333333343 0.333333343 0.333333343 0.333333343 0.333333343 0.333333343 0.333333343 0.333333343 0.333333343 0.333333343 0.333333343 0.333333343 0.333333343 0.333333343 0.333333343 0.333333343 0.333333343 0.333333343 0.333333343 0.615686297 0.615686297 0.615686297 0.615686297 0.615686297 0.615686297 0.333333343 0.333333343 0.333333343 0.333333343 0.333333343 0.333333343 0.333333343 0.333333343 0.333333343 0.333333343 0.333333343 0.333333343 0.333333343 0.333333343 0.333333343 0.333333343 0.333333343 0.333333343 0.333333343 0.333333343 0.333333343 0.333333343 0.333333343 0.333333343 0.333333343 0.333333343 0.333333343 0.333333343 0.333333343 0.333333343 0.333333343 0.333333343 0.333333343 0.333333343 0.333333343 0.333333343 0.333333343 0.333333343 0.333333343 0.333333343 0.333333343 0.333333343 0.333333343 0.333333343 0.333333343 0.333333343 0.333333343 0.333333343 0.615686297 0.615686297 0.615686297 0.615686297 0.615686297 0.615686297 0.333333343 0.333333343 0.333333343 0.333333343 0.333333343 0.333333343 0.333333343 0.333333343 0.333333343 0.333333343 0.333333343 0.333333343 0.333333343 0.333333343 0.333333343 0.333333343 0.333333343 0.333333343 0.333333343 0.333333343 0.333333343 0.333333343 0.333333343 0.333333343 0.333333343 0.333333343 0.333333343 0.333333343 0.333333343 0.333333343 0.333333343 0.333333343 0.333333343 0.333333343 0.333333343 0.333333343 0.333333343 0.333333343 0.333333343 0.333333343 0.333333343 0.333333343 0.333333343 0.333333343 0.333333343 0.333333343 0.333333343 0.333333343 0.333333343 0.333333343 0.333333343 0.333333343 0.333333343 0.333333343 0.333333343 0.333333343 0.333333343 0.333333343 0.333333343 0.333333343 0.333333343 0.333333343 0.333333343 0.333333343 0.333333343 0.333333343 0.615686297 0.615686297 0.615686297 0.615686297 0.615686297 0.615686297 0.333333343 0.333333343 0.333333343 0.333333343 0.333333343 0.333333343 0.333333343 0.333333343 0.333333343 0.333333343 0.333333343 0.333333343 0.333333343 0.333333343 0.333333343 0.333333343 0.333333343 0.333333343 0.333333343 0.333333343 0.333333343 0.333333343 0.333333343 0.333333343 0.333333343 0.333333343 0.333333343 0.333333343 0.333333343 0.333333343 0.615686297 0.615686297 0.615686297 0.615686297 0.615686297 0.615686297 0.333333343 0.333333343 0.333333343 0.333333343 0.333333343 0.333333343 0.333333343 0.333333343 0.333333343 0.333333343 0.333333343 0.333333343 0.333333343 0.333333343 0.333333343 0.333333343 0.333333343 0.333333343 0.333333343 0.333333343 0.333333343 0.333333343 0.333333343 0.333333343 0.333333343 0.333333343 0.333333343 0.333333343 0.333333343 0.333333343 0.333333343 0.333333343 0.333333343 0.333333343 0.333333343 0.333333343 0.333333343 0.333333343 0.333333343 0.333333343 0.333333343 0.333333343 0.333333343 0.333333343 0.333333343 0.333333343 0.333333343 0.333333343 0.615686297 0.615686297 0.615686297 0.615686297 0.615686297 0.615686297 0.333333343 0.333333343 0.333333343 0.333333343 0.333333343 0.333333343 0.333333343 0.333333343 0.333333343 0.333333343 0.333333343 0.333333343 0.333333343 0.333333343 0.333333343 0.333333343 0.333333343 0.333333343 0.333333343 0.333333343 0.333333343 0.333333343 0.333333343 0.333333343 0.333333343 0.333333343 0.333333343 0.333333343 0.333333343 0.333333343 0.333333343 0.333333343 0.333333343 0.333333343 0.333333343 0.333333343 0.333333343 0.333333343 0.333333343 0.333333343 0.333333343 0.333333343 0.333333343 0.333333343 0.333333343 0.333333343 0.333333343 0.333333343 0.615686297 0.615686297 0.615686297 0.615686297 0.615686297 0.615686297 0.333333343 0.333333343 0.333333343 0.333333343 0.333333343 0.333333343 0.333333343 0.333333343 0.333333343 0.333333343 0.333333343 0.333333343 0.333333343 0.333333343 0.333333343 0.333333343 0.333333343 0.333333343 0.333333343 0.333333343 0.333333343 0.333333343 0.333333343 0.333333343 0.333333343 0.333333343 0.333333343 0.333333343 0.333333343 0.333333343 0.333333343 0.333333343 0.333333343 0.333333343 0.333333343 0.333333343 0.333333343 0.333333343 0.333333343 0.333333343 0.333333343 0.333333343 0.333333343 0.333333343 0.333333343 0.333333343 0.333333343 0.333333343 0.615686297 0.615686297 0.615686297 0.615686297 0.615686297 0.615686297 0.333333343 0.333333343 0.333333343 0.333333343 0.333333343 0.333333343 0.333333343 0.333333343 0.333333343 0.333333343 0.333333343 0.333333343 0.333333343 0.333333343 0.333333343 0.333333343 0.333333343 0.333333343 0.333333343 0.333333343 0.333333343 0.333333343 0.333333343 0.333333343 0.333333343 0.333333343 0.333333343 0.333333343 0.333333343 0.333333343 0.333333343 0.333333343 0.333333343 0.333333343 0.333333343 0.333333343 0.333333343 0.333333343 0.333333343 0.333333343 0.333333343 0.333333343 0.333333343 0.333333343 0.333333343 0.333333343 0.333333343 0.333333343 0.372549027 0.372549027 0.372549027 0.372549027 0.372549027 0.372549027 0.372549027 0.372549027 0.372549027 0.372549027 0.372549027 0.372549027 0.372549027 0.372549027 0.372549027 0.372549027 0.372549027 0.372549027 0.372549027 0.372549027 0.372549027 0.372549027 0.372549027 0.372549027 0.372549027 0.372549027 0.372549027 0.372549027 0.372549027 0.372549027 0.372549027 0.372549027 0.372549027 0.372549027 0.372549027 0.372549027 0.333333343 0.333333343 0.333333343 0.333333343 0.333333343 0.333333343 0.333333343 0.333333343 0.333333343 0.333333343 0.333333343 0.333333343 0.227450982 0.227450982 0.227450982 0.227450982 0.227450982 0.227450982 0.227450982 0.227450982 0.227450982 0.227450982 0.227450982 0.227450982 0.333333343 0.333333343 0.333333343 0.333333343 0.333333343 0.333333343 0.333333343 0.333333343 0.333333343 0.333333343 0.333333343 0.333333343 0.227450982 0.227450982 0.227450982 0.227450982 0.227450982 0.227450982 0.227450982 0.227450982 0.227450982 0.227450982 0.227450982 0.227450982 0.333333343 0.333333343 0.333333343 0.333333343 0.333333343 0.333333343 0.333333343 0.333333343 0.333333343 0.333333343 0.333333343 0.333333343 0.333333343 0.333333343 0.333333343 0.333333343 0.333333343 0.333333343 0.615686297 0.615686297 0.615686297 0.615686297 0.615686297 0.615686297 0.333333343 0.333333343 0.333333343 0.333333343 0.333333343 0.333333343 0.615686297 0.615686297 0.615686297 0.615686297 0.615686297 0.615686297 0.333333343 0.333333343 0.333333343 0.333333343 0.333333343 0.333333343 0.333333343 0.333333343 0.333333343 0.333333343 0.333333343 0.333333343 0.227450982 0.227450982 0.227450982 0.227450982 0.227450982 0.227450982 0.227450982 0.227450982 0.227450982 0.227450982 0.227450982 0.227450982 0.333333343 0.333333343 0.333333343 0.333333343 0.333333343 0.333333343 0.615686297 0.615686297 0.615686297 0.615686297 0.615686297 0.615686297 0.333333343 0.333333343 0.333333343 0.333333343 0.333333343 0.333333343 0.615686297 0.615686297 0.615686297 0.615686297 0.615686297 0.615686297 0.333333343 0.333333343 0.333333343 0.333333343 0.333333343 0.333333343 0.333333343 0.333333343 0.333333343 0.333333343 0.333333343 0.333333343 0.227450982 0.227450982 0.227450982 0.227450982 0.227450982 0.227450982 0.227450982 0.227450982 0.227450982 0.227450982 0.227450982 0.227450982 0.372549027 0.372549027 0.372549027 0.372549027 0.372549027 0.372549027 0.372549027 0.372549027 0.372549027 0.372549027 0.372549027 0.372549027 0.372549027 0.372549027 0.372549027 0.372549027 0.372549027 0.372549027 0.372549027 0.372549027 0.372549027 0.372549027 0.372549027 0.372549027 0.372549027 0.372549027 0.372549027 0.372549027 0.372549027 0.372549027 0.372549027 0.372549027 0.372549027 0.372549027 0.372549027 0.372549027 0.227450982 0.227450982 0.227450982 0.227450982 0.227450982 0.227450982 0.227450982 0.227450982 0.227450982 0.227450982 0.227450982 0.227450982 0.333333343 0.333333343 0.333333343 0.333333343 0.333333343 0.333333343 0.333333343 0.333333343 0.333333343 0.333333343 0.333333343 0.333333343 0.227450982 0.227450982 0.227450982 0.227450982 0.227450982 0.227450982 0.227450982 0.227450982 0.227450982 0.227450982 0.227450982 0.227450982 0.333333343 0.333333343 0.333333343 0.333333343 0.333333343 0.333333343 0.333333343 0.333333343 0.333333343 0.333333343 0.333333343 0.333333343 0.333333343 0.333333343 0.333333343 0.333333343 0.333333343 0.333333343 0.615686297 0.615686297 0.615686297 0.615686297 0.615686297 0.615686297 0.333333343 0.333333343 0.333333343 0.333333343 0.333333343 0.333333343 0.615686297 0.615686297 0.615686297 0.615686297 0.615686297 0.615686297 0.333333343 0.333333343 0.333333343 0.333333343 0.333333343 0.333333343 0.333333343 0.333333343 0.333333343 0.333333343 0.333333343 0.333333343 0.227450982 0.227450982 0.227450982 0.227450982 0.227450982 0.227450982 0.227450982 0.227450982 0.227450982 0.227450982 0.227450982 0.227450982 0.333333343 0.333333343 0.333333343 0.333333343 0.333333343 0.333333343 0.615686297 0.615686297 0.615686297 0.615686297 0.615686297 0.615686297 0.227450982 0.227450982 0.227450982 0.227450982 0.227450982 0.227450982 0.227450982 0.227450982 0.227450982 0.227450982 0.227450982 0.227450982 0.333333343 0.333333343 0.333333343 0.333333343 0.333333343 0.333333343 0.615686297 0.615686297 0.615686297 0.615686297 0.615686297 0.615686297 0.333333343 0.333333343 0.333333343 0.333333343 0.333333343 0.333333343 0.333333343 0.333333343 0.333333343 0.333333343 0.333333343 0.333333343 0.333333343 0.333333343 0.333333343 0.333333343 0.333333343 0.333333343 0.615686297 0.615686297 0.615686297 0.615686297 0.615686297 0.615686297 0.227450982 0.227450982 0.227450982 0.227450982 0.227450982 0.227450982 0.227450982 0.227450982 0.227450982 0.227450982 0.227450982 0.227450982 0.333333343 0.333333343 0.333333343 0.333333343 0.333333343 0.333333343 0.333333343 0.333333343 0.333333343 0.333333343 0.333333343 0.333333343 0.333333343 0.333333343 0.333333343 0.333333343 0.333333343 0.333333343 0.615686297 0.615686297 0.615686297 0.615686297 0.615686297 0.615686297 0.333333343 0.333333343 0.333333343 0.333333343 0.333333343 0.333333343 0.615686297 0.615686297 0.615686297 0.615686297 0.615686297 0.615686297 0.333333343 0.333333343 0.333333343 0.333333343 0.333333343 0.333333343 0.615686297 0.615686297 0.615686297 0.615686297 0.615686297 0.615686297 0.227450982 0.227450982 0.227450982 0.227450982 0.227450982 0.227450982 0.227450982 0.227450982 0.227450982 0.227450982 0.227450982 0.227450982 0.333333343 0.333333343 0.333333343 0.333333343 0.333333343 0.333333343 0.333333343 0.333333343 0.333333343 0.333333343 0.333333343 0.333333343 0.333333343 0.333333343 0.333333343 0.333333343 0.333333343 0.333333343 0.615686297 0.615686297 0.615686297 0.615686297 0.615686297 0.615686297 0.372549027 0.372549027 0.372549027 0.372549027 0.372549027 0.372549027 0.372549027 0.372549027 0.372549027 0.372549027 0.372549027 0.372549027 0.333333343 0.333333343 0.333333343 0.333333343 0.333333343 0.333333343 0.615686297 0.615686297 0.615686297 0.615686297 0.615686297 0.615686297 0.372549027 0.372549027 0.372549027 0.372549027 0.372549027 0.372549027 0.372549027 0.372549027 0.372549027 0.372549027 0.372549027 0.372549027 0.333333343 0.333333343 0.333333343 0.333333343 0.333333343 0.333333343 0.333333343 0.333333343 0.333333343 0.333333343 0.333333343 0.333333343 0.333333343 0.333333343 0.333333343 0.333333343 0.333333343 0.333333343 0.615686297 0.615686297 0.615686297 0.615686297 0.615686297 0.615686297 0.333333343 0.333333343 0.333333343 0.333333343 0.333333343 0.333333343 0.333333343 0.333333343 0.333333343 0.333333343 0.333333343 0.333333343 0.333333343 0.333333343 0.333333343 0.333333343 0.333333343 0.333333343 0.333333343 0.333333343 0.333333343 0.333333343 0.333333343 0.333333343 0.227450982 0.227450982 0.227450982 0.227450982 0.227450982 0.227450982 0.227450982 0.227450982 0.227450982 0.227450982 0.227450982 0.227450982 0.372549027 0.372549027 0.372549027 0.372549027 0.372549027 0.372549027 0.372549027 0.372549027 0.372549027 0.372549027 0.372549027 0.372549027 0.372549027 0.372549027 0.372549027 0.372549027 0.372549027 0.372549027 0.372549027 0.372549027 0.372549027 0.372549027 0.372549027 0.372549027 0.372549027 0.372549027 0.372549027 0.372549027 0.372549027 0.372549027 0.372549027 0.372549027 0.372549027 0.372549027 0.372549027 0.372549027 0.333333343 0.333333343 0.333333343 0.333333343 0.333333343 0.333333343 0.333333343 0.333333343 0.333333343 0.333333343 0.333333343 0.333333343 0.227450982 0.227450982 0.227450982 0.227450982 0.227450982 0.227450982 0.227450982 0.227450982 0.227450982 0.227450982 0.227450982 0.227450982 0.333333343 0.333333343 0.333333343 0.333333343 0.333333343 0.333333343 0.333333343 0.333333343 0.333333343 0.333333343 0.333333343 0.333333343 0.227450982 0.227450982 0.227450982 0.227450982 0.227450982 0.227450982 0.227450982 0.227450982 0.227450982 0.227450982 0.227450982 0.227450982 0.333333343 0.333333343 0.333333343 0.333333343 0.333333343 0.333333343 0.333333343 0.333333343 0.333333343 0.333333343 0.333333343 0.333333343 0.372549027 0.372549027 0.372549027 0.372549027 0.372549027 0.372549027 0.372549027 0.372549027 0.372549027 0.372549027 0.372549027 0.372549027 0.333333343 0.333333343 0.333333343 0.333333343 0.333333343 0.333333343 0.615686297 0.615686297 0.615686297 0.615686297 0.615686297 0.615686297 0.227450982 0.227450982 0.227450982 0.227450982 0.227450982 0.227450982 0.227450982 0.227450982 0.227450982 0.227450982 0.227450982 0.227450982 0.333333343 0.333333343 0.333333343 0.333333343 0.333333343 0.333333343 0.615686297 0.615686297 0.615686297 0.615686297 0.615686297 0.615686297 0.333333343 0.333333343 0.333333343 0.333333343 0.333333343 0.333333343 0.333333343 0.333333343 0.333333343 0.333333343 0.333333343 0.333333343 0.333333343 0.333333343 0.333333343 0.333333343 0.333333343 0.333333343 0.333333343 0.333333343 0.333333343 0.333333343 0.333333343 0.333333343 0.333333343 0.333333343 0.333333343 0.333333343 0.333333343 0.333333343 0.333333343 0.333333343 0.333333343 0.333333343 0.333333343 0.333333343 0.227450982 0.227450982 0.227450982 0.227450982 0.227450982 0.227450982 0.227450982 0.227450982 0.227450982 0.227450982 0.227450982 0.227450982 0.333333343 0.333333343 0.333333343 0.333333343 0.333333343 0.333333343 0.615686297 0.615686297 0.615686297 0.615686297 0.615686297 0.615686297 0.333333343 0.333333343 0.333333343 0.333333343 0.333333343 0.333333343 0.615686297 0.615686297 0.615686297 0.615686297 0.615686297 0.615686297 0.333333343 0.333333343 0.333333343 0.333333343 0.333333343 0.333333343 0.615686297 0.615686297 0.615686297 0.615686297 0.615686297 0.615686297 0.333333343 0.333333343 0.333333343 0.333333343 0.333333343 0.333333343 0.615686297 0.615686297 0.615686297 0.615686297 0.615686297 0.615686297 0.227450982 0.227450982 0.227450982 0.227450982 0.227450982 0.227450982 0.227450982 0.227450982 0.227450982 0.227450982 0.227450982 0.227450982 0.333333343 0.333333343 0.333333343 0.333333343 0.333333343 0.333333343 0.615686297 0.615686297 0.615686297 0.615686297 0.615686297 0.615686297 0.333333343 0.333333343 0.333333343 0.333333343 0.333333343 0.333333343 0.333333343 0.333333343 0.333333343 0.333333343 0.333333343 0.333333343 0.333333343 0.333333343 0.333333343 0.333333343 0.333333343 0.333333343 0.333333343 0.333333343 0.333333343 0.333333343 0.333333343 0.333333343 0.227450982 0.227450982 0.227450982 0.227450982 0.227450982 0.227450982 0.227450982 0.227450982 0.227450982 0.227450982 0.227450982 0.227450982 0.372549027 0.372549027 0.372549027 0.372549027 0.372549027 0.372549027 0.372549027 0.372549027 0.372549027 0.372549027 0.372549027 0.372549027 0.372549027 0.372549027 0.372549027 0.372549027 0.372549027 0.372549027 0.372549027 0.372549027 0.372549027 0.372549027 0.372549027 0.372549027 0.227450982 0.227450982 0.227450982 0.227450982 0.227450982 0.227450982 0.227450982 0.227450982 0.227450982 0.227450982 0.227450982 0.227450982 0.372549027 0.372549027 0.372549027 0.372549027 0.372549027 0.372549027 0.372549027 0.372549027 0.372549027 0.372549027 0.372549027 0.372549027 0.372549027 0.372549027 0.372549027 0.372549027 0.372549027 0.372549027 0.372549027 0.372549027 0.372549027 0.372549027 0.372549027 0.372549027 0.372549027 0.372549027 0.372549027 0.372549027 0.372549027 0.372549027 0.372549027 0.372549027 0.372549027 0.372549027 0.372549027 0.372549027 0.333333343 0.333333343 0.333333343 0.333333343 0.333333343 0.333333343 0.333333343 0.333333343 0.333333343 0.333333343 0.333333343 0.333333343 0.227450982 0.227450982 0.227450982 0.227450982 0.227450982 0.227450982 0.227450982 0.227450982 0.227450982 0.227450982 0.227450982 0.227450982 0.333333343 0.333333343 0.333333343 0.333333343 0.333333343 0.333333343 0.333333343 0.333333343 0.333333343 0.333333343 0.333333343 0.333333343 0.227450982 0.227450982 0.227450982 0.227450982 0.227450982 0.227450982 0.227450982 0.227450982 0.227450982 0.227450982 0.227450982 0.227450982 0.333333343 0.333333343 0.333333343 0.333333343 0.333333343 0.333333343 0.333333343 0.333333343 0.333333343 0.333333343 0.333333343 0.333333343 0.333333343 0.333333343 0.333333343 0.333333343 0.333333343 0.333333343 0.615686297 0.615686297 0.615686297 0.615686297 0.615686297 0.615686297 0.333333343 0.333333343 0.333333343 0.333333343 0.333333343 0.333333343 0.615686297 0.615686297 0.615686297 0.615686297 0.615686297 0.615686297 0.333333343 0.333333343 0.333333343 0.333333343 0.333333343 0.333333343 0.333333343 0.333333343 0.333333343 0.333333343 0.333333343 0.333333343 0.333333343 0.333333343 0.333333343 0.333333343 0.333333343 0.333333343 0.615686297 0.615686297 0.615686297 0.615686297 0.615686297 0.615686297 0.227450982 0.227450982 0.227450982 0.227450982 0.227450982 0.227450982 0.227450982 0.227450982 0.227450982 0.227450982 0.227450982 0.227450982 0.333333343 0.333333343 0.333333343 0.333333343 0.333333343 0.333333343 0.333333343 0.333333343 0.333333343 0.333333343 0.333333343 0.333333343 0.372549027 0.372549027 0.372549027 0.372549027 0.372549027 0.372549027 0.372549027 0.372549027 0.372549027 0.372549027 0.372549027 0.372549027 0.333333343 0.333333343 0.333333343 0.333333343 0.333333343 0.333333343 0.333333343 0.333333343 0.333333343 0.333333343 0.333333343 0.333333343 0.227450982 0.227450982 0.227450982 0.227450982 0.227450982 0.227450982 0.227450982 0.227450982 0.227450982 0.227450982 0.227450982 0.227450982 0.227450982 0.227450982 0.227450982 0.227450982 0.227450982 0.227450982 0.227450982 0.227450982 0.227450982 0.227450982 0.227450982 0.227450982 0.333333343 0.333333343 0.333333343 0.333333343 0.333333343 0.333333343 0.333333343 0.333333343 0.333333343 0.333333343 0.333333343 0.333333343 0.333333343 0.333333343 0.333333343 0.333333343 0.333333343 0.333333343 0.615686297 0.615686297 0.615686297 0.615686297 0.615686297 0.615686297 0.333333343 0.333333343 0.333333343 0.333333343 0.333333343 0.333333343 0.333333343 0.333333343 0.333333343 0.333333343 0.333333343 0.333333343 0.333333343 0.333333343 0.333333343 0.333333343 0.333333343 0.333333343 0.615686297 0.615686297 0.615686297 0.615686297 0.615686297 0.615686297 0.227450982 0.227450982 0.227450982 0.227450982 0.227450982 0.227450982 0.227450982 0.227450982 0.227450982 0.227450982 0.227450982 0.227450982 0.333333343 0.333333343 0.333333343 0.333333343 0.333333343 0.333333343 0.333333343 0.333333343 0.333333343 0.333333343 0.333333343 0.333333343 0.333333343 0.333333343 0.333333343 0.333333343 0.333333343 0.333333343 0.333333343 0.333333343 0.333333343 0.333333343 0.333333343 0.333333343 0.227450982 0.227450982 0.227450982 0.227450982 0.227450982 0.227450982 0.227450982 0.227450982 0.227450982 0.227450982 0.227450982 0.227450982 0.333333343 0.333333343 0.333333343 0.333333343 0.333333343 0.333333343 0.333333343 0.333333343 0.333333343 0.333333343 0.333333343 0.333333343 0.227450982 0.227450982 0.227450982 0.227450982 0.227450982 0.227450982 0.227450982 0.227450982 0.227450982 0.227450982 0.227450982 0.227450982 0.333333343 0.333333343 0.333333343 0.333333343 0.333333343 0.333333343 0.333333343 0.333333343 0.333333343 0.333333343 0.333333343 0.333333343 0.372549027 0.372549027 0.372549027 0.372549027 0.372549027 0.372549027 0.372549027 0.372549027 0.372549027 0.372549027 0.372549027 0.372549027 0.372549027 0.372549027 0.372549027 0.372549027 0.372549027 0.372549027 0.372549027 0.372549027 0.372549027 0.372549027 0.372549027 0.372549027 0.372549027 0.372549027 0.372549027 0.372549027 0.372549027 0.372549027 0.372549027 0.372549027 0.372549027 0.372549027 0.372549027 0.372549027 0.227450982 0.227450982 0.227450982 0.227450982 0.227450982 0.227450982 0.227450982 0.227450982 0.227450982 0.227450982 0.227450982 0.227450982 0.333333343 0.333333343 0.333333343 0.333333343 0.333333343 0.333333343 0.333333343 0.333333343 0.333333343 0.333333343 0.333333343 0.333333343 0.333333343 0.333333343 0.333333343 0.333333343 0.333333343 0.333333343 0.615686297 0.615686297 0.615686297 0.615686297 0.615686297 0.615686297 0.333333343 0.333333343 0.333333343 0.333333343 0.333333343 0.333333343 0.615686297 0.615686297 0.615686297 0.615686297 0.615686297 0.615686297 0.227450982 0.227450982 0.227450982 0.227450982 0.227450982 0.227450982 0.227450982 0.227450982 0.227450982 0.227450982 0.227450982 0.227450982 0.333333343 0.333333343 0.333333343 0.333333343 0.333333343 0.333333343 0.333333343 0.333333343 0.333333343 0.333333343 0.333333343 0.333333343 0.333333343 0.333333343 0.333333343 0.333333343 0.333333343 0.333333343 0.615686297 0.615686297 0.615686297 0.615686297 0.615686297 0.615686297 0.333333343 0.333333343 0.333333343 0.333333343 0.333333343 0.333333343 0.615686297 0.615686297 0.615686297 0.615686297 0.615686297 0.615686297 0.333333343 0.333333343 0.333333343 0.333333343 0.333333343 0.333333343 0.333333343 0.333333343 0.333333343 0.333333343 0.333333343 0.333333343 0.227450982 0.227450982 0.227450982 0.227450982 0.227450982 0.227450982 0.227450982 0.227450982 0.227450982 0.227450982 0.227450982 0.227450982 0.333333343 0.333333343 0.333333343 0.333333343 0.333333343 0.333333343 0.333333343 0.333333343 0.333333343 0.333333343 0.333333343 0.333333343 0.227450982 0.227450982 0.227450982 0.227450982 0.227450982 0.227450982 0.227450982 0.227450982 0.227450982 0.227450982 0.227450982 0.227450982 0.333333343 0.333333343 0.333333343 0.333333343 0.333333343 0.333333343 0.333333343 0.333333343 0.333333343 0.333333343 0.333333343 0.333333343 0.372549027 0.372549027 0.372549027 0.372549027 0.372549027 0.372549027 0.372549027 0.372549027 0.372549027 0.372549027 0.372549027 0.372549027 0.372549027 0.372549027 0.372549027 0.372549027 0.372549027 0.372549027 0.372549027 0.372549027 0.372549027 0.372549027 0.372549027 0.372549027 0.372549027 0.372549027 0.372549027 0.372549027 0.372549027 0.372549027 0.372549027 0.372549027 0.372549027 0.372549027 0.372549027 0.372549027 0.227450982 0.227450982 0.227450982 0.227450982 0.227450982 0.227450982 0.227450982 0.227450982 0.227450982 0.227450982 0.227450982 0.227450982 0.333333343 0.333333343 0.333333343 0.333333343 0.333333343 0.333333343 0.333333343 0.333333343 0.333333343 0.333333343 0.333333343 0.333333343 0.333333343 0.333333343 0.333333343 0.333333343 0.333333343 0.333333343 0.615686297 0.615686297 0.615686297 0.615686297 0.615686297 0.615686297 0.227450982 0.227450982 0.227450982 0.227450982 0.227450982 0.227450982 0.227450982 0.227450982 0.227450982 0.227450982 0.227450982 0.227450982 </float_array>
          <technique_common>
            <accessor count="1616" offset="0" source="#m_dun1701_00_00-10-color0-array" stride="3">
              <param name="R" type="float" />
              <param name="G" type="float" />
              <param name="B" type="float" />
            </accessor>
          </technique_common>
        </source>
        <vertices id="m_dun1701_00_00-10-vertices">
          <input semantic="POSITION" source="#m_dun1701_00_00-10-positions" />
        </vertices>
        <polylist count="1120" material="defaultMaterial">
          <input offset="0" semantic="VERTEX" source="#m_dun1701_00_00-10-vertices" />
          <input offset="0" semantic="TEXCOORD" source="#m_dun1701_00_00-10-tex0" set="0" />
          <input offset="0" semantic="COLOR" source="#m_dun1701_00_00-10-color0" set="0" />
          <vcount>3 3 3 3 3 3 3 3 3 3 3 3 3 3 3 3 3 3 3 3 3 3 3 3 3 3 3 3 3 3 3 3 3 3 3 3 3 3 3 3 3 3 3 3 3 3 3 3 3 3 3 3 3 3 3 3 3 3 3 3 3 3 3 3 3 3 3 3 3 3 3 3 3 3 3 3 3 3 3 3 3 3 3 3 3 3 3 3 3 3 3 3 3 3 3 3 3 3 3 3 3 3 3 3 3 3 3 3 3 3 3 3 3 3 3 3 3 3 3 3 3 3 3 3 3 3 3 3 3 3 3 3 3 3 3 3 3 3 3 3 3 3 3 3 3 3 3 3 3 3 3 3 3 3 3 3 3 3 3 3 3 3 3 3 3 3 3 3 3 3 3 3 3 3 3 3 3 3 3 3 3 3 3 3 3 3 3 3 3 3 3 3 3 3 3 3 3 3 3 3 3 3 3 3 3 3 3 3 3 3 3 3 3 3 3 3 3 3 3 3 3 3 3 3 3 3 3 3 3 3 3 3 3 3 3 3 3 3 3 3 3 3 3 3 3 3 3 3 3 3 3 3 3 3 3 3 3 3 3 3 3 3 3 3 3 3 3 3 3 3 3 3 3 3 3 3 3 3 3 3 3 3 3 3 3 3 3 3 3 3 3 3 3 3 3 3 3 3 3 3 3 3 3 3 3 3 3 3 3 3 3 3 3 3 3 3 3 3 3 3 3 3 3 3 3 3 3 3 3 3 3 3 3 3 3 3 3 3 3 3 3 3 3 3 3 3 3 3 3 3 3 3 3 3 3 3 3 3 3 3 3 3 3 3 3 3 3 3 3 3 3 3 3 3 3 3 3 3 3 3 3 3 3 3 3 3 3 3 3 3 3 3 3 3 3 3 3 3 3 3 3 3 3 3 3 3 3 3 3 3 3 3 3 3 3 3 3 3 3 3 3 3 3 3 3 3 3 3 3 3 3 3 3 3 3 3 3 3 3 3 3 3 3 3 3 3 3 3 3 3 3 3 3 3 3 3 3 3 3 3 3 3 3 3 3 3 3 3 3 3 3 3 3 3 3 3 3 3 3 3 3 3 3 3 3 3 3 3 3 3 3 3 3 3 3 3 3 3 3 3 3 3 3 3 3 3 3 3 3 3 3 3 3 3 3 3 3 3 3 3 3 3 3 3 3 3 3 3 3 3 3 3 3 3 3 3 3 3 3 3 3 3 3 3 3 3 3 3 3 3 3 3 3 3 3 3 3 3 3 3 3 3 3 3 3 3 3 3 3 3 3 3 3 3 3 3 3 3 3 3 3 3 3 3 3 3 3 3 3 3 3 3 3 3 3 3 3 3 3 3 3 3 3 3 3 3 3 3 3 3 3 3 3 3 3 3 3 3 3 3 3 3 3 3 3 3 3 3 3 3 3 3 3 3 3 3 3 3 3 3 3 3 3 3 3 3 3 3 3 3 3 3 3 3 3 3 3 3 3 3 3 3 3 3 3 3 3 3 3 3 3 3 3 3 3 3 3 3 3 3 3 3 3 3 3 3 3 3 3 3 3 3 3 3 3 3 3 3 3 3 3 3 3 3 3 3 3 3 3 3 3 3 3 3 3 3 3 3 3 3 3 3 3 3 3 3 3 3 3 3 3 3 3 3 3 3 3 3 3 3 3 3 3 3 3 3 3 3 3 3 3 3 3 3 3 3 3 3 3 3 3 3 3 3 3 3 3 3 3 3 3 3 3 3 3 3 3 3 3 3 3 3 3 3 3 3 3 3 3 3 3 3 3 3 3 3 3 3 3 3 3 3 3 3 3 3 3 3 3 3 3 3 3 3 3 3 3 3 3 3 3 3 3 3 3 3 3 3 3 3 3 3 3 3 3 3 3 3 3 3 3 3 3 3 3 3 3 3 3 3 3 3 3 3 3 3 3 3 3 3 3 3 3 3 3 3 3 3 3 3 3 3 3 3 3 3 3 3 3 3 3 3 3 3 3 3 3 3 3 3 3 3 3 3 3 3 3 3 3 3 3 3 3 3 3 3 3 3 3 3 3 3 3 3 3 3 3 3 3 3 3 3 3 3 3 3 3 3 3 3 3 3 3 3 3 3 3 3 3 3 3 3 3 3 3 3 3 3 3 3 3 3 3 3 3 3 3 3 3 3 3 3 3 3 3 3 3 3 3 3 3 3 3 3 3 3 3 3 3 3 3 3 3 3 3 3 3 3 3 3 3 3 3 3 3 3 3 3 3 3 3 3 3 3 3 3 3 3 3 3 3 3 3 3 3 3 3 3 3 3 3 3 3 3 3 3 3 3 3 3 3 3 3 3 3 3 3 3 3 3 3 3 3 3 3 3 3 3 3 3 3 3 3 3 3 3 3 3 3 3 3 3 3 3 3 3 3 3 3 3 3 3 3 3 3 3 3 3 3 3 3 3 3 3 3 3 3 3 3 3 3 3 3 3 3 3 3 3 3 3 3 3 3 3 3 3 3 3 3 3 3 3 3 3 3 3 3 3 3 3 </vcount>
          <p>0 1 2 0 2 3 3 2 4 3 4 5 5 4 6 5 6 7 7 6 8 7 8 9 9 8 10 9 10 11 11 10 12 11 12 13 13 12 14 13 14 15 15 14 16 15 16 17 18 19 20 18 20 21 21 20 22 21 22 23 23 22 24 23 24 25 25 24 26 25 26 27 27 26 28 27 28 29 29 28 30 29 30 31 31 30 32 31 32 33 33 32 34 33 34 35 36 37 38 36 38 39 39 38 40 39 40 41 41 40 42 41 42 43 43 42 44 43 44 45 45 44 46 45 46 47 47 46 48 47 48 49 49 48 50 49 50 51 51 50 52 51 52 53 54 55 56 54 56 57 57 56 58 57 58 59 59 58 60 59 60 61 61 60 62 61 62 63 63 62 64 63 64 65 65 64 66 65 66 67 67 66 68 67 68 69 69 68 70 69 70 71 72 73 74 72 74 75 75 74 76 75 76 77 77 76 78 77 78 79 79 78 80 79 80 81 81 80 82 81 82 83 83 82 84 83 84 85 85 84 86 85 86 87 87 86 88 87 88 89 90 91 92 90 92 93 93 92 94 93 94 95 95 94 96 95 96 97 97 96 98 97 98 99 99 98 100 99 100 101 101 100 102 101 102 103 103 102 104 103 104 105 105 104 106 105 106 107 108 109 110 108 110 111 111 110 112 111 112 113 113 112 114 113 114 115 115 114 116 115 116 117 117 116 118 117 118 119 119 118 120 119 120 121 121 120 122 121 122 123 123 122 124 123 124 125 126 127 128 126 128 129 129 128 130 129 130 131 131 130 132 131 132 133 133 132 134 133 134 135 135 134 136 135 136 137 137 136 138 137 138 139 139 138 140 139 140 141 141 140 142 141 142 143 144 145 146 144 146 147 147 146 148 147 148 149 149 148 150 149 150 151 151 150 152 151 152 153 153 152 154 153 154 155 155 154 156 155 156 157 157 156 158 157 158 159 159 158 160 159 160 161 162 163 164 162 164 165 165 164 166 165 166 167 167 166 168 167 168 169 169 168 170 169 170 171 171 170 172 171 172 173 173 172 174 173 174 175 175 174 176 175 176 177 177 176 178 177 178 179 180 181 182 180 182 183 183 182 184 183 184 185 185 184 186 185 186 187 187 186 188 187 188 189 189 188 190 189 190 191 191 190 192 191 192 193 193 192 194 193 194 195 195 194 196 195 196 197 198 199 200 198 200 201 201 200 202 201 202 203 203 202 204 203 204 205 205 204 206 205 206 207 207 206 208 207 208 209 209 208 210 209 210 211 211 210 212 211 212 213 213 212 214 213 214 215 216 217 218 216 218 219 219 218 220 219 220 221 221 220 222 221 222 223 223 222 224 223 224 225 225 224 226 225 226 227 227 226 228 227 228 229 229 228 230 229 230 231 231 230 232 231 232 233 234 235 236 234 236 237 237 236 238 237 238 239 239 238 240 239 240 241 241 240 242 241 242 243 243 242 244 243 244 245 245 244 246 245 246 247 247 246 248 247 248 249 249 248 250 249 250 251 252 253 254 252 254 255 255 254 256 255 256 257 257 256 258 257 258 259 259 258 260 259 260 261 261 260 262 261 262 263 263 262 264 263 264 265 265 264 266 265 266 267 267 266 268 267 268 269 270 271 272 270 272 273 273 272 274 273 274 275 275 274 276 275 276 277 277 276 278 277 278 279 279 278 280 279 280 281 281 280 282 281 282 283 283 282 284 283 284 285 285 284 286 285 286 287 288 289 290 288 290 291 291 290 292 291 292 293 293 292 294 293 294 295 295 294 296 295 296 297 297 296 298 297 298 299 299 298 300 299 300 301 301 300 302 301 302 303 303 302 304 303 304 305 306 307 308 306 308 309 309 308 310 309 310 311 311 310 312 311 312 313 313 312 314 313 314 315 315 314 316 315 316 317 317 316 318 317 318 319 319 318 320 319 320 321 321 320 322 321 322 323 324 325 326 324 326 327 327 326 328 327 328 329 329 328 330 329 330 331 331 330 332 331 332 333 333 332 334 333 334 335 335 334 336 335 336 337 337 336 338 337 338 339 339 338 340 339 340 341 342 343 344 342 344 345 345 344 346 345 346 347 347 346 348 347 348 349 349 348 350 349 350 351 351 350 352 351 352 353 353 352 354 353 354 355 355 354 356 355 356 357 357 356 358 357 358 359 360 361 362 360 362 363 363 362 364 363 364 365 365 364 366 365 366 367 367 366 368 367 368 369 369 368 370 369 370 371 371 370 372 371 372 373 373 372 374 373 374 375 375 374 376 375 376 377 378 379 380 378 380 381 381 380 382 381 382 383 383 382 384 383 384 385 385 384 386 385 386 387 387 386 388 387 388 389 389 388 390 389 390 391 391 390 392 391 392 393 393 392 394 393 394 395 396 397 398 396 398 399 399 398 400 399 400 401 401 400 402 401 402 403 403 402 404 403 404 405 405 404 406 405 406 407 407 406 408 407 408 409 409 408 410 409 410 411 411 410 412 411 412 413 414 415 416 414 416 417 417 416 418 417 418 419 419 418 420 419 420 421 421 420 422 421 422 423 423 422 424 423 424 425 425 424 426 425 426 427 427 426 428 427 428 429 429 428 430 429 430 431 432 433 434 432 434 435 435 434 436 435 436 437 437 436 438 437 438 439 440 441 442 440 442 443 443 442 444 443 444 445 445 444 446 445 446 447 448 449 450 448 450 451 451 450 452 451 452 453 453 452 454 453 454 455 456 457 458 456 458 459 459 458 460 459 460 461 461 460 462 461 462 463 464 465 466 464 466 467 467 466 468 467 468 469 469 468 470 469 470 471 472 473 474 472 474 475 475 474 476 475 476 477 477 476 478 477 478 479 480 481 482 480 482 483 483 482 484 483 484 485 485 484 486 485 486 487 488 489 490 488 490 491 491 490 492 491 492 493 493 492 494 493 494 495 496 497 498 496 498 499 499 498 500 499 500 501 501 500 502 501 502 503 504 505 506 504 506 507 507 506 508 507 508 509 509 508 510 509 510 511 512 513 514 512 514 515 515 514 516 515 516 517 517 516 518 517 518 519 520 521 522 520 522 523 523 522 524 523 524 525 525 524 526 525 526 527 528 529 530 528 530 531 531 530 532 531 532 533 533 532 534 533 534 535 536 537 538 536 538 539 539 538 540 539 540 541 541 540 542 541 542 543 544 545 546 544 546 547 547 546 548 547 548 549 549 548 550 549 550 551 552 553 554 552 554 555 555 554 556 555 556 557 557 556 558 557 558 559 560 561 562 560 562 563 563 562 564 563 564 565 565 564 566 565 566 567 568 569 570 568 570 571 571 570 572 571 572 573 573 572 574 573 574 575 576 577 578 576 578 579 579 578 580 579 580 581 581 580 582 581 582 583 584 585 586 584 586 587 587 586 588 587 588 589 589 588 590 589 590 591 592 593 594 592 594 595 595 594 596 595 596 597 597 596 598 597 598 599 600 601 602 600 602 603 603 602 604 603 604 605 605 604 606 605 606 607 608 609 610 608 610 611 611 610 612 611 612 613 613 612 614 613 614 615 616 617 618 616 618 619 619 618 620 619 620 621 621 620 622 621 622 623 624 625 626 624 626 627 627 626 628 627 628 629 629 628 630 629 630 631 632 633 634 632 634 635 635 634 636 635 636 637 637 636 638 637 638 639 640 641 642 640 642 643 643 642 644 643 644 645 645 644 646 645 646 647 648 649 650 648 650 651 651 650 652 651 652 653 653 652 654 653 654 655 656 657 658 656 658 659 659 658 660 659 660 661 661 660 662 661 662 663 664 665 666 664 666 667 667 666 668 667 668 669 669 668 670 669 670 671 672 673 674 672 674 675 675 674 676 675 676 677 677 676 678 677 678 679 680 681 682 680 682 683 683 682 684 683 684 685 685 684 686 685 686 687 688 689 690 688 690 691 691 690 692 691 692 693 693 692 694 693 694 695 696 697 698 696 698 699 699 698 700 699 700 701 701 700 702 701 702 703 704 705 706 704 706 707 707 706 708 707 708 709 709 708 710 709 710 711 712 713 714 712 714 715 715 714 716 715 716 717 717 716 718 717 718 719 720 721 722 720 722 723 723 722 724 723 724 725 725 724 726 725 726 727 728 729 730 728 730 731 731 730 732 731 732 733 733 732 734 733 734 735 736 737 738 736 738 739 739 738 740 739 740 741 741 740 742 741 742 743 744 745 746 744 746 747 747 746 748 747 748 749 749 748 750 749 750 751 752 753 754 752 754 755 755 754 756 755 756 757 757 756 758 757 758 759 760 761 762 760 762 763 763 762 764 763 764 765 765 764 766 765 766 767 768 769 770 768 770 771 771 770 772 771 772 773 773 772 774 773 774 775 776 777 778 776 778 779 779 778 780 779 780 781 781 780 782 781 782 783 784 785 786 784 786 787 787 786 788 787 788 789 789 788 790 789 790 791 792 793 794 792 794 795 795 794 796 795 796 797 797 796 798 797 798 799 800 801 802 800 802 803 803 802 804 803 804 805 805 804 806 805 806 807 808 809 810 808 810 811 811 810 812 811 812 813 813 812 814 813 814 815 816 817 818 816 818 819 819 818 820 819 820 821 822 823 824 822 824 825 825 824 826 825 826 827 828 829 830 828 830 831 831 830 832 831 832 833 834 835 836 834 836 837 837 836 838 837 838 839 840 841 842 840 842 843 843 842 844 843 844 845 846 847 848 846 848 849 849 848 850 849 850 851 852 853 854 852 854 855 855 854 856 855 856 857 858 859 860 858 860 861 861 860 862 861 862 863 864 865 866 864 866 867 867 866 868 867 868 869 870 871 872 870 872 873 873 872 874 873 874 875 876 877 878 876 878 879 879 878 880 879 880 881 882 883 884 882 884 885 885 884 886 885 886 887 888 889 890 888 890 891 891 890 892 891 892 893 894 895 896 894 896 897 897 896 898 897 898 899 900 901 902 900 902 903 903 902 904 903 904 905 906 907 908 906 908 909 909 908 910 909 910 911 912 913 914 912 914 915 915 914 916 915 916 917 918 919 920 918 920 921 921 920 922 921 922 923 924 925 926 924 926 927 927 926 928 927 928 929 930 931 932 930 932 933 933 932 934 933 934 935 936 937 938 936 938 939 939 938 940 939 940 941 942 943 944 942 944 945 945 944 946 945 946 947 948 949 950 948 950 951 951 950 952 951 952 953 954 955 956 954 956 957 957 956 958 957 958 959 960 961 962 960 962 963 963 962 964 963 964 965 966 967 968 966 968 969 969 968 970 969 970 971 972 973 974 972 974 975 975 974 976 975 976 977 978 979 980 978 980 981 981 980 982 981 982 983 984 985 986 984 986 987 987 986 988 987 988 989 990 991 992 990 992 993 993 992 994 993 994 995 996 997 998 996 998 999 999 998 1000 999 1000 1001 1002 1003 1004 1002 1004 1005 1005 1004 1006 1005 1006 1007 1008 1009 1010 1008 1010 1011 1011 1010 1012 1011 1012 1013 1014 1015 1016 1014 1016 1017 1017 1016 1018 1017 1018 1019 1020 1021 1022 1020 1022 1023 1023 1022 1024 1023 1024 1025 1026 1027 1028 1026 1028 1029 1029 1028 1030 1029 1030 1031 1032 1033 1034 1032 1034 1035 1035 1034 1036 1035 1036 1037 1038 1039 1040 1038 1040 1041 1041 1040 1042 1041 1042 1043 1044 1045 1046 1044 1046 1047 1047 1046 1048 1047 1048 1049 1050 1051 1052 1050 1052 1053 1053 1052 1054 1053 1054 1055 1056 1057 1058 1056 1058 1059 1059 1058 1060 1059 1060 1061 1062 1063 1064 1062 1064 1065 1065 1064 1066 1065 1066 1067 1068 1069 1070 1068 1070 1071 1071 1070 1072 1071 1072 1073 1074 1075 1076 1074 1076 1077 1077 1076 1078 1077 1078 1079 1080 1081 1082 1080 1082 1083 1083 1082 1084 1083 1084 1085 1086 1087 1088 1086 1088 1089 1089 1088 1090 1089 1090 1091 1092 1093 1094 1092 1094 1095 1095 1094 1096 1095 1096 1097 1098 1099 1100 1098 1100 1101 1101 1100 1102 1101 1102 1103 1104 1105 1106 1104 1106 1107 1108 1109 1110 1108 1110 1111 1112 1113 1114 1112 1114 1115 1116 1117 1118 1116 1118 1119 1120 1121 1122 1120 1122 1123 1124 1125 1126 1124 1126 1127 1128 1129 1130 1128 1130 1131 1132 1133 1134 1132 1134 1135 1136 1137 1138 1136 1138 1139 1140 1141 1142 1140 1142 1143 1144 1145 1146 1144 1146 1147 1148 1149 1150 1148 1150 1151 1152 1153 1154 1152 1154 1155 1156 1157 1158 1156 1158 1159 1160 1161 1162 1160 1162 1163 1164 1165 1166 1164 1166 1167 1168 1169 1170 1168 1170 1171 1172 1173 1174 1172 1174 1175 1176 1177 1178 1176 1178 1179 1180 1181 1182 1180 1182 1183 1184 1185 1186 1184 1186 1187 1188 1189 1190 1188 1190 1191 1192 1193 1194 1192 1194 1195 1196 1197 1198 1196 1198 1199 1200 1201 1202 1200 1202 1203 1204 1205 1206 1204 1206 1207 1208 1209 1210 1208 1210 1211 1212 1213 1214 1212 1214 1215 1216 1217 1218 1216 1218 1219 1220 1221 1222 1220 1222 1223 1224 1225 1226 1224 1226 1227 1228 1229 1230 1228 1230 1231 1232 1233 1234 1232 1234 1235 1236 1237 1238 1236 1238 1239 1240 1241 1242 1240 1242 1243 1244 1245 1246 1244 1246 1247 1248 1249 1250 1248 1250 1251 1252 1253 1254 1252 1254 1255 1256 1257 1258 1256 1258 1259 1260 1261 1262 1260 1262 1263 1264 1265 1266 1264 1266 1267 1268 1269 1270 1268 1270 1271 1272 1273 1274 1272 1274 1275 1276 1277 1278 1276 1278 1279 1280 1281 1282 1280 1282 1283 1284 1285 1286 1284 1286 1287 1288 1289 1290 1288 1290 1291 1292 1293 1294 1292 1294 1295 1296 1297 1298 1296 1298 1299 1300 1301 1302 1300 1302 1303 1304 1305 1306 1304 1306 1307 1308 1309 1310 1308 1310 1311 1312 1313 1314 1312 1314 1315 1316 1317 1318 1316 1318 1319 1320 1321 1322 1320 1322 1323 1324 1325 1326 1324 1326 1327 1328 1329 1330 1328 1330 1331 1332 1333 1334 1332 1334 1335 1336 1337 1338 1336 1338 1339 1340 1341 1342 1340 1342 1343 1344 1345 1346 1344 1346 1347 1348 1349 1350 1348 1350 1351 1352 1353 1354 1352 1354 1355 1356 1357 1358 1356 1358 1359 1360 1361 1362 1360 1362 1363 1364 1365 1366 1364 1366 1367 1368 1369 1370 1368 1370 1371 1372 1373 1374 1372 1374 1375 1376 1377 1378 1376 1378 1379 1380 1381 1382 1380 1382 1383 1384 1385 1386 1384 1386 1387 1388 1389 1390 1388 1390 1391 1392 1393 1394 1392 1394 1395 1396 1397 1398 1396 1398 1399 1400 1401 1402 1400 1402 1403 1404 1405 1406 1404 1406 1407 1408 1409 1410 1408 1410 1411 1412 1413 1414 1412 1414 1415 1416 1417 1418 1416 1418 1419 1420 1421 1422 1420 1422 1423 1424 1425 1426 1424 1426 1427 1428 1429 1430 1428 1430 1431 1432 1433 1434 1432 1434 1435 1436 1437 1438 1436 1438 1439 1440 1441 1442 1440 1442 1443 1444 1445 1446 1444 1446 1447 1448 1449 1450 1448 1450 1451 1452 1453 1454 1452 1454 1455 1456 1457 1458 1456 1458 1459 1460 1461 1462 1460 1462 1463 1464 1465 1466 1464 1466 1467 1468 1469 1470 1468 1470 1471 1472 1473 1474 1472 1474 1475 1476 1477 1478 1476 1478 1479 1480 1481 1482 1480 1482 1483 1484 1485 1486 1484 1486 1487 1488 1489 1490 1488 1490 1491 1492 1493 1494 1492 1494 1495 1496 1497 1498 1496 1498 1499 1500 1501 1502 1500 1502 1503 1504 1505 1506 1504 1506 1507 1508 1509 1510 1508 1510 1511 1512 1513 1514 1512 1514 1515 1516 1517 1518 1516 1518 1519 1520 1521 1522 1520 1522 1523 1524 1525 1526 1524 1526 1527 1528 1529 1530 1528 1530 1531 1532 1533 1534 1532 1534 1535 1536 1537 1538 1536 1538 1539 1540 1541 1542 1540 1542 1543 1544 1545 1546 1544 1546 1547 1548 1549 1550 1548 1550 1551 1552 1553 1554 1552 1554 1555 1556 1557 1558 1556 1558 1559 1560 1561 1562 1560 1562 1563 1564 1565 1566 1564 1566 1567 1568 1569 1570 1568 1570 1571 1572 1573 1574 1572 1574 1575 1576 1577 1578 1576 1578 1579 1580 1581 1582 1580 1582 1583 1584 1585 1586 1584 1586 1587 1588 1589 1590 1588 1590 1591 1592 1593 1594 1592 1594 1595 1596 1597 1598 1596 1598 1599 1600 1601 1602 1600 1602 1603 1604 1605 1606 1604 1606 1607 1608 1609 1610 1608 1610 1611 1612 1613 1614 1612 1614 1615 </p>
        </polylist>
      </mesh>
    </geometry>
  </library_geometries>
  <library_controllers>
    <controller id="m_dun1701_00_00-0-skin" name="skinCluster0">
      <skin source="#m_dun1701_00_00-0">
        <bind_shape_matrix>
          1 0 0 0
          0 1 0 0
          0 0 1 0
          0 0 0 1
        </bind_shape_matrix>
        <source id="m_dun1701_00_00-0-skin-joints" name="m_dun1701_00_00-0-skin-joints">
          <Name_array id="m_dun1701_00_00-0-skin-joints-array" count="1">polySurface23 </Name_array>
          <technique_common>
            <accessor source="#m_dun1701_00_00-0-skin-joints-array" count="1" stride="1">
              <param name="JOINT" type="Name"></param>
            </accessor>
          </technique_common>
        </source>
        <source id="m_dun1701_00_00-0-skin-bind_poses" name="m_dun1701_00_00-0-skin-bind_poses">
          <float_array id="m_dun1701_00_00-0-skin-bind_poses-array" count="16"> 1 -0 0 -0 -0 1 -0 0 0 -0 1 -0 -0 0 -0 1 </float_array>
          <technique_common>
            <accessor count="1" offset="0" source="#m_dun1701_00_00-0-skin-bind_poses-array" stride="16">
              <param name="TRANSFORM" type="float4x4" />
            </accessor>
          </technique_common>
        </source>
        <source id="m_dun1701_00_00-0-skin-weights" name="m_dun1701_00_00-0-skin-weights">
          <float_array id="m_dun1701_00_00-0-skin-weights-array" count="4"> 3.57331108e-43 3.57331108e-43 3.57331108e-43 3.57331108e-43 </float_array>
          <technique_common>
            <accessor count="4" offset="0" source="#m_dun1701_00_00-0-skin-weights-array" stride="1">
              <param name="WEIGHT" type="float" />
            </accessor>
          </technique_common>
        </source>
        <joints>
          <input semantic="JOINT" source="#m_dun1701_00_00-0-skin-joints"></input>
          <input semantic="INV_BIND_MATRIX" source="#m_dun1701_00_00-0-skin-bind_poses"></input>
        </joints>
        <vertex_weights count="4">
          <input semantic="JOINT" source="#m_dun1701_00_00-0-skin-joints" offset="0"></input>
          <input semantic="WEIGHT" source="#m_dun1701_00_00-0-skin-weights" offset="1"></input>
          <vcount>1 1 1 1 </vcount>
          <v>0 0 0 1 0 2 0 3 </v>
        </vertex_weights>
      </skin>
    </controller>
    <controller id="m_dun1701_00_00-1-skin" name="skinCluster1">
      <skin source="#m_dun1701_00_00-1">
        <bind_shape_matrix>
          1 0 0 0
          0 1 0 0
          0 0 1 0
          0 0 0 1
        </bind_shape_matrix>
        <source id="m_dun1701_00_00-1-skin-joints" name="m_dun1701_00_00-1-skin-joints">
          <Name_array id="m_dun1701_00_00-1-skin-joints-array" count="1">polySurface23 </Name_array>
          <technique_common>
            <accessor source="#m_dun1701_00_00-1-skin-joints-array" count="1" stride="1">
              <param name="JOINT" type="Name"></param>
            </accessor>
          </technique_common>
        </source>
        <source id="m_dun1701_00_00-1-skin-bind_poses" name="m_dun1701_00_00-1-skin-bind_poses">
          <float_array id="m_dun1701_00_00-1-skin-bind_poses-array" count="16"> 1 -0 0 -0 -0 1 -0 0 0 -0 1 -0 -0 0 -0 1 </float_array>
          <technique_common>
            <accessor count="1" offset="0" source="#m_dun1701_00_00-1-skin-bind_poses-array" stride="16">
              <param name="TRANSFORM" type="float4x4" />
            </accessor>
          </technique_common>
        </source>
        <source id="m_dun1701_00_00-1-skin-weights" name="m_dun1701_00_00-1-skin-weights">
          <float_array id="m_dun1701_00_00-1-skin-weights-array" count="40"> 3.57331108e-43 3.57331108e-43 3.57331108e-43 3.57331108e-43 3.57331108e-43 3.57331108e-43 3.57331108e-43 3.57331108e-43 3.57331108e-43 3.57331108e-43 3.57331108e-43 3.57331108e-43 3.57331108e-43 3.57331108e-43 3.57331108e-43 3.57331108e-43 3.57331108e-43 3.57331108e-43 3.57331108e-43 3.57331108e-43 3.57331108e-43 3.57331108e-43 3.57331108e-43 3.57331108e-43 3.57331108e-43 3.57331108e-43 3.57331108e-43 3.57331108e-43 3.57331108e-43 3.57331108e-43 3.57331108e-43 3.57331108e-43 3.57331108e-43 3.57331108e-43 3.57331108e-43 3.57331108e-43 3.57331108e-43 3.57331108e-43 3.57331108e-43 3.57331108e-43 </float_array>
          <technique_common>
            <accessor count="40" offset="0" source="#m_dun1701_00_00-1-skin-weights-array" stride="1">
              <param name="WEIGHT" type="float" />
            </accessor>
          </technique_common>
        </source>
        <joints>
          <input semantic="JOINT" source="#m_dun1701_00_00-1-skin-joints"></input>
          <input semantic="INV_BIND_MATRIX" source="#m_dun1701_00_00-1-skin-bind_poses"></input>
        </joints>
        <vertex_weights count="40">
          <input semantic="JOINT" source="#m_dun1701_00_00-1-skin-joints" offset="0"></input>
          <input semantic="WEIGHT" source="#m_dun1701_00_00-1-skin-weights" offset="1"></input>
          <vcount>1 1 1 1 1 1 1 1 1 1 1 1 1 1 1 1 1 1 1 1 1 1 1 1 1 1 1 1 1 1 1 1 1 1 1 1 1 1 1 1 </vcount>
          <v>0 0 0 1 0 2 0 3 0 4 0 5 0 6 0 7 0 8 0 9 0 10 0 11 0 12 0 13 0 14 0 15 0 16 0 17 0 18 0 19 0 20 0 21 0 22 0 23 0 24 0 25 0 26 0 27 0 28 0 29 0 30 0 31 0 32 0 33 0 34 0 35 0 36 0 37 0 38 0 39 </v>
        </vertex_weights>
      </skin>
    </controller>
    <controller id="m_dun1701_00_00-2-skin" name="skinCluster2">
      <skin source="#m_dun1701_00_00-2">
        <bind_shape_matrix>
          1 0 0 0
          0 1 0 0
          0 0 1 0
          0 0 0 1
        </bind_shape_matrix>
        <source id="m_dun1701_00_00-2-skin-joints" name="m_dun1701_00_00-2-skin-joints">
          <Name_array id="m_dun1701_00_00-2-skin-joints-array" count="1">polySurface23 </Name_array>
          <technique_common>
            <accessor source="#m_dun1701_00_00-2-skin-joints-array" count="1" stride="1">
              <param name="JOINT" type="Name"></param>
            </accessor>
          </technique_common>
        </source>
        <source id="m_dun1701_00_00-2-skin-bind_poses" name="m_dun1701_00_00-2-skin-bind_poses">
          <float_array id="m_dun1701_00_00-2-skin-bind_poses-array" count="16"> 1 -0 0 -0 -0 1 -0 0 0 -0 1 -0 -0 0 -0 1 </float_array>
          <technique_common>
            <accessor count="1" offset="0" source="#m_dun1701_00_00-2-skin-bind_poses-array" stride="16">
              <param name="TRANSFORM" type="float4x4" />
            </accessor>
          </technique_common>
        </source>
        <source id="m_dun1701_00_00-2-skin-weights" name="m_dun1701_00_00-2-skin-weights">
          <float_array id="m_dun1701_00_00-2-skin-weights-array" count="30"> 3.57331108e-43 3.57331108e-43 3.57331108e-43 3.57331108e-43 3.57331108e-43 3.57331108e-43 3.57331108e-43 3.57331108e-43 3.57331108e-43 3.57331108e-43 3.57331108e-43 3.57331108e-43 3.57331108e-43 3.57331108e-43 3.57331108e-43 3.57331108e-43 3.57331108e-43 3.57331108e-43 3.57331108e-43 3.57331108e-43 3.57331108e-43 3.57331108e-43 3.57331108e-43 3.57331108e-43 3.57331108e-43 3.57331108e-43 3.57331108e-43 3.57331108e-43 3.57331108e-43 3.57331108e-43 </float_array>
          <technique_common>
            <accessor count="30" offset="0" source="#m_dun1701_00_00-2-skin-weights-array" stride="1">
              <param name="WEIGHT" type="float" />
            </accessor>
          </technique_common>
        </source>
        <joints>
          <input semantic="JOINT" source="#m_dun1701_00_00-2-skin-joints"></input>
          <input semantic="INV_BIND_MATRIX" source="#m_dun1701_00_00-2-skin-bind_poses"></input>
        </joints>
        <vertex_weights count="30">
          <input semantic="JOINT" source="#m_dun1701_00_00-2-skin-joints" offset="0"></input>
          <input semantic="WEIGHT" source="#m_dun1701_00_00-2-skin-weights" offset="1"></input>
          <vcount>1 1 1 1 1 1 1 1 1 1 1 1 1 1 1 1 1 1 1 1 1 1 1 1 1 1 1 1 1 1 </vcount>
          <v>0 0 0 1 0 2 0 3 0 4 0 5 0 6 0 7 0 8 0 9 0 10 0 11 0 12 0 13 0 14 0 15 0 16 0 17 0 18 0 19 0 20 0 21 0 22 0 23 0 24 0 25 0 26 0 27 0 28 0 29 </v>
        </vertex_weights>
      </skin>
    </controller>
    <controller id="m_dun1701_00_00-3-skin" name="skinCluster3">
      <skin source="#m_dun1701_00_00-3">
        <bind_shape_matrix>
          1 0 0 0
          0 1 0 0
          0 0 1 0
          0 0 0 1
        </bind_shape_matrix>
        <source id="m_dun1701_00_00-3-skin-joints" name="m_dun1701_00_00-3-skin-joints">
          <Name_array id="m_dun1701_00_00-3-skin-joints-array" count="1">polySurface23 </Name_array>
          <technique_common>
            <accessor source="#m_dun1701_00_00-3-skin-joints-array" count="1" stride="1">
              <param name="JOINT" type="Name"></param>
            </accessor>
          </technique_common>
        </source>
        <source id="m_dun1701_00_00-3-skin-bind_poses" name="m_dun1701_00_00-3-skin-bind_poses">
          <float_array id="m_dun1701_00_00-3-skin-bind_poses-array" count="16"> 1 -0 0 -0 -0 1 -0 0 0 -0 1 -0 -0 0 -0 1 </float_array>
          <technique_common>
            <accessor count="1" offset="0" source="#m_dun1701_00_00-3-skin-bind_poses-array" stride="16">
              <param name="TRANSFORM" type="float4x4" />
            </accessor>
          </technique_common>
        </source>
        <source id="m_dun1701_00_00-3-skin-weights" name="m_dun1701_00_00-3-skin-weights">
          <float_array id="m_dun1701_00_00-3-skin-weights-array" count="381"> 3.57331108e-43 1.23314265e-43 3.57331108e-43 1.23314265e-43 2.80259693e-45 3.57331108e-43 4.20389539e-45 5.60519386e-45 7.00649232e-45 3.57331108e-43 5.60519386e-45 8.40779079e-45 7.00649232e-45 3.57331108e-43 9.80908925e-45 9.80908925e-45 8.40779079e-45 3.57331108e-43 9.80908925e-45 1.12103877e-44 1.26116862e-44 3.57331108e-43 1.12103877e-44 1.40129846e-44 1.26116862e-44 3.57331108e-43 1.54142831e-44 1.54142831e-44 1.40129846e-44 3.57331108e-43 1.54142831e-44 1.68155816e-44 1.821688e-44 3.57331108e-43 1.68155816e-44 1.96181785e-44 1.821688e-44 3.57331108e-43 2.1019477e-44 2.1019477e-44 1.96181785e-44 3.57331108e-43 2.1019477e-44 2.24207754e-44 2.38220739e-44 3.57331108e-43 2.66246708e-44 2.80259693e-44 2.52233724e-44 3.57331108e-43 2.94272678e-44 2.94272678e-44 2.80259693e-44 3.57331108e-43 2.94272678e-44 3.08285662e-44 3.22298647e-44 3.57331108e-43 3.08285662e-44 3.36311631e-44 3.22298647e-44 3.57331108e-43 3.50324616e-44 3.50324616e-44 3.36311631e-44 3.57331108e-43 3.50324616e-44 3.64337601e-44 3.78350585e-44 3.57331108e-43 3.64337601e-44 3.9236357e-44 3.78350585e-44 3.57331108e-43 4.06376555e-44 4.06376555e-44 3.9236357e-44 3.57331108e-43 4.06376555e-44 4.20389539e-44 4.34402524e-44 3.57331108e-43 4.20389539e-44 4.48415509e-44 4.34402524e-44 3.57331108e-43 4.62428493e-44 4.62428493e-44 4.48415509e-44 3.57331108e-43 4.62428493e-44 4.76441478e-44 4.90454463e-44 3.57331108e-43 5.18480432e-44 5.32493416e-44 5.04467447e-44 3.57331108e-43 5.46506401e-44 5.46506401e-44 5.32493416e-44 3.57331108e-43 5.46506401e-44 5.60519386e-44 5.7453237e-44 3.57331108e-43 5.60519386e-44 5.88545355e-44 5.7453237e-44 3.57331108e-43 6.0255834e-44 6.0255834e-44 5.88545355e-44 3.57331108e-43 6.0255834e-44 6.16571324e-44 6.30584309e-44 3.57331108e-43 6.16571324e-44 6.44597294e-44 6.30584309e-44 3.57331108e-43 6.58610278e-44 6.58610278e-44 6.44597294e-44 3.57331108e-43 6.58610278e-44 6.72623263e-44 6.86636248e-44 3.57331108e-43 6.72623263e-44 7.00649232e-44 6.86636248e-44 3.57331108e-43 7.14662217e-44 7.14662217e-44 7.00649232e-44 3.57331108e-43 7.14662217e-44 7.28675201e-44 7.42688186e-44 3.57331108e-43 7.70714155e-44 7.8472714e-44 7.56701171e-44 3.57331108e-43 7.98740125e-44 7.98740125e-44 7.8472714e-44 3.57331108e-43 7.98740125e-44 8.12753109e-44 8.26766094e-44 3.57331108e-43 8.12753109e-44 8.40779079e-44 8.26766094e-44 3.57331108e-43 8.54792063e-44 8.54792063e-44 8.40779079e-44 3.57331108e-43 8.54792063e-44 8.68805048e-44 8.82818033e-44 3.57331108e-43 8.68805048e-44 8.96831017e-44 8.82818033e-44 3.57331108e-43 9.10844002e-44 9.10844002e-44 8.96831017e-44 3.57331108e-43 9.10844002e-44 9.24856986e-44 9.38869971e-44 3.57331108e-43 9.24856986e-44 9.52882956e-44 9.38869971e-44 3.57331108e-43 9.6689594e-44 9.6689594e-44 9.52882956e-44 3.57331108e-43 9.6689594e-44 9.80908925e-44 9.9492191e-44 3.57331108e-43 1.02294788e-43 1.03696086e-43 1.00893489e-43 3.57331108e-43 1.05097385e-43 1.05097385e-43 1.03696086e-43 3.57331108e-43 1.05097385e-43 1.06498683e-43 1.07899982e-43 3.57331108e-43 1.06498683e-43 1.0930128e-43 1.07899982e-43 3.57331108e-43 1.10702579e-43 1.10702579e-43 1.0930128e-43 3.57331108e-43 1.10702579e-43 1.12103877e-43 1.13505176e-43 3.57331108e-43 1.12103877e-43 1.14906474e-43 1.13505176e-43 3.57331108e-43 1.16307773e-43 1.16307773e-43 1.14906474e-43 3.57331108e-43 1.16307773e-43 1.17709071e-43 1.19110369e-43 3.57331108e-43 1.17709071e-43 1.20511668e-43 1.19110369e-43 3.57331108e-43 1.21912966e-43 1.21912966e-43 1.20511668e-43 3.57331108e-43 1.21912966e-43 1.23314265e-43 1.24715563e-43 3.57331108e-43 1.2751816e-43 1.28919459e-43 1.26116862e-43 3.57331108e-43 1.30320757e-43 1.30320757e-43 1.28919459e-43 3.57331108e-43 1.30320757e-43 1.31722056e-43 1.33123354e-43 3.57331108e-43 1.31722056e-43 1.34524653e-43 1.33123354e-43 3.57331108e-43 1.35925951e-43 1.35925951e-43 1.34524653e-43 3.57331108e-43 1.35925951e-43 1.3732725e-43 1.38728548e-43 3.57331108e-43 1.3732725e-43 1.40129846e-43 1.38728548e-43 3.57331108e-43 1.41531145e-43 1.41531145e-43 1.40129846e-43 3.57331108e-43 1.41531145e-43 1.42932443e-43 1.44333742e-43 3.57331108e-43 1.42932443e-43 1.4573504e-43 1.44333742e-43 3.57331108e-43 1.47136339e-43 1.47136339e-43 1.4573504e-43 3.57331108e-43 1.47136339e-43 1.48537637e-43 1.49938936e-43 3.57331108e-43 1.52741533e-43 1.54142831e-43 1.51340234e-43 3.57331108e-43 1.5554413e-43 1.5554413e-43 1.54142831e-43 3.57331108e-43 1.5554413e-43 1.56945428e-43 1.58346726e-43 3.57331108e-43 1.56945428e-43 1.59748025e-43 1.58346726e-43 3.57331108e-43 1.61149323e-43 1.61149323e-43 1.59748025e-43 3.57331108e-43 1.61149323e-43 1.62550622e-43 1.6395192e-43 3.57331108e-43 1.62550622e-43 1.65353219e-43 1.6395192e-43 3.57331108e-43 1.66754517e-43 1.66754517e-43 1.65353219e-43 3.57331108e-43 1.66754517e-43 1.68155816e-43 1.69557114e-43 3.57331108e-43 1.68155816e-43 1.70958413e-43 1.69557114e-43 3.57331108e-43 1.72359711e-43 1.72359711e-43 1.70958413e-43 3.57331108e-43 1.72359711e-43 1.7376101e-43 1.75162308e-43 3.57331108e-43 1.77964905e-43 1.79366203e-43 1.76563607e-43 3.57331108e-43 1.80767502e-43 1.80767502e-43 1.79366203e-43 3.57331108e-43 1.80767502e-43 1.821688e-43 1.83570099e-43 3.57331108e-43 1.821688e-43 1.84971397e-43 1.83570099e-43 3.57331108e-43 1.86372696e-43 1.86372696e-43 1.84971397e-43 3.57331108e-43 1.86372696e-43 1.87773994e-43 1.89175293e-43 3.57331108e-43 1.87773994e-43 1.90576591e-43 1.89175293e-43 3.57331108e-43 1.9197789e-43 1.9197789e-43 1.90576591e-43 3.57331108e-43 1.9197789e-43 1.93379188e-43 1.94780487e-43 3.57331108e-43 1.93379188e-43 1.96181785e-43 1.94780487e-43 3.57331108e-43 1.97583083e-43 1.97583083e-43 1.96181785e-43 3.57331108e-43 1.97583083e-43 1.98984382e-43 2.0038568e-43 </float_array>
          <technique_common>
            <accessor count="381" offset="0" source="#m_dun1701_00_00-3-skin-weights-array" stride="1">
              <param name="WEIGHT" type="float" />
            </accessor>
          </technique_common>
        </source>
        <joints>
          <input semantic="JOINT" source="#m_dun1701_00_00-3-skin-joints"></input>
          <input semantic="INV_BIND_MATRIX" source="#m_dun1701_00_00-3-skin-bind_poses"></input>
        </joints>
        <vertex_weights count="96">
          <input semantic="JOINT" source="#m_dun1701_00_00-3-skin-joints" offset="0"></input>
          <input semantic="WEIGHT" source="#m_dun1701_00_00-3-skin-weights" offset="1"></input>
          <vcount>2 3 4 4 4 4 4 4 4 4 4 4 4 4 4 4 4 4 4 4 4 4 4 4 4 4 4 4 4 4 4 4 4 4 4 4 4 4 4 4 4 4 4 4 4 4 4 4 4 4 4 4 4 4 4 4 4 4 4 4 4 4 4 4 4 4 4 4 4 4 4 4 4 4 4 4 4 4 4 4 4 4 4 4 4 4 4 4 4 4 4 4 4 4 4 4 </vcount>
          <v>0 0 0 1 0 2 0 3 0 4 0 5 0 6 0 7 0 8 0 9 0 10 0 11 0 12 0 13 0 14 0 15 0 16 0 17 0 18 0 19 0 20 0 21 0 22 0 23 0 24 0 25 0 26 0 27 0 28 0 29 0 30 0 31 0 32 0 33 0 34 0 35 0 36 0 37 0 38 0 39 0 40 0 41 0 42 0 43 0 44 0 45 0 46 0 47 0 48 0 49 0 50 0 51 0 52 0 53 0 54 0 55 0 56 0 57 0 58 0 59 0 60 0 61 0 62 0 63 0 64 0 65 0 66 0 67 0 68 0 69 0 70 0 71 0 72 0 73 0 74 0 75 0 76 0 77 0 78 0 79 0 80 0 81 0 82 0 83 0 84 0 85 0 86 0 87 0 88 0 89 0 90 0 91 0 92 0 93 0 94 0 95 0 96 0 97 0 98 0 99 0 100 0 101 0 102 0 103 0 104 0 105 0 106 0 107 0 108 0 109 0 110 0 111 0 112 0 113 0 114 0 115 0 116 0 117 0 118 0 119 0 120 0 121 0 122 0 123 0 124 0 125 0 126 0 127 0 128 0 129 0 130 0 131 0 132 0 133 0 134 0 135 0 136 0 137 0 138 0 139 0 140 0 141 0 142 0 143 0 144 0 145 0 146 0 147 0 148 0 149 0 150 0 151 0 152 0 153 0 154 0 155 0 156 0 157 0 158 0 159 0 160 0 161 0 162 0 163 0 164 0 165 0 166 0 167 0 168 0 169 0 170 0 171 0 172 0 173 0 174 0 175 0 176 0 177 0 178 0 179 0 180 0 181 0 182 0 183 0 184 0 185 0 186 0 187 0 188 0 189 0 190 0 191 0 192 0 193 0 194 0 195 0 196 0 197 0 198 0 199 0 200 0 201 0 202 0 203 0 204 0 205 0 206 0 207 0 208 0 209 0 210 0 211 0 212 0 213 0 214 0 215 0 216 0 217 0 218 0 219 0 220 0 221 0 222 0 223 0 224 0 225 0 226 0 227 0 228 0 229 0 230 0 231 0 232 0 233 0 234 0 235 0 236 0 237 0 238 0 239 0 240 0 241 0 242 0 243 0 244 0 245 0 246 0 247 0 248 0 249 0 250 0 251 0 252 0 253 0 254 0 255 0 256 0 257 0 258 0 259 0 260 0 261 0 262 0 263 0 264 0 265 0 266 0 267 0 268 0 269 0 270 0 271 0 272 0 273 0 274 0 275 0 276 0 277 0 278 0 279 0 280 0 281 0 282 0 283 0 284 0 285 0 286 0 287 0 288 0 289 0 290 0 291 0 292 0 293 0 294 0 295 0 296 0 297 0 298 0 299 0 300 0 301 0 302 0 303 0 304 0 305 0 306 0 307 0 308 0 309 0 310 0 311 0 312 0 313 0 314 0 315 0 316 0 317 0 318 0 319 0 320 0 321 0 322 0 323 0 324 0 325 0 326 0 327 0 328 0 329 0 330 0 331 0 332 0 333 0 334 0 335 0 336 0 337 0 338 0 339 0 340 0 341 0 342 0 343 0 344 0 345 0 346 0 347 0 348 0 349 0 350 0 351 0 352 0 353 0 354 0 355 0 356 0 357 0 358 0 359 0 360 0 361 0 362 0 363 0 364 0 365 0 366 0 367 0 368 0 369 0 370 0 371 0 372 0 373 0 374 0 375 0 376 0 377 0 378 0 379 0 380 </v>
        </vertex_weights>
      </skin>
    </controller>
    <controller id="m_dun1701_00_00-4-skin" name="skinCluster4">
      <skin source="#m_dun1701_00_00-4">
        <bind_shape_matrix>
          1 0 0 0
          0 1 0 0
          0 0 1 0
          0 0 0 1
        </bind_shape_matrix>
        <source id="m_dun1701_00_00-4-skin-joints" name="m_dun1701_00_00-4-skin-joints">
          <Name_array id="m_dun1701_00_00-4-skin-joints-array" count="1">polySurface23 </Name_array>
          <technique_common>
            <accessor source="#m_dun1701_00_00-4-skin-joints-array" count="1" stride="1">
              <param name="JOINT" type="Name"></param>
            </accessor>
          </technique_common>
        </source>
        <source id="m_dun1701_00_00-4-skin-bind_poses" name="m_dun1701_00_00-4-skin-bind_poses">
          <float_array id="m_dun1701_00_00-4-skin-bind_poses-array" count="16"> 1 -0 0 -0 -0 1 -0 0 0 -0 1 -0 -0 0 -0 1 </float_array>
          <technique_common>
            <accessor count="1" offset="0" source="#m_dun1701_00_00-4-skin-bind_poses-array" stride="16">
              <param name="TRANSFORM" type="float4x4" />
            </accessor>
          </technique_common>
        </source>
        <source id="m_dun1701_00_00-4-skin-weights" name="m_dun1701_00_00-4-skin-weights">
          <float_array id="m_dun1701_00_00-4-skin-weights-array" count="518"> 3.57331108e-43 1.55824389e-42 1.63671661e-42 3.57331108e-43 1.55824389e-42 1.6437231e-42 3.57331108e-43 1.6423218e-42 1.6451244e-42 1.6465257e-42 3.57331108e-43 1.64932829e-42 1.65072959e-42 1.64792699e-42 3.57331108e-43 1.65213089e-42 1.65353219e-42 1.65493349e-42 3.57331108e-43 1.65353219e-42 1.65633478e-42 1.65773608e-42 3.57331108e-43 1.66053868e-42 1.66193998e-42 1.65913738e-42 3.57331108e-43 1.66334128e-42 1.66474258e-42 1.66614387e-42 3.57331108e-43 1.66474258e-42 1.66754517e-42 1.66894647e-42 3.57331108e-43 1.67174907e-42 1.67315037e-42 1.67034777e-42 3.57331108e-43 1.67455166e-42 1.67595296e-42 1.67735426e-42 3.57331108e-43 1.67595296e-42 1.67875556e-42 1.68015686e-42 3.57331108e-43 1.68295946e-42 1.68436075e-42 1.68155816e-42 3.57331108e-43 1.68576205e-42 1.68716335e-42 1.68856465e-42 3.57331108e-43 1.68716335e-42 1.68996595e-42 1.69136725e-42 3.57331108e-43 1.69416984e-42 1.69557114e-42 1.69276854e-42 3.57331108e-43 1.69697244e-42 1.69837374e-42 1.69977504e-42 3.57331108e-43 1.69837374e-42 1.70117634e-42 1.70257763e-42 3.57331108e-43 1.70538023e-42 1.70678153e-42 1.70397893e-42 3.57331108e-43 1.70818283e-42 1.70958413e-42 1.71098542e-42 3.57331108e-43 1.70958413e-42 1.71238672e-42 1.71378802e-42 3.57331108e-43 1.71659062e-42 1.71799192e-42 1.71518932e-42 3.57331108e-43 1.71939322e-42 1.72079451e-42 1.72219581e-42 3.57331108e-43 1.72079451e-42 1.72359711e-42 1.72499841e-42 3.57331108e-43 1.72780101e-42 1.7292023e-42 1.72639971e-42 3.57331108e-43 1.7306036e-42 1.7320049e-42 1.7334062e-42 3.57331108e-43 1.7320049e-42 1.7348075e-42 1.7362088e-42 3.57331108e-43 1.73901139e-42 1.74041269e-42 1.7376101e-42 3.57331108e-43 1.74181399e-42 1.74321529e-42 1.74461659e-42 3.57331108e-43 1.74321529e-42 1.74601789e-42 1.74741919e-42 3.57331108e-43 1.75022178e-42 1.75162308e-42 1.74882048e-42 3.57331108e-43 1.75302438e-42 1.75442568e-42 1.75582698e-42 3.57331108e-43 1.75442568e-42 1.75722827e-42 1.75862957e-42 3.57331108e-43 1.76143217e-42 1.76283347e-42 1.76003087e-42 3.57331108e-43 1.76423477e-42 1.76563607e-42 1.76703736e-42 3.57331108e-43 1.76563607e-42 1.76843866e-42 1.76983996e-42 3.57331108e-43 1.77264256e-42 1.77404386e-42 1.77124126e-42 3.57331108e-43 1.77544515e-42 1.77684645e-42 1.77824775e-42 3.57331108e-43 1.77684645e-42 1.77964905e-42 1.78105035e-42 3.57331108e-43 1.78385295e-42 1.78525424e-42 1.78245165e-42 3.57331108e-43 1.78665554e-42 1.78805684e-42 1.78945814e-42 3.57331108e-43 1.78805684e-42 1.79085944e-42 1.79226074e-42 3.57331108e-43 1.79506333e-42 1.79646463e-42 1.79366203e-42 3.57331108e-43 1.79786593e-42 1.79926723e-42 1.80066853e-42 3.57331108e-43 1.79926723e-42 1.80206983e-42 1.80347112e-42 3.57331108e-43 1.80627372e-42 1.80767502e-42 1.80487242e-42 3.57331108e-43 1.80907632e-42 1.81047762e-42 1.81187891e-42 3.57331108e-43 1.81047762e-42 1.81328021e-42 1.81468151e-42 3.57331108e-43 1.81748411e-42 1.81888541e-42 1.81608281e-42 3.57331108e-43 1.82028671e-42 1.821688e-42 1.8230893e-42 3.57331108e-43 1.821688e-42 1.8244906e-42 1.8258919e-42 3.57331108e-43 1.8286945e-42 1.83009579e-42 1.8272932e-42 3.57331108e-43 1.83149709e-42 1.83289839e-42 1.83429969e-42 3.57331108e-43 1.83289839e-42 1.83570099e-42 1.83710229e-42 3.57331108e-43 1.83990488e-42 1.84130618e-42 1.83850359e-42 3.57331108e-43 1.84270748e-42 1.84410878e-42 1.84551008e-42 3.57331108e-43 1.84410878e-42 1.84691138e-42 1.84831267e-42 3.57331108e-43 1.85111527e-42 1.85251657e-42 1.84971397e-42 3.57331108e-43 1.85391787e-42 1.85531917e-42 1.85672047e-42 3.57331108e-43 1.85531917e-42 1.85812176e-42 1.85952306e-42 3.57331108e-43 1.86232566e-42 1.86372696e-42 1.86092436e-42 3.57331108e-43 1.86512826e-42 1.86652955e-42 1.86793085e-42 3.57331108e-43 1.86652955e-42 1.86933215e-42 1.87073345e-42 3.57331108e-43 1.87353605e-42 1.87493735e-42 1.87213475e-42 3.57331108e-43 1.87633864e-42 1.87773994e-42 1.87914124e-42 3.57331108e-43 1.87773994e-42 1.88054254e-42 1.88194384e-42 3.57331108e-43 1.88474643e-42 1.88614773e-42 1.88334514e-42 3.57331108e-43 1.88754903e-42 1.88895033e-42 1.89035163e-42 3.57331108e-43 1.88895033e-42 1.89175293e-42 1.89315423e-42 3.57331108e-43 1.89595682e-42 1.89735812e-42 1.89455552e-42 3.57331108e-43 1.89875942e-42 1.90016072e-42 1.90156202e-42 3.57331108e-43 1.90016072e-42 1.90296331e-42 1.90436461e-42 3.57331108e-43 1.90716721e-42 1.90856851e-42 1.90576591e-42 3.57331108e-43 1.90996981e-42 1.91137111e-42 1.9127724e-42 3.57331108e-43 1.91137111e-42 1.9141737e-42 1.915575e-42 3.57331108e-43 1.9183776e-42 1.9197789e-42 1.9169763e-42 3.57331108e-43 1.92118019e-42 1.92258149e-42 1.92398279e-42 3.57331108e-43 1.92258149e-42 1.92538409e-42 1.92678539e-42 3.57331108e-43 1.92958799e-42 1.93098928e-42 1.92818669e-42 3.57331108e-43 1.93239058e-42 1.93379188e-42 1.93519318e-42 3.57331108e-43 1.93379188e-42 1.93659448e-42 1.93799578e-42 3.57331108e-43 1.94079837e-42 1.94219967e-42 1.93939707e-42 3.57331108e-43 1.94360097e-42 1.94500227e-42 1.94640357e-42 3.57331108e-43 1.94500227e-42 1.94780487e-42 1.94920616e-42 3.57331108e-43 1.95200876e-42 1.95341006e-42 1.95060746e-42 3.57331108e-43 1.95481136e-42 1.95621266e-42 1.95761395e-42 3.57331108e-43 1.95621266e-42 1.95901525e-42 1.96041655e-42 3.57331108e-43 1.96321915e-42 1.96462045e-42 1.96181785e-42 3.57331108e-43 1.96602175e-42 1.96742304e-42 1.96882434e-42 3.57331108e-43 1.96742304e-42 1.97022564e-42 1.97162694e-42 3.57331108e-43 1.97442954e-42 1.97583083e-42 1.97302824e-42 3.57331108e-43 1.97723213e-42 1.97863343e-42 1.98003473e-42 3.57331108e-43 1.97863343e-42 1.98143603e-42 1.98283733e-42 3.57331108e-43 1.98563992e-42 1.98704122e-42 1.98423863e-42 3.57331108e-43 1.98844252e-42 1.98984382e-42 1.99124512e-42 3.57331108e-43 1.98984382e-42 1.99264642e-42 1.99404771e-42 3.57331108e-43 1.99685031e-42 1.99825161e-42 1.99544901e-42 3.57331108e-43 1.99965291e-42 2.00105421e-42 2.00245551e-42 3.57331108e-43 2.00105421e-42 2.0038568e-42 2.0052581e-42 3.57331108e-43 2.0080607e-42 2.009462e-42 2.0066594e-42 3.57331108e-43 2.0108633e-42 2.01226459e-42 2.01366589e-42 3.57331108e-43 2.01226459e-42 2.01506719e-42 2.01646849e-42 3.57331108e-43 2.01927109e-42 2.02067239e-42 2.01786979e-42 3.57331108e-43 2.02207368e-42 2.02347498e-42 2.02487628e-42 3.57331108e-43 2.02347498e-42 2.02627758e-42 2.02767888e-42 3.57331108e-43 2.03048147e-42 2.03188277e-42 2.02908018e-42 3.57331108e-43 2.03328407e-42 2.03468537e-42 2.03608667e-42 3.57331108e-43 2.03468537e-42 2.03748797e-42 2.03888927e-42 3.57331108e-43 2.04169186e-42 2.04309316e-42 2.04029056e-42 3.57331108e-43 2.04449446e-42 2.04589576e-42 2.04729706e-42 3.57331108e-43 2.04589576e-42 2.04869835e-42 2.05009965e-42 3.57331108e-43 2.05290225e-42 2.05430355e-42 2.05150095e-42 3.57331108e-43 2.05570485e-42 2.05710615e-42 2.05850744e-42 3.57331108e-43 2.05710615e-42 2.05990874e-42 2.06131004e-42 3.57331108e-43 2.06411264e-42 2.06551394e-42 2.06271134e-42 3.57331108e-43 2.06691523e-42 2.06831653e-42 2.06971783e-42 3.57331108e-43 2.06831653e-42 2.07111913e-42 2.07252043e-42 3.57331108e-43 2.07532303e-42 2.07672432e-42 2.07392173e-42 3.57331108e-43 2.07812562e-42 2.07952692e-42 2.08092822e-42 3.57331108e-43 2.07952692e-42 2.08232952e-42 2.08373082e-42 3.57331108e-43 2.08653341e-42 2.08793471e-42 2.08513211e-42 3.57331108e-43 2.08933601e-42 2.09073731e-42 2.09213861e-42 3.57331108e-43 2.09073731e-42 2.09353991e-42 2.0949412e-42 3.57331108e-43 2.0977438e-42 2.0991451e-42 2.0963425e-42 3.57331108e-43 2.1005464e-42 2.1019477e-42 2.10334899e-42 3.57331108e-43 2.1019477e-42 2.10475029e-42 2.10615159e-42 3.57331108e-43 2.10895419e-42 2.11035549e-42 2.10755289e-42 3.57331108e-43 2.11175679e-42 2.11315808e-42 2.11455938e-42 3.57331108e-43 2.11315808e-42 2.11596068e-42 2.11736198e-42 3.57331108e-43 2.12016458e-42 2.12156587e-42 2.11876328e-42 </float_array>
          <technique_common>
            <accessor count="518" offset="0" source="#m_dun1701_00_00-4-skin-weights-array" stride="1">
              <param name="WEIGHT" type="float" />
            </accessor>
          </technique_common>
        </source>
        <joints>
          <input semantic="JOINT" source="#m_dun1701_00_00-4-skin-joints"></input>
          <input semantic="INV_BIND_MATRIX" source="#m_dun1701_00_00-4-skin-bind_poses"></input>
        </joints>
        <vertex_weights count="130">
          <input semantic="JOINT" source="#m_dun1701_00_00-4-skin-joints" offset="0"></input>
          <input semantic="WEIGHT" source="#m_dun1701_00_00-4-skin-weights" offset="1"></input>
          <vcount>3 3 4 4 4 4 4 4 4 4 4 4 4 4 4 4 4 4 4 4 4 4 4 4 4 4 4 4 4 4 4 4 4 4 4 4 4 4 4 4 4 4 4 4 4 4 4 4 4 4 4 4 4 4 4 4 4 4 4 4 4 4 4 4 4 4 4 4 4 4 4 4 4 4 4 4 4 4 4 4 4 4 4 4 4 4 4 4 4 4 4 4 4 4 4 4 4 4 4 4 4 4 4 4 4 4 4 4 4 4 4 4 4 4 4 4 4 4 4 4 4 4 4 4 4 4 4 4 4 4 </vcount>
          <v>0 0 0 1 0 2 0 3 0 4 0 5 0 6 0 7 0 8 0 9 0 10 0 11 0 12 0 13 0 14 0 15 0 16 0 17 0 18 0 19 0 20 0 21 0 22 0 23 0 24 0 25 0 26 0 27 0 28 0 29 0 30 0 31 0 32 0 33 0 34 0 35 0 36 0 37 0 38 0 39 0 40 0 41 0 42 0 43 0 44 0 45 0 46 0 47 0 48 0 49 0 50 0 51 0 52 0 53 0 54 0 55 0 56 0 57 0 58 0 59 0 60 0 61 0 62 0 63 0 64 0 65 0 66 0 67 0 68 0 69 0 70 0 71 0 72 0 73 0 74 0 75 0 76 0 77 0 78 0 79 0 80 0 81 0 82 0 83 0 84 0 85 0 86 0 87 0 88 0 89 0 90 0 91 0 92 0 93 0 94 0 95 0 96 0 97 0 98 0 99 0 100 0 101 0 102 0 103 0 104 0 105 0 106 0 107 0 108 0 109 0 110 0 111 0 112 0 113 0 114 0 115 0 116 0 117 0 118 0 119 0 120 0 121 0 122 0 123 0 124 0 125 0 126 0 127 0 128 0 129 0 130 0 131 0 132 0 133 0 134 0 135 0 136 0 137 0 138 0 139 0 140 0 141 0 142 0 143 0 144 0 145 0 146 0 147 0 148 0 149 0 150 0 151 0 152 0 153 0 154 0 155 0 156 0 157 0 158 0 159 0 160 0 161 0 162 0 163 0 164 0 165 0 166 0 167 0 168 0 169 0 170 0 171 0 172 0 173 0 174 0 175 0 176 0 177 0 178 0 179 0 180 0 181 0 182 0 183 0 184 0 185 0 186 0 187 0 188 0 189 0 190 0 191 0 192 0 193 0 194 0 195 0 196 0 197 0 198 0 199 0 200 0 201 0 202 0 203 0 204 0 205 0 206 0 207 0 208 0 209 0 210 0 211 0 212 0 213 0 214 0 215 0 216 0 217 0 218 0 219 0 220 0 221 0 222 0 223 0 224 0 225 0 226 0 227 0 228 0 229 0 230 0 231 0 232 0 233 0 234 0 235 0 236 0 237 0 238 0 239 0 240 0 241 0 242 0 243 0 244 0 245 0 246 0 247 0 248 0 249 0 250 0 251 0 252 0 253 0 254 0 255 0 256 0 257 0 258 0 259 0 260 0 261 0 262 0 263 0 264 0 265 0 266 0 267 0 268 0 269 0 270 0 271 0 272 0 273 0 274 0 275 0 276 0 277 0 278 0 279 0 280 0 281 0 282 0 283 0 284 0 285 0 286 0 287 0 288 0 289 0 290 0 291 0 292 0 293 0 294 0 295 0 296 0 297 0 298 0 299 0 300 0 301 0 302 0 303 0 304 0 305 0 306 0 307 0 308 0 309 0 310 0 311 0 312 0 313 0 314 0 315 0 316 0 317 0 318 0 319 0 320 0 321 0 322 0 323 0 324 0 325 0 326 0 327 0 328 0 329 0 330 0 331 0 332 0 333 0 334 0 335 0 336 0 337 0 338 0 339 0 340 0 341 0 342 0 343 0 344 0 345 0 346 0 347 0 348 0 349 0 350 0 351 0 352 0 353 0 354 0 355 0 356 0 357 0 358 0 359 0 360 0 361 0 362 0 363 0 364 0 365 0 366 0 367 0 368 0 369 0 370 0 371 0 372 0 373 0 374 0 375 0 376 0 377 0 378 0 379 0 380 0 381 0 382 0 383 0 384 0 385 0 386 0 387 0 388 0 389 0 390 0 391 0 392 0 393 0 394 0 395 0 396 0 397 0 398 0 399 0 400 0 401 0 402 0 403 0 404 0 405 0 406 0 407 0 408 0 409 0 410 0 411 0 412 0 413 0 414 0 415 0 416 0 417 0 418 0 419 0 420 0 421 0 422 0 423 0 424 0 425 0 426 0 427 0 428 0 429 0 430 0 431 0 432 0 433 0 434 0 435 0 436 0 437 0 438 0 439 0 440 0 441 0 442 0 443 0 444 0 445 0 446 0 447 0 448 0 449 0 450 0 451 0 452 0 453 0 454 0 455 0 456 0 457 0 458 0 459 0 460 0 461 0 462 0 463 0 464 0 465 0 466 0 467 0 468 0 469 0 470 0 471 0 472 0 473 0 474 0 475 0 476 0 477 0 478 0 479 0 480 0 481 0 482 0 483 0 484 0 485 0 486 0 487 0 488 0 489 0 490 0 491 0 492 0 493 0 494 0 495 0 496 0 497 0 498 0 499 0 500 0 501 0 502 0 503 0 504 0 505 0 506 0 507 0 508 0 509 0 510 0 511 0 512 0 513 0 514 0 515 0 516 0 517 </v>
        </vertex_weights>
      </skin>
    </controller>
    <controller id="m_dun1701_00_00-5-skin" name="skinCluster5">
      <skin source="#m_dun1701_00_00-5">
        <bind_shape_matrix>
          1 0 0 0
          0 1 0 0
          0 0 1 0
          0 0 0 1
        </bind_shape_matrix>
        <source id="m_dun1701_00_00-5-skin-joints" name="m_dun1701_00_00-5-skin-joints">
          <Name_array id="m_dun1701_00_00-5-skin-joints-array" count="1">polySurface23 </Name_array>
          <technique_common>
            <accessor source="#m_dun1701_00_00-5-skin-joints-array" count="1" stride="1">
              <param name="JOINT" type="Name"></param>
            </accessor>
          </technique_common>
        </source>
        <source id="m_dun1701_00_00-5-skin-bind_poses" name="m_dun1701_00_00-5-skin-bind_poses">
          <float_array id="m_dun1701_00_00-5-skin-bind_poses-array" count="16"> 1 -0 0 -0 -0 1 -0 0 0 -0 1 -0 -0 0 -0 1 </float_array>
          <technique_common>
            <accessor count="1" offset="0" source="#m_dun1701_00_00-5-skin-bind_poses-array" stride="16">
              <param name="TRANSFORM" type="float4x4" />
            </accessor>
          </technique_common>
        </source>
        <source id="m_dun1701_00_00-5-skin-weights" name="m_dun1701_00_00-5-skin-weights">
          <float_array id="m_dun1701_00_00-5-skin-weights-array" count="200"> 3.57331108e-43 3.57331108e-43 3.57331108e-43 3.57331108e-43 3.57331108e-43 3.57331108e-43 3.57331108e-43 3.57331108e-43 3.57331108e-43 3.57331108e-43 3.57331108e-43 3.57331108e-43 3.57331108e-43 3.57331108e-43 3.57331108e-43 3.57331108e-43 3.57331108e-43 3.57331108e-43 3.57331108e-43 3.57331108e-43 3.57331108e-43 3.57331108e-43 3.57331108e-43 3.57331108e-43 3.57331108e-43 3.57331108e-43 3.57331108e-43 3.57331108e-43 3.57331108e-43 3.57331108e-43 3.57331108e-43 3.57331108e-43 3.57331108e-43 3.57331108e-43 3.57331108e-43 3.57331108e-43 3.57331108e-43 3.57331108e-43 3.57331108e-43 3.57331108e-43 3.57331108e-43 3.57331108e-43 3.57331108e-43 3.57331108e-43 3.57331108e-43 3.57331108e-43 3.57331108e-43 3.57331108e-43 3.57331108e-43 3.57331108e-43 3.57331108e-43 3.57331108e-43 3.57331108e-43 3.57331108e-43 3.57331108e-43 3.57331108e-43 3.57331108e-43 3.57331108e-43 3.57331108e-43 3.57331108e-43 3.57331108e-43 3.57331108e-43 3.57331108e-43 3.57331108e-43 3.57331108e-43 3.57331108e-43 3.57331108e-43 3.57331108e-43 3.57331108e-43 3.57331108e-43 3.57331108e-43 3.57331108e-43 3.57331108e-43 3.57331108e-43 3.57331108e-43 3.57331108e-43 3.57331108e-43 3.57331108e-43 3.57331108e-43 3.57331108e-43 3.57331108e-43 3.57331108e-43 3.57331108e-43 3.57331108e-43 3.57331108e-43 3.57331108e-43 3.57331108e-43 3.57331108e-43 3.57331108e-43 3.57331108e-43 3.57331108e-43 3.57331108e-43 3.57331108e-43 3.57331108e-43 3.57331108e-43 3.57331108e-43 3.57331108e-43 3.57331108e-43 3.57331108e-43 3.57331108e-43 3.57331108e-43 3.57331108e-43 3.57331108e-43 3.57331108e-43 3.57331108e-43 3.57331108e-43 3.57331108e-43 3.57331108e-43 3.57331108e-43 3.57331108e-43 3.57331108e-43 3.57331108e-43 3.57331108e-43 3.57331108e-43 3.57331108e-43 3.57331108e-43 3.57331108e-43 3.57331108e-43 3.57331108e-43 3.57331108e-43 3.57331108e-43 3.57331108e-43 3.57331108e-43 3.57331108e-43 3.57331108e-43 3.57331108e-43 3.57331108e-43 3.57331108e-43 3.57331108e-43 3.57331108e-43 3.57331108e-43 3.57331108e-43 3.57331108e-43 3.57331108e-43 3.57331108e-43 3.57331108e-43 3.57331108e-43 3.57331108e-43 3.57331108e-43 3.57331108e-43 3.57331108e-43 3.57331108e-43 3.57331108e-43 3.57331108e-43 3.57331108e-43 3.57331108e-43 3.57331108e-43 3.57331108e-43 3.57331108e-43 3.57331108e-43 3.57331108e-43 3.57331108e-43 3.57331108e-43 3.57331108e-43 3.57331108e-43 3.57331108e-43 3.57331108e-43 3.57331108e-43 3.57331108e-43 3.57331108e-43 3.57331108e-43 3.57331108e-43 3.57331108e-43 3.57331108e-43 3.57331108e-43 3.57331108e-43 3.57331108e-43 3.57331108e-43 3.57331108e-43 3.57331108e-43 3.57331108e-43 3.57331108e-43 3.57331108e-43 3.57331108e-43 3.57331108e-43 3.57331108e-43 3.57331108e-43 3.57331108e-43 3.57331108e-43 3.57331108e-43 3.57331108e-43 3.57331108e-43 3.57331108e-43 3.57331108e-43 3.57331108e-43 3.57331108e-43 3.57331108e-43 3.57331108e-43 3.57331108e-43 3.57331108e-43 3.57331108e-43 3.57331108e-43 3.57331108e-43 3.57331108e-43 3.57331108e-43 3.57331108e-43 3.57331108e-43 3.57331108e-43 3.57331108e-43 3.57331108e-43 </float_array>
          <technique_common>
            <accessor count="200" offset="0" source="#m_dun1701_00_00-5-skin-weights-array" stride="1">
              <param name="WEIGHT" type="float" />
            </accessor>
          </technique_common>
        </source>
        <joints>
          <input semantic="JOINT" source="#m_dun1701_00_00-5-skin-joints"></input>
          <input semantic="INV_BIND_MATRIX" source="#m_dun1701_00_00-5-skin-bind_poses"></input>
        </joints>
        <vertex_weights count="200">
          <input semantic="JOINT" source="#m_dun1701_00_00-5-skin-joints" offset="0"></input>
          <input semantic="WEIGHT" source="#m_dun1701_00_00-5-skin-weights" offset="1"></input>
          <vcount>1 1 1 1 1 1 1 1 1 1 1 1 1 1 1 1 1 1 1 1 1 1 1 1 1 1 1 1 1 1 1 1 1 1 1 1 1 1 1 1 1 1 1 1 1 1 1 1 1 1 1 1 1 1 1 1 1 1 1 1 1 1 1 1 1 1 1 1 1 1 1 1 1 1 1 1 1 1 1 1 1 1 1 1 1 1 1 1 1 1 1 1 1 1 1 1 1 1 1 1 1 1 1 1 1 1 1 1 1 1 1 1 1 1 1 1 1 1 1 1 1 1 1 1 1 1 1 1 1 1 1 1 1 1 1 1 1 1 1 1 1 1 1 1 1 1 1 1 1 1 1 1 1 1 1 1 1 1 1 1 1 1 1 1 1 1 1 1 1 1 1 1 1 1 1 1 1 1 1 1 1 1 1 1 1 1 1 1 1 1 1 1 1 1 1 1 1 1 1 1 </vcount>
          <v>0 0 0 1 0 2 0 3 0 4 0 5 0 6 0 7 0 8 0 9 0 10 0 11 0 12 0 13 0 14 0 15 0 16 0 17 0 18 0 19 0 20 0 21 0 22 0 23 0 24 0 25 0 26 0 27 0 28 0 29 0 30 0 31 0 32 0 33 0 34 0 35 0 36 0 37 0 38 0 39 0 40 0 41 0 42 0 43 0 44 0 45 0 46 0 47 0 48 0 49 0 50 0 51 0 52 0 53 0 54 0 55 0 56 0 57 0 58 0 59 0 60 0 61 0 62 0 63 0 64 0 65 0 66 0 67 0 68 0 69 0 70 0 71 0 72 0 73 0 74 0 75 0 76 0 77 0 78 0 79 0 80 0 81 0 82 0 83 0 84 0 85 0 86 0 87 0 88 0 89 0 90 0 91 0 92 0 93 0 94 0 95 0 96 0 97 0 98 0 99 0 100 0 101 0 102 0 103 0 104 0 105 0 106 0 107 0 108 0 109 0 110 0 111 0 112 0 113 0 114 0 115 0 116 0 117 0 118 0 119 0 120 0 121 0 122 0 123 0 124 0 125 0 126 0 127 0 128 0 129 0 130 0 131 0 132 0 133 0 134 0 135 0 136 0 137 0 138 0 139 0 140 0 141 0 142 0 143 0 144 0 145 0 146 0 147 0 148 0 149 0 150 0 151 0 152 0 153 0 154 0 155 0 156 0 157 0 158 0 159 0 160 0 161 0 162 0 163 0 164 0 165 0 166 0 167 0 168 0 169 0 170 0 171 0 172 0 173 0 174 0 175 0 176 0 177 0 178 0 179 0 180 0 181 0 182 0 183 0 184 0 185 0 186 0 187 0 188 0 189 0 190 0 191 0 192 0 193 0 194 0 195 0 196 0 197 0 198 0 199 </v>
        </vertex_weights>
      </skin>
    </controller>
    <controller id="m_dun1701_00_00-6-skin" name="skinCluster6">
      <skin source="#m_dun1701_00_00-6">
        <bind_shape_matrix>
          1 0 0 0
          0 1 0 0
          0 0 1 0
          0 0 0 1
        </bind_shape_matrix>
        <source id="m_dun1701_00_00-6-skin-joints" name="m_dun1701_00_00-6-skin-joints">
          <Name_array id="m_dun1701_00_00-6-skin-joints-array" count="1">polySurface23 </Name_array>
          <technique_common>
            <accessor source="#m_dun1701_00_00-6-skin-joints-array" count="1" stride="1">
              <param name="JOINT" type="Name"></param>
            </accessor>
          </technique_common>
        </source>
        <source id="m_dun1701_00_00-6-skin-bind_poses" name="m_dun1701_00_00-6-skin-bind_poses">
          <float_array id="m_dun1701_00_00-6-skin-bind_poses-array" count="16"> 1 -0 0 -0 -0 1 -0 0 0 -0 1 -0 -0 0 -0 1 </float_array>
          <technique_common>
            <accessor count="1" offset="0" source="#m_dun1701_00_00-6-skin-bind_poses-array" stride="16">
              <param name="TRANSFORM" type="float4x4" />
            </accessor>
          </technique_common>
        </source>
        <source id="m_dun1701_00_00-6-skin-weights" name="m_dun1701_00_00-6-skin-weights">
          <float_array id="m_dun1701_00_00-6-skin-weights-array" count="602"> 3.57331108e-43 1.23314265e-43 1.99544901e-42 3.57331108e-43 1.23314265e-43 1.99965291e-42 3.57331108e-43 2.00105421e-42 1.35925951e-43 2.00245551e-42 3.57331108e-43 3.57331108e-43 1.3732725e-43 2.00105421e-42 3.57331108e-43 2.0038568e-42 1.3732725e-43 2.0052581e-42 3.57331108e-43 3.57331108e-43 1.38728548e-43 2.0080607e-42 3.57331108e-43 2.009462e-42 1.38728548e-43 2.0066594e-42 3.57331108e-43 3.57331108e-43 1.40129846e-43 2.0108633e-42 3.57331108e-43 2.01226459e-42 1.40129846e-43 2.01366589e-42 3.57331108e-43 3.57331108e-43 1.41531145e-43 2.01226459e-42 3.57331108e-43 2.01506719e-42 1.41531145e-43 2.01646849e-42 3.57331108e-43 3.57331108e-43 1.42932443e-43 2.01927109e-42 3.57331108e-43 2.02067239e-42 1.42932443e-43 2.01786979e-42 3.57331108e-43 3.57331108e-43 1.44333742e-43 2.02207368e-42 3.57331108e-43 2.02347498e-42 1.44333742e-43 2.02487628e-42 3.57331108e-43 3.57331108e-43 1.4573504e-43 2.02347498e-42 3.57331108e-43 2.02627758e-42 1.4573504e-43 2.02767888e-42 3.57331108e-43 3.57331108e-43 1.47136339e-43 2.03048147e-42 3.57331108e-43 2.03188277e-42 1.47136339e-43 2.02908018e-42 3.57331108e-43 3.57331108e-43 1.48537637e-43 2.03328407e-42 3.57331108e-43 2.03468537e-42 1.48537637e-43 2.03608667e-42 3.57331108e-43 3.57331108e-43 1.49938936e-43 2.03468537e-42 3.57331108e-43 2.03748797e-42 1.49938936e-43 2.03888927e-42 3.57331108e-43 3.57331108e-43 1.51340234e-43 2.04169186e-42 3.57331108e-43 2.04309316e-42 1.51340234e-43 2.04029056e-42 3.57331108e-43 3.57331108e-43 1.52741533e-43 2.04449446e-42 3.57331108e-43 2.04589576e-42 1.52741533e-43 2.04729706e-42 3.57331108e-43 3.57331108e-43 1.54142831e-43 2.04589576e-42 3.57331108e-43 2.04869835e-42 1.54142831e-43 2.05009965e-42 3.57331108e-43 3.57331108e-43 1.5554413e-43 2.05290225e-42 3.57331108e-43 2.05430355e-42 1.5554413e-43 2.05150095e-42 3.57331108e-43 3.57331108e-43 1.56945428e-43 2.05570485e-42 3.57331108e-43 2.05710615e-42 1.56945428e-43 2.05850744e-42 3.57331108e-43 3.57331108e-43 1.58346726e-43 2.05710615e-42 3.57331108e-43 2.05990874e-42 1.58346726e-43 2.06131004e-42 3.57331108e-43 3.57331108e-43 1.59748025e-43 2.06411264e-42 3.57331108e-43 2.06551394e-42 1.59748025e-43 2.06271134e-42 3.57331108e-43 3.57331108e-43 1.61149323e-43 2.06691523e-42 3.57331108e-43 2.06831653e-42 1.61149323e-43 2.06971783e-42 3.57331108e-43 3.57331108e-43 1.62550622e-43 2.06831653e-42 3.57331108e-43 2.07111913e-42 1.62550622e-43 2.07252043e-42 3.57331108e-43 3.57331108e-43 1.6395192e-43 2.07532303e-42 3.57331108e-43 2.07672432e-42 1.6395192e-43 2.07392173e-42 3.57331108e-43 3.57331108e-43 1.65353219e-43 2.07812562e-42 3.57331108e-43 2.07952692e-42 1.65353219e-43 2.08092822e-42 3.57331108e-43 3.57331108e-43 1.66754517e-43 2.07952692e-42 3.57331108e-43 2.08232952e-42 1.66754517e-43 2.08373082e-42 3.57331108e-43 3.57331108e-43 1.68155816e-43 2.08653341e-42 3.57331108e-43 2.08793471e-42 1.68155816e-43 2.08513211e-42 3.57331108e-43 3.57331108e-43 1.69557114e-43 2.08933601e-42 3.57331108e-43 2.09073731e-42 1.69557114e-43 2.09213861e-42 3.57331108e-43 3.57331108e-43 1.70958413e-43 2.09073731e-42 3.57331108e-43 2.09353991e-42 1.70958413e-43 2.0949412e-42 3.57331108e-43 3.57331108e-43 1.72359711e-43 2.0977438e-42 3.57331108e-43 2.0991451e-42 1.72359711e-43 2.0963425e-42 3.57331108e-43 3.57331108e-43 1.7376101e-43 2.1005464e-42 3.57331108e-43 2.1019477e-42 1.7376101e-43 2.10334899e-42 3.57331108e-43 3.57331108e-43 1.75162308e-43 2.1019477e-42 3.57331108e-43 2.10475029e-42 1.75162308e-43 2.10615159e-42 3.57331108e-43 3.57331108e-43 1.76563607e-43 2.10895419e-42 3.57331108e-43 2.11035549e-42 1.76563607e-43 2.10755289e-42 3.57331108e-43 3.57331108e-43 1.77964905e-43 2.11175679e-42 3.57331108e-43 2.11315808e-42 1.77964905e-43 2.11455938e-42 3.57331108e-43 3.57331108e-43 1.79366203e-43 2.11315808e-42 3.57331108e-43 2.11596068e-42 1.79366203e-43 2.11736198e-42 3.57331108e-43 3.57331108e-43 1.80767502e-43 2.12016458e-42 3.57331108e-43 2.12156587e-42 1.80767502e-43 2.11876328e-42 3.57331108e-43 3.81993961e-42 3.82414351e-42 3.82274221e-42 3.57331108e-43 3.82694611e-42 3.8297487e-42 3.8283474e-42 3.57331108e-43 3.83115e-42 3.8339526e-42 3.8353539e-42 3.57331108e-43 3.8367552e-42 3.84095909e-42 3.83955779e-42 3.57331108e-43 3.84376169e-42 3.84656428e-42 3.84516299e-42 3.57331108e-43 3.84796558e-42 3.85076818e-42 3.85216948e-42 3.57331108e-43 3.85357078e-42 3.85777467e-42 3.85637337e-42 3.57331108e-43 3.86057727e-42 3.86337987e-42 3.86197857e-42 3.57331108e-43 3.86478116e-42 3.86758376e-42 3.86898506e-42 3.57331108e-43 3.87038636e-42 3.87459025e-42 3.87318896e-42 3.57331108e-43 3.87739285e-42 3.88019545e-42 3.87879415e-42 3.57331108e-43 3.88159675e-42 3.88439934e-42 3.88580064e-42 3.57331108e-43 3.88720194e-42 3.89140584e-42 3.89000454e-42 3.57331108e-43 3.89420843e-42 3.89701103e-42 3.89560973e-42 3.57331108e-43 3.89841233e-42 3.90121492e-42 3.90261622e-42 3.57331108e-43 3.90401752e-42 3.90822142e-42 3.90682012e-42 3.57331108e-43 3.91102401e-42 3.91382661e-42 3.91242531e-42 3.57331108e-43 3.91522791e-42 3.91803051e-42 3.9194318e-42 3.57331108e-43 3.9208331e-42 3.925037e-42 3.9236357e-42 3.57331108e-43 3.9278396e-42 3.93064219e-42 3.92924089e-42 3.57331108e-43 3.93204349e-42 3.93484609e-42 3.93624739e-42 3.57331108e-43 3.93764868e-42 3.94185258e-42 3.94045128e-42 3.57331108e-43 3.94465518e-42 3.94745777e-42 3.94605648e-42 3.57331108e-43 3.94885907e-42 3.95166167e-42 3.95306297e-42 3.57331108e-43 3.95446427e-42 3.95866816e-42 3.95726686e-42 3.57331108e-43 3.96147076e-42 3.96427336e-42 3.96287206e-42 3.57331108e-43 3.96567465e-42 3.96847725e-42 3.96987855e-42 3.57331108e-43 3.97127985e-42 3.97548374e-42 3.97408244e-42 3.57331108e-43 3.97828634e-42 3.98108894e-42 3.97968764e-42 3.57331108e-43 3.98249024e-42 3.98529283e-42 3.98669413e-42 3.57331108e-43 3.98809543e-42 3.99229932e-42 3.99089803e-42 3.57331108e-43 3.99510192e-42 3.99790452e-42 3.99650322e-42 3.57331108e-43 3.99930582e-42 4.00210841e-42 4.00350971e-42 3.57331108e-43 4.00491101e-42 4.00911491e-42 4.00771361e-42 3.57331108e-43 4.0119175e-42 4.0147201e-42 4.0133188e-42 3.57331108e-43 4.0161214e-42 4.018924e-42 4.02032529e-42 3.57331108e-43 4.02172659e-42 4.02593049e-42 4.02452919e-42 3.57331108e-43 4.02873308e-42 4.03153568e-42 4.03013438e-42 3.57331108e-43 4.03293698e-42 4.03573958e-42 4.03714088e-42 3.57331108e-43 4.03854217e-42 4.04274607e-42 4.04134477e-42 3.57331108e-43 4.04554867e-42 4.04835126e-42 4.04694996e-42 3.57331108e-43 4.04975256e-42 4.05255516e-42 4.05395646e-42 3.57331108e-43 4.05535776e-42 4.05956165e-42 4.05816035e-42 3.57331108e-43 4.06236425e-42 4.06516685e-42 4.06376555e-42 3.57331108e-43 4.06656814e-42 4.06937074e-42 4.07077204e-42 3.57331108e-43 4.07217334e-42 4.07637723e-42 4.07497593e-42 3.57331108e-43 4.07917983e-42 4.08198243e-42 4.08058113e-42 3.57331108e-43 4.08338373e-42 4.08618632e-42 4.08758762e-42 3.57331108e-43 4.08898892e-42 4.09319281e-42 4.09179152e-42 3.57331108e-43 4.09599541e-42 4.09739671e-42 4.09879801e-42 3.57331108e-43 4.10160061e-42 4.1030019e-42 4.1044032e-42 3.57331108e-43 4.1072058e-42 4.1086071e-42 4.1100084e-42 3.57331108e-43 4.11281099e-42 4.11421229e-42 4.11561359e-42 3.57331108e-43 3.57331108e-43 3.57331108e-43 3.57331108e-43 3.57331108e-43 3.57331108e-43 3.57331108e-43 3.57331108e-43 3.57331108e-43 3.57331108e-43 3.57331108e-43 3.57331108e-43 3.57331108e-43 3.57331108e-43 3.57331108e-43 3.57331108e-43 3.57331108e-43 3.57331108e-43 3.57331108e-43 3.57331108e-43 3.57331108e-43 3.57331108e-43 3.57331108e-43 3.57331108e-43 3.57331108e-43 3.57331108e-43 3.57331108e-43 3.57331108e-43 3.57331108e-43 3.57331108e-43 3.57331108e-43 3.57331108e-43 3.57331108e-43 3.57331108e-43 3.57331108e-43 3.57331108e-43 3.57331108e-43 3.57331108e-43 3.57331108e-43 3.57331108e-43 3.57331108e-43 3.57331108e-43 3.57331108e-43 3.57331108e-43 3.57331108e-43 3.57331108e-43 3.57331108e-43 3.57331108e-43 3.57331108e-43 3.57331108e-43 3.57331108e-43 3.57331108e-43 3.57331108e-43 3.57331108e-43 3.57331108e-43 3.57331108e-43 3.57331108e-43 3.57331108e-43 3.57331108e-43 3.57331108e-43 3.57331108e-43 3.57331108e-43 3.57331108e-43 3.57331108e-43 3.57331108e-43 3.57331108e-43 3.57331108e-43 3.57331108e-43 3.57331108e-43 3.57331108e-43 3.57331108e-43 3.57331108e-43 3.57331108e-43 3.57331108e-43 3.57331108e-43 3.57331108e-43 3.57331108e-43 3.57331108e-43 3.57331108e-43 3.57331108e-43 3.57331108e-43 3.57331108e-43 3.57331108e-43 3.57331108e-43 3.57331108e-43 3.57331108e-43 3.57331108e-43 3.57331108e-43 3.57331108e-43 3.57331108e-43 3.57331108e-43 3.57331108e-43 3.57331108e-43 3.57331108e-43 3.57331108e-43 3.57331108e-43 3.57331108e-43 3.57331108e-43 3.57331108e-43 3.57331108e-43 3.57331108e-43 3.57331108e-43 3.57331108e-43 3.57331108e-43 3.57331108e-43 3.57331108e-43 3.57331108e-43 3.57331108e-43 3.57331108e-43 3.57331108e-43 3.57331108e-43 3.57331108e-43 3.57331108e-43 3.57331108e-43 3.57331108e-43 3.57331108e-43 3.57331108e-43 3.57331108e-43 3.57331108e-43 3.57331108e-43 3.57331108e-43 3.57331108e-43 3.57331108e-43 3.57331108e-43 </float_array>
          <technique_common>
            <accessor count="602" offset="0" source="#m_dun1701_00_00-6-skin-weights-array" stride="1">
              <param name="WEIGHT" type="float" />
            </accessor>
          </technique_common>
        </source>
        <joints>
          <input semantic="JOINT" source="#m_dun1701_00_00-6-skin-joints"></input>
          <input semantic="INV_BIND_MATRIX" source="#m_dun1701_00_00-6-skin-bind_poses"></input>
        </joints>
        <vertex_weights count="244">
          <input semantic="JOINT" source="#m_dun1701_00_00-6-skin-joints" offset="0"></input>
          <input semantic="WEIGHT" source="#m_dun1701_00_00-6-skin-weights" offset="1"></input>
          <vcount>3 3 4 4 4 4 4 4 4 4 4 4 4 4 4 4 4 4 4 4 4 4 4 4 4 4 4 4 4 4 4 4 4 4 4 4 4 4 4 4 4 4 4 4 4 4 4 4 4 4 4 4 4 4 4 4 4 4 4 4 4 4 4 4 4 4 4 4 4 4 4 4 4 4 4 4 4 4 4 4 4 4 4 4 4 4 4 4 4 4 4 4 4 4 4 4 4 4 4 4 4 4 4 4 4 4 4 4 4 4 4 4 4 4 4 4 4 4 4 4 1 1 1 1 1 1 1 1 1 1 1 1 1 1 1 1 1 1 1 1 1 1 1 1 1 1 1 1 1 1 1 1 1 1 1 1 1 1 1 1 1 1 1 1 1 1 1 1 1 1 1 1 1 1 1 1 1 1 1 1 1 1 1 1 1 1 1 1 1 1 1 1 1 1 1 1 1 1 1 1 1 1 1 1 1 1 1 1 1 1 1 1 1 1 1 1 1 1 1 1 1 1 1 1 1 1 1 1 1 1 1 1 1 1 1 1 1 1 1 1 1 1 1 1 </vcount>
          <v>0 0 0 1 0 2 0 3 0 4 0 5 0 6 0 7 0 8 0 9 0 10 0 11 0 12 0 13 0 14 0 15 0 16 0 17 0 18 0 19 0 20 0 21 0 22 0 23 0 24 0 25 0 26 0 27 0 28 0 29 0 30 0 31 0 32 0 33 0 34 0 35 0 36 0 37 0 38 0 39 0 40 0 41 0 42 0 43 0 44 0 45 0 46 0 47 0 48 0 49 0 50 0 51 0 52 0 53 0 54 0 55 0 56 0 57 0 58 0 59 0 60 0 61 0 62 0 63 0 64 0 65 0 66 0 67 0 68 0 69 0 70 0 71 0 72 0 73 0 74 0 75 0 76 0 77 0 78 0 79 0 80 0 81 0 82 0 83 0 84 0 85 0 86 0 87 0 88 0 89 0 90 0 91 0 92 0 93 0 94 0 95 0 96 0 97 0 98 0 99 0 100 0 101 0 102 0 103 0 104 0 105 0 106 0 107 0 108 0 109 0 110 0 111 0 112 0 113 0 114 0 115 0 116 0 117 0 118 0 119 0 120 0 121 0 122 0 123 0 124 0 125 0 126 0 127 0 128 0 129 0 130 0 131 0 132 0 133 0 134 0 135 0 136 0 137 0 138 0 139 0 140 0 141 0 142 0 143 0 144 0 145 0 146 0 147 0 148 0 149 0 150 0 151 0 152 0 153 0 154 0 155 0 156 0 157 0 158 0 159 0 160 0 161 0 162 0 163 0 164 0 165 0 166 0 167 0 168 0 169 0 170 0 171 0 172 0 173 0 174 0 175 0 176 0 177 0 178 0 179 0 180 0 181 0 182 0 183 0 184 0 185 0 186 0 187 0 188 0 189 0 190 0 191 0 192 0 193 0 194 0 195 0 196 0 197 0 198 0 199 0 200 0 201 0 202 0 203 0 204 0 205 0 206 0 207 0 208 0 209 0 210 0 211 0 212 0 213 0 214 0 215 0 216 0 217 0 218 0 219 0 220 0 221 0 222 0 223 0 224 0 225 0 226 0 227 0 228 0 229 0 230 0 231 0 232 0 233 0 234 0 235 0 236 0 237 0 238 0 239 0 240 0 241 0 242 0 243 0 244 0 245 0 246 0 247 0 248 0 249 0 250 0 251 0 252 0 253 0 254 0 255 0 256 0 257 0 258 0 259 0 260 0 261 0 262 0 263 0 264 0 265 0 266 0 267 0 268 0 269 0 270 0 271 0 272 0 273 0 274 0 275 0 276 0 277 0 278 0 279 0 280 0 281 0 282 0 283 0 284 0 285 0 286 0 287 0 288 0 289 0 290 0 291 0 292 0 293 0 294 0 295 0 296 0 297 0 298 0 299 0 300 0 301 0 302 0 303 0 304 0 305 0 306 0 307 0 308 0 309 0 310 0 311 0 312 0 313 0 314 0 315 0 316 0 317 0 318 0 319 0 320 0 321 0 322 0 323 0 324 0 325 0 326 0 327 0 328 0 329 0 330 0 331 0 332 0 333 0 334 0 335 0 336 0 337 0 338 0 339 0 340 0 341 0 342 0 343 0 344 0 345 0 346 0 347 0 348 0 349 0 350 0 351 0 352 0 353 0 354 0 355 0 356 0 357 0 358 0 359 0 360 0 361 0 362 0 363 0 364 0 365 0 366 0 367 0 368 0 369 0 370 0 371 0 372 0 373 0 374 0 375 0 376 0 377 0 378 0 379 0 380 0 381 0 382 0 383 0 384 0 385 0 386 0 387 0 388 0 389 0 390 0 391 0 392 0 393 0 394 0 395 0 396 0 397 0 398 0 399 0 400 0 401 0 402 0 403 0 404 0 405 0 406 0 407 0 408 0 409 0 410 0 411 0 412 0 413 0 414 0 415 0 416 0 417 0 418 0 419 0 420 0 421 0 422 0 423 0 424 0 425 0 426 0 427 0 428 0 429 0 430 0 431 0 432 0 433 0 434 0 435 0 436 0 437 0 438 0 439 0 440 0 441 0 442 0 443 0 444 0 445 0 446 0 447 0 448 0 449 0 450 0 451 0 452 0 453 0 454 0 455 0 456 0 457 0 458 0 459 0 460 0 461 0 462 0 463 0 464 0 465 0 466 0 467 0 468 0 469 0 470 0 471 0 472 0 473 0 474 0 475 0 476 0 477 0 478 0 479 0 480 0 481 0 482 0 483 0 484 0 485 0 486 0 487 0 488 0 489 0 490 0 491 0 492 0 493 0 494 0 495 0 496 0 497 0 498 0 499 0 500 0 501 0 502 0 503 0 504 0 505 0 506 0 507 0 508 0 509 0 510 0 511 0 512 0 513 0 514 0 515 0 516 0 517 0 518 0 519 0 520 0 521 0 522 0 523 0 524 0 525 0 526 0 527 0 528 0 529 0 530 0 531 0 532 0 533 0 534 0 535 0 536 0 537 0 538 0 539 0 540 0 541 0 542 0 543 0 544 0 545 0 546 0 547 0 548 0 549 0 550 0 551 0 552 0 553 0 554 0 555 0 556 0 557 0 558 0 559 0 560 0 561 0 562 0 563 0 564 0 565 0 566 0 567 0 568 0 569 0 570 0 571 0 572 0 573 0 574 0 575 0 576 0 577 0 578 0 579 0 580 0 581 0 582 0 583 0 584 0 585 0 586 0 587 0 588 0 589 0 590 0 591 0 592 0 593 0 594 0 595 0 596 0 597 0 598 0 599 0 600 0 601 </v>
        </vertex_weights>
      </skin>
    </controller>
    <controller id="m_dun1701_00_00-7-skin" name="skinCluster7">
      <skin source="#m_dun1701_00_00-7">
        <bind_shape_matrix>
          1 0 0 0
          0 1 0 0
          0 0 1 0
          0 0 0 1
        </bind_shape_matrix>
        <source id="m_dun1701_00_00-7-skin-joints" name="m_dun1701_00_00-7-skin-joints">
          <Name_array id="m_dun1701_00_00-7-skin-joints-array" count="1">polySurface23 </Name_array>
          <technique_common>
            <accessor source="#m_dun1701_00_00-7-skin-joints-array" count="1" stride="1">
              <param name="JOINT" type="Name"></param>
            </accessor>
          </technique_common>
        </source>
        <source id="m_dun1701_00_00-7-skin-bind_poses" name="m_dun1701_00_00-7-skin-bind_poses">
          <float_array id="m_dun1701_00_00-7-skin-bind_poses-array" count="16"> 1 -0 0 -0 -0 1 -0 0 0 -0 1 -0 -0 0 -0 1 </float_array>
          <technique_common>
            <accessor count="1" offset="0" source="#m_dun1701_00_00-7-skin-bind_poses-array" stride="16">
              <param name="TRANSFORM" type="float4x4" />
            </accessor>
          </technique_common>
        </source>
        <source id="m_dun1701_00_00-7-skin-weights" name="m_dun1701_00_00-7-skin-weights">
          <float_array id="m_dun1701_00_00-7-skin-weights-array" count="628"> 3.57331108e-43 1.23314265e-43 1.99544901e-42 3.57331108e-43 1.23314265e-43 1.99965291e-42 3.57331108e-43 2.00105421e-42 1.35925951e-43 2.00245551e-42 3.57331108e-43 3.57331108e-43 1.3732725e-43 2.00105421e-42 3.57331108e-43 2.0038568e-42 1.3732725e-43 2.0052581e-42 3.57331108e-43 3.57331108e-43 1.38728548e-43 2.0080607e-42 3.57331108e-43 2.009462e-42 1.38728548e-43 2.0066594e-42 3.57331108e-43 3.57331108e-43 1.40129846e-43 2.0108633e-42 3.57331108e-43 2.01226459e-42 1.40129846e-43 2.01366589e-42 3.57331108e-43 3.57331108e-43 1.41531145e-43 2.01226459e-42 3.57331108e-43 2.01506719e-42 1.41531145e-43 2.01646849e-42 3.57331108e-43 3.57331108e-43 1.42932443e-43 2.01927109e-42 3.57331108e-43 2.02067239e-42 1.42932443e-43 2.01786979e-42 3.57331108e-43 3.57331108e-43 1.44333742e-43 2.02207368e-42 3.57331108e-43 2.02347498e-42 1.44333742e-43 2.02487628e-42 3.57331108e-43 3.57331108e-43 1.4573504e-43 2.02347498e-42 3.57331108e-43 2.02627758e-42 1.4573504e-43 2.02767888e-42 3.57331108e-43 3.57331108e-43 1.47136339e-43 2.03048147e-42 3.57331108e-43 2.03188277e-42 1.47136339e-43 2.02908018e-42 3.57331108e-43 3.57331108e-43 1.48537637e-43 2.03328407e-42 3.57331108e-43 2.03468537e-42 1.48537637e-43 2.03608667e-42 3.57331108e-43 3.57331108e-43 1.49938936e-43 2.03468537e-42 3.57331108e-43 2.03748797e-42 1.49938936e-43 2.03888927e-42 3.57331108e-43 3.57331108e-43 1.51340234e-43 2.04169186e-42 3.57331108e-43 2.04309316e-42 1.51340234e-43 2.04029056e-42 3.57331108e-43 3.57331108e-43 1.52741533e-43 2.04449446e-42 3.57331108e-43 2.04589576e-42 1.52741533e-43 2.04729706e-42 3.57331108e-43 3.57331108e-43 1.54142831e-43 2.04589576e-42 3.57331108e-43 2.04869835e-42 1.54142831e-43 2.05009965e-42 3.57331108e-43 3.57331108e-43 1.5554413e-43 2.05290225e-42 3.57331108e-43 2.05430355e-42 1.5554413e-43 2.05150095e-42 3.57331108e-43 3.57331108e-43 1.56945428e-43 2.05570485e-42 3.57331108e-43 2.05710615e-42 1.56945428e-43 2.05850744e-42 3.57331108e-43 3.57331108e-43 1.58346726e-43 2.05710615e-42 3.57331108e-43 2.05990874e-42 1.58346726e-43 2.06131004e-42 3.57331108e-43 3.57331108e-43 1.59748025e-43 2.06411264e-42 3.57331108e-43 2.06551394e-42 1.59748025e-43 2.06271134e-42 3.57331108e-43 3.57331108e-43 1.61149323e-43 2.06691523e-42 3.57331108e-43 2.06831653e-42 1.61149323e-43 2.06971783e-42 3.57331108e-43 3.57331108e-43 1.62550622e-43 2.06831653e-42 3.57331108e-43 2.07111913e-42 1.62550622e-43 2.07252043e-42 3.57331108e-43 3.57331108e-43 1.6395192e-43 2.07532303e-42 3.57331108e-43 2.07672432e-42 1.6395192e-43 2.07392173e-42 3.57331108e-43 3.57331108e-43 1.65353219e-43 2.07812562e-42 3.57331108e-43 2.07952692e-42 1.65353219e-43 2.08092822e-42 3.57331108e-43 3.57331108e-43 1.66754517e-43 2.07952692e-42 3.57331108e-43 2.08232952e-42 1.66754517e-43 2.08373082e-42 3.57331108e-43 3.57331108e-43 1.68155816e-43 2.08653341e-42 3.57331108e-43 2.08793471e-42 1.68155816e-43 2.08513211e-42 3.57331108e-43 3.57331108e-43 1.69557114e-43 2.08933601e-42 3.57331108e-43 2.09073731e-42 1.69557114e-43 2.09213861e-42 3.57331108e-43 3.57331108e-43 1.70958413e-43 2.09073731e-42 3.57331108e-43 2.09353991e-42 1.70958413e-43 2.0949412e-42 3.57331108e-43 3.57331108e-43 1.72359711e-43 2.0977438e-42 3.57331108e-43 2.0991451e-42 1.72359711e-43 2.0963425e-42 3.57331108e-43 3.57331108e-43 1.7376101e-43 2.1005464e-42 3.57331108e-43 2.1019477e-42 1.7376101e-43 2.10334899e-42 3.57331108e-43 3.57331108e-43 1.75162308e-43 2.1019477e-42 3.57331108e-43 2.10475029e-42 1.75162308e-43 2.10615159e-42 3.57331108e-43 3.57331108e-43 1.76563607e-43 2.10895419e-42 3.57331108e-43 2.11035549e-42 1.76563607e-43 2.10755289e-42 3.57331108e-43 3.57331108e-43 1.77964905e-43 2.11175679e-42 3.57331108e-43 2.11315808e-42 1.77964905e-43 2.11455938e-42 3.57331108e-43 3.57331108e-43 1.79366203e-43 2.11315808e-42 3.57331108e-43 2.11596068e-42 1.79366203e-43 2.11736198e-42 3.57331108e-43 3.57331108e-43 1.80767502e-43 2.12016458e-42 3.57331108e-43 2.12156587e-42 1.80767502e-43 2.11876328e-42 3.57331108e-43 3.81993961e-42 3.82414351e-42 3.82274221e-42 3.57331108e-43 3.82694611e-42 3.8297487e-42 3.8283474e-42 3.57331108e-43 3.83115e-42 3.8339526e-42 3.8353539e-42 3.57331108e-43 3.8367552e-42 3.84095909e-42 3.83955779e-42 3.57331108e-43 3.84376169e-42 3.84656428e-42 3.84516299e-42 3.57331108e-43 3.84796558e-42 3.85076818e-42 3.85216948e-42 3.57331108e-43 3.85357078e-42 3.85777467e-42 3.85637337e-42 3.57331108e-43 3.86057727e-42 3.86337987e-42 3.86197857e-42 3.57331108e-43 3.86478116e-42 3.86758376e-42 3.86898506e-42 3.57331108e-43 3.87038636e-42 3.87459025e-42 3.87318896e-42 3.57331108e-43 3.87739285e-42 3.88019545e-42 3.87879415e-42 3.57331108e-43 3.88159675e-42 3.88439934e-42 3.88580064e-42 3.57331108e-43 3.88720194e-42 3.89140584e-42 3.89000454e-42 3.57331108e-43 3.89420843e-42 3.89701103e-42 3.89560973e-42 3.57331108e-43 3.89841233e-42 3.90121492e-42 3.90261622e-42 3.57331108e-43 3.90401752e-42 3.90822142e-42 3.90682012e-42 3.57331108e-43 3.91102401e-42 3.91382661e-42 3.91242531e-42 3.57331108e-43 3.91522791e-42 3.91803051e-42 3.9194318e-42 3.57331108e-43 3.9208331e-42 3.925037e-42 3.9236357e-42 3.57331108e-43 3.9278396e-42 3.93064219e-42 3.92924089e-42 3.57331108e-43 3.93204349e-42 3.93484609e-42 3.93624739e-42 3.57331108e-43 3.93764868e-42 3.94185258e-42 3.94045128e-42 3.57331108e-43 3.94465518e-42 3.94745777e-42 3.94605648e-42 3.57331108e-43 3.94885907e-42 3.95166167e-42 3.95306297e-42 3.57331108e-43 3.95446427e-42 3.95866816e-42 3.95726686e-42 3.57331108e-43 3.96147076e-42 3.96427336e-42 3.96287206e-42 3.57331108e-43 3.96567465e-42 3.96847725e-42 3.96987855e-42 3.57331108e-43 3.97127985e-42 3.97548374e-42 3.97408244e-42 3.57331108e-43 3.97828634e-42 3.98108894e-42 3.97968764e-42 3.57331108e-43 3.98249024e-42 3.98529283e-42 3.98669413e-42 3.57331108e-43 3.98809543e-42 3.99229932e-42 3.99089803e-42 3.57331108e-43 3.99510192e-42 3.99790452e-42 3.99650322e-42 3.57331108e-43 3.99930582e-42 4.00210841e-42 4.00350971e-42 3.57331108e-43 4.00491101e-42 4.00911491e-42 4.00771361e-42 3.57331108e-43 4.0119175e-42 4.0147201e-42 4.0133188e-42 3.57331108e-43 4.0161214e-42 4.018924e-42 4.02032529e-42 3.57331108e-43 4.02172659e-42 4.02593049e-42 4.02452919e-42 3.57331108e-43 4.02873308e-42 4.03153568e-42 4.03013438e-42 3.57331108e-43 4.03293698e-42 4.03573958e-42 4.03714088e-42 3.57331108e-43 4.03854217e-42 4.04274607e-42 4.04134477e-42 3.57331108e-43 4.04554867e-42 4.04835126e-42 4.04694996e-42 3.57331108e-43 4.04975256e-42 4.05255516e-42 4.05395646e-42 3.57331108e-43 4.05535776e-42 4.05956165e-42 4.05816035e-42 3.57331108e-43 4.06236425e-42 4.06516685e-42 4.06376555e-42 3.57331108e-43 4.06656814e-42 4.06937074e-42 4.07077204e-42 3.57331108e-43 4.07217334e-42 4.07637723e-42 4.07497593e-42 3.57331108e-43 4.07917983e-42 4.08198243e-42 4.08058113e-42 3.57331108e-43 4.08338373e-42 4.08618632e-42 4.08758762e-42 3.57331108e-43 4.08898892e-42 4.09319281e-42 4.09179152e-42 3.57331108e-43 4.09599541e-42 4.09739671e-42 4.09879801e-42 3.57331108e-43 4.10160061e-42 4.1030019e-42 4.1044032e-42 3.57331108e-43 4.1072058e-42 4.1086071e-42 4.1100084e-42 3.57331108e-43 4.11281099e-42 4.11421229e-42 4.11561359e-42 3.57331108e-43 3.57331108e-43 3.57331108e-43 3.57331108e-43 3.57331108e-43 3.57331108e-43 3.57331108e-43 3.57331108e-43 3.57331108e-43 3.57331108e-43 3.57331108e-43 3.57331108e-43 3.57331108e-43 3.57331108e-43 3.57331108e-43 3.57331108e-43 3.57331108e-43 3.57331108e-43 3.57331108e-43 3.57331108e-43 3.57331108e-43 3.57331108e-43 3.57331108e-43 3.57331108e-43 3.57331108e-43 3.57331108e-43 3.57331108e-43 3.57331108e-43 3.57331108e-43 3.57331108e-43 3.57331108e-43 3.57331108e-43 3.57331108e-43 3.57331108e-43 3.57331108e-43 3.57331108e-43 3.57331108e-43 3.57331108e-43 3.57331108e-43 3.57331108e-43 3.57331108e-43 3.57331108e-43 3.57331108e-43 3.57331108e-43 3.57331108e-43 3.57331108e-43 3.57331108e-43 3.57331108e-43 3.57331108e-43 3.57331108e-43 3.57331108e-43 3.57331108e-43 3.57331108e-43 3.57331108e-43 3.57331108e-43 3.57331108e-43 3.57331108e-43 3.57331108e-43 3.57331108e-43 3.57331108e-43 3.57331108e-43 3.57331108e-43 3.57331108e-43 3.57331108e-43 3.57331108e-43 3.57331108e-43 3.57331108e-43 3.57331108e-43 3.57331108e-43 3.57331108e-43 3.57331108e-43 3.57331108e-43 3.57331108e-43 3.57331108e-43 3.57331108e-43 3.57331108e-43 3.57331108e-43 3.57331108e-43 3.57331108e-43 3.57331108e-43 3.57331108e-43 3.57331108e-43 3.57331108e-43 3.57331108e-43 3.57331108e-43 3.57331108e-43 3.57331108e-43 3.57331108e-43 3.57331108e-43 3.57331108e-43 3.57331108e-43 3.57331108e-43 3.57331108e-43 3.57331108e-43 3.57331108e-43 3.57331108e-43 3.57331108e-43 3.57331108e-43 3.57331108e-43 3.57331108e-43 3.57331108e-43 3.57331108e-43 3.57331108e-43 3.57331108e-43 3.57331108e-43 3.57331108e-43 3.57331108e-43 3.57331108e-43 3.57331108e-43 3.57331108e-43 3.57331108e-43 3.57331108e-43 3.57331108e-43 3.57331108e-43 3.57331108e-43 3.57331108e-43 3.57331108e-43 3.57331108e-43 3.57331108e-43 3.57331108e-43 3.57331108e-43 3.57331108e-43 3.57331108e-43 3.57331108e-43 3.57331108e-43 3.57331108e-43 3.57331108e-43 3.57331108e-43 3.57331108e-43 3.57331108e-43 3.57331108e-43 3.57331108e-43 3.57331108e-43 3.57331108e-43 3.57331108e-43 3.57331108e-43 3.57331108e-43 1.23314265e-43 1.23314265e-43 3.57331108e-43 1.23314265e-43 3.57331108e-43 3.57331108e-43 1.23314265e-43 1.40129846e-45 1.99965291e-42 3.57331108e-43 3.57331108e-43 2.80259693e-45 2.00105421e-42 </float_array>
          <technique_common>
            <accessor count="628" offset="0" source="#m_dun1701_00_00-7-skin-weights-array" stride="1">
              <param name="WEIGHT" type="float" />
            </accessor>
          </technique_common>
        </source>
        <joints>
          <input semantic="JOINT" source="#m_dun1701_00_00-7-skin-joints"></input>
          <input semantic="INV_BIND_MATRIX" source="#m_dun1701_00_00-7-skin-bind_poses"></input>
        </joints>
        <vertex_weights count="260">
          <input semantic="JOINT" source="#m_dun1701_00_00-7-skin-joints" offset="0"></input>
          <input semantic="WEIGHT" source="#m_dun1701_00_00-7-skin-weights" offset="1"></input>
          <vcount>3 3 4 4 4 4 4 4 4 4 4 4 4 4 4 4 4 4 4 4 4 4 4 4 4 4 4 4 4 4 4 4 4 4 4 4 4 4 4 4 4 4 4 4 4 4 4 4 4 4 4 4 4 4 4 4 4 4 4 4 4 4 4 4 4 4 4 4 4 4 4 4 4 4 4 4 4 4 4 4 4 4 4 4 4 4 4 4 4 4 4 4 4 4 4 4 4 4 4 4 4 4 4 4 4 4 4 4 4 4 4 4 4 4 4 4 4 4 4 4 1 1 1 1 1 1 1 1 1 1 1 1 1 1 1 1 1 1 1 1 1 1 1 1 1 1 1 1 1 1 1 1 1 1 1 1 1 1 1 1 1 1 1 1 1 1 1 1 1 1 1 1 1 1 1 1 1 1 1 1 1 1 1 1 1 1 1 1 1 1 1 1 1 1 1 1 1 1 1 1 1 1 1 1 1 1 1 1 1 1 1 1 1 1 1 1 1 1 1 1 1 1 1 1 1 1 1 1 1 1 1 1 1 1 1 1 1 1 1 1 1 1 1 1 1 1 1 1 1 1 1 1 1 1 1 1 3 3 4 4 </vcount>
          <v>0 0 0 1 0 2 0 3 0 4 0 5 0 6 0 7 0 8 0 9 0 10 0 11 0 12 0 13 0 14 0 15 0 16 0 17 0 18 0 19 0 20 0 21 0 22 0 23 0 24 0 25 0 26 0 27 0 28 0 29 0 30 0 31 0 32 0 33 0 34 0 35 0 36 0 37 0 38 0 39 0 40 0 41 0 42 0 43 0 44 0 45 0 46 0 47 0 48 0 49 0 50 0 51 0 52 0 53 0 54 0 55 0 56 0 57 0 58 0 59 0 60 0 61 0 62 0 63 0 64 0 65 0 66 0 67 0 68 0 69 0 70 0 71 0 72 0 73 0 74 0 75 0 76 0 77 0 78 0 79 0 80 0 81 0 82 0 83 0 84 0 85 0 86 0 87 0 88 0 89 0 90 0 91 0 92 0 93 0 94 0 95 0 96 0 97 0 98 0 99 0 100 0 101 0 102 0 103 0 104 0 105 0 106 0 107 0 108 0 109 0 110 0 111 0 112 0 113 0 114 0 115 0 116 0 117 0 118 0 119 0 120 0 121 0 122 0 123 0 124 0 125 0 126 0 127 0 128 0 129 0 130 0 131 0 132 0 133 0 134 0 135 0 136 0 137 0 138 0 139 0 140 0 141 0 142 0 143 0 144 0 145 0 146 0 147 0 148 0 149 0 150 0 151 0 152 0 153 0 154 0 155 0 156 0 157 0 158 0 159 0 160 0 161 0 162 0 163 0 164 0 165 0 166 0 167 0 168 0 169 0 170 0 171 0 172 0 173 0 174 0 175 0 176 0 177 0 178 0 179 0 180 0 181 0 182 0 183 0 184 0 185 0 186 0 187 0 188 0 189 0 190 0 191 0 192 0 193 0 194 0 195 0 196 0 197 0 198 0 199 0 200 0 201 0 202 0 203 0 204 0 205 0 206 0 207 0 208 0 209 0 210 0 211 0 212 0 213 0 214 0 215 0 216 0 217 0 218 0 219 0 220 0 221 0 222 0 223 0 224 0 225 0 226 0 227 0 228 0 229 0 230 0 231 0 232 0 233 0 234 0 235 0 236 0 237 0 238 0 239 0 240 0 241 0 242 0 243 0 244 0 245 0 246 0 247 0 248 0 249 0 250 0 251 0 252 0 253 0 254 0 255 0 256 0 257 0 258 0 259 0 260 0 261 0 262 0 263 0 264 0 265 0 266 0 267 0 268 0 269 0 270 0 271 0 272 0 273 0 274 0 275 0 276 0 277 0 278 0 279 0 280 0 281 0 282 0 283 0 284 0 285 0 286 0 287 0 288 0 289 0 290 0 291 0 292 0 293 0 294 0 295 0 296 0 297 0 298 0 299 0 300 0 301 0 302 0 303 0 304 0 305 0 306 0 307 0 308 0 309 0 310 0 311 0 312 0 313 0 314 0 315 0 316 0 317 0 318 0 319 0 320 0 321 0 322 0 323 0 324 0 325 0 326 0 327 0 328 0 329 0 330 0 331 0 332 0 333 0 334 0 335 0 336 0 337 0 338 0 339 0 340 0 341 0 342 0 343 0 344 0 345 0 346 0 347 0 348 0 349 0 350 0 351 0 352 0 353 0 354 0 355 0 356 0 357 0 358 0 359 0 360 0 361 0 362 0 363 0 364 0 365 0 366 0 367 0 368 0 369 0 370 0 371 0 372 0 373 0 374 0 375 0 376 0 377 0 378 0 379 0 380 0 381 0 382 0 383 0 384 0 385 0 386 0 387 0 388 0 389 0 390 0 391 0 392 0 393 0 394 0 395 0 396 0 397 0 398 0 399 0 400 0 401 0 402 0 403 0 404 0 405 0 406 0 407 0 408 0 409 0 410 0 411 0 412 0 413 0 414 0 415 0 416 0 417 0 418 0 419 0 420 0 421 0 422 0 423 0 424 0 425 0 426 0 427 0 428 0 429 0 430 0 431 0 432 0 433 0 434 0 435 0 436 0 437 0 438 0 439 0 440 0 441 0 442 0 443 0 444 0 445 0 446 0 447 0 448 0 449 0 450 0 451 0 452 0 453 0 454 0 455 0 456 0 457 0 458 0 459 0 460 0 461 0 462 0 463 0 464 0 465 0 466 0 467 0 468 0 469 0 470 0 471 0 472 0 473 0 474 0 475 0 476 0 477 0 478 0 479 0 480 0 481 0 482 0 483 0 484 0 485 0 486 0 487 0 488 0 489 0 490 0 491 0 492 0 493 0 494 0 495 0 496 0 497 0 498 0 499 0 500 0 501 0 502 0 503 0 504 0 505 0 506 0 507 0 508 0 509 0 510 0 511 0 512 0 513 0 514 0 515 0 516 0 517 0 518 0 519 0 520 0 521 0 522 0 523 0 524 0 525 0 526 0 527 0 528 0 529 0 530 0 531 0 532 0 533 0 534 0 535 0 536 0 537 0 538 0 539 0 540 0 541 0 542 0 543 0 544 0 545 0 546 0 547 0 548 0 549 0 550 0 551 0 552 0 553 0 554 0 555 0 556 0 557 0 558 0 559 0 560 0 561 0 562 0 563 0 564 0 565 0 566 0 567 0 568 0 569 0 570 0 571 0 572 0 573 0 574 0 575 0 576 0 577 0 578 0 579 0 580 0 581 0 582 0 583 0 584 0 585 0 586 0 587 0 588 0 589 0 590 0 591 0 592 0 593 0 594 0 595 0 596 0 597 0 598 0 599 0 600 0 601 0 602 0 603 0 604 0 605 0 606 0 607 0 608 0 609 0 610 0 611 0 612 0 613 0 614 0 615 0 616 0 617 0 618 0 619 0 620 0 621 0 622 0 623 0 624 0 625 0 626 0 627 </v>
        </vertex_weights>
      </skin>
    </controller>
    <controller id="m_dun1701_00_00-8-skin" name="skinCluster8">
      <skin source="#m_dun1701_00_00-8">
        <bind_shape_matrix>
          1 0 0 0
          0 1 0 0
          0 0 1 0
          0 0 0 1
        </bind_shape_matrix>
        <source id="m_dun1701_00_00-8-skin-joints" name="m_dun1701_00_00-8-skin-joints">
          <Name_array id="m_dun1701_00_00-8-skin-joints-array" count="1">polySurface23 </Name_array>
          <technique_common>
            <accessor source="#m_dun1701_00_00-8-skin-joints-array" count="1" stride="1">
              <param name="JOINT" type="Name"></param>
            </accessor>
          </technique_common>
        </source>
        <source id="m_dun1701_00_00-8-skin-bind_poses" name="m_dun1701_00_00-8-skin-bind_poses">
          <float_array id="m_dun1701_00_00-8-skin-bind_poses-array" count="16"> 1 -0 0 -0 -0 1 -0 0 0 -0 1 -0 -0 0 -0 1 </float_array>
          <technique_common>
            <accessor count="1" offset="0" source="#m_dun1701_00_00-8-skin-bind_poses-array" stride="16">
              <param name="TRANSFORM" type="float4x4" />
            </accessor>
          </technique_common>
        </source>
        <source id="m_dun1701_00_00-8-skin-weights" name="m_dun1701_00_00-8-skin-weights">
          <float_array id="m_dun1701_00_00-8-skin-weights-array" count="1109"> 3.57331108e-43 1.23314265e-43 2.02767888e-42 3.57331108e-43 1.23314265e-43 3.57331108e-43 3.57331108e-43 1.47136339e-43 2.38220739e-44 2.03048147e-42 3.57331108e-43 3.57331108e-43 2.52233724e-44 2.03188277e-42 3.57331108e-43 1.47136339e-43 2.52233724e-44 2.02908018e-42 3.57331108e-43 3.57331108e-43 2.66246708e-44 3.57331108e-43 3.57331108e-43 1.48537637e-43 2.66246708e-44 2.03328407e-42 3.57331108e-43 3.57331108e-43 2.80259693e-44 2.03468537e-42 3.57331108e-43 1.48537637e-43 2.80259693e-44 2.03608667e-42 3.57331108e-43 3.57331108e-43 2.94272678e-44 3.57331108e-43 3.57331108e-43 1.49938936e-43 2.94272678e-44 2.03468537e-42 3.57331108e-43 3.57331108e-43 3.08285662e-44 2.03748797e-42 3.57331108e-43 1.49938936e-43 3.08285662e-44 2.03888927e-42 3.57331108e-43 3.57331108e-43 3.22298647e-44 3.57331108e-43 3.57331108e-43 1.51340234e-43 3.22298647e-44 2.04169186e-42 3.57331108e-43 3.57331108e-43 3.36311631e-44 2.04309316e-42 3.57331108e-43 1.51340234e-43 3.36311631e-44 2.04029056e-42 3.57331108e-43 3.57331108e-43 3.50324616e-44 3.57331108e-43 3.57331108e-43 1.52741533e-43 3.50324616e-44 2.04449446e-42 3.57331108e-43 3.57331108e-43 3.64337601e-44 2.04589576e-42 3.57331108e-43 1.52741533e-43 3.64337601e-44 2.04729706e-42 3.57331108e-43 3.57331108e-43 3.78350585e-44 3.57331108e-43 3.57331108e-43 1.54142831e-43 3.78350585e-44 2.04589576e-42 3.57331108e-43 3.57331108e-43 3.9236357e-44 2.04869835e-42 3.57331108e-43 1.54142831e-43 3.9236357e-44 2.05009965e-42 3.57331108e-43 3.57331108e-43 4.06376555e-44 3.57331108e-43 3.57331108e-43 1.5554413e-43 4.06376555e-44 2.05290225e-42 3.57331108e-43 3.57331108e-43 4.20389539e-44 2.05430355e-42 3.57331108e-43 1.5554413e-43 4.20389539e-44 2.05150095e-42 3.57331108e-43 3.57331108e-43 4.34402524e-44 3.57331108e-43 3.57331108e-43 1.56945428e-43 4.34402524e-44 2.05570485e-42 3.57331108e-43 3.57331108e-43 4.48415509e-44 2.05710615e-42 3.57331108e-43 1.56945428e-43 4.48415509e-44 2.05850744e-42 3.57331108e-43 3.57331108e-43 4.62428493e-44 3.57331108e-43 3.57331108e-43 1.58346726e-43 4.62428493e-44 2.05710615e-42 3.57331108e-43 3.57331108e-43 4.76441478e-44 2.05990874e-42 3.57331108e-43 1.58346726e-43 4.76441478e-44 2.06131004e-42 3.57331108e-43 3.57331108e-43 4.90454463e-44 3.57331108e-43 3.57331108e-43 1.59748025e-43 4.90454463e-44 2.06411264e-42 3.57331108e-43 3.57331108e-43 5.04467447e-44 2.06551394e-42 3.57331108e-43 1.59748025e-43 5.04467447e-44 2.06271134e-42 3.57331108e-43 3.57331108e-43 5.18480432e-44 3.57331108e-43 3.57331108e-43 1.61149323e-43 5.18480432e-44 2.06691523e-42 3.57331108e-43 3.57331108e-43 5.32493416e-44 2.06831653e-42 3.57331108e-43 1.61149323e-43 5.32493416e-44 2.06971783e-42 3.57331108e-43 3.57331108e-43 5.46506401e-44 3.57331108e-43 3.57331108e-43 1.62550622e-43 5.46506401e-44 2.06831653e-42 3.57331108e-43 3.57331108e-43 5.60519386e-44 2.07111913e-42 3.57331108e-43 1.62550622e-43 5.60519386e-44 2.07252043e-42 3.57331108e-43 3.57331108e-43 5.7453237e-44 3.57331108e-43 3.57331108e-43 1.6395192e-43 5.7453237e-44 2.07532303e-42 3.57331108e-43 3.57331108e-43 5.88545355e-44 2.07672432e-42 3.57331108e-43 1.6395192e-43 5.88545355e-44 2.07392173e-42 3.57331108e-43 3.57331108e-43 6.0255834e-44 3.57331108e-43 3.57331108e-43 1.65353219e-43 6.0255834e-44 2.07812562e-42 3.57331108e-43 3.57331108e-43 6.16571324e-44 2.07952692e-42 3.57331108e-43 1.65353219e-43 6.16571324e-44 2.08092822e-42 3.57331108e-43 3.57331108e-43 6.30584309e-44 3.57331108e-43 3.57331108e-43 1.66754517e-43 6.30584309e-44 2.07952692e-42 3.57331108e-43 3.57331108e-43 6.44597294e-44 2.08232952e-42 3.57331108e-43 1.66754517e-43 6.44597294e-44 2.08373082e-42 3.57331108e-43 3.57331108e-43 6.58610278e-44 3.57331108e-43 3.57331108e-43 1.68155816e-43 6.58610278e-44 2.08653341e-42 3.57331108e-43 3.57331108e-43 6.72623263e-44 2.08793471e-42 3.57331108e-43 1.68155816e-43 6.72623263e-44 2.08513211e-42 3.57331108e-43 3.57331108e-43 6.86636248e-44 3.57331108e-43 3.57331108e-43 1.69557114e-43 6.86636248e-44 2.08933601e-42 3.57331108e-43 3.57331108e-43 7.00649232e-44 2.09073731e-42 3.57331108e-43 1.69557114e-43 7.00649232e-44 2.09213861e-42 3.57331108e-43 3.57331108e-43 7.14662217e-44 3.57331108e-43 3.57331108e-43 1.70958413e-43 7.14662217e-44 2.09073731e-42 3.57331108e-43 3.57331108e-43 7.28675201e-44 2.09353991e-42 3.57331108e-43 1.70958413e-43 7.28675201e-44 2.0949412e-42 3.57331108e-43 3.57331108e-43 7.42688186e-44 3.57331108e-43 3.57331108e-43 1.72359711e-43 7.42688186e-44 2.0977438e-42 3.57331108e-43 3.57331108e-43 7.56701171e-44 2.0991451e-42 3.57331108e-43 1.72359711e-43 7.56701171e-44 2.0963425e-42 3.57331108e-43 3.57331108e-43 7.70714155e-44 3.57331108e-43 3.57331108e-43 1.7376101e-43 7.70714155e-44 2.1005464e-42 3.57331108e-43 3.57331108e-43 7.8472714e-44 2.1019477e-42 3.57331108e-43 1.7376101e-43 7.8472714e-44 2.10334899e-42 3.57331108e-43 3.57331108e-43 7.98740125e-44 3.57331108e-43 3.57331108e-43 1.75162308e-43 7.98740125e-44 2.1019477e-42 3.57331108e-43 3.57331108e-43 8.12753109e-44 2.10475029e-42 3.57331108e-43 1.75162308e-43 8.12753109e-44 2.10615159e-42 3.57331108e-43 3.57331108e-43 8.26766094e-44 3.57331108e-43 3.57331108e-43 1.76563607e-43 8.26766094e-44 2.10895419e-42 3.57331108e-43 3.57331108e-43 8.40779079e-44 2.11035549e-42 3.57331108e-43 1.76563607e-43 8.40779079e-44 2.10755289e-42 3.57331108e-43 3.57331108e-43 8.54792063e-44 3.57331108e-43 3.57331108e-43 1.77964905e-43 8.54792063e-44 2.11175679e-42 3.57331108e-43 3.57331108e-43 8.68805048e-44 2.11315808e-42 3.57331108e-43 1.77964905e-43 8.68805048e-44 2.11455938e-42 3.57331108e-43 3.57331108e-43 8.82818033e-44 3.57331108e-43 3.57331108e-43 1.79366203e-43 8.82818033e-44 2.11315808e-42 3.57331108e-43 3.57331108e-43 8.96831017e-44 2.11596068e-42 3.57331108e-43 3.57331108e-43 1.23314265e-43 3.57331108e-43 1.99544901e-42 1.40129846e-45 3.57331108e-43 3.57331108e-43 1.23314265e-43 1.40129846e-45 1.99965291e-42 3.57331108e-43 3.57331108e-43 2.80259693e-45 2.00105421e-42 3.57331108e-43 1.35925951e-43 2.80259693e-45 2.00245551e-42 3.57331108e-43 3.57331108e-43 4.20389539e-45 3.57331108e-43 3.57331108e-43 1.3732725e-43 4.20389539e-45 2.00105421e-42 3.57331108e-43 3.57331108e-43 5.60519386e-45 2.0038568e-42 3.57331108e-43 1.3732725e-43 5.60519386e-45 2.0052581e-42 3.57331108e-43 3.57331108e-43 7.00649232e-45 3.57331108e-43 3.57331108e-43 1.38728548e-43 7.00649232e-45 2.0080607e-42 3.57331108e-43 3.57331108e-43 8.40779079e-45 2.009462e-42 3.57331108e-43 1.38728548e-43 8.40779079e-45 2.0066594e-42 3.57331108e-43 3.57331108e-43 9.80908925e-45 3.57331108e-43 3.57331108e-43 1.40129846e-43 9.80908925e-45 2.0108633e-42 3.57331108e-43 3.57331108e-43 1.12103877e-44 2.01226459e-42 3.57331108e-43 1.40129846e-43 1.12103877e-44 2.01366589e-42 3.57331108e-43 3.57331108e-43 1.26116862e-44 3.57331108e-43 3.57331108e-43 1.41531145e-43 1.26116862e-44 2.01226459e-42 3.57331108e-43 3.57331108e-43 1.40129846e-44 2.01506719e-42 3.57331108e-43 1.41531145e-43 1.40129846e-44 2.01646849e-42 3.57331108e-43 3.57331108e-43 1.54142831e-44 3.57331108e-43 3.57331108e-43 1.42932443e-43 1.54142831e-44 2.01927109e-42 3.57331108e-43 3.57331108e-43 1.68155816e-44 2.02067239e-42 3.57331108e-43 1.42932443e-43 1.68155816e-44 2.01786979e-42 3.57331108e-43 3.57331108e-43 1.821688e-44 3.57331108e-43 3.57331108e-43 1.44333742e-43 1.821688e-44 2.02207368e-42 3.57331108e-43 3.57331108e-43 1.96181785e-44 2.02347498e-42 3.57331108e-43 1.44333742e-43 1.96181785e-44 2.02487628e-42 3.57331108e-43 3.57331108e-43 2.1019477e-44 3.57331108e-43 3.57331108e-43 1.4573504e-43 2.1019477e-44 2.02347498e-42 3.57331108e-43 3.57331108e-43 2.24207754e-44 2.02627758e-42 3.57331108e-43 1.4573504e-43 2.24207754e-44 2.02767888e-42 3.57331108e-43 3.57331108e-43 2.38220739e-44 3.57331108e-43 3.57331108e-43 1.47136339e-43 2.38220739e-44 2.03048147e-42 3.57331108e-43 3.57331108e-43 2.52233724e-44 2.03188277e-42 3.57331108e-43 1.47136339e-43 2.52233724e-44 2.02908018e-42 3.57331108e-43 3.57331108e-43 2.66246708e-44 3.57331108e-43 3.57331108e-43 1.48537637e-43 2.66246708e-44 2.03328407e-42 3.57331108e-43 3.57331108e-43 2.80259693e-44 2.03468537e-42 3.57331108e-43 1.48537637e-43 2.80259693e-44 2.03608667e-42 3.57331108e-43 3.57331108e-43 2.94272678e-44 3.57331108e-43 3.57331108e-43 1.49938936e-43 2.94272678e-44 2.03468537e-42 3.57331108e-43 3.57331108e-43 3.08285662e-44 2.03748797e-42 3.57331108e-43 1.49938936e-43 3.08285662e-44 2.03888927e-42 3.57331108e-43 3.57331108e-43 3.22298647e-44 3.57331108e-43 3.57331108e-43 1.51340234e-43 3.22298647e-44 2.04169186e-42 3.57331108e-43 3.57331108e-43 3.36311631e-44 2.04309316e-42 3.57331108e-43 1.51340234e-43 3.36311631e-44 2.04029056e-42 3.57331108e-43 3.57331108e-43 3.50324616e-44 3.57331108e-43 3.57331108e-43 1.52741533e-43 3.50324616e-44 2.04449446e-42 3.57331108e-43 3.57331108e-43 3.64337601e-44 2.04589576e-42 3.57331108e-43 1.52741533e-43 3.64337601e-44 2.04729706e-42 3.57331108e-43 3.57331108e-43 3.78350585e-44 3.57331108e-43 3.57331108e-43 1.54142831e-43 3.78350585e-44 2.04589576e-42 3.57331108e-43 3.57331108e-43 3.9236357e-44 2.04869835e-42 3.57331108e-43 1.54142831e-43 3.9236357e-44 2.05009965e-42 3.57331108e-43 3.57331108e-43 4.06376555e-44 3.57331108e-43 3.57331108e-43 1.5554413e-43 4.06376555e-44 2.05290225e-42 3.57331108e-43 3.57331108e-43 4.20389539e-44 2.05430355e-42 3.57331108e-43 1.5554413e-43 4.20389539e-44 2.05150095e-42 3.57331108e-43 3.57331108e-43 4.34402524e-44 3.57331108e-43 3.57331108e-43 1.56945428e-43 4.34402524e-44 2.05570485e-42 3.57331108e-43 3.57331108e-43 4.48415509e-44 2.05710615e-42 3.57331108e-43 1.56945428e-43 4.48415509e-44 2.05850744e-42 3.57331108e-43 3.57331108e-43 4.62428493e-44 3.57331108e-43 3.57331108e-43 1.58346726e-43 4.62428493e-44 2.05710615e-42 3.57331108e-43 3.57331108e-43 4.76441478e-44 2.05990874e-42 3.57331108e-43 1.58346726e-43 4.76441478e-44 2.06131004e-42 3.57331108e-43 3.57331108e-43 4.90454463e-44 3.57331108e-43 3.57331108e-43 1.59748025e-43 4.90454463e-44 2.06411264e-42 3.57331108e-43 3.57331108e-43 5.04467447e-44 2.06551394e-42 3.57331108e-43 1.59748025e-43 5.04467447e-44 2.06271134e-42 3.57331108e-43 3.57331108e-43 5.18480432e-44 3.57331108e-43 3.57331108e-43 1.61149323e-43 5.18480432e-44 2.06691523e-42 3.57331108e-43 3.57331108e-43 5.32493416e-44 2.06831653e-42 3.57331108e-43 1.61149323e-43 5.32493416e-44 2.06971783e-42 3.57331108e-43 3.57331108e-43 5.46506401e-44 3.57331108e-43 3.57331108e-43 1.62550622e-43 5.46506401e-44 2.06831653e-42 3.57331108e-43 3.57331108e-43 5.60519386e-44 2.07111913e-42 3.57331108e-43 1.62550622e-43 5.60519386e-44 2.07252043e-42 3.57331108e-43 3.57331108e-43 5.7453237e-44 3.57331108e-43 3.57331108e-43 1.6395192e-43 5.7453237e-44 2.07532303e-42 3.57331108e-43 3.57331108e-43 5.88545355e-44 2.07672432e-42 3.57331108e-43 1.6395192e-43 5.88545355e-44 2.07392173e-42 3.57331108e-43 3.57331108e-43 6.0255834e-44 3.57331108e-43 3.57331108e-43 1.65353219e-43 6.0255834e-44 2.07812562e-42 3.57331108e-43 3.57331108e-43 6.16571324e-44 2.07952692e-42 3.57331108e-43 1.65353219e-43 6.16571324e-44 2.08092822e-42 3.57331108e-43 3.57331108e-43 6.30584309e-44 3.57331108e-43 3.57331108e-43 1.66754517e-43 6.30584309e-44 2.07952692e-42 3.57331108e-43 3.57331108e-43 6.44597294e-44 2.08232952e-42 3.57331108e-43 1.66754517e-43 6.44597294e-44 2.08373082e-42 3.57331108e-43 3.57331108e-43 6.58610278e-44 3.57331108e-43 3.57331108e-43 1.68155816e-43 6.58610278e-44 2.08653341e-42 3.57331108e-43 3.57331108e-43 6.72623263e-44 2.08793471e-42 3.57331108e-43 1.68155816e-43 6.72623263e-44 2.08513211e-42 3.57331108e-43 3.57331108e-43 6.86636248e-44 3.57331108e-43 3.57331108e-43 1.69557114e-43 6.86636248e-44 2.08933601e-42 3.57331108e-43 3.57331108e-43 7.00649232e-44 2.09073731e-42 3.57331108e-43 1.69557114e-43 7.00649232e-44 2.09213861e-42 3.57331108e-43 3.57331108e-43 7.14662217e-44 3.57331108e-43 3.57331108e-43 1.70958413e-43 7.14662217e-44 2.09073731e-42 3.57331108e-43 3.57331108e-43 7.28675201e-44 2.09353991e-42 3.57331108e-43 1.70958413e-43 7.28675201e-44 2.0949412e-42 3.57331108e-43 3.57331108e-43 7.42688186e-44 3.57331108e-43 3.57331108e-43 1.72359711e-43 7.42688186e-44 2.0977438e-42 3.57331108e-43 3.57331108e-43 7.56701171e-44 2.0991451e-42 3.57331108e-43 1.72359711e-43 7.56701171e-44 2.0963425e-42 3.57331108e-43 3.57331108e-43 7.70714155e-44 3.57331108e-43 3.57331108e-43 1.7376101e-43 7.70714155e-44 2.1005464e-42 3.57331108e-43 3.57331108e-43 7.8472714e-44 2.1019477e-42 3.57331108e-43 1.7376101e-43 7.8472714e-44 2.10334899e-42 3.57331108e-43 3.57331108e-43 7.98740125e-44 3.57331108e-43 3.57331108e-43 1.75162308e-43 7.98740125e-44 2.1019477e-42 3.57331108e-43 3.57331108e-43 8.12753109e-44 2.10475029e-42 3.57331108e-43 1.75162308e-43 8.12753109e-44 2.10615159e-42 3.57331108e-43 3.57331108e-43 8.26766094e-44 3.57331108e-43 3.57331108e-43 1.76563607e-43 8.26766094e-44 2.10895419e-42 3.57331108e-43 3.57331108e-43 8.40779079e-44 2.11035549e-42 3.57331108e-43 1.76563607e-43 8.40779079e-44 2.10755289e-42 3.57331108e-43 3.57331108e-43 8.54792063e-44 3.57331108e-43 3.57331108e-43 1.77964905e-43 8.54792063e-44 2.11175679e-42 3.57331108e-43 3.57331108e-43 8.68805048e-44 2.11315808e-42 3.57331108e-43 1.77964905e-43 8.68805048e-44 2.11455938e-42 3.57331108e-43 3.57331108e-43 8.82818033e-44 3.57331108e-43 3.57331108e-43 1.79366203e-43 8.82818033e-44 2.11315808e-42 3.57331108e-43 3.57331108e-43 8.96831017e-44 2.11596068e-42 3.57331108e-43 1.79366203e-43 8.96831017e-44 2.11736198e-42 3.57331108e-43 3.57331108e-43 9.10844002e-44 3.57331108e-43 3.57331108e-43 1.80767502e-43 9.10844002e-44 2.12016458e-42 3.57331108e-43 3.57331108e-43 9.24856986e-44 2.12156587e-42 3.57331108e-43 1.80767502e-43 9.24856986e-44 2.11876328e-42 3.57331108e-43 3.57331108e-43 9.38869971e-44 3.81993961e-42 3.57331108e-43 3.82414351e-42 9.38869971e-44 3.82274221e-42 3.57331108e-43 3.57331108e-43 9.52882956e-44 3.82694611e-42 3.57331108e-43 3.8297487e-42 9.52882956e-44 3.8283474e-42 3.57331108e-43 3.57331108e-43 9.6689594e-44 3.83115e-42 3.57331108e-43 3.8339526e-42 9.6689594e-44 3.8353539e-42 3.57331108e-43 3.57331108e-43 9.80908925e-44 3.8367552e-42 3.57331108e-43 3.84095909e-42 9.80908925e-44 3.83955779e-42 3.57331108e-43 3.57331108e-43 9.9492191e-44 3.84376169e-42 3.57331108e-43 3.84656428e-42 9.9492191e-44 3.84516299e-42 3.57331108e-43 3.57331108e-43 1.00893489e-43 3.84796558e-42 3.57331108e-43 3.85076818e-42 1.00893489e-43 3.85216948e-42 3.57331108e-43 3.57331108e-43 1.02294788e-43 3.85357078e-42 3.57331108e-43 3.85777467e-42 1.02294788e-43 3.85637337e-42 3.57331108e-43 3.57331108e-43 1.03696086e-43 3.86057727e-42 3.57331108e-43 3.86337987e-42 1.03696086e-43 3.86197857e-42 3.57331108e-43 3.57331108e-43 1.05097385e-43 3.86478116e-42 3.57331108e-43 3.86758376e-42 1.05097385e-43 3.86898506e-42 3.57331108e-43 3.57331108e-43 1.06498683e-43 3.87038636e-42 3.57331108e-43 3.87459025e-42 1.06498683e-43 3.87318896e-42 3.57331108e-43 3.57331108e-43 1.07899982e-43 3.87739285e-42 3.57331108e-43 3.88019545e-42 1.07899982e-43 3.87879415e-42 3.57331108e-43 3.57331108e-43 1.0930128e-43 3.88159675e-42 3.57331108e-43 3.88439934e-42 1.0930128e-43 3.88580064e-42 3.57331108e-43 3.57331108e-43 1.10702579e-43 3.88720194e-42 3.57331108e-43 3.89140584e-42 1.10702579e-43 3.89000454e-42 3.57331108e-43 3.57331108e-43 1.12103877e-43 3.89420843e-42 3.57331108e-43 3.89701103e-42 1.12103877e-43 3.89560973e-42 3.57331108e-43 3.57331108e-43 1.13505176e-43 3.89841233e-42 3.57331108e-43 3.90121492e-42 1.13505176e-43 3.90261622e-42 3.57331108e-43 3.57331108e-43 1.14906474e-43 3.90401752e-42 3.57331108e-43 3.90822142e-42 1.14906474e-43 3.90682012e-42 3.57331108e-43 3.57331108e-43 1.16307773e-43 3.91102401e-42 3.57331108e-43 3.91382661e-42 1.16307773e-43 3.91242531e-42 3.57331108e-43 3.57331108e-43 1.17709071e-43 3.91522791e-42 3.57331108e-43 3.91803051e-42 1.17709071e-43 3.9194318e-42 3.57331108e-43 3.57331108e-43 1.19110369e-43 3.9208331e-42 3.57331108e-43 3.925037e-42 1.19110369e-43 3.9236357e-42 3.57331108e-43 3.57331108e-43 1.20511668e-43 3.9278396e-42 3.57331108e-43 3.93064219e-42 1.20511668e-43 3.92924089e-42 3.57331108e-43 3.57331108e-43 1.21912966e-43 3.93204349e-42 3.57331108e-43 3.93484609e-42 1.21912966e-43 3.93624739e-42 3.57331108e-43 3.57331108e-43 1.23314265e-43 3.93764868e-42 3.57331108e-43 3.94185258e-42 1.23314265e-43 3.94045128e-42 3.57331108e-43 3.57331108e-43 1.24715563e-43 3.94465518e-42 3.57331108e-43 3.94745777e-42 1.24715563e-43 3.94605648e-42 3.57331108e-43 3.57331108e-43 1.26116862e-43 3.94885907e-42 3.57331108e-43 3.95166167e-42 1.26116862e-43 3.95306297e-42 3.57331108e-43 3.57331108e-43 1.2751816e-43 3.95446427e-42 </float_array>
          <technique_common>
            <accessor count="1109" offset="0" source="#m_dun1701_00_00-8-skin-weights-array" stride="1">
              <param name="WEIGHT" type="float" />
            </accessor>
          </technique_common>
        </source>
        <joints>
          <input semantic="JOINT" source="#m_dun1701_00_00-8-skin-joints"></input>
          <input semantic="INV_BIND_MATRIX" source="#m_dun1701_00_00-8-skin-bind_poses"></input>
        </joints>
        <vertex_weights count="278">
          <input semantic="JOINT" source="#m_dun1701_00_00-8-skin-joints" offset="0"></input>
          <input semantic="WEIGHT" source="#m_dun1701_00_00-8-skin-weights" offset="1"></input>
          <vcount>3 3 4 4 4 4 4 4 4 4 4 4 4 4 4 4 4 4 4 4 4 4 4 4 4 4 4 4 4 4 4 4 4 4 4 4 4 4 4 4 4 4 4 4 4 4 4 4 4 4 4 4 4 4 4 4 4 4 4 4 4 4 4 4 4 4 4 4 4 4 4 4 4 4 4 4 4 4 4 4 4 4 4 4 4 4 4 4 4 4 4 4 4 4 4 4 3 4 4 4 4 4 4 4 4 4 4 4 4 4 4 4 4 4 4 4 4 4 4 4 4 4 4 4 4 4 4 4 4 4 4 4 4 4 4 4 4 4 4 4 4 4 4 4 4 4 4 4 4 4 4 4 4 4 4 4 4 4 4 4 4 4 4 4 4 4 4 4 4 4 4 4 4 4 4 4 4 4 4 4 4 4 4 4 4 4 4 4 4 4 4 4 4 4 4 4 4 4 4 4 4 4 4 4 4 4 4 4 4 4 4 4 4 4 4 4 4 4 4 4 4 4 4 4 4 4 4 4 4 4 4 4 4 4 4 4 4 4 4 4 4 4 4 4 4 4 4 4 4 4 4 4 4 4 4 4 4 4 4 4 4 4 4 4 4 4 4 4 4 4 4 4 4 4 4 4 4 4 </vcount>
          <v>0 0 0 1 0 2 0 3 0 4 0 5 0 6 0 7 0 8 0 9 0 10 0 11 0 12 0 13 0 14 0 15 0 16 0 17 0 18 0 19 0 20 0 21 0 22 0 23 0 24 0 25 0 26 0 27 0 28 0 29 0 30 0 31 0 32 0 33 0 34 0 35 0 36 0 37 0 38 0 39 0 40 0 41 0 42 0 43 0 44 0 45 0 46 0 47 0 48 0 49 0 50 0 51 0 52 0 53 0 54 0 55 0 56 0 57 0 58 0 59 0 60 0 61 0 62 0 63 0 64 0 65 0 66 0 67 0 68 0 69 0 70 0 71 0 72 0 73 0 74 0 75 0 76 0 77 0 78 0 79 0 80 0 81 0 82 0 83 0 84 0 85 0 86 0 87 0 88 0 89 0 90 0 91 0 92 0 93 0 94 0 95 0 96 0 97 0 98 0 99 0 100 0 101 0 102 0 103 0 104 0 105 0 106 0 107 0 108 0 109 0 110 0 111 0 112 0 113 0 114 0 115 0 116 0 117 0 118 0 119 0 120 0 121 0 122 0 123 0 124 0 125 0 126 0 127 0 128 0 129 0 130 0 131 0 132 0 133 0 134 0 135 0 136 0 137 0 138 0 139 0 140 0 141 0 142 0 143 0 144 0 145 0 146 0 147 0 148 0 149 0 150 0 151 0 152 0 153 0 154 0 155 0 156 0 157 0 158 0 159 0 160 0 161 0 162 0 163 0 164 0 165 0 166 0 167 0 168 0 169 0 170 0 171 0 172 0 173 0 174 0 175 0 176 0 177 0 178 0 179 0 180 0 181 0 182 0 183 0 184 0 185 0 186 0 187 0 188 0 189 0 190 0 191 0 192 0 193 0 194 0 195 0 196 0 197 0 198 0 199 0 200 0 201 0 202 0 203 0 204 0 205 0 206 0 207 0 208 0 209 0 210 0 211 0 212 0 213 0 214 0 215 0 216 0 217 0 218 0 219 0 220 0 221 0 222 0 223 0 224 0 225 0 226 0 227 0 228 0 229 0 230 0 231 0 232 0 233 0 234 0 235 0 236 0 237 0 238 0 239 0 240 0 241 0 242 0 243 0 244 0 245 0 246 0 247 0 248 0 249 0 250 0 251 0 252 0 253 0 254 0 255 0 256 0 257 0 258 0 259 0 260 0 261 0 262 0 263 0 264 0 265 0 266 0 267 0 268 0 269 0 270 0 271 0 272 0 273 0 274 0 275 0 276 0 277 0 278 0 279 0 280 0 281 0 282 0 283 0 284 0 285 0 286 0 287 0 288 0 289 0 290 0 291 0 292 0 293 0 294 0 295 0 296 0 297 0 298 0 299 0 300 0 301 0 302 0 303 0 304 0 305 0 306 0 307 0 308 0 309 0 310 0 311 0 312 0 313 0 314 0 315 0 316 0 317 0 318 0 319 0 320 0 321 0 322 0 323 0 324 0 325 0 326 0 327 0 328 0 329 0 330 0 331 0 332 0 333 0 334 0 335 0 336 0 337 0 338 0 339 0 340 0 341 0 342 0 343 0 344 0 345 0 346 0 347 0 348 0 349 0 350 0 351 0 352 0 353 0 354 0 355 0 356 0 357 0 358 0 359 0 360 0 361 0 362 0 363 0 364 0 365 0 366 0 367 0 368 0 369 0 370 0 371 0 372 0 373 0 374 0 375 0 376 0 377 0 378 0 379 0 380 0 381 0 382 0 383 0 384 0 385 0 386 0 387 0 388 0 389 0 390 0 391 0 392 0 393 0 394 0 395 0 396 0 397 0 398 0 399 0 400 0 401 0 402 0 403 0 404 0 405 0 406 0 407 0 408 0 409 0 410 0 411 0 412 0 413 0 414 0 415 0 416 0 417 0 418 0 419 0 420 0 421 0 422 0 423 0 424 0 425 0 426 0 427 0 428 0 429 0 430 0 431 0 432 0 433 0 434 0 435 0 436 0 437 0 438 0 439 0 440 0 441 0 442 0 443 0 444 0 445 0 446 0 447 0 448 0 449 0 450 0 451 0 452 0 453 0 454 0 455 0 456 0 457 0 458 0 459 0 460 0 461 0 462 0 463 0 464 0 465 0 466 0 467 0 468 0 469 0 470 0 471 0 472 0 473 0 474 0 475 0 476 0 477 0 478 0 479 0 480 0 481 0 482 0 483 0 484 0 485 0 486 0 487 0 488 0 489 0 490 0 491 0 492 0 493 0 494 0 495 0 496 0 497 0 498 0 499 0 500 0 501 0 502 0 503 0 504 0 505 0 506 0 507 0 508 0 509 0 510 0 511 0 512 0 513 0 514 0 515 0 516 0 517 0 518 0 519 0 520 0 521 0 522 0 523 0 524 0 525 0 526 0 527 0 528 0 529 0 530 0 531 0 532 0 533 0 534 0 535 0 536 0 537 0 538 0 539 0 540 0 541 0 542 0 543 0 544 0 545 0 546 0 547 0 548 0 549 0 550 0 551 0 552 0 553 0 554 0 555 0 556 0 557 0 558 0 559 0 560 0 561 0 562 0 563 0 564 0 565 0 566 0 567 0 568 0 569 0 570 0 571 0 572 0 573 0 574 0 575 0 576 0 577 0 578 0 579 0 580 0 581 0 582 0 583 0 584 0 585 0 586 0 587 0 588 0 589 0 590 0 591 0 592 0 593 0 594 0 595 0 596 0 597 0 598 0 599 0 600 0 601 0 602 0 603 0 604 0 605 0 606 0 607 0 608 0 609 0 610 0 611 0 612 0 613 0 614 0 615 0 616 0 617 0 618 0 619 0 620 0 621 0 622 0 623 0 624 0 625 0 626 0 627 0 628 0 629 0 630 0 631 0 632 0 633 0 634 0 635 0 636 0 637 0 638 0 639 0 640 0 641 0 642 0 643 0 644 0 645 0 646 0 647 0 648 0 649 0 650 0 651 0 652 0 653 0 654 0 655 0 656 0 657 0 658 0 659 0 660 0 661 0 662 0 663 0 664 0 665 0 666 0 667 0 668 0 669 0 670 0 671 0 672 0 673 0 674 0 675 0 676 0 677 0 678 0 679 0 680 0 681 0 682 0 683 0 684 0 685 0 686 0 687 0 688 0 689 0 690 0 691 0 692 0 693 0 694 0 695 0 696 0 697 0 698 0 699 0 700 0 701 0 702 0 703 0 704 0 705 0 706 0 707 0 708 0 709 0 710 0 711 0 712 0 713 0 714 0 715 0 716 0 717 0 718 0 719 0 720 0 721 0 722 0 723 0 724 0 725 0 726 0 727 0 728 0 729 0 730 0 731 0 732 0 733 0 734 0 735 0 736 0 737 0 738 0 739 0 740 0 741 0 742 0 743 0 744 0 745 0 746 0 747 0 748 0 749 0 750 0 751 0 752 0 753 0 754 0 755 0 756 0 757 0 758 0 759 0 760 0 761 0 762 0 763 0 764 0 765 0 766 0 767 0 768 0 769 0 770 0 771 0 772 0 773 0 774 0 775 0 776 0 777 0 778 0 779 0 780 0 781 0 782 0 783 0 784 0 785 0 786 0 787 0 788 0 789 0 790 0 791 0 792 0 793 0 794 0 795 0 796 0 797 0 798 0 799 0 800 0 801 0 802 0 803 0 804 0 805 0 806 0 807 0 808 0 809 0 810 0 811 0 812 0 813 0 814 0 815 0 816 0 817 0 818 0 819 0 820 0 821 0 822 0 823 0 824 0 825 0 826 0 827 0 828 0 829 0 830 0 831 0 832 0 833 0 834 0 835 0 836 0 837 0 838 0 839 0 840 0 841 0 842 0 843 0 844 0 845 0 846 0 847 0 848 0 849 0 850 0 851 0 852 0 853 0 854 0 855 0 856 0 857 0 858 0 859 0 860 0 861 0 862 0 863 0 864 0 865 0 866 0 867 0 868 0 869 0 870 0 871 0 872 0 873 0 874 0 875 0 876 0 877 0 878 0 879 0 880 0 881 0 882 0 883 0 884 0 885 0 886 0 887 0 888 0 889 0 890 0 891 0 892 0 893 0 894 0 895 0 896 0 897 0 898 0 899 0 900 0 901 0 902 0 903 0 904 0 905 0 906 0 907 0 908 0 909 0 910 0 911 0 912 0 913 0 914 0 915 0 916 0 917 0 918 0 919 0 920 0 921 0 922 0 923 0 924 0 925 0 926 0 927 0 928 0 929 0 930 0 931 0 932 0 933 0 934 0 935 0 936 0 937 0 938 0 939 0 940 0 941 0 942 0 943 0 944 0 945 0 946 0 947 0 948 0 949 0 950 0 951 0 952 0 953 0 954 0 955 0 956 0 957 0 958 0 959 0 960 0 961 0 962 0 963 0 964 0 965 0 966 0 967 0 968 0 969 0 970 0 971 0 972 0 973 0 974 0 975 0 976 0 977 0 978 0 979 0 980 0 981 0 982 0 983 0 984 0 985 0 986 0 987 0 988 0 989 0 990 0 991 0 992 0 993 0 994 0 995 0 996 0 997 0 998 0 999 0 1000 0 1001 0 1002 0 1003 0 1004 0 1005 0 1006 0 1007 0 1008 0 1009 0 1010 0 1011 0 1012 0 1013 0 1014 0 1015 0 1016 0 1017 0 1018 0 1019 0 1020 0 1021 0 1022 0 1023 0 1024 0 1025 0 1026 0 1027 0 1028 0 1029 0 1030 0 1031 0 1032 0 1033 0 1034 0 1035 0 1036 0 1037 0 1038 0 1039 0 1040 0 1041 0 1042 0 1043 0 1044 0 1045 0 1046 0 1047 0 1048 0 1049 0 1050 0 1051 0 1052 0 1053 0 1054 0 1055 0 1056 0 1057 0 1058 0 1059 0 1060 0 1061 0 1062 0 1063 0 1064 0 1065 0 1066 0 1067 0 1068 0 1069 0 1070 0 1071 0 1072 0 1073 0 1074 0 1075 0 1076 0 1077 0 1078 0 1079 0 1080 0 1081 0 1082 0 1083 0 1084 0 1085 0 1086 0 1087 0 1088 0 1089 0 1090 0 1091 0 1092 0 1093 0 1094 0 1095 0 1096 0 1097 0 1098 0 1099 0 1100 0 1101 0 1102 0 1103 0 1104 0 1105 0 1106 0 1107 0 1108 </v>
        </vertex_weights>
      </skin>
    </controller>
    <controller id="m_dun1701_00_00-9-skin" name="skinCluster9">
      <skin source="#m_dun1701_00_00-9">
        <bind_shape_matrix>
          1 0 0 0
          0 1 0 0
          0 0 1 0
          0 0 0 1
        </bind_shape_matrix>
        <source id="m_dun1701_00_00-9-skin-joints" name="m_dun1701_00_00-9-skin-joints">
          <Name_array id="m_dun1701_00_00-9-skin-joints-array" count="1">polySurface23 </Name_array>
          <technique_common>
            <accessor source="#m_dun1701_00_00-9-skin-joints-array" count="1" stride="1">
              <param name="JOINT" type="Name"></param>
            </accessor>
          </technique_common>
        </source>
        <source id="m_dun1701_00_00-9-skin-bind_poses" name="m_dun1701_00_00-9-skin-bind_poses">
          <float_array id="m_dun1701_00_00-9-skin-bind_poses-array" count="16"> 1 -0 0 -0 -0 1 -0 0 0 -0 1 -0 -0 0 -0 1 </float_array>
          <technique_common>
            <accessor count="1" offset="0" source="#m_dun1701_00_00-9-skin-bind_poses-array" stride="16">
              <param name="TRANSFORM" type="float4x4" />
            </accessor>
          </technique_common>
        </source>
        <source id="m_dun1701_00_00-9-skin-weights" name="m_dun1701_00_00-9-skin-weights">
          <float_array id="m_dun1701_00_00-9-skin-weights-array" count="536"> 3.57331108e-43 3.57331108e-43 3.57331108e-43 3.57331108e-43 3.57331108e-43 3.57331108e-43 3.57331108e-43 3.57331108e-43 3.57331108e-43 3.57331108e-43 3.57331108e-43 3.57331108e-43 3.57331108e-43 3.57331108e-43 3.57331108e-43 3.57331108e-43 3.57331108e-43 3.57331108e-43 3.57331108e-43 3.57331108e-43 3.57331108e-43 3.57331108e-43 3.57331108e-43 3.57331108e-43 3.57331108e-43 3.57331108e-43 3.57331108e-43 3.57331108e-43 3.57331108e-43 3.57331108e-43 3.57331108e-43 3.57331108e-43 3.57331108e-43 3.57331108e-43 3.57331108e-43 3.57331108e-43 3.57331108e-43 3.57331108e-43 3.57331108e-43 3.57331108e-43 3.57331108e-43 3.57331108e-43 3.57331108e-43 3.57331108e-43 3.57331108e-43 3.57331108e-43 3.57331108e-43 3.57331108e-43 3.57331108e-43 3.57331108e-43 3.57331108e-43 3.57331108e-43 3.57331108e-43 3.57331108e-43 3.57331108e-43 3.57331108e-43 3.57331108e-43 3.57331108e-43 3.57331108e-43 3.57331108e-43 3.57331108e-43 3.57331108e-43 3.57331108e-43 3.57331108e-43 3.57331108e-43 3.57331108e-43 3.57331108e-43 3.57331108e-43 3.57331108e-43 3.57331108e-43 3.57331108e-43 3.57331108e-43 3.57331108e-43 3.57331108e-43 3.57331108e-43 3.57331108e-43 3.57331108e-43 3.57331108e-43 3.57331108e-43 3.57331108e-43 3.57331108e-43 3.57331108e-43 3.57331108e-43 3.57331108e-43 3.57331108e-43 3.57331108e-43 3.57331108e-43 3.57331108e-43 3.57331108e-43 3.57331108e-43 3.57331108e-43 3.57331108e-43 3.57331108e-43 3.57331108e-43 3.57331108e-43 3.57331108e-43 3.57331108e-43 3.57331108e-43 3.57331108e-43 3.57331108e-43 3.57331108e-43 3.57331108e-43 3.57331108e-43 3.57331108e-43 3.57331108e-43 3.57331108e-43 3.57331108e-43 3.57331108e-43 3.57331108e-43 3.57331108e-43 3.57331108e-43 3.57331108e-43 3.57331108e-43 3.57331108e-43 3.57331108e-43 3.57331108e-43 3.57331108e-43 3.57331108e-43 3.57331108e-43 3.57331108e-43 3.57331108e-43 3.57331108e-43 3.57331108e-43 3.57331108e-43 3.57331108e-43 3.57331108e-43 3.57331108e-43 3.57331108e-43 3.57331108e-43 3.57331108e-43 3.57331108e-43 3.57331108e-43 3.57331108e-43 3.57331108e-43 3.57331108e-43 3.57331108e-43 3.57331108e-43 3.57331108e-43 3.57331108e-43 3.57331108e-43 3.57331108e-43 3.57331108e-43 3.57331108e-43 3.57331108e-43 3.57331108e-43 3.57331108e-43 3.57331108e-43 3.57331108e-43 3.57331108e-43 3.57331108e-43 3.57331108e-43 3.57331108e-43 3.57331108e-43 3.57331108e-43 3.57331108e-43 3.57331108e-43 3.57331108e-43 3.57331108e-43 3.57331108e-43 3.57331108e-43 3.57331108e-43 3.57331108e-43 3.57331108e-43 3.57331108e-43 3.57331108e-43 3.57331108e-43 3.57331108e-43 3.57331108e-43 3.57331108e-43 3.57331108e-43 3.57331108e-43 3.57331108e-43 3.57331108e-43 3.57331108e-43 3.57331108e-43 3.57331108e-43 3.57331108e-43 3.57331108e-43 3.57331108e-43 3.57331108e-43 3.57331108e-43 3.57331108e-43 3.57331108e-43 3.57331108e-43 3.57331108e-43 3.57331108e-43 3.57331108e-43 3.57331108e-43 3.57331108e-43 3.57331108e-43 3.57331108e-43 3.57331108e-43 3.57331108e-43 3.57331108e-43 3.57331108e-43 3.57331108e-43 3.57331108e-43 3.57331108e-43 3.57331108e-43 3.57331108e-43 3.57331108e-43 3.57331108e-43 3.57331108e-43 3.57331108e-43 3.57331108e-43 3.57331108e-43 3.57331108e-43 3.57331108e-43 3.57331108e-43 3.57331108e-43 3.57331108e-43 3.57331108e-43 3.57331108e-43 3.57331108e-43 3.57331108e-43 3.57331108e-43 3.57331108e-43 3.57331108e-43 3.57331108e-43 3.57331108e-43 3.57331108e-43 3.57331108e-43 3.57331108e-43 3.57331108e-43 3.57331108e-43 3.57331108e-43 3.57331108e-43 3.57331108e-43 3.57331108e-43 3.57331108e-43 3.57331108e-43 3.57331108e-43 3.57331108e-43 3.57331108e-43 3.57331108e-43 3.57331108e-43 3.57331108e-43 3.57331108e-43 3.57331108e-43 3.57331108e-43 3.57331108e-43 3.57331108e-43 3.57331108e-43 3.57331108e-43 3.57331108e-43 3.57331108e-43 3.57331108e-43 3.57331108e-43 3.57331108e-43 3.57331108e-43 3.57331108e-43 3.57331108e-43 3.57331108e-43 3.57331108e-43 3.57331108e-43 3.57331108e-43 3.57331108e-43 3.57331108e-43 3.57331108e-43 3.57331108e-43 3.57331108e-43 3.57331108e-43 3.57331108e-43 3.57331108e-43 3.57331108e-43 3.57331108e-43 3.57331108e-43 3.57331108e-43 3.57331108e-43 3.57331108e-43 3.57331108e-43 3.57331108e-43 3.57331108e-43 3.57331108e-43 3.57331108e-43 3.57331108e-43 3.57331108e-43 3.57331108e-43 3.57331108e-43 3.57331108e-43 3.57331108e-43 3.57331108e-43 3.57331108e-43 3.57331108e-43 3.57331108e-43 3.57331108e-43 3.57331108e-43 3.57331108e-43 3.57331108e-43 3.57331108e-43 3.57331108e-43 3.57331108e-43 3.57331108e-43 3.57331108e-43 3.57331108e-43 3.57331108e-43 3.57331108e-43 3.57331108e-43 3.57331108e-43 3.57331108e-43 3.57331108e-43 3.57331108e-43 3.57331108e-43 3.57331108e-43 3.57331108e-43 3.57331108e-43 3.57331108e-43 3.57331108e-43 3.57331108e-43 3.57331108e-43 3.57331108e-43 3.57331108e-43 3.57331108e-43 3.57331108e-43 3.57331108e-43 3.57331108e-43 3.57331108e-43 3.57331108e-43 3.57331108e-43 3.57331108e-43 3.57331108e-43 3.57331108e-43 3.57331108e-43 3.57331108e-43 3.57331108e-43 3.57331108e-43 3.57331108e-43 3.57331108e-43 3.57331108e-43 3.57331108e-43 3.57331108e-43 3.57331108e-43 3.57331108e-43 3.57331108e-43 3.57331108e-43 3.57331108e-43 3.57331108e-43 3.57331108e-43 3.57331108e-43 3.57331108e-43 3.57331108e-43 3.57331108e-43 3.57331108e-43 3.57331108e-43 3.57331108e-43 3.57331108e-43 3.57331108e-43 3.57331108e-43 3.57331108e-43 3.57331108e-43 3.57331108e-43 3.57331108e-43 3.57331108e-43 3.57331108e-43 3.57331108e-43 3.57331108e-43 3.57331108e-43 3.57331108e-43 3.57331108e-43 3.57331108e-43 3.57331108e-43 3.57331108e-43 3.57331108e-43 3.57331108e-43 3.57331108e-43 3.57331108e-43 3.57331108e-43 3.57331108e-43 3.57331108e-43 3.57331108e-43 3.57331108e-43 3.57331108e-43 3.57331108e-43 3.57331108e-43 3.57331108e-43 3.57331108e-43 3.57331108e-43 3.57331108e-43 3.57331108e-43 3.57331108e-43 3.57331108e-43 3.57331108e-43 3.57331108e-43 3.57331108e-43 3.57331108e-43 3.57331108e-43 3.57331108e-43 3.57331108e-43 3.57331108e-43 3.57331108e-43 3.57331108e-43 3.57331108e-43 3.57331108e-43 3.57331108e-43 3.57331108e-43 3.57331108e-43 3.57331108e-43 3.57331108e-43 3.57331108e-43 3.57331108e-43 3.57331108e-43 3.57331108e-43 3.57331108e-43 3.57331108e-43 3.57331108e-43 3.57331108e-43 3.57331108e-43 3.57331108e-43 3.57331108e-43 3.57331108e-43 3.57331108e-43 3.57331108e-43 3.57331108e-43 3.57331108e-43 3.57331108e-43 3.57331108e-43 3.57331108e-43 3.57331108e-43 3.57331108e-43 3.57331108e-43 3.57331108e-43 3.57331108e-43 3.57331108e-43 3.57331108e-43 3.57331108e-43 3.57331108e-43 3.57331108e-43 3.57331108e-43 3.57331108e-43 3.57331108e-43 3.57331108e-43 3.57331108e-43 3.57331108e-43 3.57331108e-43 3.57331108e-43 3.57331108e-43 3.57331108e-43 3.57331108e-43 3.57331108e-43 3.57331108e-43 3.57331108e-43 3.57331108e-43 3.57331108e-43 3.57331108e-43 3.57331108e-43 3.57331108e-43 3.57331108e-43 3.57331108e-43 3.57331108e-43 3.57331108e-43 3.57331108e-43 3.57331108e-43 3.57331108e-43 3.57331108e-43 3.57331108e-43 3.57331108e-43 3.57331108e-43 3.57331108e-43 3.57331108e-43 3.57331108e-43 3.57331108e-43 3.57331108e-43 3.57331108e-43 3.57331108e-43 3.57331108e-43 3.57331108e-43 3.57331108e-43 3.57331108e-43 3.57331108e-43 3.57331108e-43 3.57331108e-43 3.57331108e-43 3.57331108e-43 3.57331108e-43 3.57331108e-43 3.57331108e-43 3.57331108e-43 3.57331108e-43 3.57331108e-43 3.57331108e-43 3.57331108e-43 3.57331108e-43 3.57331108e-43 3.57331108e-43 3.57331108e-43 3.57331108e-43 3.57331108e-43 3.57331108e-43 3.57331108e-43 3.57331108e-43 3.57331108e-43 3.57331108e-43 3.57331108e-43 3.57331108e-43 3.57331108e-43 3.57331108e-43 3.57331108e-43 3.57331108e-43 3.57331108e-43 3.57331108e-43 3.57331108e-43 3.57331108e-43 3.57331108e-43 3.57331108e-43 3.57331108e-43 3.57331108e-43 3.57331108e-43 3.57331108e-43 3.57331108e-43 3.57331108e-43 3.57331108e-43 3.57331108e-43 3.57331108e-43 3.57331108e-43 3.57331108e-43 3.57331108e-43 3.57331108e-43 3.57331108e-43 3.57331108e-43 3.57331108e-43 3.57331108e-43 3.57331108e-43 3.57331108e-43 3.57331108e-43 3.57331108e-43 3.57331108e-43 3.57331108e-43 3.57331108e-43 3.57331108e-43 3.57331108e-43 3.57331108e-43 3.57331108e-43 3.57331108e-43 3.57331108e-43 3.57331108e-43 3.57331108e-43 </float_array>
          <technique_common>
            <accessor count="536" offset="0" source="#m_dun1701_00_00-9-skin-weights-array" stride="1">
              <param name="WEIGHT" type="float" />
            </accessor>
          </technique_common>
        </source>
        <joints>
          <input semantic="JOINT" source="#m_dun1701_00_00-9-skin-joints"></input>
          <input semantic="INV_BIND_MATRIX" source="#m_dun1701_00_00-9-skin-bind_poses"></input>
        </joints>
        <vertex_weights count="536">
          <input semantic="JOINT" source="#m_dun1701_00_00-9-skin-joints" offset="0"></input>
          <input semantic="WEIGHT" source="#m_dun1701_00_00-9-skin-weights" offset="1"></input>
          <vcount>1 1 1 1 1 1 1 1 1 1 1 1 1 1 1 1 1 1 1 1 1 1 1 1 1 1 1 1 1 1 1 1 1 1 1 1 1 1 1 1 1 1 1 1 1 1 1 1 1 1 1 1 1 1 1 1 1 1 1 1 1 1 1 1 1 1 1 1 1 1 1 1 1 1 1 1 1 1 1 1 1 1 1 1 1 1 1 1 1 1 1 1 1 1 1 1 1 1 1 1 1 1 1 1 1 1 1 1 1 1 1 1 1 1 1 1 1 1 1 1 1 1 1 1 1 1 1 1 1 1 1 1 1 1 1 1 1 1 1 1 1 1 1 1 1 1 1 1 1 1 1 1 1 1 1 1 1 1 1 1 1 1 1 1 1 1 1 1 1 1 1 1 1 1 1 1 1 1 1 1 1 1 1 1 1 1 1 1 1 1 1 1 1 1 1 1 1 1 1 1 1 1 1 1 1 1 1 1 1 1 1 1 1 1 1 1 1 1 1 1 1 1 1 1 1 1 1 1 1 1 1 1 1 1 1 1 1 1 1 1 1 1 1 1 1 1 1 1 1 1 1 1 1 1 1 1 1 1 1 1 1 1 1 1 1 1 1 1 1 1 1 1 1 1 1 1 1 1 1 1 1 1 1 1 1 1 1 1 1 1 1 1 1 1 1 1 1 1 1 1 1 1 1 1 1 1 1 1 1 1 1 1 1 1 1 1 1 1 1 1 1 1 1 1 1 1 1 1 1 1 1 1 1 1 1 1 1 1 1 1 1 1 1 1 1 1 1 1 1 1 1 1 1 1 1 1 1 1 1 1 1 1 1 1 1 1 1 1 1 1 1 1 1 1 1 1 1 1 1 1 1 1 1 1 1 1 1 1 1 1 1 1 1 1 1 1 1 1 1 1 1 1 1 1 1 1 1 1 1 1 1 1 1 1 1 1 1 1 1 1 1 1 1 1 1 1 1 1 1 1 1 1 1 1 1 1 1 1 1 1 1 1 1 1 1 1 1 1 1 1 1 1 1 1 1 1 1 1 1 1 1 1 1 1 1 1 1 1 1 1 1 1 1 1 1 1 1 1 1 1 1 1 1 1 1 1 1 1 1 1 1 1 1 1 1 1 1 1 1 1 1 1 1 1 1 1 1 1 1 1 1 1 1 1 1 1 1 1 1 1 1 1 1 1 1 1 1 1 1 1 1 1 1 1 1 1 </vcount>
          <v>0 0 0 1 0 2 0 3 0 4 0 5 0 6 0 7 0 8 0 9 0 10 0 11 0 12 0 13 0 14 0 15 0 16 0 17 0 18 0 19 0 20 0 21 0 22 0 23 0 24 0 25 0 26 0 27 0 28 0 29 0 30 0 31 0 32 0 33 0 34 0 35 0 36 0 37 0 38 0 39 0 40 0 41 0 42 0 43 0 44 0 45 0 46 0 47 0 48 0 49 0 50 0 51 0 52 0 53 0 54 0 55 0 56 0 57 0 58 0 59 0 60 0 61 0 62 0 63 0 64 0 65 0 66 0 67 0 68 0 69 0 70 0 71 0 72 0 73 0 74 0 75 0 76 0 77 0 78 0 79 0 80 0 81 0 82 0 83 0 84 0 85 0 86 0 87 0 88 0 89 0 90 0 91 0 92 0 93 0 94 0 95 0 96 0 97 0 98 0 99 0 100 0 101 0 102 0 103 0 104 0 105 0 106 0 107 0 108 0 109 0 110 0 111 0 112 0 113 0 114 0 115 0 116 0 117 0 118 0 119 0 120 0 121 0 122 0 123 0 124 0 125 0 126 0 127 0 128 0 129 0 130 0 131 0 132 0 133 0 134 0 135 0 136 0 137 0 138 0 139 0 140 0 141 0 142 0 143 0 144 0 145 0 146 0 147 0 148 0 149 0 150 0 151 0 152 0 153 0 154 0 155 0 156 0 157 0 158 0 159 0 160 0 161 0 162 0 163 0 164 0 165 0 166 0 167 0 168 0 169 0 170 0 171 0 172 0 173 0 174 0 175 0 176 0 177 0 178 0 179 0 180 0 181 0 182 0 183 0 184 0 185 0 186 0 187 0 188 0 189 0 190 0 191 0 192 0 193 0 194 0 195 0 196 0 197 0 198 0 199 0 200 0 201 0 202 0 203 0 204 0 205 0 206 0 207 0 208 0 209 0 210 0 211 0 212 0 213 0 214 0 215 0 216 0 217 0 218 0 219 0 220 0 221 0 222 0 223 0 224 0 225 0 226 0 227 0 228 0 229 0 230 0 231 0 232 0 233 0 234 0 235 0 236 0 237 0 238 0 239 0 240 0 241 0 242 0 243 0 244 0 245 0 246 0 247 0 248 0 249 0 250 0 251 0 252 0 253 0 254 0 255 0 256 0 257 0 258 0 259 0 260 0 261 0 262 0 263 0 264 0 265 0 266 0 267 0 268 0 269 0 270 0 271 0 272 0 273 0 274 0 275 0 276 0 277 0 278 0 279 0 280 0 281 0 282 0 283 0 284 0 285 0 286 0 287 0 288 0 289 0 290 0 291 0 292 0 293 0 294 0 295 0 296 0 297 0 298 0 299 0 300 0 301 0 302 0 303 0 304 0 305 0 306 0 307 0 308 0 309 0 310 0 311 0 312 0 313 0 314 0 315 0 316 0 317 0 318 0 319 0 320 0 321 0 322 0 323 0 324 0 325 0 326 0 327 0 328 0 329 0 330 0 331 0 332 0 333 0 334 0 335 0 336 0 337 0 338 0 339 0 340 0 341 0 342 0 343 0 344 0 345 0 346 0 347 0 348 0 349 0 350 0 351 0 352 0 353 0 354 0 355 0 356 0 357 0 358 0 359 0 360 0 361 0 362 0 363 0 364 0 365 0 366 0 367 0 368 0 369 0 370 0 371 0 372 0 373 0 374 0 375 0 376 0 377 0 378 0 379 0 380 0 381 0 382 0 383 0 384 0 385 0 386 0 387 0 388 0 389 0 390 0 391 0 392 0 393 0 394 0 395 0 396 0 397 0 398 0 399 0 400 0 401 0 402 0 403 0 404 0 405 0 406 0 407 0 408 0 409 0 410 0 411 0 412 0 413 0 414 0 415 0 416 0 417 0 418 0 419 0 420 0 421 0 422 0 423 0 424 0 425 0 426 0 427 0 428 0 429 0 430 0 431 0 432 0 433 0 434 0 435 0 436 0 437 0 438 0 439 0 440 0 441 0 442 0 443 0 444 0 445 0 446 0 447 0 448 0 449 0 450 0 451 0 452 0 453 0 454 0 455 0 456 0 457 0 458 0 459 0 460 0 461 0 462 0 463 0 464 0 465 0 466 0 467 0 468 0 469 0 470 0 471 0 472 0 473 0 474 0 475 0 476 0 477 0 478 0 479 0 480 0 481 0 482 0 483 0 484 0 485 0 486 0 487 0 488 0 489 0 490 0 491 0 492 0 493 0 494 0 495 0 496 0 497 0 498 0 499 0 500 0 501 0 502 0 503 0 504 0 505 0 506 0 507 0 508 0 509 0 510 0 511 0 512 0 513 0 514 0 515 0 516 0 517 0 518 0 519 0 520 0 521 0 522 0 523 0 524 0 525 0 526 0 527 0 528 0 529 0 530 0 531 0 532 0 533 0 534 0 535 </v>
        </vertex_weights>
      </skin>
    </controller>
    <controller id="m_dun1701_00_00-10-skin" name="skinCluster10">
      <skin source="#m_dun1701_00_00-10">
        <bind_shape_matrix>
          1 0 0 0
          0 1 0 0
          0 0 1 0
          0 0 0 1
        </bind_shape_matrix>
        <source id="m_dun1701_00_00-10-skin-joints" name="m_dun1701_00_00-10-skin-joints">
          <Name_array id="m_dun1701_00_00-10-skin-joints-array" count="1">polySurface23 </Name_array>
          <technique_common>
            <accessor source="#m_dun1701_00_00-10-skin-joints-array" count="1" stride="1">
              <param name="JOINT" type="Name"></param>
            </accessor>
          </technique_common>
        </source>
        <source id="m_dun1701_00_00-10-skin-bind_poses" name="m_dun1701_00_00-10-skin-bind_poses">
          <float_array id="m_dun1701_00_00-10-skin-bind_poses-array" count="16"> 1 -0 0 -0 -0 1 -0 0 0 -0 1 -0 -0 0 -0 1 </float_array>
          <technique_common>
            <accessor count="1" offset="0" source="#m_dun1701_00_00-10-skin-bind_poses-array" stride="16">
              <param name="TRANSFORM" type="float4x4" />
            </accessor>
          </technique_common>
        </source>
        <source id="m_dun1701_00_00-10-skin-weights" name="m_dun1701_00_00-10-skin-weights">
          <float_array id="m_dun1701_00_00-10-skin-weights-array" count="1616"> 3.57331108e-43 3.57331108e-43 3.57331108e-43 3.57331108e-43 3.57331108e-43 3.57331108e-43 3.57331108e-43 3.57331108e-43 3.57331108e-43 3.57331108e-43 3.57331108e-43 3.57331108e-43 3.57331108e-43 3.57331108e-43 3.57331108e-43 3.57331108e-43 3.57331108e-43 3.57331108e-43 3.57331108e-43 3.57331108e-43 3.57331108e-43 3.57331108e-43 3.57331108e-43 3.57331108e-43 3.57331108e-43 3.57331108e-43 3.57331108e-43 3.57331108e-43 3.57331108e-43 3.57331108e-43 3.57331108e-43 3.57331108e-43 3.57331108e-43 3.57331108e-43 3.57331108e-43 3.57331108e-43 3.57331108e-43 3.57331108e-43 3.57331108e-43 3.57331108e-43 3.57331108e-43 3.57331108e-43 3.57331108e-43 3.57331108e-43 3.57331108e-43 3.57331108e-43 3.57331108e-43 3.57331108e-43 3.57331108e-43 3.57331108e-43 3.57331108e-43 3.57331108e-43 3.57331108e-43 3.57331108e-43 3.57331108e-43 3.57331108e-43 3.57331108e-43 3.57331108e-43 3.57331108e-43 3.57331108e-43 3.57331108e-43 3.57331108e-43 3.57331108e-43 3.57331108e-43 3.57331108e-43 3.57331108e-43 3.57331108e-43 3.57331108e-43 3.57331108e-43 3.57331108e-43 3.57331108e-43 3.57331108e-43 3.57331108e-43 3.57331108e-43 3.57331108e-43 3.57331108e-43 3.57331108e-43 3.57331108e-43 3.57331108e-43 3.57331108e-43 3.57331108e-43 3.57331108e-43 3.57331108e-43 3.57331108e-43 3.57331108e-43 3.57331108e-43 3.57331108e-43 3.57331108e-43 3.57331108e-43 3.57331108e-43 3.57331108e-43 3.57331108e-43 3.57331108e-43 3.57331108e-43 3.57331108e-43 3.57331108e-43 3.57331108e-43 3.57331108e-43 3.57331108e-43 3.57331108e-43 3.57331108e-43 3.57331108e-43 3.57331108e-43 3.57331108e-43 3.57331108e-43 3.57331108e-43 3.57331108e-43 3.57331108e-43 3.57331108e-43 3.57331108e-43 3.57331108e-43 3.57331108e-43 3.57331108e-43 3.57331108e-43 3.57331108e-43 3.57331108e-43 3.57331108e-43 3.57331108e-43 3.57331108e-43 3.57331108e-43 3.57331108e-43 3.57331108e-43 3.57331108e-43 3.57331108e-43 3.57331108e-43 3.57331108e-43 3.57331108e-43 3.57331108e-43 3.57331108e-43 3.57331108e-43 3.57331108e-43 3.57331108e-43 3.57331108e-43 3.57331108e-43 3.57331108e-43 3.57331108e-43 3.57331108e-43 3.57331108e-43 3.57331108e-43 3.57331108e-43 3.57331108e-43 3.57331108e-43 3.57331108e-43 3.57331108e-43 3.57331108e-43 3.57331108e-43 3.57331108e-43 3.57331108e-43 3.57331108e-43 3.57331108e-43 3.57331108e-43 3.57331108e-43 3.57331108e-43 3.57331108e-43 3.57331108e-43 3.57331108e-43 3.57331108e-43 3.57331108e-43 3.57331108e-43 3.57331108e-43 3.57331108e-43 3.57331108e-43 3.57331108e-43 3.57331108e-43 3.57331108e-43 3.57331108e-43 3.57331108e-43 3.57331108e-43 3.57331108e-43 3.57331108e-43 3.57331108e-43 3.57331108e-43 3.57331108e-43 3.57331108e-43 3.57331108e-43 3.57331108e-43 3.57331108e-43 3.57331108e-43 3.57331108e-43 3.57331108e-43 3.57331108e-43 3.57331108e-43 3.57331108e-43 3.57331108e-43 3.57331108e-43 3.57331108e-43 3.57331108e-43 3.57331108e-43 3.57331108e-43 3.57331108e-43 3.57331108e-43 3.57331108e-43 3.57331108e-43 3.57331108e-43 3.57331108e-43 3.57331108e-43 3.57331108e-43 3.57331108e-43 3.57331108e-43 3.57331108e-43 3.57331108e-43 3.57331108e-43 3.57331108e-43 3.57331108e-43 3.57331108e-43 3.57331108e-43 3.57331108e-43 3.57331108e-43 3.57331108e-43 3.57331108e-43 3.57331108e-43 3.57331108e-43 3.57331108e-43 3.57331108e-43 3.57331108e-43 3.57331108e-43 3.57331108e-43 3.57331108e-43 3.57331108e-43 3.57331108e-43 3.57331108e-43 3.57331108e-43 3.57331108e-43 3.57331108e-43 3.57331108e-43 3.57331108e-43 3.57331108e-43 3.57331108e-43 3.57331108e-43 3.57331108e-43 3.57331108e-43 3.57331108e-43 3.57331108e-43 3.57331108e-43 3.57331108e-43 3.57331108e-43 3.57331108e-43 3.57331108e-43 3.57331108e-43 3.57331108e-43 3.57331108e-43 3.57331108e-43 3.57331108e-43 3.57331108e-43 3.57331108e-43 3.57331108e-43 3.57331108e-43 3.57331108e-43 3.57331108e-43 3.57331108e-43 3.57331108e-43 3.57331108e-43 3.57331108e-43 3.57331108e-43 3.57331108e-43 3.57331108e-43 3.57331108e-43 3.57331108e-43 3.57331108e-43 3.57331108e-43 3.57331108e-43 3.57331108e-43 3.57331108e-43 3.57331108e-43 3.57331108e-43 3.57331108e-43 3.57331108e-43 3.57331108e-43 3.57331108e-43 3.57331108e-43 3.57331108e-43 3.57331108e-43 3.57331108e-43 3.57331108e-43 3.57331108e-43 3.57331108e-43 3.57331108e-43 3.57331108e-43 3.57331108e-43 3.57331108e-43 3.57331108e-43 3.57331108e-43 3.57331108e-43 3.57331108e-43 3.57331108e-43 3.57331108e-43 3.57331108e-43 3.57331108e-43 3.57331108e-43 3.57331108e-43 3.57331108e-43 3.57331108e-43 3.57331108e-43 3.57331108e-43 3.57331108e-43 3.57331108e-43 3.57331108e-43 3.57331108e-43 3.57331108e-43 3.57331108e-43 3.57331108e-43 3.57331108e-43 3.57331108e-43 3.57331108e-43 3.57331108e-43 3.57331108e-43 3.57331108e-43 3.57331108e-43 3.57331108e-43 3.57331108e-43 3.57331108e-43 3.57331108e-43 3.57331108e-43 3.57331108e-43 3.57331108e-43 3.57331108e-43 3.57331108e-43 3.57331108e-43 3.57331108e-43 3.57331108e-43 3.57331108e-43 3.57331108e-43 3.57331108e-43 3.57331108e-43 3.57331108e-43 3.57331108e-43 3.57331108e-43 3.57331108e-43 3.57331108e-43 3.57331108e-43 3.57331108e-43 3.57331108e-43 3.57331108e-43 3.57331108e-43 3.57331108e-43 3.57331108e-43 3.57331108e-43 3.57331108e-43 3.57331108e-43 3.57331108e-43 3.57331108e-43 3.57331108e-43 3.57331108e-43 3.57331108e-43 3.57331108e-43 3.57331108e-43 3.57331108e-43 3.57331108e-43 3.57331108e-43 3.57331108e-43 3.57331108e-43 3.57331108e-43 3.57331108e-43 3.57331108e-43 3.57331108e-43 3.57331108e-43 3.57331108e-43 3.57331108e-43 3.57331108e-43 3.57331108e-43 3.57331108e-43 3.57331108e-43 3.57331108e-43 3.57331108e-43 3.57331108e-43 3.57331108e-43 3.57331108e-43 3.57331108e-43 3.57331108e-43 3.57331108e-43 3.57331108e-43 3.57331108e-43 3.57331108e-43 3.57331108e-43 3.57331108e-43 3.57331108e-43 3.57331108e-43 3.57331108e-43 3.57331108e-43 3.57331108e-43 3.57331108e-43 3.57331108e-43 3.57331108e-43 3.57331108e-43 3.57331108e-43 3.57331108e-43 3.57331108e-43 3.57331108e-43 3.57331108e-43 3.57331108e-43 3.57331108e-43 3.57331108e-43 3.57331108e-43 3.57331108e-43 3.57331108e-43 3.57331108e-43 3.57331108e-43 3.57331108e-43 3.57331108e-43 3.57331108e-43 3.57331108e-43 3.57331108e-43 3.57331108e-43 3.57331108e-43 3.57331108e-43 3.57331108e-43 3.57331108e-43 3.57331108e-43 3.57331108e-43 3.57331108e-43 3.57331108e-43 3.57331108e-43 3.57331108e-43 3.57331108e-43 3.57331108e-43 3.57331108e-43 3.57331108e-43 3.57331108e-43 3.57331108e-43 3.57331108e-43 3.57331108e-43 3.57331108e-43 3.57331108e-43 3.57331108e-43 3.57331108e-43 3.57331108e-43 3.57331108e-43 3.57331108e-43 3.57331108e-43 3.57331108e-43 3.57331108e-43 3.57331108e-43 3.57331108e-43 3.57331108e-43 3.57331108e-43 3.57331108e-43 3.57331108e-43 3.57331108e-43 3.57331108e-43 3.57331108e-43 3.57331108e-43 3.57331108e-43 3.57331108e-43 3.57331108e-43 3.57331108e-43 3.57331108e-43 3.57331108e-43 3.57331108e-43 3.57331108e-43 3.57331108e-43 3.57331108e-43 3.57331108e-43 3.57331108e-43 3.57331108e-43 3.57331108e-43 3.57331108e-43 3.57331108e-43 3.57331108e-43 3.57331108e-43 3.57331108e-43 3.57331108e-43 3.57331108e-43 3.57331108e-43 3.57331108e-43 3.57331108e-43 3.57331108e-43 3.57331108e-43 3.57331108e-43 3.57331108e-43 3.57331108e-43 3.57331108e-43 3.57331108e-43 3.57331108e-43 3.57331108e-43 3.57331108e-43 3.57331108e-43 3.57331108e-43 3.57331108e-43 3.57331108e-43 3.57331108e-43 3.57331108e-43 3.57331108e-43 3.57331108e-43 3.57331108e-43 3.57331108e-43 3.57331108e-43 3.57331108e-43 3.57331108e-43 3.57331108e-43 3.57331108e-43 3.57331108e-43 3.57331108e-43 3.57331108e-43 3.57331108e-43 3.57331108e-43 3.57331108e-43 3.57331108e-43 3.57331108e-43 3.57331108e-43 3.57331108e-43 3.57331108e-43 3.57331108e-43 3.57331108e-43 3.57331108e-43 3.57331108e-43 3.57331108e-43 3.57331108e-43 3.57331108e-43 3.57331108e-43 3.57331108e-43 3.57331108e-43 3.57331108e-43 3.57331108e-43 3.57331108e-43 3.57331108e-43 3.57331108e-43 3.57331108e-43 3.57331108e-43 3.57331108e-43 3.57331108e-43 3.57331108e-43 3.57331108e-43 3.57331108e-43 3.57331108e-43 3.57331108e-43 3.57331108e-43 3.57331108e-43 3.57331108e-43 3.57331108e-43 3.57331108e-43 3.57331108e-43 3.57331108e-43 3.57331108e-43 3.57331108e-43 3.57331108e-43 3.57331108e-43 3.57331108e-43 3.57331108e-43 3.57331108e-43 3.57331108e-43 3.57331108e-43 3.57331108e-43 3.57331108e-43 3.57331108e-43 3.57331108e-43 3.57331108e-43 3.57331108e-43 3.57331108e-43 3.57331108e-43 3.57331108e-43 3.57331108e-43 3.57331108e-43 3.57331108e-43 3.57331108e-43 3.57331108e-43 3.57331108e-43 3.57331108e-43 3.57331108e-43 3.57331108e-43 3.57331108e-43 3.57331108e-43 3.57331108e-43 3.57331108e-43 3.57331108e-43 3.57331108e-43 3.57331108e-43 3.57331108e-43 3.57331108e-43 3.57331108e-43 3.57331108e-43 3.57331108e-43 3.57331108e-43 3.57331108e-43 3.57331108e-43 3.57331108e-43 3.57331108e-43 3.57331108e-43 3.57331108e-43 3.57331108e-43 3.57331108e-43 3.57331108e-43 3.57331108e-43 3.57331108e-43 3.57331108e-43 3.57331108e-43 3.57331108e-43 3.57331108e-43 3.57331108e-43 3.57331108e-43 3.57331108e-43 3.57331108e-43 3.57331108e-43 3.57331108e-43 3.57331108e-43 3.57331108e-43 3.57331108e-43 3.57331108e-43 3.57331108e-43 3.57331108e-43 3.57331108e-43 3.57331108e-43 3.57331108e-43 3.57331108e-43 3.57331108e-43 3.57331108e-43 3.57331108e-43 3.57331108e-43 3.57331108e-43 3.57331108e-43 3.57331108e-43 3.57331108e-43 3.57331108e-43 3.57331108e-43 3.57331108e-43 3.57331108e-43 3.57331108e-43 3.57331108e-43 3.57331108e-43 3.57331108e-43 3.57331108e-43 3.57331108e-43 3.57331108e-43 3.57331108e-43 3.57331108e-43 3.57331108e-43 3.57331108e-43 3.57331108e-43 3.57331108e-43 3.57331108e-43 3.57331108e-43 3.57331108e-43 3.57331108e-43 3.57331108e-43 3.57331108e-43 3.57331108e-43 3.57331108e-43 3.57331108e-43 3.57331108e-43 3.57331108e-43 3.57331108e-43 3.57331108e-43 3.57331108e-43 3.57331108e-43 3.57331108e-43 3.57331108e-43 3.57331108e-43 3.57331108e-43 3.57331108e-43 3.57331108e-43 3.57331108e-43 3.57331108e-43 3.57331108e-43 3.57331108e-43 3.57331108e-43 3.57331108e-43 3.57331108e-43 3.57331108e-43 3.57331108e-43 3.57331108e-43 3.57331108e-43 3.57331108e-43 3.57331108e-43 3.57331108e-43 3.57331108e-43 3.57331108e-43 3.57331108e-43 3.57331108e-43 3.57331108e-43 3.57331108e-43 3.57331108e-43 3.57331108e-43 3.57331108e-43 3.57331108e-43 3.57331108e-43 3.57331108e-43 3.57331108e-43 3.57331108e-43 3.57331108e-43 3.57331108e-43 3.57331108e-43 3.57331108e-43 3.57331108e-43 3.57331108e-43 3.57331108e-43 3.57331108e-43 3.57331108e-43 3.57331108e-43 3.57331108e-43 3.57331108e-43 3.57331108e-43 3.57331108e-43 3.57331108e-43 3.57331108e-43 3.57331108e-43 3.57331108e-43 3.57331108e-43 3.57331108e-43 3.57331108e-43 3.57331108e-43 3.57331108e-43 3.57331108e-43 3.57331108e-43 3.57331108e-43 3.57331108e-43 3.57331108e-43 3.57331108e-43 3.57331108e-43 3.57331108e-43 3.57331108e-43 3.57331108e-43 3.57331108e-43 3.57331108e-43 3.57331108e-43 3.57331108e-43 3.57331108e-43 3.57331108e-43 3.57331108e-43 3.57331108e-43 3.57331108e-43 3.57331108e-43 3.57331108e-43 3.57331108e-43 3.57331108e-43 3.57331108e-43 3.57331108e-43 3.57331108e-43 3.57331108e-43 3.57331108e-43 3.57331108e-43 3.57331108e-43 3.57331108e-43 3.57331108e-43 3.57331108e-43 3.57331108e-43 3.57331108e-43 3.57331108e-43 3.57331108e-43 3.57331108e-43 3.57331108e-43 3.57331108e-43 3.57331108e-43 3.57331108e-43 3.57331108e-43 3.57331108e-43 3.57331108e-43 3.57331108e-43 3.57331108e-43 3.57331108e-43 3.57331108e-43 3.57331108e-43 3.57331108e-43 3.57331108e-43 3.57331108e-43 3.57331108e-43 3.57331108e-43 3.57331108e-43 3.57331108e-43 3.57331108e-43 3.57331108e-43 3.57331108e-43 3.57331108e-43 3.57331108e-43 3.57331108e-43 3.57331108e-43 3.57331108e-43 3.57331108e-43 3.57331108e-43 3.57331108e-43 3.57331108e-43 3.57331108e-43 3.57331108e-43 3.57331108e-43 3.57331108e-43 3.57331108e-43 3.57331108e-43 3.57331108e-43 3.57331108e-43 3.57331108e-43 3.57331108e-43 3.57331108e-43 3.57331108e-43 3.57331108e-43 3.57331108e-43 3.57331108e-43 3.57331108e-43 3.57331108e-43 3.57331108e-43 3.57331108e-43 3.57331108e-43 3.57331108e-43 3.57331108e-43 3.57331108e-43 3.57331108e-43 3.57331108e-43 3.57331108e-43 3.57331108e-43 3.57331108e-43 3.57331108e-43 3.57331108e-43 3.57331108e-43 3.57331108e-43 3.57331108e-43 3.57331108e-43 3.57331108e-43 3.57331108e-43 3.57331108e-43 3.57331108e-43 3.57331108e-43 3.57331108e-43 3.57331108e-43 3.57331108e-43 3.57331108e-43 3.57331108e-43 3.57331108e-43 3.57331108e-43 3.57331108e-43 3.57331108e-43 3.57331108e-43 3.57331108e-43 3.57331108e-43 3.57331108e-43 3.57331108e-43 3.57331108e-43 3.57331108e-43 3.57331108e-43 3.57331108e-43 3.57331108e-43 3.57331108e-43 3.57331108e-43 3.57331108e-43 3.57331108e-43 3.57331108e-43 3.57331108e-43 3.57331108e-43 3.57331108e-43 3.57331108e-43 3.57331108e-43 3.57331108e-43 3.57331108e-43 3.57331108e-43 3.57331108e-43 3.57331108e-43 3.57331108e-43 3.57331108e-43 3.57331108e-43 3.57331108e-43 3.57331108e-43 3.57331108e-43 3.57331108e-43 3.57331108e-43 3.57331108e-43 3.57331108e-43 3.57331108e-43 3.57331108e-43 3.57331108e-43 3.57331108e-43 3.57331108e-43 3.57331108e-43 3.57331108e-43 3.57331108e-43 3.57331108e-43 3.57331108e-43 3.57331108e-43 3.57331108e-43 3.57331108e-43 3.57331108e-43 3.57331108e-43 3.57331108e-43 3.57331108e-43 3.57331108e-43 3.57331108e-43 3.57331108e-43 3.57331108e-43 3.57331108e-43 3.57331108e-43 3.57331108e-43 3.57331108e-43 3.57331108e-43 3.57331108e-43 3.57331108e-43 3.57331108e-43 3.57331108e-43 3.57331108e-43 3.57331108e-43 3.57331108e-43 3.57331108e-43 3.57331108e-43 3.57331108e-43 3.57331108e-43 3.57331108e-43 3.57331108e-43 3.57331108e-43 3.57331108e-43 3.57331108e-43 3.57331108e-43 3.57331108e-43 3.57331108e-43 3.57331108e-43 3.57331108e-43 3.57331108e-43 3.57331108e-43 3.57331108e-43 3.57331108e-43 3.57331108e-43 3.57331108e-43 3.57331108e-43 3.57331108e-43 3.57331108e-43 3.57331108e-43 3.57331108e-43 3.57331108e-43 3.57331108e-43 3.57331108e-43 3.57331108e-43 3.57331108e-43 3.57331108e-43 3.57331108e-43 3.57331108e-43 3.57331108e-43 3.57331108e-43 3.57331108e-43 3.57331108e-43 3.57331108e-43 3.57331108e-43 3.57331108e-43 3.57331108e-43 3.57331108e-43 3.57331108e-43 3.57331108e-43 3.57331108e-43 3.57331108e-43 3.57331108e-43 3.57331108e-43 3.57331108e-43 3.57331108e-43 3.57331108e-43 3.57331108e-43 3.57331108e-43 3.57331108e-43 3.57331108e-43 3.57331108e-43 3.57331108e-43 3.57331108e-43 3.57331108e-43 3.57331108e-43 3.57331108e-43 3.57331108e-43 3.57331108e-43 3.57331108e-43 3.57331108e-43 3.57331108e-43 3.57331108e-43 3.57331108e-43 3.57331108e-43 3.57331108e-43 3.57331108e-43 3.57331108e-43 3.57331108e-43 3.57331108e-43 3.57331108e-43 3.57331108e-43 3.57331108e-43 3.57331108e-43 3.57331108e-43 3.57331108e-43 3.57331108e-43 3.57331108e-43 3.57331108e-43 3.57331108e-43 3.57331108e-43 3.57331108e-43 3.57331108e-43 3.57331108e-43 3.57331108e-43 3.57331108e-43 3.57331108e-43 3.57331108e-43 3.57331108e-43 3.57331108e-43 3.57331108e-43 3.57331108e-43 3.57331108e-43 3.57331108e-43 3.57331108e-43 3.57331108e-43 3.57331108e-43 3.57331108e-43 3.57331108e-43 3.57331108e-43 3.57331108e-43 3.57331108e-43 3.57331108e-43 3.57331108e-43 3.57331108e-43 3.57331108e-43 3.57331108e-43 3.57331108e-43 3.57331108e-43 3.57331108e-43 3.57331108e-43 3.57331108e-43 3.57331108e-43 3.57331108e-43 3.57331108e-43 3.57331108e-43 3.57331108e-43 3.57331108e-43 3.57331108e-43 3.57331108e-43 3.57331108e-43 3.57331108e-43 3.57331108e-43 3.57331108e-43 3.57331108e-43 3.57331108e-43 3.57331108e-43 3.57331108e-43 3.57331108e-43 3.57331108e-43 3.57331108e-43 3.57331108e-43 3.57331108e-43 3.57331108e-43 3.57331108e-43 3.57331108e-43 3.57331108e-43 3.57331108e-43 3.57331108e-43 3.57331108e-43 3.57331108e-43 3.57331108e-43 3.57331108e-43 3.57331108e-43 3.57331108e-43 3.57331108e-43 3.57331108e-43 3.57331108e-43 3.57331108e-43 3.57331108e-43 3.57331108e-43 3.57331108e-43 3.57331108e-43 3.57331108e-43 3.57331108e-43 3.57331108e-43 3.57331108e-43 3.57331108e-43 3.57331108e-43 3.57331108e-43 3.57331108e-43 3.57331108e-43 3.57331108e-43 3.57331108e-43 3.57331108e-43 3.57331108e-43 3.57331108e-43 3.57331108e-43 3.57331108e-43 3.57331108e-43 3.57331108e-43 3.57331108e-43 3.57331108e-43 3.57331108e-43 3.57331108e-43 3.57331108e-43 3.57331108e-43 3.57331108e-43 3.57331108e-43 3.57331108e-43 3.57331108e-43 3.57331108e-43 3.57331108e-43 3.57331108e-43 3.57331108e-43 3.57331108e-43 3.57331108e-43 3.57331108e-43 3.57331108e-43 3.57331108e-43 3.57331108e-43 3.57331108e-43 3.57331108e-43 3.57331108e-43 3.57331108e-43 3.57331108e-43 3.57331108e-43 3.57331108e-43 3.57331108e-43 3.57331108e-43 3.57331108e-43 3.57331108e-43 3.57331108e-43 3.57331108e-43 3.57331108e-43 3.57331108e-43 3.57331108e-43 3.57331108e-43 3.57331108e-43 3.57331108e-43 3.57331108e-43 3.57331108e-43 3.57331108e-43 3.57331108e-43 3.57331108e-43 3.57331108e-43 3.57331108e-43 3.57331108e-43 3.57331108e-43 3.57331108e-43 3.57331108e-43 3.57331108e-43 3.57331108e-43 3.57331108e-43 3.57331108e-43 3.57331108e-43 3.57331108e-43 3.57331108e-43 3.57331108e-43 3.57331108e-43 3.57331108e-43 3.57331108e-43 3.57331108e-43 3.57331108e-43 3.57331108e-43 3.57331108e-43 3.57331108e-43 3.57331108e-43 3.57331108e-43 3.57331108e-43 3.57331108e-43 3.57331108e-43 3.57331108e-43 3.57331108e-43 3.57331108e-43 3.57331108e-43 3.57331108e-43 3.57331108e-43 3.57331108e-43 3.57331108e-43 3.57331108e-43 3.57331108e-43 3.57331108e-43 3.57331108e-43 3.57331108e-43 3.57331108e-43 3.57331108e-43 3.57331108e-43 3.57331108e-43 3.57331108e-43 3.57331108e-43 3.57331108e-43 3.57331108e-43 3.57331108e-43 3.57331108e-43 3.57331108e-43 3.57331108e-43 3.57331108e-43 3.57331108e-43 3.57331108e-43 3.57331108e-43 3.57331108e-43 3.57331108e-43 3.57331108e-43 3.57331108e-43 3.57331108e-43 3.57331108e-43 3.57331108e-43 3.57331108e-43 3.57331108e-43 3.57331108e-43 3.57331108e-43 3.57331108e-43 3.57331108e-43 3.57331108e-43 3.57331108e-43 3.57331108e-43 3.57331108e-43 3.57331108e-43 3.57331108e-43 3.57331108e-43 3.57331108e-43 3.57331108e-43 3.57331108e-43 3.57331108e-43 3.57331108e-43 3.57331108e-43 3.57331108e-43 3.57331108e-43 3.57331108e-43 3.57331108e-43 3.57331108e-43 3.57331108e-43 3.57331108e-43 3.57331108e-43 3.57331108e-43 3.57331108e-43 3.57331108e-43 3.57331108e-43 3.57331108e-43 3.57331108e-43 3.57331108e-43 3.57331108e-43 3.57331108e-43 3.57331108e-43 3.57331108e-43 3.57331108e-43 3.57331108e-43 3.57331108e-43 3.57331108e-43 3.57331108e-43 3.57331108e-43 3.57331108e-43 3.57331108e-43 3.57331108e-43 3.57331108e-43 3.57331108e-43 3.57331108e-43 3.57331108e-43 3.57331108e-43 3.57331108e-43 3.57331108e-43 3.57331108e-43 3.57331108e-43 3.57331108e-43 3.57331108e-43 3.57331108e-43 3.57331108e-43 3.57331108e-43 3.57331108e-43 3.57331108e-43 3.57331108e-43 3.57331108e-43 3.57331108e-43 3.57331108e-43 3.57331108e-43 3.57331108e-43 3.57331108e-43 3.57331108e-43 3.57331108e-43 3.57331108e-43 3.57331108e-43 3.57331108e-43 3.57331108e-43 3.57331108e-43 3.57331108e-43 3.57331108e-43 3.57331108e-43 3.57331108e-43 3.57331108e-43 3.57331108e-43 3.57331108e-43 3.57331108e-43 3.57331108e-43 3.57331108e-43 3.57331108e-43 3.57331108e-43 3.57331108e-43 3.57331108e-43 3.57331108e-43 3.57331108e-43 3.57331108e-43 3.57331108e-43 3.57331108e-43 3.57331108e-43 3.57331108e-43 3.57331108e-43 3.57331108e-43 3.57331108e-43 3.57331108e-43 3.57331108e-43 3.57331108e-43 3.57331108e-43 3.57331108e-43 3.57331108e-43 3.57331108e-43 3.57331108e-43 3.57331108e-43 3.57331108e-43 3.57331108e-43 3.57331108e-43 3.57331108e-43 3.57331108e-43 3.57331108e-43 3.57331108e-43 3.57331108e-43 3.57331108e-43 3.57331108e-43 3.57331108e-43 3.57331108e-43 3.57331108e-43 3.57331108e-43 3.57331108e-43 3.57331108e-43 3.57331108e-43 3.57331108e-43 3.57331108e-43 3.57331108e-43 3.57331108e-43 3.57331108e-43 3.57331108e-43 3.57331108e-43 3.57331108e-43 3.57331108e-43 3.57331108e-43 3.57331108e-43 3.57331108e-43 3.57331108e-43 3.57331108e-43 3.57331108e-43 3.57331108e-43 3.57331108e-43 3.57331108e-43 3.57331108e-43 3.57331108e-43 3.57331108e-43 3.57331108e-43 3.57331108e-43 3.57331108e-43 3.57331108e-43 3.57331108e-43 3.57331108e-43 3.57331108e-43 3.57331108e-43 3.57331108e-43 3.57331108e-43 3.57331108e-43 3.57331108e-43 3.57331108e-43 3.57331108e-43 3.57331108e-43 3.57331108e-43 3.57331108e-43 3.57331108e-43 3.57331108e-43 3.57331108e-43 3.57331108e-43 3.57331108e-43 3.57331108e-43 3.57331108e-43 3.57331108e-43 3.57331108e-43 3.57331108e-43 3.57331108e-43 3.57331108e-43 3.57331108e-43 3.57331108e-43 3.57331108e-43 3.57331108e-43 3.57331108e-43 3.57331108e-43 3.57331108e-43 3.57331108e-43 3.57331108e-43 3.57331108e-43 3.57331108e-43 3.57331108e-43 3.57331108e-43 3.57331108e-43 3.57331108e-43 3.57331108e-43 3.57331108e-43 3.57331108e-43 3.57331108e-43 3.57331108e-43 3.57331108e-43 3.57331108e-43 3.57331108e-43 3.57331108e-43 3.57331108e-43 3.57331108e-43 3.57331108e-43 3.57331108e-43 3.57331108e-43 3.57331108e-43 3.57331108e-43 3.57331108e-43 3.57331108e-43 3.57331108e-43 3.57331108e-43 3.57331108e-43 3.57331108e-43 3.57331108e-43 3.57331108e-43 3.57331108e-43 3.57331108e-43 3.57331108e-43 3.57331108e-43 3.57331108e-43 3.57331108e-43 3.57331108e-43 3.57331108e-43 3.57331108e-43 3.57331108e-43 3.57331108e-43 3.57331108e-43 3.57331108e-43 3.57331108e-43 3.57331108e-43 3.57331108e-43 3.57331108e-43 3.57331108e-43 3.57331108e-43 3.57331108e-43 3.57331108e-43 3.57331108e-43 3.57331108e-43 3.57331108e-43 3.57331108e-43 3.57331108e-43 3.57331108e-43 3.57331108e-43 3.57331108e-43 3.57331108e-43 3.57331108e-43 3.57331108e-43 3.57331108e-43 3.57331108e-43 3.57331108e-43 3.57331108e-43 3.57331108e-43 3.57331108e-43 3.57331108e-43 3.57331108e-43 3.57331108e-43 3.57331108e-43 3.57331108e-43 3.57331108e-43 3.57331108e-43 3.57331108e-43 3.57331108e-43 3.57331108e-43 3.57331108e-43 3.57331108e-43 3.57331108e-43 3.57331108e-43 3.57331108e-43 3.57331108e-43 3.57331108e-43 3.57331108e-43 3.57331108e-43 3.57331108e-43 3.57331108e-43 3.57331108e-43 3.57331108e-43 3.57331108e-43 3.57331108e-43 3.57331108e-43 3.57331108e-43 3.57331108e-43 3.57331108e-43 3.57331108e-43 3.57331108e-43 3.57331108e-43 3.57331108e-43 3.57331108e-43 3.57331108e-43 3.57331108e-43 3.57331108e-43 3.57331108e-43 3.57331108e-43 3.57331108e-43 3.57331108e-43 3.57331108e-43 3.57331108e-43 3.57331108e-43 3.57331108e-43 3.57331108e-43 3.57331108e-43 3.57331108e-43 3.57331108e-43 3.57331108e-43 3.57331108e-43 3.57331108e-43 3.57331108e-43 3.57331108e-43 3.57331108e-43 3.57331108e-43 3.57331108e-43 3.57331108e-43 3.57331108e-43 3.57331108e-43 3.57331108e-43 3.57331108e-43 3.57331108e-43 3.57331108e-43 3.57331108e-43 3.57331108e-43 3.57331108e-43 3.57331108e-43 3.57331108e-43 3.57331108e-43 3.57331108e-43 3.57331108e-43 3.57331108e-43 3.57331108e-43 3.57331108e-43 3.57331108e-43 3.57331108e-43 3.57331108e-43 3.57331108e-43 3.57331108e-43 3.57331108e-43 3.57331108e-43 3.57331108e-43 3.57331108e-43 3.57331108e-43 3.57331108e-43 3.57331108e-43 3.57331108e-43 3.57331108e-43 3.57331108e-43 3.57331108e-43 3.57331108e-43 3.57331108e-43 3.57331108e-43 3.57331108e-43 3.57331108e-43 3.57331108e-43 3.57331108e-43 3.57331108e-43 3.57331108e-43 3.57331108e-43 3.57331108e-43 3.57331108e-43 3.57331108e-43 3.57331108e-43 3.57331108e-43 3.57331108e-43 3.57331108e-43 3.57331108e-43 3.57331108e-43 3.57331108e-43 3.57331108e-43 3.57331108e-43 3.57331108e-43 3.57331108e-43 3.57331108e-43 3.57331108e-43 3.57331108e-43 3.57331108e-43 3.57331108e-43 3.57331108e-43 3.57331108e-43 3.57331108e-43 3.57331108e-43 3.57331108e-43 3.57331108e-43 3.57331108e-43 3.57331108e-43 3.57331108e-43 3.57331108e-43 3.57331108e-43 3.57331108e-43 3.57331108e-43 3.57331108e-43 3.57331108e-43 3.57331108e-43 3.57331108e-43 3.57331108e-43 3.57331108e-43 3.57331108e-43 3.57331108e-43 3.57331108e-43 3.57331108e-43 3.57331108e-43 3.57331108e-43 3.57331108e-43 3.57331108e-43 3.57331108e-43 3.57331108e-43 3.57331108e-43 3.57331108e-43 3.57331108e-43 3.57331108e-43 3.57331108e-43 3.57331108e-43 3.57331108e-43 3.57331108e-43 3.57331108e-43 3.57331108e-43 3.57331108e-43 3.57331108e-43 3.57331108e-43 3.57331108e-43 3.57331108e-43 3.57331108e-43 3.57331108e-43 3.57331108e-43 3.57331108e-43 3.57331108e-43 3.57331108e-43 3.57331108e-43 3.57331108e-43 3.57331108e-43 3.57331108e-43 3.57331108e-43 3.57331108e-43 3.57331108e-43 3.57331108e-43 3.57331108e-43 3.57331108e-43 3.57331108e-43 3.57331108e-43 3.57331108e-43 3.57331108e-43 3.57331108e-43 3.57331108e-43 3.57331108e-43 3.57331108e-43 3.57331108e-43 3.57331108e-43 3.57331108e-43 3.57331108e-43 3.57331108e-43 3.57331108e-43 3.57331108e-43 </float_array>
          <technique_common>
            <accessor count="1616" offset="0" source="#m_dun1701_00_00-10-skin-weights-array" stride="1">
              <param name="WEIGHT" type="float" />
            </accessor>
          </technique_common>
        </source>
        <joints>
          <input semantic="JOINT" source="#m_dun1701_00_00-10-skin-joints"></input>
          <input semantic="INV_BIND_MATRIX" source="#m_dun1701_00_00-10-skin-bind_poses"></input>
        </joints>
        <vertex_weights count="1616">
          <input semantic="JOINT" source="#m_dun1701_00_00-10-skin-joints" offset="0"></input>
          <input semantic="WEIGHT" source="#m_dun1701_00_00-10-skin-weights" offset="1"></input>
          <vcount>1 1 1 1 1 1 1 1 1 1 1 1 1 1 1 1 1 1 1 1 1 1 1 1 1 1 1 1 1 1 1 1 1 1 1 1 1 1 1 1 1 1 1 1 1 1 1 1 1 1 1 1 1 1 1 1 1 1 1 1 1 1 1 1 1 1 1 1 1 1 1 1 1 1 1 1 1 1 1 1 1 1 1 1 1 1 1 1 1 1 1 1 1 1 1 1 1 1 1 1 1 1 1 1 1 1 1 1 1 1 1 1 1 1 1 1 1 1 1 1 1 1 1 1 1 1 1 1 1 1 1 1 1 1 1 1 1 1 1 1 1 1 1 1 1 1 1 1 1 1 1 1 1 1 1 1 1 1 1 1 1 1 1 1 1 1 1 1 1 1 1 1 1 1 1 1 1 1 1 1 1 1 1 1 1 1 1 1 1 1 1 1 1 1 1 1 1 1 1 1 1 1 1 1 1 1 1 1 1 1 1 1 1 1 1 1 1 1 1 1 1 1 1 1 1 1 1 1 1 1 1 1 1 1 1 1 1 1 1 1 1 1 1 1 1 1 1 1 1 1 1 1 1 1 1 1 1 1 1 1 1 1 1 1 1 1 1 1 1 1 1 1 1 1 1 1 1 1 1 1 1 1 1 1 1 1 1 1 1 1 1 1 1 1 1 1 1 1 1 1 1 1 1 1 1 1 1 1 1 1 1 1 1 1 1 1 1 1 1 1 1 1 1 1 1 1 1 1 1 1 1 1 1 1 1 1 1 1 1 1 1 1 1 1 1 1 1 1 1 1 1 1 1 1 1 1 1 1 1 1 1 1 1 1 1 1 1 1 1 1 1 1 1 1 1 1 1 1 1 1 1 1 1 1 1 1 1 1 1 1 1 1 1 1 1 1 1 1 1 1 1 1 1 1 1 1 1 1 1 1 1 1 1 1 1 1 1 1 1 1 1 1 1 1 1 1 1 1 1 1 1 1 1 1 1 1 1 1 1 1 1 1 1 1 1 1 1 1 1 1 1 1 1 1 1 1 1 1 1 1 1 1 1 1 1 1 1 1 1 1 1 1 1 1 1 1 1 1 1 1 1 1 1 1 1 1 1 1 1 1 1 1 1 1 1 1 1 1 1 1 1 1 1 1 1 1 1 1 1 1 1 1 1 1 1 1 1 1 1 1 1 1 1 1 1 1 1 1 1 1 1 1 1 1 1 1 1 1 1 1 1 1 1 1 1 1 1 1 1 1 1 1 1 1 1 1 1 1 1 1 1 1 1 1 1 1 1 1 1 1 1 1 1 1 1 1 1 1 1 1 1 1 1 1 1 1 1 1 1 1 1 1 1 1 1 1 1 1 1 1 1 1 1 1 1 1 1 1 1 1 1 1 1 1 1 1 1 1 1 1 1 1 1 1 1 1 1 1 1 1 1 1 1 1 1 1 1 1 1 1 1 1 1 1 1 1 1 1 1 1 1 1 1 1 1 1 1 1 1 1 1 1 1 1 1 1 1 1 1 1 1 1 1 1 1 1 1 1 1 1 1 1 1 1 1 1 1 1 1 1 1 1 1 1 1 1 1 1 1 1 1 1 1 1 1 1 1 1 1 1 1 1 1 1 1 1 1 1 1 1 1 1 1 1 1 1 1 1 1 1 1 1 1 1 1 1 1 1 1 1 1 1 1 1 1 1 1 1 1 1 1 1 1 1 1 1 1 1 1 1 1 1 1 1 1 1 1 1 1 1 1 1 1 1 1 1 1 1 1 1 1 1 1 1 1 1 1 1 1 1 1 1 1 1 1 1 1 1 1 1 1 1 1 1 1 1 1 1 1 1 1 1 1 1 1 1 1 1 1 1 1 1 1 1 1 1 1 1 1 1 1 1 1 1 1 1 1 1 1 1 1 1 1 1 1 1 1 1 1 1 1 1 1 1 1 1 1 1 1 1 1 1 1 1 1 1 1 1 1 1 1 1 1 1 1 1 1 1 1 1 1 1 1 1 1 1 1 1 1 1 1 1 1 1 1 1 1 1 1 1 1 1 1 1 1 1 1 1 1 1 1 1 1 1 1 1 1 1 1 1 1 1 1 1 1 1 1 1 1 1 1 1 1 1 1 1 1 1 1 1 1 1 1 1 1 1 1 1 1 1 1 1 1 1 1 1 1 1 1 1 1 1 1 1 1 1 1 1 1 1 1 1 1 1 1 1 1 1 1 1 1 1 1 1 1 1 1 1 1 1 1 1 1 1 1 1 1 1 1 1 1 1 1 1 1 1 1 1 1 1 1 1 1 1 1 1 1 1 1 1 1 1 1 1 1 1 1 1 1 1 1 1 1 1 1 1 1 1 1 1 1 1 1 1 1 1 1 1 1 1 1 1 1 1 1 1 1 1 1 1 1 1 1 1 1 1 1 1 1 1 1 1 1 1 1 1 1 1 1 1 1 1 1 1 1 1 1 1 1 1 1 1 1 1 1 1 1 1 1 1 1 1 1 1 1 1 1 1 1 1 1 1 1 1 1 1 1 1 1 1 1 1 1 1 1 1 1 1 1 1 1 1 1 1 1 1 1 1 1 1 1 1 1 1 1 1 1 1 1 1 1 1 1 1 1 1 1 1 1 1 1 1 1 1 1 1 1 1 1 1 1 1 1 1 1 1 1 1 1 1 1 1 1 1 1 1 1 1 1 1 1 1 1 1 1 1 1 1 1 1 1 1 1 1 1 1 1 1 1 1 1 1 1 1 1 1 1 1 1 1 1 1 1 1 1 1 1 1 1 1 1 1 1 1 1 1 1 1 1 1 1 1 1 1 1 1 1 1 1 1 1 1 1 1 1 1 1 1 1 1 1 1 1 1 1 1 1 1 1 1 1 1 1 1 1 1 1 1 1 1 1 1 1 1 1 1 1 1 1 1 1 1 1 1 1 1 1 1 1 1 1 1 1 1 1 1 1 1 1 1 1 1 1 1 1 1 1 1 1 1 1 1 1 1 1 1 1 1 1 1 1 1 1 1 1 1 1 1 1 1 1 1 1 1 1 1 1 1 1 1 1 1 1 1 1 1 1 1 1 1 1 1 1 1 1 1 1 1 1 1 1 1 1 1 1 1 1 1 1 1 1 1 1 1 1 1 1 1 1 1 1 1 1 1 1 1 1 1 1 1 1 1 1 1 1 1 1 1 1 1 1 1 1 1 1 1 1 1 1 1 1 1 1 1 1 1 1 1 1 1 1 1 1 1 1 1 1 1 1 1 1 1 1 1 1 1 1 1 1 1 1 1 1 1 1 1 1 1 1 1 1 1 1 1 1 1 1 1 1 1 1 1 1 1 1 1 1 1 1 1 1 1 1 1 1 1 1 1 1 1 1 1 1 1 1 1 1 1 1 1 1 1 1 1 1 1 1 1 1 1 1 1 1 1 1 1 1 1 1 1 1 1 1 1 1 1 1 1 1 1 1 1 1 1 1 1 1 1 1 1 1 1 1 1 1 1 1 1 1 1 1 1 1 1 1 1 1 1 1 1 1 1 1 1 1 1 1 1 1 1 1 1 1 1 1 1 1 1 1 1 1 1 1 1 1 1 1 1 1 1 1 1 1 1 1 1 1 1 1 1 1 1 1 1 1 1 1 1 1 1 1 1 1 1 1 1 </vcount>
          <v>0 0 0 1 0 2 0 3 0 4 0 5 0 6 0 7 0 8 0 9 0 10 0 11 0 12 0 13 0 14 0 15 0 16 0 17 0 18 0 19 0 20 0 21 0 22 0 23 0 24 0 25 0 26 0 27 0 28 0 29 0 30 0 31 0 32 0 33 0 34 0 35 0 36 0 37 0 38 0 39 0 40 0 41 0 42 0 43 0 44 0 45 0 46 0 47 0 48 0 49 0 50 0 51 0 52 0 53 0 54 0 55 0 56 0 57 0 58 0 59 0 60 0 61 0 62 0 63 0 64 0 65 0 66 0 67 0 68 0 69 0 70 0 71 0 72 0 73 0 74 0 75 0 76 0 77 0 78 0 79 0 80 0 81 0 82 0 83 0 84 0 85 0 86 0 87 0 88 0 89 0 90 0 91 0 92 0 93 0 94 0 95 0 96 0 97 0 98 0 99 0 100 0 101 0 102 0 103 0 104 0 105 0 106 0 107 0 108 0 109 0 110 0 111 0 112 0 113 0 114 0 115 0 116 0 117 0 118 0 119 0 120 0 121 0 122 0 123 0 124 0 125 0 126 0 127 0 128 0 129 0 130 0 131 0 132 0 133 0 134 0 135 0 136 0 137 0 138 0 139 0 140 0 141 0 142 0 143 0 144 0 145 0 146 0 147 0 148 0 149 0 150 0 151 0 152 0 153 0 154 0 155 0 156 0 157 0 158 0 159 0 160 0 161 0 162 0 163 0 164 0 165 0 166 0 167 0 168 0 169 0 170 0 171 0 172 0 173 0 174 0 175 0 176 0 177 0 178 0 179 0 180 0 181 0 182 0 183 0 184 0 185 0 186 0 187 0 188 0 189 0 190 0 191 0 192 0 193 0 194 0 195 0 196 0 197 0 198 0 199 0 200 0 201 0 202 0 203 0 204 0 205 0 206 0 207 0 208 0 209 0 210 0 211 0 212 0 213 0 214 0 215 0 216 0 217 0 218 0 219 0 220 0 221 0 222 0 223 0 224 0 225 0 226 0 227 0 228 0 229 0 230 0 231 0 232 0 233 0 234 0 235 0 236 0 237 0 238 0 239 0 240 0 241 0 242 0 243 0 244 0 245 0 246 0 247 0 248 0 249 0 250 0 251 0 252 0 253 0 254 0 255 0 256 0 257 0 258 0 259 0 260 0 261 0 262 0 263 0 264 0 265 0 266 0 267 0 268 0 269 0 270 0 271 0 272 0 273 0 274 0 275 0 276 0 277 0 278 0 279 0 280 0 281 0 282 0 283 0 284 0 285 0 286 0 287 0 288 0 289 0 290 0 291 0 292 0 293 0 294 0 295 0 296 0 297 0 298 0 299 0 300 0 301 0 302 0 303 0 304 0 305 0 306 0 307 0 308 0 309 0 310 0 311 0 312 0 313 0 314 0 315 0 316 0 317 0 318 0 319 0 320 0 321 0 322 0 323 0 324 0 325 0 326 0 327 0 328 0 329 0 330 0 331 0 332 0 333 0 334 0 335 0 336 0 337 0 338 0 339 0 340 0 341 0 342 0 343 0 344 0 345 0 346 0 347 0 348 0 349 0 350 0 351 0 352 0 353 0 354 0 355 0 356 0 357 0 358 0 359 0 360 0 361 0 362 0 363 0 364 0 365 0 366 0 367 0 368 0 369 0 370 0 371 0 372 0 373 0 374 0 375 0 376 0 377 0 378 0 379 0 380 0 381 0 382 0 383 0 384 0 385 0 386 0 387 0 388 0 389 0 390 0 391 0 392 0 393 0 394 0 395 0 396 0 397 0 398 0 399 0 400 0 401 0 402 0 403 0 404 0 405 0 406 0 407 0 408 0 409 0 410 0 411 0 412 0 413 0 414 0 415 0 416 0 417 0 418 0 419 0 420 0 421 0 422 0 423 0 424 0 425 0 426 0 427 0 428 0 429 0 430 0 431 0 432 0 433 0 434 0 435 0 436 0 437 0 438 0 439 0 440 0 441 0 442 0 443 0 444 0 445 0 446 0 447 0 448 0 449 0 450 0 451 0 452 0 453 0 454 0 455 0 456 0 457 0 458 0 459 0 460 0 461 0 462 0 463 0 464 0 465 0 466 0 467 0 468 0 469 0 470 0 471 0 472 0 473 0 474 0 475 0 476 0 477 0 478 0 479 0 480 0 481 0 482 0 483 0 484 0 485 0 486 0 487 0 488 0 489 0 490 0 491 0 492 0 493 0 494 0 495 0 496 0 497 0 498 0 499 0 500 0 501 0 502 0 503 0 504 0 505 0 506 0 507 0 508 0 509 0 510 0 511 0 512 0 513 0 514 0 515 0 516 0 517 0 518 0 519 0 520 0 521 0 522 0 523 0 524 0 525 0 526 0 527 0 528 0 529 0 530 0 531 0 532 0 533 0 534 0 535 0 536 0 537 0 538 0 539 0 540 0 541 0 542 0 543 0 544 0 545 0 546 0 547 0 548 0 549 0 550 0 551 0 552 0 553 0 554 0 555 0 556 0 557 0 558 0 559 0 560 0 561 0 562 0 563 0 564 0 565 0 566 0 567 0 568 0 569 0 570 0 571 0 572 0 573 0 574 0 575 0 576 0 577 0 578 0 579 0 580 0 581 0 582 0 583 0 584 0 585 0 586 0 587 0 588 0 589 0 590 0 591 0 592 0 593 0 594 0 595 0 596 0 597 0 598 0 599 0 600 0 601 0 602 0 603 0 604 0 605 0 606 0 607 0 608 0 609 0 610 0 611 0 612 0 613 0 614 0 615 0 616 0 617 0 618 0 619 0 620 0 621 0 622 0 623 0 624 0 625 0 626 0 627 0 628 0 629 0 630 0 631 0 632 0 633 0 634 0 635 0 636 0 637 0 638 0 639 0 640 0 641 0 642 0 643 0 644 0 645 0 646 0 647 0 648 0 649 0 650 0 651 0 652 0 653 0 654 0 655 0 656 0 657 0 658 0 659 0 660 0 661 0 662 0 663 0 664 0 665 0 666 0 667 0 668 0 669 0 670 0 671 0 672 0 673 0 674 0 675 0 676 0 677 0 678 0 679 0 680 0 681 0 682 0 683 0 684 0 685 0 686 0 687 0 688 0 689 0 690 0 691 0 692 0 693 0 694 0 695 0 696 0 697 0 698 0 699 0 700 0 701 0 702 0 703 0 704 0 705 0 706 0 707 0 708 0 709 0 710 0 711 0 712 0 713 0 714 0 715 0 716 0 717 0 718 0 719 0 720 0 721 0 722 0 723 0 724 0 725 0 726 0 727 0 728 0 729 0 730 0 731 0 732 0 733 0 734 0 735 0 736 0 737 0 738 0 739 0 740 0 741 0 742 0 743 0 744 0 745 0 746 0 747 0 748 0 749 0 750 0 751 0 752 0 753 0 754 0 755 0 756 0 757 0 758 0 759 0 760 0 761 0 762 0 763 0 764 0 765 0 766 0 767 0 768 0 769 0 770 0 771 0 772 0 773 0 774 0 775 0 776 0 777 0 778 0 779 0 780 0 781 0 782 0 783 0 784 0 785 0 786 0 787 0 788 0 789 0 790 0 791 0 792 0 793 0 794 0 795 0 796 0 797 0 798 0 799 0 800 0 801 0 802 0 803 0 804 0 805 0 806 0 807 0 808 0 809 0 810 0 811 0 812 0 813 0 814 0 815 0 816 0 817 0 818 0 819 0 820 0 821 0 822 0 823 0 824 0 825 0 826 0 827 0 828 0 829 0 830 0 831 0 832 0 833 0 834 0 835 0 836 0 837 0 838 0 839 0 840 0 841 0 842 0 843 0 844 0 845 0 846 0 847 0 848 0 849 0 850 0 851 0 852 0 853 0 854 0 855 0 856 0 857 0 858 0 859 0 860 0 861 0 862 0 863 0 864 0 865 0 866 0 867 0 868 0 869 0 870 0 871 0 872 0 873 0 874 0 875 0 876 0 877 0 878 0 879 0 880 0 881 0 882 0 883 0 884 0 885 0 886 0 887 0 888 0 889 0 890 0 891 0 892 0 893 0 894 0 895 0 896 0 897 0 898 0 899 0 900 0 901 0 902 0 903 0 904 0 905 0 906 0 907 0 908 0 909 0 910 0 911 0 912 0 913 0 914 0 915 0 916 0 917 0 918 0 919 0 920 0 921 0 922 0 923 0 924 0 925 0 926 0 927 0 928 0 929 0 930 0 931 0 932 0 933 0 934 0 935 0 936 0 937 0 938 0 939 0 940 0 941 0 942 0 943 0 944 0 945 0 946 0 947 0 948 0 949 0 950 0 951 0 952 0 953 0 954 0 955 0 956 0 957 0 958 0 959 0 960 0 961 0 962 0 963 0 964 0 965 0 966 0 967 0 968 0 969 0 970 0 971 0 972 0 973 0 974 0 975 0 976 0 977 0 978 0 979 0 980 0 981 0 982 0 983 0 984 0 985 0 986 0 987 0 988 0 989 0 990 0 991 0 992 0 993 0 994 0 995 0 996 0 997 0 998 0 999 0 1000 0 1001 0 1002 0 1003 0 1004 0 1005 0 1006 0 1007 0 1008 0 1009 0 1010 0 1011 0 1012 0 1013 0 1014 0 1015 0 1016 0 1017 0 1018 0 1019 0 1020 0 1021 0 1022 0 1023 0 1024 0 1025 0 1026 0 1027 0 1028 0 1029 0 1030 0 1031 0 1032 0 1033 0 1034 0 1035 0 1036 0 1037 0 1038 0 1039 0 1040 0 1041 0 1042 0 1043 0 1044 0 1045 0 1046 0 1047 0 1048 0 1049 0 1050 0 1051 0 1052 0 1053 0 1054 0 1055 0 1056 0 1057 0 1058 0 1059 0 1060 0 1061 0 1062 0 1063 0 1064 0 1065 0 1066 0 1067 0 1068 0 1069 0 1070 0 1071 0 1072 0 1073 0 1074 0 1075 0 1076 0 1077 0 1078 0 1079 0 1080 0 1081 0 1082 0 1083 0 1084 0 1085 0 1086 0 1087 0 1088 0 1089 0 1090 0 1091 0 1092 0 1093 0 1094 0 1095 0 1096 0 1097 0 1098 0 1099 0 1100 0 1101 0 1102 0 1103 0 1104 0 1105 0 1106 0 1107 0 1108 0 1109 0 1110 0 1111 0 1112 0 1113 0 1114 0 1115 0 1116 0 1117 0 1118 0 1119 0 1120 0 1121 0 1122 0 1123 0 1124 0 1125 0 1126 0 1127 0 1128 0 1129 0 1130 0 1131 0 1132 0 1133 0 1134 0 1135 0 1136 0 1137 0 1138 0 1139 0 1140 0 1141 0 1142 0 1143 0 1144 0 1145 0 1146 0 1147 0 1148 0 1149 0 1150 0 1151 0 1152 0 1153 0 1154 0 1155 0 1156 0 1157 0 1158 0 1159 0 1160 0 1161 0 1162 0 1163 0 1164 0 1165 0 1166 0 1167 0 1168 0 1169 0 1170 0 1171 0 1172 0 1173 0 1174 0 1175 0 1176 0 1177 0 1178 0 1179 0 1180 0 1181 0 1182 0 1183 0 1184 0 1185 0 1186 0 1187 0 1188 0 1189 0 1190 0 1191 0 1192 0 1193 0 1194 0 1195 0 1196 0 1197 0 1198 0 1199 0 1200 0 1201 0 1202 0 1203 0 1204 0 1205 0 1206 0 1207 0 1208 0 1209 0 1210 0 1211 0 1212 0 1213 0 1214 0 1215 0 1216 0 1217 0 1218 0 1219 0 1220 0 1221 0 1222 0 1223 0 1224 0 1225 0 1226 0 1227 0 1228 0 1229 0 1230 0 1231 0 1232 0 1233 0 1234 0 1235 0 1236 0 1237 0 1238 0 1239 0 1240 0 1241 0 1242 0 1243 0 1244 0 1245 0 1246 0 1247 0 1248 0 1249 0 1250 0 1251 0 1252 0 1253 0 1254 0 1255 0 1256 0 1257 0 1258 0 1259 0 1260 0 1261 0 1262 0 1263 0 1264 0 1265 0 1266 0 1267 0 1268 0 1269 0 1270 0 1271 0 1272 0 1273 0 1274 0 1275 0 1276 0 1277 0 1278 0 1279 0 1280 0 1281 0 1282 0 1283 0 1284 0 1285 0 1286 0 1287 0 1288 0 1289 0 1290 0 1291 0 1292 0 1293 0 1294 0 1295 0 1296 0 1297 0 1298 0 1299 0 1300 0 1301 0 1302 0 1303 0 1304 0 1305 0 1306 0 1307 0 1308 0 1309 0 1310 0 1311 0 1312 0 1313 0 1314 0 1315 0 1316 0 1317 0 1318 0 1319 0 1320 0 1321 0 1322 0 1323 0 1324 0 1325 0 1326 0 1327 0 1328 0 1329 0 1330 0 1331 0 1332 0 1333 0 1334 0 1335 0 1336 0 1337 0 1338 0 1339 0 1340 0 1341 0 1342 0 1343 0 1344 0 1345 0 1346 0 1347 0 1348 0 1349 0 1350 0 1351 0 1352 0 1353 0 1354 0 1355 0 1356 0 1357 0 1358 0 1359 0 1360 0 1361 0 1362 0 1363 0 1364 0 1365 0 1366 0 1367 0 1368 0 1369 0 1370 0 1371 0 1372 0 1373 0 1374 0 1375 0 1376 0 1377 0 1378 0 1379 0 1380 0 1381 0 1382 0 1383 0 1384 0 1385 0 1386 0 1387 0 1388 0 1389 0 1390 0 1391 0 1392 0 1393 0 1394 0 1395 0 1396 0 1397 0 1398 0 1399 0 1400 0 1401 0 1402 0 1403 0 1404 0 1405 0 1406 0 1407 0 1408 0 1409 0 1410 0 1411 0 1412 0 1413 0 1414 0 1415 0 1416 0 1417 0 1418 0 1419 0 1420 0 1421 0 1422 0 1423 0 1424 0 1425 0 1426 0 1427 0 1428 0 1429 0 1430 0 1431 0 1432 0 1433 0 1434 0 1435 0 1436 0 1437 0 1438 0 1439 0 1440 0 1441 0 1442 0 1443 0 1444 0 1445 0 1446 0 1447 0 1448 0 1449 0 1450 0 1451 0 1452 0 1453 0 1454 0 1455 0 1456 0 1457 0 1458 0 1459 0 1460 0 1461 0 1462 0 1463 0 1464 0 1465 0 1466 0 1467 0 1468 0 1469 0 1470 0 1471 0 1472 0 1473 0 1474 0 1475 0 1476 0 1477 0 1478 0 1479 0 1480 0 1481 0 1482 0 1483 0 1484 0 1485 0 1486 0 1487 0 1488 0 1489 0 1490 0 1491 0 1492 0 1493 0 1494 0 1495 0 1496 0 1497 0 1498 0 1499 0 1500 0 1501 0 1502 0 1503 0 1504 0 1505 0 1506 0 1507 0 1508 0 1509 0 1510 0 1511 0 1512 0 1513 0 1514 0 1515 0 1516 0 1517 0 1518 0 1519 0 1520 0 1521 0 1522 0 1523 0 1524 0 1525 0 1526 0 1527 0 1528 0 1529 0 1530 0 1531 0 1532 0 1533 0 1534 0 1535 0 1536 0 1537 0 1538 0 1539 0 1540 0 1541 0 1542 0 1543 0 1544 0 1545 0 1546 0 1547 0 1548 0 1549 0 1550 0 1551 0 1552 0 1553 0 1554 0 1555 0 1556 0 1557 0 1558 0 1559 0 1560 0 1561 0 1562 0 1563 0 1564 0 1565 0 1566 0 1567 0 1568 0 1569 0 1570 0 1571 0 1572 0 1573 0 1574 0 1575 0 1576 0 1577 0 1578 0 1579 0 1580 0 1581 0 1582 0 1583 0 1584 0 1585 0 1586 0 1587 0 1588 0 1589 0 1590 0 1591 0 1592 0 1593 0 1594 0 1595 0 1596 0 1597 0 1598 0 1599 0 1600 0 1601 0 1602 0 1603 0 1604 0 1605 0 1606 0 1607 0 1608 0 1609 0 1610 0 1611 0 1612 0 1613 0 1614 0 1615 </v>
        </vertex_weights>
      </skin>
    </controller>
  </library_controllers>
  <library_visual_scenes>
    <visual_scene id="map_0517_0_0" name="map_0517_0_0">
      <node id="terrain" name="terrain" type="NODE">
        <matrix sid="matrix">1 0 0 0 0 1 0 0 -0 0 1 0 0 0 0 1</matrix>
        <node id="m_dun1701_00_00" name="m_dun1701_00_00" type="NODE">
          <matrix sid="matrix">1 0 0 0 0 1 0 0 0 0 1 0 0 0 0 1</matrix>
          <instance_controller url="#m_dun1701_00_00-0-skin">
            <skeleton>#polySurface23</skeleton>
            <bind_material>
              <technique_common>
                <instance_material symbol="defaultMaterial" target="#lambert17">
                  <bind_vertex_input semantic="CHANNEL0" input_semantic="TEXCOORD" input_set="0"/>
                </instance_material>
              </technique_common>
            </bind_material>
          </instance_controller>
          <instance_controller url="#m_dun1701_00_00-1-skin">
            <skeleton>#polySurface23</skeleton>
            <bind_material>
              <technique_common>
                <instance_material symbol="defaultMaterial" target="#lambert18">
                  <bind_vertex_input semantic="CHANNEL0" input_semantic="TEXCOORD" input_set="0"/>
                </instance_material>
              </technique_common>
            </bind_material>
          </instance_controller>
          <instance_controller url="#m_dun1701_00_00-2-skin">
            <skeleton>#polySurface23</skeleton>
            <bind_material>
              <technique_common>
                <instance_material symbol="defaultMaterial" target="#lambert21">
                  <bind_vertex_input semantic="CHANNEL0" input_semantic="TEXCOORD" input_set="0"/>
                </instance_material>
              </technique_common>
            </bind_material>
          </instance_controller>
          <instance_controller url="#m_dun1701_00_00-3-skin">
            <skeleton>#polySurface23</skeleton>
            <bind_material>
              <technique_common>
                <instance_material symbol="defaultMaterial" target="#h_kage">
                  <bind_vertex_input semantic="CHANNEL0" input_semantic="TEXCOORD" input_set="0"/>
                </instance_material>
              </technique_common>
            </bind_material>
          </instance_controller>
          <instance_controller url="#m_dun1701_00_00-4-skin">
            <skeleton>#polySurface23</skeleton>
            <bind_material>
              <technique_common>
                <instance_material symbol="defaultMaterial" target="#lambert19">
                  <bind_vertex_input semantic="CHANNEL0" input_semantic="TEXCOORD" input_set="0"/>
                </instance_material>
              </technique_common>
            </bind_material>
          </instance_controller>
          <instance_controller url="#m_dun1701_00_00-5-skin">
            <skeleton>#polySurface23</skeleton>
            <bind_material>
              <technique_common>
                <instance_material symbol="defaultMaterial" target="#lambert16">
                  <bind_vertex_input semantic="CHANNEL0" input_semantic="TEXCOORD" input_set="0"/>
                </instance_material>
              </technique_common>
            </bind_material>
          </instance_controller>
          <instance_controller url="#m_dun1701_00_00-6-skin">
            <skeleton>#polySurface23</skeleton>
            <bind_material>
              <technique_common>
                <instance_material symbol="defaultMaterial" target="#d17_yuka_a">
                  <bind_vertex_input semantic="CHANNEL0" input_semantic="TEXCOORD" input_set="0"/>
                </instance_material>
              </technique_common>
            </bind_material>
          </instance_controller>
          <instance_controller url="#m_dun1701_00_00-7-skin">
            <skeleton>#polySurface23</skeleton>
            <bind_material>
              <technique_common>
                <instance_material symbol="defaultMaterial" target="#lambert20">
                  <bind_vertex_input semantic="CHANNEL0" input_semantic="TEXCOORD" input_set="0"/>
                </instance_material>
              </technique_common>
            </bind_material>
          </instance_controller>
          <instance_controller url="#m_dun1701_00_00-8-skin">
            <skeleton>#polySurface23</skeleton>
            <bind_material>
              <technique_common>
                <instance_material symbol="defaultMaterial" target="#d17_wall_a">
                  <bind_vertex_input semantic="CHANNEL0" input_semantic="TEXCOORD" input_set="0"/>
                </instance_material>
              </technique_common>
            </bind_material>
          </instance_controller>
          <instance_controller url="#m_dun1701_00_00-9-skin">
            <skeleton>#polySurface23</skeleton>
            <bind_material>
              <technique_common>
                <instance_material symbol="defaultMaterial" target="#d17_slop_a">
                  <bind_vertex_input semantic="CHANNEL0" input_semantic="TEXCOORD" input_set="0"/>
                </instance_material>
              </technique_common>
            </bind_material>
          </instance_controller>
          <instance_controller url="#m_dun1701_00_00-10-skin">
            <skeleton>#polySurface23</skeleton>
            <bind_material>
              <technique_common>
                <instance_material symbol="defaultMaterial" target="#tomb02_tomb02">
                  <bind_vertex_input semantic="CHANNEL0" input_semantic="TEXCOORD" input_set="0"/>
                </instance_material>
              </technique_common>
            </bind_material>
          </instance_controller>
          <node id="polySurface23" sid="polySurface23" name="polySurface23" type="JOINT">
            <matrix sid="matrix">1 0 0 0 0 1 0 0 0 0 1 0 0 0 0 1</matrix>
          </node>
        </node>
      </node>
    </visual_scene>
  </library_visual_scenes>
  <scene>
    <instance_visual_scene url="#map_0517_0_0" />
  </scene>
</COLLADA>
